{"type": "FeatureCollection", "features": [{"type": "Feature", "properties": {"id": 14632, "objectid": 20775.0, "park_txt": "Надлъжн", "zona": "Зелена зона", "mestopoloz": "ул. Бряст", "georef_201": "2017", "vid_txt_20": "Инвалид", "zabelezhka": "-", "obekt": "-", "dogovor_sr": "-", "dogovor_nu": "-", "type": "-", "bezplatni_": "-", "podzona_nu": "-", "sf_rayon": "-"}, "geometry": {"type": "MultiPoint", "coordinates": [[23.331952119, 42.678757735]]}}, {"type": "Feature", "properties": {"id": 14633, "objectid": 20776.0, "park_txt": "Надлъжн", "zona": "Зелена зона", "mestopoloz": "бул. Христо Смирненски", "georef_201": "2017", "vid_txt_20": "Инвалид", "zabelezhka": "-", "obekt": "-", "dogovor_sr": "-", "dogovor_nu": "-", "type": "-", "bezplatni_": "-", "podzona_nu": "-", "sf_rayon": "-"}, "geometry": {"type": "MultiPoint", "coordinates": [[23.332519225, 42.678248957]]}}, {"type": "Feature", "properties": {"id": 14634, "objectid": 20783.0, "park_txt": "Надлъжн", "zona": "Зелена зона", "mestopoloz": "бул. Христо Смирненски", "georef_201": "2017", "vid_txt_20": "Зона", "zabelezhka": null, "obekt": null, "dogovor_sr": null, "dogovor_nu": null, "type": null, "bezplatni_": null, "podzona_nu": "-", "sf_rayon": "-"}, "geometry": {"type": "MultiPoint", "coordinates": [[23.3332618, 42.677026153]]}}, {"type": "Feature", "properties": {"id": 14635, "objectid": 20784.0, "park_txt": "Надлъжн", "zona": "Зелена зона", "mestopoloz": "бул. Христо Смирненски", "georef_201": "2017", "vid_txt_20": "Зона", "zabelezhka": null, "obekt": null, "dogovor_sr": null, "dogovor_nu": null, "type": null, "bezplatni_": null, "podzona_nu": "-", "sf_rayon": "-"}, "geometry": {"type": "MultiPoint", "coordinates": [[23.333232204, 42.677068489]]}}, {"type": "Feature", "properties": {"id": 14636, "objectid": 20786.0, "park_txt": "Надлъжн", "zona": "Зелена зона", "mestopoloz": "бул. Христо Смирненски", "georef_201": "2017", "vid_txt_20": "Зона", "zabelezhka": null, "obekt": null, "dogovor_sr": null, "dogovor_nu": null, "type": null, "bezplatni_": null, "podzona_nu": "-", "sf_rayon": "-"}, "geometry": {"type": "MultiPoint", "coordinates": [[23.333131672, 42.6772123]]}}, {"type": "Feature", "properties": {"id": 14637, "objectid": 20787.0, "park_txt": "Надлъжн", "zona": "Зелена зона", "mestopoloz": "бул. Христо Смирненски", "georef_201": "2017", "vid_txt_20": "Зона", "zabelezhka": null, "obekt": null, "dogovor_sr": null, "dogovor_nu": null, "type": null, "bezplatni_": null, "podzona_nu": "-", "sf_rayon": "-"}, "geometry": {"type": "MultiPoint", "coordinates": [[23.333098194, 42.677260189]]}}, {"type": "Feature", "properties": {"id": 14638, "objectid": 20788.0, "park_txt": "Надлъжн", "zona": "Зелена зона", "mestopoloz": "бул. Христо Смирненски", "georef_201": "2017", "vid_txt_20": "Инвалид", "zabelezhka": "-", "obekt": "-", "dogovor_sr": "-", "dogovor_nu": "-", "type": "-", "bezplatni_": "-", "podzona_nu": "-", "sf_rayon": "-"}, "geometry": {"type": "MultiPoint", "coordinates": [[23.333045077, 42.677336397]]}}, {"type": "Feature", "properties": {"id": 14639, "objectid": 20789.0, "park_txt": "Надлъжн", "zona": "Зелена зона", "mestopoloz": "бул. Христо Смирненски", "georef_201": "2017", "vid_txt_20": "Зона", "zabelezhka": null, "obekt": null, "dogovor_sr": null, "dogovor_nu": null, "type": null, "bezplatni_": null, "podzona_nu": "-", "sf_rayon": "-"}, "geometry": {"type": "MultiPoint", "coordinates": [[23.333000438, 42.677401019]]}}, {"type": "Feature", "properties": {"id": 14640, "objectid": 20790.0, "park_txt": "Надлъжн", "zona": "Зелена зона", "mestopoloz": "бул. Христо Смирненски", "georef_201": "2017", "vid_txt_20": "Зона", "zabelezhka": null, "obekt": null, "dogovor_sr": null, "dogovor_nu": null, "type": null, "bezplatni_": null, "podzona_nu": "-", "sf_rayon": "-"}, "geometry": {"type": "MultiPoint", "coordinates": [[23.332967323, 42.67744896]]}}, {"type": "Feature", "properties": {"id": 14641, "objectid": 20791.0, "park_txt": "Надлъжн", "zona": "Зелена зона", "mestopoloz": "бул. Христо Смирненски", "georef_201": "2017", "vid_txt_20": "Зона", "zabelezhka": null, "obekt": null, "dogovor_sr": null, "dogovor_nu": null, "type": null, "bezplatni_": null, "podzona_nu": "-", "sf_rayon": "-"}, "geometry": {"type": "MultiPoint", "coordinates": [[23.332935479, 42.677495059]]}}, {"type": "Feature", "properties": {"id": 14642, "objectid": 20792.0, "park_txt": "Надлъжн", "zona": "Зелена зона", "mestopoloz": "бул. Христо Смирненски", "georef_201": "2017", "vid_txt_20": "Зона", "zabelezhka": null, "obekt": null, "dogovor_sr": null, "dogovor_nu": null, "type": null, "bezplatni_": null, "podzona_nu": "-", "sf_rayon": "-"}, "geometry": {"type": "MultiPoint", "coordinates": [[23.332902656, 42.677542577]]}}, {"type": "Feature", "properties": {"id": 14643, "objectid": 20793.0, "park_txt": "Надлъжн", "zona": "Зелена зона", "mestopoloz": "бул. Христо Смирненски", "georef_201": "2017", "vid_txt_20": "Зона", "zabelezhka": null, "obekt": null, "dogovor_sr": null, "dogovor_nu": null, "type": null, "bezplatni_": null, "podzona_nu": "-", "sf_rayon": "-"}, "geometry": {"type": "MultiPoint", "coordinates": [[23.332858819, 42.677606039]]}}, {"type": "Feature", "properties": {"id": 14644, "objectid": 20794.0, "park_txt": "Надлъжн", "zona": "Зелена зона", "mestopoloz": "бул. Христо Смирненски", "georef_201": "2017", "vid_txt_20": "Зона", "zabelezhka": null, "obekt": null, "dogovor_sr": null, "dogovor_nu": null, "type": null, "bezplatni_": null, "podzona_nu": "-", "sf_rayon": "-"}, "geometry": {"type": "MultiPoint", "coordinates": [[23.332825703, 42.677653979]]}}, {"type": "Feature", "properties": {"id": 14645, "objectid": 20795.0, "park_txt": "Надлъжн", "zona": "Зелена зона", "mestopoloz": "бул. Христо Смирненски", "georef_201": "2017", "vid_txt_20": "Зона", "zabelezhka": null, "obekt": null, "dogovor_sr": null, "dogovor_nu": null, "type": null, "bezplatni_": null, "podzona_nu": "-", "sf_rayon": "-"}, "geometry": {"type": "MultiPoint", "coordinates": [[23.332793859, 42.677700079]]}}, {"type": "Feature", "properties": {"id": 14646, "objectid": 20796.0, "park_txt": "Надлъжн", "zona": "Зелена зона", "mestopoloz": "бул. Христо Смирненски", "georef_201": "2017", "vid_txt_20": "Зона", "zabelezhka": null, "obekt": null, "dogovor_sr": null, "dogovor_nu": null, "type": null, "bezplatni_": null, "podzona_nu": "-", "sf_rayon": "-"}, "geometry": {"type": "MultiPoint", "coordinates": [[23.332761035, 42.677747596]]}}, {"type": "Feature", "properties": {"id": 14647, "objectid": 20797.0, "park_txt": "Надлъжн", "zona": "Зелена зона", "mestopoloz": "бул. Христо Смирненски", "georef_201": "2017", "vid_txt_20": "Зона", "zabelezhka": null, "obekt": null, "dogovor_sr": null, "dogovor_nu": null, "type": null, "bezplatni_": null, "podzona_nu": "-", "sf_rayon": "-"}, "geometry": {"type": "MultiPoint", "coordinates": [[23.332612699, 42.677961416]]}}, {"type": "Feature", "properties": {"id": 14648, "objectid": 20798.0, "park_txt": "Надлъжн", "zona": "Зелена зона", "mestopoloz": "бул. Христо Смирненски", "georef_201": "2017", "vid_txt_20": "Зона", "zabelezhka": null, "obekt": null, "dogovor_sr": null, "dogovor_nu": null, "type": null, "bezplatni_": null, "podzona_nu": "-", "sf_rayon": "-"}, "geometry": {"type": "MultiPoint", "coordinates": [[23.332580854, 42.678007515]]}}, {"type": "Feature", "properties": {"id": 14649, "objectid": 20799.0, "park_txt": "Надлъжн", "zona": "Зелена зона", "mestopoloz": "бул. Христо Смирненски", "georef_201": "2017", "vid_txt_20": "Зона", "zabelezhka": null, "obekt": null, "dogovor_sr": null, "dogovor_nu": null, "type": null, "bezplatni_": null, "podzona_nu": "-", "sf_rayon": "-"}, "geometry": {"type": "MultiPoint", "coordinates": [[23.33254803, 42.678055033]]}}, {"type": "Feature", "properties": {"id": 14650, "objectid": 20800.0, "park_txt": "Надлъжн", "zona": "Зелена зона", "mestopoloz": "бул. Христо Смирненски", "georef_201": "2017", "vid_txt_20": "Зона", "zabelezhka": null, "obekt": null, "dogovor_sr": null, "dogovor_nu": null, "type": null, "bezplatni_": null, "podzona_nu": "-", "sf_rayon": "-"}, "geometry": {"type": "MultiPoint", "coordinates": [[23.332700094, 42.677835313]]}}, {"type": "Feature", "properties": {"id": 14651, "objectid": 20801.0, "park_txt": "Надлъжн", "zona": "Зелена зона", "mestopoloz": "бул. Христо Смирненски", "georef_201": "2017", "vid_txt_20": "Зона", "zabelezhka": null, "obekt": null, "dogovor_sr": null, "dogovor_nu": null, "type": null, "bezplatni_": null, "podzona_nu": "-", "sf_rayon": "-"}, "geometry": {"type": "MultiPoint", "coordinates": [[23.332668249, 42.677881413]]}}, {"type": "Feature", "properties": {"id": 14652, "objectid": 20802.0, "park_txt": "Надлъжн", "zona": "Зелена зона", "mestopoloz": "ул. Арх. Йордан Миланов", "georef_201": "2017", "vid_txt_20": "Инвалид", "zabelezhka": "-", "obekt": "-", "dogovor_sr": "-", "dogovor_nu": "-", "type": "-", "bezplatni_": "-", "podzona_nu": "-", "sf_rayon": "-"}, "geometry": {"type": "MultiPoint", "coordinates": [[23.333537963, 42.678300217]]}}, {"type": "Feature", "properties": {"id": 14653, "objectid": 20847.0, "park_txt": "Надлъжн", "zona": "Зелена зона", "mestopoloz": "ул. Митрополит Кирил Видински", "georef_201": "2017", "vid_txt_20": "Инвалид", "zabelezhka": "-", "obekt": "-", "dogovor_sr": "-", "dogovor_nu": "-", "type": "-", "bezplatni_": "-", "podzona_nu": "-", "sf_rayon": "-"}, "geometry": {"type": "MultiPoint", "coordinates": [[23.336178395, 42.676616842]]}}, {"type": "Feature", "properties": {"id": 14654, "objectid": 20897.0, "park_txt": "Надлъжн", "zona": "Зелена зона", "mestopoloz": "ул. Митрополит Кирил Видински", "georef_201": "2017", "vid_txt_20": "Зона", "zabelezhka": null, "obekt": null, "dogovor_sr": null, "dogovor_nu": null, "type": null, "bezplatni_": null, "podzona_nu": "-", "sf_rayon": "-"}, "geometry": {"type": "MultiPoint", "coordinates": [[23.336169564, 42.676717947]]}}, {"type": "Feature", "properties": {"id": 14655, "objectid": 20898.0, "park_txt": "Надлъжн", "zona": "Зелена зона", "mestopoloz": "ул. Митрополит Кирил Видински", "georef_201": "2017", "vid_txt_20": "Зона", "zabelezhka": null, "obekt": null, "dogovor_sr": null, "dogovor_nu": null, "type": null, "bezplatni_": null, "podzona_nu": "-", "sf_rayon": "-"}, "geometry": {"type": "MultiPoint", "coordinates": [[23.336164889, 42.67677147]]}}, {"type": "Feature", "properties": {"id": 14656, "objectid": 20899.0, "park_txt": "Надлъжн", "zona": "Зелена зона", "mestopoloz": "ул. Митрополит Кирил Видински", "georef_201": "2017", "vid_txt_20": "Зона", "zabelezhka": null, "obekt": null, "dogovor_sr": null, "dogovor_nu": null, "type": null, "bezplatni_": null, "podzona_nu": "-", "sf_rayon": "-"}, "geometry": {"type": "MultiPoint", "coordinates": [[23.336160261, 42.676824434]]}}, {"type": "Feature", "properties": {"id": 14657, "objectid": 20900.0, "park_txt": "Надлъжн", "zona": "Зелена зона", "mestopoloz": "ул. Митрополит Кирил Видински", "georef_201": "2017", "vid_txt_20": "Зона", "zabelezhka": null, "obekt": null, "dogovor_sr": null, "dogovor_nu": null, "type": null, "bezplatni_": null, "podzona_nu": "-", "sf_rayon": "-"}, "geometry": {"type": "MultiPoint", "coordinates": [[23.336155619, 42.676877585]]}}, {"type": "Feature", "properties": {"id": 14658, "objectid": 20901.0, "park_txt": "Надлъжн", "zona": "Зелена зона", "mestopoloz": "ул. Митрополит Кирил Видински", "georef_201": "2017", "vid_txt_20": "Зона", "zabelezhka": null, "obekt": null, "dogovor_sr": null, "dogovor_nu": null, "type": null, "bezplatni_": null, "podzona_nu": "-", "sf_rayon": "-"}, "geometry": {"type": "MultiPoint", "coordinates": [[23.336151009, 42.676931262]]}}, {"type": "Feature", "properties": {"id": 14659, "objectid": 20902.0, "park_txt": "Надлъжн", "zona": "Зелена зона", "mestopoloz": "ул. Митрополит Кирил Видински", "georef_201": "2017", "vid_txt_20": "Зона", "zabelezhka": null, "obekt": null, "dogovor_sr": null, "dogovor_nu": null, "type": null, "bezplatni_": null, "podzona_nu": "-", "sf_rayon": "-"}, "geometry": {"type": "MultiPoint", "coordinates": [[23.336146516, 42.676986436]]}}, {"type": "Feature", "properties": {"id": 14660, "objectid": 20903.0, "park_txt": "Надлъжн", "zona": "Зелена зона", "mestopoloz": "ул. Митрополит Кирил Видински", "georef_201": "2017", "vid_txt_20": "Зона", "zabelezhka": null, "obekt": null, "dogovor_sr": null, "dogovor_nu": null, "type": null, "bezplatni_": null, "podzona_nu": "-", "sf_rayon": "-"}, "geometry": {"type": "MultiPoint", "coordinates": [[23.336141988, 42.677042045]]}}, {"type": "Feature", "properties": {"id": 14661, "objectid": 20904.0, "park_txt": "Надлъжн", "zona": "Зелена зона", "mestopoloz": "ул. Митрополит Кирил Видински", "georef_201": "2017", "vid_txt_20": "Зона", "zabelezhka": null, "obekt": null, "dogovor_sr": null, "dogovor_nu": null, "type": null, "bezplatni_": null, "podzona_nu": "-", "sf_rayon": "-"}, "geometry": {"type": "MultiPoint", "coordinates": [[23.33613754, 42.677096666]]}}, {"type": "Feature", "properties": {"id": 14662, "objectid": 20905.0, "park_txt": "Надлъжн", "zona": "Зелена зона", "mestopoloz": "ул. Митрополит Кирил Видински", "georef_201": "2017", "vid_txt_20": "Зона", "zabelezhka": null, "obekt": null, "dogovor_sr": null, "dogovor_nu": null, "type": null, "bezplatni_": null, "podzona_nu": "-", "sf_rayon": "-"}, "geometry": {"type": "MultiPoint", "coordinates": [[23.336133007, 42.677152337]]}}, {"type": "Feature", "properties": {"id": 14663, "objectid": 20906.0, "park_txt": "Надлъжн", "zona": "Зелена зона", "mestopoloz": "ул. Митрополит Кирил Видински", "georef_201": "2017", "vid_txt_20": "Зона", "zabelezhka": null, "obekt": null, "dogovor_sr": null, "dogovor_nu": null, "type": null, "bezplatni_": null, "podzona_nu": "-", "sf_rayon": "-"}, "geometry": {"type": "MultiPoint", "coordinates": [[23.336128576, 42.677206748]]}}, {"type": "Feature", "properties": {"id": 14664, "objectid": 20907.0, "park_txt": "Надлъжн", "zona": "Зелена зона", "mestopoloz": "ул. Митрополит Кирил Видински", "georef_201": "2017", "vid_txt_20": "Зона", "zabelezhka": null, "obekt": null, "dogovor_sr": null, "dogovor_nu": null, "type": null, "bezplatni_": null, "podzona_nu": "-", "sf_rayon": "-"}, "geometry": {"type": "MultiPoint", "coordinates": [[23.336124125, 42.677261413]]}}, {"type": "Feature", "properties": {"id": 14665, "objectid": 20908.0, "park_txt": "Надлъжн", "zona": "Зелена зона", "mestopoloz": "ул. Митрополит Кирил Видински", "georef_201": "2017", "vid_txt_20": "Зона", "zabelezhka": null, "obekt": null, "dogovor_sr": null, "dogovor_nu": null, "type": null, "bezplatni_": null, "podzona_nu": "-", "sf_rayon": "-"}, "geometry": {"type": "MultiPoint", "coordinates": [[23.336119911, 42.677313157]]}}, {"type": "Feature", "properties": {"id": 14666, "objectid": 20909.0, "park_txt": "Надлъжн", "zona": "Зелена зона", "mestopoloz": "ул. Митрополит Кирил Видински", "georef_201": "2017", "vid_txt_20": "Зона", "zabelezhka": null, "obekt": null, "dogovor_sr": null, "dogovor_nu": null, "type": null, "bezplatni_": null, "podzona_nu": "-", "sf_rayon": "-"}, "geometry": {"type": "MultiPoint", "coordinates": [[23.336115585, 42.677366279]]}}, {"type": "Feature", "properties": {"id": 14667, "objectid": 20910.0, "park_txt": "Надлъжн", "zona": "Зелена зона", "mestopoloz": "ул. Митрополит Кирил Видински", "georef_201": "2017", "vid_txt_20": "Зона", "zabelezhka": null, "obekt": null, "dogovor_sr": null, "dogovor_nu": null, "type": null, "bezplatni_": null, "podzona_nu": "-", "sf_rayon": "-"}, "geometry": {"type": "MultiPoint", "coordinates": [[23.336111001, 42.677422555]]}}, {"type": "Feature", "properties": {"id": 14668, "objectid": 20911.0, "park_txt": "Надлъжн", "zona": "Зелена зона", "mestopoloz": "ул. Митрополит Кирил Видински", "georef_201": "2017", "vid_txt_20": "Зона", "zabelezhka": null, "obekt": null, "dogovor_sr": null, "dogovor_nu": null, "type": null, "bezplatni_": null, "podzona_nu": "-", "sf_rayon": "-"}, "geometry": {"type": "MultiPoint", "coordinates": [[23.336106447, 42.677478492]]}}, {"type": "Feature", "properties": {"id": 14669, "objectid": 20912.0, "park_txt": "Надлъжн", "zona": "Зелена зона", "mestopoloz": "ул. Митрополит Кирил Видински", "georef_201": "2017", "vid_txt_20": "Зона", "zabelezhka": null, "obekt": null, "dogovor_sr": null, "dogovor_nu": null, "type": null, "bezplatni_": null, "podzona_nu": "-", "sf_rayon": "-"}, "geometry": {"type": "MultiPoint", "coordinates": [[23.336101953, 42.677533683]]}}, {"type": "Feature", "properties": {"id": 14670, "objectid": 20913.0, "park_txt": "Надлъжн", "zona": "Зелена зона", "mestopoloz": "ул. Митрополит Кирил Видински", "georef_201": "2017", "vid_txt_20": "Зона", "zabelezhka": null, "obekt": null, "dogovor_sr": null, "dogovor_nu": null, "type": null, "bezplatni_": null, "podzona_nu": "-", "sf_rayon": "-"}, "geometry": {"type": "MultiPoint", "coordinates": [[23.336096523, 42.67758723]]}}, {"type": "Feature", "properties": {"id": 14671, "objectid": 20914.0, "park_txt": "Надлъжн", "zona": "Зелена зона", "mestopoloz": "ул. Митрополит Кирил Видински", "georef_201": "2017", "vid_txt_20": "Зона", "zabelezhka": null, "obekt": null, "dogovor_sr": null, "dogovor_nu": null, "type": null, "bezplatni_": null, "podzona_nu": "-", "sf_rayon": "-"}, "geometry": {"type": "MultiPoint", "coordinates": [[23.336091939, 42.677643507]]}}, {"type": "Feature", "properties": {"id": 14672, "objectid": 20915.0, "park_txt": "Надлъжн", "zona": "Зелена зона", "mestopoloz": "ул. Митрополит Кирил Видински", "georef_201": "2017", "vid_txt_20": "Зона", "zabelezhka": null, "obekt": null, "dogovor_sr": null, "dogovor_nu": null, "type": null, "bezplatni_": null, "podzona_nu": "-", "sf_rayon": "-"}, "geometry": {"type": "MultiPoint", "coordinates": [[23.336087385, 42.677699444]]}}, {"type": "Feature", "properties": {"id": 14673, "objectid": 20916.0, "park_txt": "Надлъжн", "zona": "Зелена зона", "mestopoloz": "ул. Митрополит Кирил Видински", "georef_201": "2017", "vid_txt_20": "Зона", "zabelezhka": null, "obekt": null, "dogovor_sr": null, "dogovor_nu": null, "type": null, "bezplatni_": null, "podzona_nu": "-", "sf_rayon": "-"}, "geometry": {"type": "MultiPoint", "coordinates": [[23.336082891, 42.677754634]]}}, {"type": "Feature", "properties": {"id": 14674, "objectid": 20917.0, "park_txt": "Надлъжн", "zona": "Зелена зона", "mestopoloz": "ул. Митрополит Кирил Видински", "georef_201": "2017", "vid_txt_20": "Зона", "zabelezhka": null, "obekt": null, "dogovor_sr": null, "dogovor_nu": null, "type": null, "bezplatni_": null, "podzona_nu": "-", "sf_rayon": "-"}, "geometry": {"type": "MultiPoint", "coordinates": [[23.336079014, 42.67780556]]}}, {"type": "Feature", "properties": {"id": 14675, "objectid": 20918.0, "park_txt": "Надлъжн", "zona": "Зелена зона", "mestopoloz": "ул. Митрополит Кирил Видински", "georef_201": "2017", "vid_txt_20": "Зона", "zabelezhka": null, "obekt": null, "dogovor_sr": null, "dogovor_nu": null, "type": null, "bezplatni_": null, "podzona_nu": "-", "sf_rayon": "-"}, "geometry": {"type": "MultiPoint", "coordinates": [[23.336074338, 42.677859083]]}}, {"type": "Feature", "properties": {"id": 14676, "objectid": 20919.0, "park_txt": "Надлъжн", "zona": "Зелена зона", "mestopoloz": "ул. Митрополит Кирил Видински", "georef_201": "2017", "vid_txt_20": "Зона", "zabelezhka": null, "obekt": null, "dogovor_sr": null, "dogovor_nu": null, "type": null, "bezplatni_": null, "podzona_nu": "-", "sf_rayon": "-"}, "geometry": {"type": "MultiPoint", "coordinates": [[23.33606971, 42.677912047]]}}, {"type": "Feature", "properties": {"id": 14677, "objectid": 20920.0, "park_txt": "Надлъжн", "zona": "Зелена зона", "mestopoloz": "ул. Митрополит Кирил Видински", "georef_201": "2017", "vid_txt_20": "Зона", "zabelezhka": null, "obekt": null, "dogovor_sr": null, "dogovor_nu": null, "type": null, "bezplatni_": null, "podzona_nu": "-", "sf_rayon": "-"}, "geometry": {"type": "MultiPoint", "coordinates": [[23.336065068, 42.677965199]]}}, {"type": "Feature", "properties": {"id": 14678, "objectid": 20921.0, "park_txt": "Надлъжн", "zona": "Зелена зона", "mestopoloz": "ул. Митрополит Кирил Видински", "georef_201": "2017", "vid_txt_20": "Зона", "zabelezhka": null, "obekt": null, "dogovor_sr": null, "dogovor_nu": null, "type": null, "bezplatni_": null, "podzona_nu": "-", "sf_rayon": "-"}, "geometry": {"type": "MultiPoint", "coordinates": [[23.336060458, 42.678018875]]}}, {"type": "Feature", "properties": {"id": 14679, "objectid": 20922.0, "park_txt": "Надлъжн", "zona": "Зелена зона", "mestopoloz": "ул. Митрополит Кирил Видински", "georef_201": "2017", "vid_txt_20": "Зона", "zabelezhka": null, "obekt": null, "dogovor_sr": null, "dogovor_nu": null, "type": null, "bezplatni_": null, "podzona_nu": "-", "sf_rayon": "-"}, "geometry": {"type": "MultiPoint", "coordinates": [[23.336055965, 42.678074049]]}}, {"type": "Feature", "properties": {"id": 14680, "objectid": 20923.0, "park_txt": "Надлъжн", "zona": "Зелена зона", "mestopoloz": "ул. Митрополит Кирил Видински", "georef_201": "2017", "vid_txt_20": "Зона", "zabelezhka": null, "obekt": null, "dogovor_sr": null, "dogovor_nu": null, "type": null, "bezplatni_": null, "podzona_nu": "-", "sf_rayon": "-"}, "geometry": {"type": "MultiPoint", "coordinates": [[23.336051436, 42.678129658]]}}, {"type": "Feature", "properties": {"id": 14681, "objectid": 20924.0, "park_txt": "Надлъжн", "zona": "Зелена зона", "mestopoloz": "ул. Митрополит Кирил Видински", "georef_201": "2017", "vid_txt_20": "Зона", "zabelezhka": null, "obekt": null, "dogovor_sr": null, "dogovor_nu": null, "type": null, "bezplatni_": null, "podzona_nu": "-", "sf_rayon": "-"}, "geometry": {"type": "MultiPoint", "coordinates": [[23.336044721, 42.678212114]]}}, {"type": "Feature", "properties": {"id": 14682, "objectid": 20925.0, "park_txt": "Надлъжн", "zona": "Зелена зона", "mestopoloz": "ул. Митрополит Кирил Видински", "georef_201": "2017", "vid_txt_20": "Зона", "zabelezhka": null, "obekt": null, "dogovor_sr": null, "dogovor_nu": null, "type": null, "bezplatni_": null, "podzona_nu": "-", "sf_rayon": "-"}, "geometry": {"type": "MultiPoint", "coordinates": [[23.336040187, 42.678267785]]}}, {"type": "Feature", "properties": {"id": 14683, "objectid": 20927.0, "park_txt": "Надлъжн", "zona": "Зелена зона", "mestopoloz": "ул. Митрополит Кирил Видински", "georef_201": "2017", "vid_txt_20": "Зона", "zabelezhka": null, "obekt": null, "dogovor_sr": null, "dogovor_nu": null, "type": null, "bezplatni_": null, "podzona_nu": "-", "sf_rayon": "-"}, "geometry": {"type": "MultiPoint", "coordinates": [[23.336033572, 42.678349025]]}}, {"type": "Feature", "properties": {"id": 14684, "objectid": 20928.0, "park_txt": "Надлъжн", "zona": "Зелена зона", "mestopoloz": "ул. Митрополит Кирил Видински", "georef_201": "2017", "vid_txt_20": "Зона", "zabelezhka": null, "obekt": null, "dogovor_sr": null, "dogovor_nu": null, "type": null, "bezplatni_": null, "podzona_nu": "-", "sf_rayon": "-"}, "geometry": {"type": "MultiPoint", "coordinates": [[23.336029117, 42.678417293]]}}, {"type": "Feature", "properties": {"id": 14685, "objectid": 20929.0, "park_txt": "Надлъжн", "zona": "Зелена зона", "mestopoloz": "ул. Митрополит Кирил Видински", "georef_201": "2017", "vid_txt_20": "Зона", "zabelezhka": null, "obekt": null, "dogovor_sr": null, "dogovor_nu": null, "type": null, "bezplatni_": null, "podzona_nu": "-", "sf_rayon": "-"}, "geometry": {"type": "MultiPoint", "coordinates": [[23.33602284, 42.678480826]]}}, {"type": "Feature", "properties": {"id": 14686, "objectid": 20930.0, "park_txt": "Надлъжн", "zona": "Зелена зона", "mestopoloz": "ул. Митрополит Кирил Видински", "georef_201": "2017", "vid_txt_20": "Зона", "zabelezhka": null, "obekt": null, "dogovor_sr": null, "dogovor_nu": null, "type": null, "bezplatni_": null, "podzona_nu": "-", "sf_rayon": "-"}, "geometry": {"type": "MultiPoint", "coordinates": [[23.336018255, 42.678537102]]}}, {"type": "Feature", "properties": {"id": 14687, "objectid": 20931.0, "park_txt": "Надлъжн", "zona": "Зелена зона", "mestopoloz": "ул. Митрополит Кирил Видински", "georef_201": "2017", "vid_txt_20": "Зона", "zabelezhka": null, "obekt": null, "dogovor_sr": null, "dogovor_nu": null, "type": null, "bezplatni_": null, "podzona_nu": "-", "sf_rayon": "-"}, "geometry": {"type": "MultiPoint", "coordinates": [[23.336011408, 42.678621177]]}}, {"type": "Feature", "properties": {"id": 14688, "objectid": 20932.0, "park_txt": "Надлъжн", "zona": "Зелена зона", "mestopoloz": "ул. Митрополит Кирил Видински", "georef_201": "2017", "vid_txt_20": "Зона", "zabelezhka": null, "obekt": null, "dogovor_sr": null, "dogovor_nu": null, "type": null, "bezplatni_": null, "podzona_nu": "-", "sf_rayon": "-"}, "geometry": {"type": "MultiPoint", "coordinates": [[23.336006914, 42.678676368]]}}, {"type": "Feature", "properties": {"id": 14689, "objectid": 20934.0, "park_txt": "Надлъжн", "zona": "Зелена зона", "mestopoloz": "ул. Митрополит Кирил Видински", "georef_201": "2017", "vid_txt_20": "Зона", "zabelezhka": null, "obekt": null, "dogovor_sr": null, "dogovor_nu": null, "type": null, "bezplatni_": null, "podzona_nu": "-", "sf_rayon": "-"}, "geometry": {"type": "MultiPoint", "coordinates": [[23.336001385, 42.678731119]]}}, {"type": "Feature", "properties": {"id": 14690, "objectid": 20935.0, "park_txt": "Надлъжн", "zona": "Зелена зона", "mestopoloz": "ул. Митрополит Кирил Видински", "georef_201": "2017", "vid_txt_20": "Зона", "zabelezhka": null, "obekt": null, "dogovor_sr": null, "dogovor_nu": null, "type": null, "bezplatni_": null, "podzona_nu": "-", "sf_rayon": "-"}, "geometry": {"type": "MultiPoint", "coordinates": [[23.33599683, 42.678787056]]}}, {"type": "Feature", "properties": {"id": 14729, "objectid": 20980.0, "park_txt": "Надлъжн", "zona": "Зелена зона", "mestopoloz": "ул. Св. Теодосий Търновски", "georef_201": "2017", "vid_txt_20": "Инвалид", "zabelezhka": "-", "obekt": "-", "dogovor_sr": "-", "dogovor_nu": "-", "type": "-", "bezplatni_": "-", "podzona_nu": "-", "sf_rayon": "-"}, "geometry": {"type": "MultiPoint", "coordinates": [[23.325133951, 42.678324722]]}}, {"type": "Feature", "properties": {"id": 14731, "objectid": 20982.0, "park_txt": "Надлъжн", "zona": "Зелена зона", "mestopoloz": "ул. Кръстю Сарафов", "georef_201": "2017", "vid_txt_20": "Зона", "zabelezhka": null, "obekt": null, "dogovor_sr": null, "dogovor_nu": null, "type": null, "bezplatni_": null, "podzona_nu": "-", "sf_rayon": "-"}, "geometry": {"type": "MultiPoint", "coordinates": [[23.327441935, 42.678586214]]}}, {"type": "Feature", "properties": {"id": 14732, "objectid": 20983.0, "park_txt": "Надлъжн", "zona": "Зелена зона", "mestopoloz": "ул. Кръстю Сарафов", "georef_201": "2017", "vid_txt_20": "Зона", "zabelezhka": null, "obekt": null, "dogovor_sr": null, "dogovor_nu": null, "type": null, "bezplatni_": null, "podzona_nu": "-", "sf_rayon": "-"}, "geometry": {"type": "MultiPoint", "coordinates": [[23.327521045, 42.678578614]]}}, {"type": "Feature", "properties": {"id": 14733, "objectid": 20984.0, "park_txt": "Надлъжн", "zona": "Зелена зона", "mestopoloz": "ул. Кръстю Сарафов", "georef_201": "2017", "vid_txt_20": "Зона", "zabelezhka": null, "obekt": null, "dogovor_sr": null, "dogovor_nu": null, "type": null, "bezplatni_": null, "podzona_nu": "-", "sf_rayon": "-"}, "geometry": {"type": "MultiPoint", "coordinates": [[23.327639412, 42.678567243]]}}, {"type": "Feature", "properties": {"id": 14734, "objectid": 20985.0, "park_txt": "Надлъжн", "zona": "Зелена зона", "mestopoloz": "ул. Кръстю Сарафов", "georef_201": "2017", "vid_txt_20": "Зона", "zabelezhka": null, "obekt": null, "dogovor_sr": null, "dogovor_nu": null, "type": null, "bezplatni_": null, "podzona_nu": "-", "sf_rayon": "-"}, "geometry": {"type": "MultiPoint", "coordinates": [[23.327724205, 42.678579796]]}}, {"type": "Feature", "properties": {"id": 14735, "objectid": 20986.0, "park_txt": "Надлъжн", "zona": "Зелена зона", "mestopoloz": "ул. Кръстю Сарафов", "georef_201": "2017", "vid_txt_20": "Зона", "zabelezhka": null, "obekt": null, "dogovor_sr": null, "dogovor_nu": null, "type": null, "bezplatni_": null, "podzona_nu": "-", "sf_rayon": "-"}, "geometry": {"type": "MultiPoint", "coordinates": [[23.327795385, 42.678598475]]}}, {"type": "Feature", "properties": {"id": 14736, "objectid": 20987.0, "park_txt": "Надлъжн", "zona": "Зелена зона", "mestopoloz": "ул. Кръстю Сарафов", "georef_201": "2017", "vid_txt_20": "Инвалид", "zabelezhka": "-", "obekt": "-", "dogovor_sr": "-", "dogovor_nu": "-", "type": "-", "bezplatni_": "-", "podzona_nu": "-", "sf_rayon": "-"}, "geometry": {"type": "MultiPoint", "coordinates": [[23.327989734, 42.678649481]]}}, {"type": "Feature", "properties": {"id": 14737, "objectid": 20988.0, "park_txt": "Надлъжн", "zona": "Зелена зона", "mestopoloz": "ул. Йоан Екзарх", "georef_201": "2017", "vid_txt_20": "Инвалид", "zabelezhka": "-", "obekt": "-", "dogovor_sr": "-", "dogovor_nu": "-", "type": "-", "bezplatni_": "-", "podzona_nu": "-", "sf_rayon": "-"}, "geometry": {"type": "MultiPoint", "coordinates": [[23.325387125, 42.677366088]]}}, {"type": "Feature", "properties": {"id": 14738, "objectid": 20989.0, "park_txt": "Надлъжн", "zona": "Зелена зона", "mestopoloz": "ул. Черноризец Храбър", "georef_201": "2017", "vid_txt_20": "Инвалид", "zabelezhka": "-", "obekt": "-", "dogovor_sr": "-", "dogovor_nu": "-", "type": "-", "bezplatni_": "-", "podzona_nu": "-", "sf_rayon": "-"}, "geometry": {"type": "MultiPoint", "coordinates": [[23.326868312, 42.676699478]]}}, {"type": "Feature", "properties": {"id": 14739, "objectid": 20990.0, "park_txt": "Надлъжн", "zona": "Зелена зона", "mestopoloz": "ул. Вишнева", "georef_201": "2017", "vid_txt_20": "Инвалид", "zabelezhka": "-", "obekt": "-", "dogovor_sr": "-", "dogovor_nu": "-", "type": "-", "bezplatni_": "-", "podzona_nu": "-", "sf_rayon": "-"}, "geometry": {"type": "MultiPoint", "coordinates": [[23.330417441, 42.677817596]]}}, {"type": "Feature", "properties": {"id": 14760, "objectid": 21013.0, "park_txt": "Надлъжн", "zona": "Зелена зона", "mestopoloz": "ул. Лозенска планина", "georef_201": "2017", "vid_txt_20": "Зона", "zabelezhka": null, "obekt": null, "dogovor_sr": null, "dogovor_nu": null, "type": null, "bezplatni_": null, "podzona_nu": "-", "sf_rayon": "-"}, "geometry": {"type": "MultiPoint", "coordinates": [[23.325072205, 42.676603983]]}}, {"type": "Feature", "properties": {"id": 14761, "objectid": 21014.0, "park_txt": "Надлъжн", "zona": "Зелена зона", "mestopoloz": "ул. Лозенска планина", "georef_201": "2017", "vid_txt_20": "Зона", "zabelezhka": null, "obekt": null, "dogovor_sr": null, "dogovor_nu": null, "type": null, "bezplatni_": null, "podzona_nu": "-", "sf_rayon": "-"}, "geometry": {"type": "MultiPoint", "coordinates": [[23.324987038, 42.676603638]]}}, {"type": "Feature", "properties": {"id": 14762, "objectid": 21015.0, "park_txt": "Надлъжн", "zona": "Зелена зона", "mestopoloz": "ул. Лозенска планина", "georef_201": "2017", "vid_txt_20": "Инвалид", "zabelezhka": "-", "obekt": "-", "dogovor_sr": "-", "dogovor_nu": "-", "type": "-", "bezplatni_": "-", "podzona_nu": "-", "sf_rayon": "-"}, "geometry": {"type": "MultiPoint", "coordinates": [[23.324852144, 42.676604009]]}}, {"type": "Feature", "properties": {"id": 14764, "objectid": 21017.0, "park_txt": "Надлъжн", "zona": "Зелена зона", "mestopoloz": "ул. Презвитер Козма", "georef_201": "2017", "vid_txt_20": "Зона", "zabelezhka": "-", "obekt": "-", "dogovor_sr": "-", "dogovor_nu": "-", "type": "-", "bezplatni_": "-", "podzona_nu": "-", "sf_rayon": "-"}, "geometry": {"type": "MultiPoint", "coordinates": [[23.325120439, 42.675317608]]}}, {"type": "Feature", "properties": {"id": 14765, "objectid": 21018.0, "park_txt": "Надлъжн", "zona": "Зелена зона", "mestopoloz": "ул. Св. Седмочисленици", "georef_201": "2017", "vid_txt_20": "Дипломатически", "zabelezhka": "-", "obekt": "-", "dogovor_sr": "-", "dogovor_nu": "-", "type": "-", "bezplatni_": "-", "podzona_nu": "-", "sf_rayon": "-"}, "geometry": {"type": "MultiPoint", "coordinates": [[23.325142472, 42.674573494]]}}, {"type": "Feature", "properties": {"id": 14766, "objectid": 21019.0, "park_txt": "Надлъжн", "zona": "Зелена зона", "mestopoloz": "ул. Св. Седмочисленици", "georef_201": "2017", "vid_txt_20": "Дипломатически", "zabelezhka": "-", "obekt": "-", "dogovor_sr": "-", "dogovor_nu": "-", "type": "-", "bezplatni_": "-", "podzona_nu": "-", "sf_rayon": "-"}, "geometry": {"type": "MultiPoint", "coordinates": [[23.325069358, 42.67456973]]}}, {"type": "Feature", "properties": {"id": 14767, "objectid": 21020.0, "park_txt": "Надлъжн", "zona": "Зелена зона", "mestopoloz": "ул. Св. Седмочисленици", "georef_201": "2017", "vid_txt_20": "Дипломатически", "zabelezhka": "-", "obekt": "-", "dogovor_sr": "-", "dogovor_nu": "-", "type": "-", "bezplatni_": "-", "podzona_nu": "-", "sf_rayon": "-"}, "geometry": {"type": "MultiPoint", "coordinates": [[23.324995041, 42.674565903]]}}, {"type": "Feature", "properties": {"id": 14768, "objectid": 21021.0, "park_txt": "Надлъжн", "zona": "Зелена зона", "mestopoloz": "ул. Св. Седмочисленици", "georef_201": "2017", "vid_txt_20": "Инвалид", "zabelezhka": "-", "obekt": "-", "dogovor_sr": "-", "dogovor_nu": "-", "type": "-", "bezplatni_": "-", "podzona_nu": "-", "sf_rayon": "-"}, "geometry": {"type": "MultiPoint", "coordinates": [[23.324914364, 42.674561749]]}}, {"type": "Feature", "properties": {"id": 14770, "objectid": 21023.0, "park_txt": "Надлъжн", "zona": "Зелена зона", "mestopoloz": "ул. Димитър Димов", "georef_201": "2017", "vid_txt_20": "Инвалид", "zabelezhka": "-", "obekt": "-", "dogovor_sr": "-", "dogovor_nu": "-", "type": "-", "bezplatni_": "-", "podzona_nu": "-", "sf_rayon": "-"}, "geometry": {"type": "MultiPoint", "coordinates": [[23.32768243, 42.675286167]]}}, {"type": "Feature", "properties": {"id": 14771, "objectid": 21024.0, "park_txt": "Надлъжн", "zona": "Зелена зона", "mestopoloz": "бул. Джеймс Баучер", "georef_201": "2017", "vid_txt_20": "Инвалид", "zabelezhka": "-", "obekt": "-", "dogovor_sr": "-", "dogovor_nu": "-", "type": "-", "bezplatni_": "-", "podzona_nu": "-", "sf_rayon": "-"}, "geometry": {"type": "MultiPoint", "coordinates": [[23.328362425, 42.674433079]]}}, {"type": "Feature", "properties": {"id": 14772, "objectid": 21025.0, "park_txt": "Надлъжн", "zona": "Зелена зона", "mestopoloz": "бул. Джеймс Баучер", "georef_201": "2017", "vid_txt_20": "Инвалид", "zabelezhka": "-", "obekt": "-", "dogovor_sr": "-", "dogovor_nu": "-", "type": "-", "bezplatni_": "-", "podzona_nu": "-", "sf_rayon": "-"}, "geometry": {"type": "MultiPoint", "coordinates": [[23.325569988, 42.673641283]]}}, {"type": "Feature", "properties": {"id": 14773, "objectid": 21026.0, "park_txt": "Надлъжн", "zona": "Зелена зона", "mestopoloz": "бул. Джеймс Баучер", "georef_201": "2017", "vid_txt_20": "Инвалид", "zabelezhka": "-", "obekt": "-", "dogovor_sr": "-", "dogovor_nu": "-", "type": "-", "bezplatni_": "-", "podzona_nu": "-", "sf_rayon": "-"}, "geometry": {"type": "MultiPoint", "coordinates": [[23.326158199, 42.673690287]]}}, {"type": "Feature", "properties": {"id": 14785, "objectid": 21038.0, "park_txt": "Надлъжн", "zona": "Зелена зона", "mestopoloz": "ул. Презвитер Козма", "georef_201": "2017", "vid_txt_20": "Инвалид", "zabelezhka": "-", "obekt": "-", "dogovor_sr": "-", "dogovor_nu": "-", "type": "-", "bezplatni_": "-", "podzona_nu": "-", "sf_rayon": "-"}, "geometry": {"type": "MultiPoint", "coordinates": [[23.329326116, 42.676517301]]}}, {"type": "Feature", "properties": {"id": 14786, "objectid": 21039.0, "park_txt": "Надлъжн", "zona": "Зелена зона", "mestopoloz": "ул. Димитър Димов", "georef_201": "2017", "vid_txt_20": "Зона", "zabelezhka": null, "obekt": null, "dogovor_sr": null, "dogovor_nu": null, "type": null, "bezplatni_": null, "podzona_nu": "-", "sf_rayon": "-"}, "geometry": {"type": "MultiPoint", "coordinates": [[23.331607327, 42.676359971]]}}, {"type": "Feature", "properties": {"id": 14787, "objectid": 21040.0, "park_txt": "Надлъжн", "zona": "Зелена зона", "mestopoloz": "ул. Димитър Димов", "georef_201": "2017", "vid_txt_20": "Зона", "zabelezhka": null, "obekt": null, "dogovor_sr": null, "dogovor_nu": null, "type": null, "bezplatni_": null, "podzona_nu": "-", "sf_rayon": "-"}, "geometry": {"type": "MultiPoint", "coordinates": [[23.33153901, 42.676341737]]}}, {"type": "Feature", "properties": {"id": 14788, "objectid": 21041.0, "park_txt": "Надлъжн", "zona": "Зелена зона", "mestopoloz": "ул. Димитър Димов", "georef_201": "2017", "vid_txt_20": "Зона", "zabelezhka": null, "obekt": null, "dogovor_sr": null, "dogovor_nu": null, "type": null, "bezplatni_": null, "podzona_nu": "-", "sf_rayon": "-"}, "geometry": {"type": "MultiPoint", "coordinates": [[23.331471078, 42.676323605]]}}, {"type": "Feature", "properties": {"id": 14789, "objectid": 21042.0, "park_txt": "Надлъжн", "zona": "Зелена зона", "mestopoloz": "ул. Димитър Димов", "georef_201": "2017", "vid_txt_20": "Зона", "zabelezhka": null, "obekt": null, "dogovor_sr": null, "dogovor_nu": null, "type": null, "bezplatni_": null, "podzona_nu": "-", "sf_rayon": "-"}, "geometry": {"type": "MultiPoint", "coordinates": [[23.331399707, 42.676304556]]}}, {"type": "Feature", "properties": {"id": 14790, "objectid": 21043.0, "park_txt": "Надлъжн", "zona": "Зелена зона", "mestopoloz": "ул. Димитър Димов", "georef_201": "2017", "vid_txt_20": "Зона", "zabelezhka": null, "obekt": null, "dogovor_sr": null, "dogovor_nu": null, "type": null, "bezplatni_": null, "podzona_nu": "-", "sf_rayon": "-"}, "geometry": {"type": "MultiPoint", "coordinates": [[23.33132737, 42.676284686]]}}, {"type": "Feature", "properties": {"id": 14791, "objectid": 21044.0, "park_txt": "Надлъжн", "zona": "Зелена зона", "mestopoloz": "ул. Димитър Димов", "georef_201": "2017", "vid_txt_20": "Зона", "zabelezhka": null, "obekt": null, "dogovor_sr": null, "dogovor_nu": null, "type": null, "bezplatni_": null, "podzona_nu": "-", "sf_rayon": "-"}, "geometry": {"type": "MultiPoint", "coordinates": [[23.331251276, 42.676263678]]}}, {"type": "Feature", "properties": {"id": 14792, "objectid": 21045.0, "park_txt": "Надлъжн", "zona": "Зелена зона", "mestopoloz": "ул. Димитър Димов", "georef_201": "2017", "vid_txt_20": "Зона", "zabelezhka": null, "obekt": null, "dogovor_sr": null, "dogovor_nu": null, "type": null, "bezplatni_": null, "podzona_nu": "-", "sf_rayon": "-"}, "geometry": {"type": "MultiPoint", "coordinates": [[23.33117816, 42.676243389]]}}, {"type": "Feature", "properties": {"id": 14793, "objectid": 21046.0, "park_txt": "Надлъжн", "zona": "Зелена зона", "mestopoloz": "ул. Димитър Димов", "georef_201": "2017", "vid_txt_20": "Инвалид", "zabelezhka": "-", "obekt": "-", "dogovor_sr": "-", "dogovor_nu": "-", "type": "-", "bezplatni_": "-", "podzona_nu": "-", "sf_rayon": "-"}, "geometry": {"type": "MultiPoint", "coordinates": [[23.331046199, 42.676206957]]}}, {"type": "Feature", "properties": {"id": 14794, "objectid": 21047.0, "park_txt": "Надлъжн", "zona": "Зелена зона", "mestopoloz": "ул. Йоан Екзарх", "georef_201": "2017", "vid_txt_20": "Зона", "zabelezhka": "-", "obekt": "-", "dogovor_sr": "-", "dogovor_nu": "-", "type": "-", "bezplatni_": "-", "podzona_nu": "-", "sf_rayon": "-"}, "geometry": {"type": "MultiPoint", "coordinates": [[23.331266177, 42.676668037]]}}, {"type": "Feature", "properties": {"id": 14795, "objectid": 21048.0, "park_txt": "Надлъжн", "zona": "Зелена зона", "mestopoloz": "ул. Света гора", "georef_201": "2017", "vid_txt_20": "Инвалид", "zabelezhka": "-", "obekt": "-", "dogovor_sr": "-", "dogovor_nu": "-", "type": "-", "bezplatni_": "-", "podzona_nu": "-", "sf_rayon": "-"}, "geometry": {"type": "MultiPoint", "coordinates": [[23.329577975, 42.675859186]]}}, {"type": "Feature", "properties": {"id": 14796, "objectid": 21049.0, "park_txt": "Надлъжн", "zona": "Зелена зона", "mestopoloz": "бул. Джеймс Баучер", "georef_201": "2017", "vid_txt_20": "Инвалид", "zabelezhka": "-", "obekt": "-", "dogovor_sr": "-", "dogovor_nu": "-", "type": "-", "bezplatni_": "-", "podzona_nu": "-", "sf_rayon": "-"}, "geometry": {"type": "MultiPoint", "coordinates": [[23.329992897, 42.674897676]]}}, {"type": "Feature", "properties": {"id": 14797, "objectid": 21056.0, "park_txt": "Надлъжн", "zona": "Зелена зона", "mestopoloz": "бул. Джеймс Баучер", "georef_201": "2017", "vid_txt_20": "Инвалид", "zabelezhka": "-", "obekt": "-", "dogovor_sr": "-", "dogovor_nu": "-", "type": "-", "bezplatni_": "-", "podzona_nu": "-", "sf_rayon": "-"}, "geometry": {"type": "MultiPoint", "coordinates": [[23.330800727, 42.675309999]]}}, {"type": "Feature", "properties": {"id": 16255, "objectid": 22714.0, "park_txt": "Надлъжн", "zona": "Зелена зона", "mestopoloz": "ул. Митрополит Кирил Видински", "georef_201": "2017", "vid_txt_20": "Зона", "zabelezhka": null, "obekt": null, "dogovor_sr": null, "dogovor_nu": null, "type": null, "bezplatni_": null, "podzona_nu": "-", "sf_rayon": "-"}, "geometry": {"type": "MultiPoint", "coordinates": [[23.336173653, 42.67667113]]}}, {"type": "Feature", "properties": {"id": 16256, "objectid": 22715.0, "park_txt": "Надлъжн", "zona": "Зелена зона", "mestopoloz": "ул. Арх. Йордан Миланов", "georef_201": "2017", "vid_txt_20": "Зона", "zabelezhka": null, "obekt": null, "dogovor_sr": null, "dogovor_nu": null, "type": null, "bezplatni_": null, "podzona_nu": "-", "sf_rayon": "-"}, "geometry": {"type": "MultiPoint", "coordinates": [[23.334135009, 42.676537097]]}}, {"type": "Feature", "properties": {"id": 16257, "objectid": 22716.0, "park_txt": "Надлъжн", "zona": "Зелена зона", "mestopoloz": "ул. Арх. Йордан Миланов", "georef_201": "2017", "vid_txt_20": "Зона", "zabelezhka": null, "obekt": null, "dogovor_sr": null, "dogovor_nu": null, "type": null, "bezplatni_": null, "podzona_nu": "-", "sf_rayon": "-"}, "geometry": {"type": "MultiPoint", "coordinates": [[23.33414081, 42.676596473]]}}, {"type": "Feature", "properties": {"id": 16258, "objectid": 22717.0, "park_txt": "Надлъжн", "zona": "Зелена зона", "mestopoloz": "ул. Арх. Йордан Миланов", "georef_201": "2017", "vid_txt_20": "Зона", "zabelezhka": null, "obekt": null, "dogovor_sr": null, "dogovor_nu": null, "type": null, "bezplatni_": null, "podzona_nu": "-", "sf_rayon": "-"}, "geometry": {"type": "MultiPoint", "coordinates": [[23.334146068, 42.676650314]]}}, {"type": "Feature", "properties": {"id": 16259, "objectid": 22718.0, "park_txt": "Надлъжн", "zona": "Зелена зона", "mestopoloz": "ул. Арх. Йордан Миланов", "georef_201": "2017", "vid_txt_20": "Зона", "zabelezhka": null, "obekt": null, "dogovor_sr": null, "dogovor_nu": null, "type": null, "bezplatni_": null, "podzona_nu": "-", "sf_rayon": "-"}, "geometry": {"type": "MultiPoint", "coordinates": [[23.334151737, 42.676709696]]}}, {"type": "Feature", "properties": {"id": 16260, "objectid": 22719.0, "park_txt": "Надлъжн", "zona": "Зелена зона", "mestopoloz": "ул. Арх. Йордан Миланов", "georef_201": "2017", "vid_txt_20": "Зона", "zabelezhka": null, "obekt": null, "dogovor_sr": null, "dogovor_nu": null, "type": null, "bezplatni_": null, "podzona_nu": "-", "sf_rayon": "-"}, "geometry": {"type": "MultiPoint", "coordinates": [[23.334157295, 42.676766595]]}}, {"type": "Feature", "properties": {"id": 16261, "objectid": 22720.0, "park_txt": "Надлъжн", "zona": "Зелена зона", "mestopoloz": "ул. Арх. Йордан Миланов", "georef_201": "2017", "vid_txt_20": "Зона", "zabelezhka": null, "obekt": null, "dogovor_sr": null, "dogovor_nu": null, "type": null, "bezplatni_": null, "podzona_nu": "-", "sf_rayon": "-"}, "geometry": {"type": "MultiPoint", "coordinates": [[23.334163212, 42.676827171]]}}, {"type": "Feature", "properties": {"id": 16262, "objectid": 22721.0, "park_txt": "Надлъжн", "zona": "Зелена зона", "mestopoloz": "ул. Арх. Йордан Миланов", "georef_201": "2017", "vid_txt_20": "Зона", "zabelezhka": null, "obekt": null, "dogovor_sr": null, "dogovor_nu": null, "type": null, "bezplatni_": null, "podzona_nu": "-", "sf_rayon": "-"}, "geometry": {"type": "MultiPoint", "coordinates": [[23.334169282, 42.676886644]]}}, {"type": "Feature", "properties": {"id": 16263, "objectid": 22722.0, "park_txt": "Надлъжн", "zona": "Зелена зона", "mestopoloz": "ул. Арх. Йордан Миланов", "georef_201": "2017", "vid_txt_20": "Зона", "zabelezhka": null, "obekt": null, "dogovor_sr": null, "dogovor_nu": null, "type": null, "bezplatni_": null, "podzona_nu": "-", "sf_rayon": "-"}, "geometry": {"type": "MultiPoint", "coordinates": [[23.333569332, 42.678234326]]}}, {"type": "Feature", "properties": {"id": 16264, "objectid": 22723.0, "park_txt": "Надлъжн", "zona": "Зелена зона", "mestopoloz": "ул. Арх. Йордан Миланов", "georef_201": "2017", "vid_txt_20": "Зона", "zabelezhka": null, "obekt": null, "dogovor_sr": null, "dogovor_nu": null, "type": null, "bezplatni_": null, "podzona_nu": "-", "sf_rayon": "-"}, "geometry": {"type": "MultiPoint", "coordinates": [[23.333593986, 42.678182234]]}}, {"type": "Feature", "properties": {"id": 16265, "objectid": 22724.0, "park_txt": "Надлъжн", "zona": "Зелена зона", "mestopoloz": "ул. Арх. Йордан Миланов", "georef_201": "2017", "vid_txt_20": "Зона", "zabelezhka": null, "obekt": null, "dogovor_sr": null, "dogovor_nu": null, "type": null, "bezplatni_": null, "podzona_nu": "-", "sf_rayon": "-"}, "geometry": {"type": "MultiPoint", "coordinates": [[23.333618255, 42.678133557]]}}, {"type": "Feature", "properties": {"id": 16266, "objectid": 22725.0, "park_txt": "Надлъжн", "zona": "Зелена зона", "mestopoloz": "ул. Арх. Йордан Миланов", "georef_201": "2017", "vid_txt_20": "Зона", "zabelezhka": null, "obekt": null, "dogovor_sr": null, "dogovor_nu": null, "type": null, "bezplatni_": null, "podzona_nu": "-", "sf_rayon": "-"}, "geometry": {"type": "MultiPoint", "coordinates": [[23.333646615, 42.678077204]]}}, {"type": "Feature", "properties": {"id": 16267, "objectid": 22726.0, "park_txt": "Надлъжн", "zona": "Зелена зона", "mestopoloz": "ул. Арх. Йордан Миланов", "georef_201": "2017", "vid_txt_20": "Зона", "zabelezhka": null, "obekt": null, "dogovor_sr": null, "dogovor_nu": null, "type": null, "bezplatni_": null, "podzona_nu": "-", "sf_rayon": "-"}, "geometry": {"type": "MultiPoint", "coordinates": [[23.333673656, 42.678023429]]}}, {"type": "Feature", "properties": {"id": 16268, "objectid": 22727.0, "park_txt": "Надлъжн", "zona": "Зелена зона", "mestopoloz": "ул. Арх. Йордан Миланов", "georef_201": "2017", "vid_txt_20": "Зона", "zabelezhka": null, "obekt": null, "dogovor_sr": null, "dogovor_nu": null, "type": null, "bezplatni_": null, "podzona_nu": "-", "sf_rayon": "-"}, "geometry": {"type": "MultiPoint", "coordinates": [[23.333700419, 42.67796935]]}}, {"type": "Feature", "properties": {"id": 16269, "objectid": 22728.0, "park_txt": "Надлъжн", "zona": "Зелена зона", "mestopoloz": "ул. Арх. Йордан Миланов", "georef_201": "2017", "vid_txt_20": "Зона", "zabelezhka": null, "obekt": null, "dogovor_sr": null, "dogovor_nu": null, "type": null, "bezplatni_": null, "podzona_nu": "-", "sf_rayon": "-"}, "geometry": {"type": "MultiPoint", "coordinates": [[23.333725328, 42.677917998]]}}, {"type": "Feature", "properties": {"id": 16270, "objectid": 22729.0, "park_txt": "Надлъжн", "zona": "Зелена зона", "mestopoloz": "ул. Арх. Йордан Миланов", "georef_201": "2017", "vid_txt_20": "Зона", "zabelezhka": null, "obekt": null, "dogovor_sr": null, "dogovor_nu": null, "type": null, "bezplatni_": null, "podzona_nu": "-", "sf_rayon": "-"}, "geometry": {"type": "MultiPoint", "coordinates": [[23.333748605, 42.677870425]]}}, {"type": "Feature", "properties": {"id": 16271, "objectid": 22730.0, "park_txt": "Надлъжн", "zona": "Зелена зона", "mestopoloz": "ул. Арх. Йордан Миланов", "georef_201": "2017", "vid_txt_20": "Зона", "zabelezhka": null, "obekt": null, "dogovor_sr": null, "dogovor_nu": null, "type": null, "bezplatni_": null, "podzona_nu": "-", "sf_rayon": "-"}, "geometry": {"type": "MultiPoint", "coordinates": [[23.333772419, 42.677821966]]}}, {"type": "Feature", "properties": {"id": 16272, "objectid": 22731.0, "park_txt": "Надлъжн", "zona": "Зелена зона", "mestopoloz": "ул. Арх. Йордан Миланов", "georef_201": "2017", "vid_txt_20": "Зона", "zabelezhka": null, "obekt": null, "dogovor_sr": null, "dogovor_nu": null, "type": null, "bezplatni_": null, "podzona_nu": "-", "sf_rayon": "-"}, "geometry": {"type": "MultiPoint", "coordinates": [[23.333794522, 42.677776991]]}}, {"type": "Feature", "properties": {"id": 16273, "objectid": 22732.0, "park_txt": "Надлъжн", "zona": "Зелена зона", "mestopoloz": "ул. Арх. Йордан Миланов", "georef_201": "2017", "vid_txt_20": "Зона", "zabelezhka": null, "obekt": null, "dogovor_sr": null, "dogovor_nu": null, "type": null, "bezplatni_": null, "podzona_nu": "-", "sf_rayon": "-"}, "geometry": {"type": "MultiPoint", "coordinates": [[23.333816943, 42.677732085]]}}, {"type": "Feature", "properties": {"id": 16274, "objectid": 22733.0, "park_txt": "Надлъжн", "zona": "Зелена зона", "mestopoloz": "ул. Арх. Йордан Миланов", "georef_201": "2017", "vid_txt_20": "Зона", "zabelezhka": null, "obekt": null, "dogovor_sr": null, "dogovor_nu": null, "type": null, "bezplatni_": null, "podzona_nu": "-", "sf_rayon": "-"}, "geometry": {"type": "MultiPoint", "coordinates": [[23.333839795, 42.677686973]]}}, {"type": "Feature", "properties": {"id": 16275, "objectid": 22734.0, "park_txt": "Надлъжн", "zona": "Зелена зона", "mestopoloz": "ул. Арх. Йордан Миланов", "georef_201": "2017", "vid_txt_20": "Зона", "zabelezhka": null, "obekt": null, "dogovor_sr": null, "dogovor_nu": null, "type": null, "bezplatni_": null, "podzona_nu": "-", "sf_rayon": "-"}, "geometry": {"type": "MultiPoint", "coordinates": [[23.333865201, 42.677635859]]}}, {"type": "Feature", "properties": {"id": 16276, "objectid": 22735.0, "park_txt": "Надлъжн", "zona": "Зелена зона", "mestopoloz": "ул. Арх. Йордан Миланов", "georef_201": "2017", "vid_txt_20": "Зона", "zabelezhka": null, "obekt": null, "dogovor_sr": null, "dogovor_nu": null, "type": null, "bezplatni_": null, "podzona_nu": "-", "sf_rayon": "-"}, "geometry": {"type": "MultiPoint", "coordinates": [[23.333888225, 42.677588892]]}}, {"type": "Feature", "properties": {"id": 16277, "objectid": 22736.0, "park_txt": "Надлъжн", "zona": "Зелена зона", "mestopoloz": "ул. Арх. Йордан Миланов", "georef_201": "2017", "vid_txt_20": "Зона", "zabelezhka": null, "obekt": null, "dogovor_sr": null, "dogovor_nu": null, "type": null, "bezplatni_": null, "podzona_nu": "-", "sf_rayon": "-"}, "geometry": {"type": "MultiPoint", "coordinates": [[23.333912381, 42.677539617]]}}, {"type": "Feature", "properties": {"id": 16278, "objectid": 22737.0, "park_txt": "Надлъжн", "zona": "Зелена зона", "mestopoloz": "ул. Арх. Йордан Миланов", "georef_201": "2017", "vid_txt_20": "Зона", "zabelezhka": null, "obekt": null, "dogovor_sr": null, "dogovor_nu": null, "type": null, "bezplatni_": null, "podzona_nu": "-", "sf_rayon": "-"}, "geometry": {"type": "MultiPoint", "coordinates": [[23.333935368, 42.677492619]]}}, {"type": "Feature", "properties": {"id": 16279, "objectid": 22738.0, "park_txt": "Надлъжн", "zona": "Зелена зона", "mestopoloz": "ул. Арх. Йордан Миланов", "georef_201": "2017", "vid_txt_20": "Зона", "zabelezhka": null, "obekt": null, "dogovor_sr": null, "dogovor_nu": null, "type": null, "bezplatni_": null, "podzona_nu": "-", "sf_rayon": "-"}, "geometry": {"type": "MultiPoint", "coordinates": [[23.333956899, 42.677448458]]}}, {"type": "Feature", "properties": {"id": 16280, "objectid": 22739.0, "park_txt": "Надлъжн", "zona": "Зелена зона", "mestopoloz": "ул. Арх. Йордан Миланов", "georef_201": "2017", "vid_txt_20": "Зона", "zabelezhka": null, "obekt": null, "dogovor_sr": null, "dogovor_nu": null, "type": null, "bezplatni_": null, "podzona_nu": "-", "sf_rayon": "-"}, "geometry": {"type": "MultiPoint", "coordinates": [[23.333977606, 42.677406102]]}}, {"type": "Feature", "properties": {"id": 16281, "objectid": 22740.0, "park_txt": "Надлъжн", "zona": "Зелена зона", "mestopoloz": "ул. Арх. Йордан Миланов", "georef_201": "2017", "vid_txt_20": "Зона", "zabelezhka": null, "obekt": null, "dogovor_sr": null, "dogovor_nu": null, "type": null, "bezplatni_": null, "podzona_nu": "-", "sf_rayon": "-"}, "geometry": {"type": "MultiPoint", "coordinates": [[23.333999068, 42.67736231]]}}, {"type": "Feature", "properties": {"id": 16282, "objectid": 22741.0, "park_txt": "Надлъжн", "zona": "Зелена зона", "mestopoloz": "ул. Арх. Йордан Миланов", "georef_201": "2017", "vid_txt_20": "Зона", "zabelezhka": null, "obekt": null, "dogovor_sr": null, "dogovor_nu": null, "type": null, "bezplatni_": null, "podzona_nu": "-", "sf_rayon": "-"}, "geometry": {"type": "MultiPoint", "coordinates": [[23.334021161, 42.677317233]]}}, {"type": "Feature", "properties": {"id": 16283, "objectid": 22742.0, "park_txt": "Надлъжн", "zona": "Зелена зона", "mestopoloz": "ул. Арх. Йордан Миланов", "georef_201": "2017", "vid_txt_20": "Зона", "zabelezhka": null, "obekt": null, "dogovor_sr": null, "dogovor_nu": null, "type": null, "bezplatni_": null, "podzona_nu": "-", "sf_rayon": "-"}, "geometry": {"type": "MultiPoint", "coordinates": [[23.334044822, 42.677268952]]}}, {"type": "Feature", "properties": {"id": 16284, "objectid": 22743.0, "park_txt": "Надлъжн", "zona": "Зелена зона", "mestopoloz": "ул. Арх. Йордан Миланов", "georef_201": "2017", "vid_txt_20": "Зона", "zabelezhka": null, "obekt": null, "dogovor_sr": null, "dogovor_nu": null, "type": null, "bezplatni_": null, "podzona_nu": "-", "sf_rayon": "-"}, "geometry": {"type": "MultiPoint", "coordinates": [[23.33407072, 42.677216279]]}}, {"type": "Feature", "properties": {"id": 16285, "objectid": 22744.0, "park_txt": "Надлъжн", "zona": "Зелена зона", "mestopoloz": "ул. Арх. Йордан Миланов", "georef_201": "2017", "vid_txt_20": "Зона", "zabelezhka": null, "obekt": null, "dogovor_sr": null, "dogovor_nu": null, "type": null, "bezplatni_": null, "podzona_nu": "-", "sf_rayon": "-"}, "geometry": {"type": "MultiPoint", "coordinates": [[23.334092129, 42.677172765]]}}, {"type": "Feature", "properties": {"id": 16286, "objectid": 22745.0, "park_txt": "Надлъжн", "zona": "Зелена зона", "mestopoloz": "бул. Христо Смирненски", "georef_201": "2017", "vid_txt_20": "Зона", "zabelezhka": null, "obekt": null, "dogovor_sr": null, "dogovor_nu": null, "type": null, "bezplatni_": null, "podzona_nu": "-", "sf_rayon": "-"}, "geometry": {"type": "MultiPoint", "coordinates": [[23.332698549, 42.677987716]]}}, {"type": "Feature", "properties": {"id": 16287, "objectid": 22746.0, "park_txt": "Надлъжн", "zona": "Зелена зона", "mestopoloz": "бул. Христо Смирненски", "georef_201": "2017", "vid_txt_20": "Зона", "zabelezhka": null, "obekt": null, "dogovor_sr": null, "dogovor_nu": null, "type": null, "bezplatni_": null, "podzona_nu": "-", "sf_rayon": "-"}, "geometry": {"type": "MultiPoint", "coordinates": [[23.332666704, 42.678033815]]}}, {"type": "Feature", "properties": {"id": 16288, "objectid": 22747.0, "park_txt": "Надлъжн", "zona": "Зелена зона", "mestopoloz": "бул. Христо Смирненски", "georef_201": "2017", "vid_txt_20": "Зона", "zabelezhka": null, "obekt": null, "dogovor_sr": null, "dogovor_nu": null, "type": null, "bezplatni_": null, "podzona_nu": "-", "sf_rayon": "-"}, "geometry": {"type": "MultiPoint", "coordinates": [[23.33263388, 42.678081333]]}}, {"type": "Feature", "properties": {"id": 16289, "objectid": 22748.0, "park_txt": "Надлъжн", "zona": "Зелена зона", "mestopoloz": "бул. Христо Смирненски", "georef_201": "2017", "vid_txt_20": "Зона", "zabelezhka": null, "obekt": null, "dogovor_sr": null, "dogovor_nu": null, "type": null, "bezplatni_": null, "podzona_nu": "-", "sf_rayon": "-"}, "geometry": {"type": "MultiPoint", "coordinates": [[23.332882289, 42.677724558]]}}, {"type": "Feature", "properties": {"id": 16290, "objectid": 22749.0, "park_txt": "Надлъжн", "zona": "Зелена зона", "mestopoloz": "бул. Христо Смирненски", "georef_201": "2017", "vid_txt_20": "Зона", "zabelezhka": null, "obekt": null, "dogovor_sr": null, "dogovor_nu": null, "type": null, "bezplatni_": null, "podzona_nu": "-", "sf_rayon": "-"}, "geometry": {"type": "MultiPoint", "coordinates": [[23.332850445, 42.677770658]]}}, {"type": "Feature", "properties": {"id": 16291, "objectid": 22750.0, "park_txt": "Надлъжн", "zona": "Зелена зона", "mestopoloz": "бул. Христо Смирненски", "georef_201": "2017", "vid_txt_20": "Зона", "zabelezhka": null, "obekt": null, "dogovor_sr": null, "dogovor_nu": null, "type": null, "bezplatni_": null, "podzona_nu": "-", "sf_rayon": "-"}, "geometry": {"type": "MultiPoint", "coordinates": [[23.332817621, 42.677818175]]}}, {"type": "Feature", "properties": {"id": 16292, "objectid": 22751.0, "park_txt": "Надлъжн", "zona": "Зелена зона", "mestopoloz": "бул. Христо Смирненски", "georef_201": "2017", "vid_txt_20": "Зона", "zabelezhka": null, "obekt": null, "dogovor_sr": null, "dogovor_nu": null, "type": null, "bezplatni_": null, "podzona_nu": "-", "sf_rayon": "-"}, "geometry": {"type": "MultiPoint", "coordinates": [[23.332939703, 42.677642713]]}}, {"type": "Feature", "properties": {"id": 16293, "objectid": 22752.0, "park_txt": "Надлъжн", "zona": "Зелена зона", "mestopoloz": "бул. Христо Смирненски", "georef_201": "2017", "vid_txt_20": "Зона", "zabelezhka": null, "obekt": null, "dogovor_sr": null, "dogovor_nu": null, "type": null, "bezplatni_": null, "podzona_nu": "-", "sf_rayon": "-"}, "geometry": {"type": "MultiPoint", "coordinates": [[23.332984708, 42.677577705]]}}, {"type": "Feature", "properties": {"id": 16294, "objectid": 22753.0, "park_txt": "Надлъжн", "zona": "Зелена зона", "mestopoloz": "бул. Христо Смирненски", "georef_201": "2017", "vid_txt_20": "Зона", "zabelezhka": null, "obekt": null, "dogovor_sr": null, "dogovor_nu": null, "type": null, "bezplatni_": null, "podzona_nu": "-", "sf_rayon": "-"}, "geometry": {"type": "MultiPoint", "coordinates": [[23.333017164, 42.677530823]]}}, {"type": "Feature", "properties": {"id": 16295, "objectid": 22754.0, "park_txt": "Надлъжн", "zona": "Зелена зона", "mestopoloz": "бул. Христо Смирненски", "georef_201": "2017", "vid_txt_20": "Зона", "zabelezhka": null, "obekt": null, "dogovor_sr": null, "dogovor_nu": null, "type": null, "bezplatni_": null, "podzona_nu": "-", "sf_rayon": "-"}, "geometry": {"type": "MultiPoint", "coordinates": [[23.333088447, 42.677427855]]}}, {"type": "Feature", "properties": {"id": 16296, "objectid": 22755.0, "park_txt": "Надлъжн", "zona": "Зелена зона", "mestopoloz": "бул. Христо Смирненски", "georef_201": "2017", "vid_txt_20": "Зона", "zabelezhka": null, "obekt": null, "dogovor_sr": null, "dogovor_nu": null, "type": null, "bezplatni_": null, "podzona_nu": "-", "sf_rayon": "-"}, "geometry": {"type": "MultiPoint", "coordinates": [[23.333124657, 42.677375549]]}}, {"type": "Feature", "properties": {"id": 16297, "objectid": 22756.0, "park_txt": "Надлъжн", "zona": "Зелена зона", "mestopoloz": "бул. Христо Смирненски", "georef_201": "2017", "vid_txt_20": "Зона", "zabelezhka": null, "obekt": null, "dogovor_sr": null, "dogovor_nu": null, "type": null, "bezplatni_": null, "podzona_nu": "-", "sf_rayon": "-"}, "geometry": {"type": "MultiPoint", "coordinates": [[23.33316152, 42.677322301]]}}, {"type": "Feature", "properties": {"id": 16298, "objectid": 22757.0, "park_txt": "Надлъжн", "zona": "Зелена зона", "mestopoloz": "бул. Христо Смирненски", "georef_201": "2017", "vid_txt_20": "Зона", "zabelezhka": null, "obekt": null, "dogovor_sr": null, "dogovor_nu": null, "type": null, "bezplatni_": null, "podzona_nu": "-", "sf_rayon": "-"}, "geometry": {"type": "MultiPoint", "coordinates": [[23.333195913, 42.677272621]]}}, {"type": "Feature", "properties": {"id": 16299, "objectid": 22758.0, "park_txt": "Надлъжн", "zona": "Зелена зона", "mestopoloz": "бул. Христо Смирненски", "georef_201": "2017", "vid_txt_20": "Зона", "zabelezhka": null, "obekt": null, "dogovor_sr": null, "dogovor_nu": null, "type": null, "bezplatni_": null, "podzona_nu": "-", "sf_rayon": "-"}, "geometry": {"type": "MultiPoint", "coordinates": [[23.333233705, 42.677218029]]}}, {"type": "Feature", "properties": {"id": 16300, "objectid": 22759.0, "park_txt": "Надлъжн", "zona": "Зелена зона", "mestopoloz": "бул. Христо Смирненски", "georef_201": "2017", "vid_txt_20": "Зона", "zabelezhka": null, "obekt": null, "dogovor_sr": null, "dogovor_nu": null, "type": null, "bezplatni_": null, "podzona_nu": "-", "sf_rayon": "-"}, "geometry": {"type": "MultiPoint", "coordinates": [[23.333268589, 42.677168282]]}}, {"type": "Feature", "properties": {"id": 16301, "objectid": 22760.0, "park_txt": "Надлъжн", "zona": "Зелена зона", "mestopoloz": "бул. Христо Смирненски", "georef_201": "2017", "vid_txt_20": "Зона", "zabelezhka": null, "obekt": null, "dogovor_sr": null, "dogovor_nu": null, "type": null, "bezplatni_": null, "podzona_nu": "-", "sf_rayon": "-"}, "geometry": {"type": "MultiPoint", "coordinates": [[23.333332264, 42.677078162]]}}, {"type": "Feature", "properties": {"id": 16302, "objectid": 22763.0, "park_txt": "Надлъжн", "zona": "Зелена зона", "mestopoloz": "ул. Вишнева", "georef_201": "2017", "vid_txt_20": "Зона", "zabelezhka": null, "obekt": null, "dogovor_sr": null, "dogovor_nu": null, "type": null, "bezplatni_": null, "podzona_nu": "-", "sf_rayon": "-"}, "geometry": {"type": "MultiPoint", "coordinates": [[23.332637701, 42.678229072]]}}, {"type": "Feature", "properties": {"id": 16303, "objectid": 22764.0, "park_txt": "Надлъжн", "zona": "Зелена зона", "mestopoloz": "ул. Вишнева", "georef_201": "2017", "vid_txt_20": "Зона", "zabelezhka": null, "obekt": null, "dogovor_sr": null, "dogovor_nu": null, "type": null, "bezplatni_": null, "podzona_nu": "-", "sf_rayon": "-"}, "geometry": {"type": "MultiPoint", "coordinates": [[23.332699176, 42.678241287]]}}, {"type": "Feature", "properties": {"id": 16304, "objectid": 22765.0, "park_txt": "Надлъжн", "zona": "Зелена зона", "mestopoloz": "ул. Вишнева", "georef_201": "2017", "vid_txt_20": "Зона", "zabelezhka": null, "obekt": null, "dogovor_sr": null, "dogovor_nu": null, "type": null, "bezplatni_": null, "podzona_nu": "-", "sf_rayon": "-"}, "geometry": {"type": "MultiPoint", "coordinates": [[23.332766112, 42.678254538]]}}, {"type": "Feature", "properties": {"id": 16305, "objectid": 22766.0, "park_txt": "Надлъжн", "zona": "Зелена зона", "mestopoloz": "ул. Вишнева", "georef_201": "2017", "vid_txt_20": "Зона", "zabelezhka": null, "obekt": null, "dogovor_sr": null, "dogovor_nu": null, "type": null, "bezplatni_": null, "podzona_nu": "-", "sf_rayon": "-"}, "geometry": {"type": "MultiPoint", "coordinates": [[23.332886572, 42.678278201]]}}, {"type": "Feature", "properties": {"id": 16306, "objectid": 22767.0, "park_txt": "Надлъжн", "zona": "Зелена зона", "mestopoloz": "ул. Вишнева", "georef_201": "2017", "vid_txt_20": "Зона", "zabelezhka": null, "obekt": null, "dogovor_sr": null, "dogovor_nu": null, "type": null, "bezplatni_": null, "podzona_nu": "-", "sf_rayon": "-"}, "geometry": {"type": "MultiPoint", "coordinates": [[23.333018379, 42.678304179]]}}, {"type": "Feature", "properties": {"id": 16307, "objectid": 22768.0, "park_txt": "Надлъжн", "zona": "Зелена зона", "mestopoloz": "ул. Вишнева", "georef_201": "2017", "vid_txt_20": "Зона", "zabelezhka": null, "obekt": null, "dogovor_sr": null, "dogovor_nu": null, "type": null, "bezplatni_": null, "podzona_nu": "-", "sf_rayon": "-"}, "geometry": {"type": "MultiPoint", "coordinates": [[23.333088739, 42.678318047]]}}, {"type": "Feature", "properties": {"id": 16308, "objectid": 22769.0, "park_txt": "Надлъжн", "zona": "Зелена зона", "mestopoloz": "ул. Вишнева", "georef_201": "2017", "vid_txt_20": "Зона", "zabelezhka": null, "obekt": null, "dogovor_sr": null, "dogovor_nu": null, "type": null, "bezplatni_": null, "podzona_nu": "-", "sf_rayon": "-"}, "geometry": {"type": "MultiPoint", "coordinates": [[23.333162182, 42.678332522]]}}, {"type": "Feature", "properties": {"id": 16309, "objectid": 22770.0, "park_txt": "Надлъжн", "zona": "Зелена зона", "mestopoloz": "ул. Вишнева", "georef_201": "2017", "vid_txt_20": "Зона", "zabelezhka": null, "obekt": null, "dogovor_sr": null, "dogovor_nu": null, "type": null, "bezplatni_": null, "podzona_nu": "-", "sf_rayon": "-"}, "geometry": {"type": "MultiPoint", "coordinates": [[23.333235408, 42.678346955]]}}, {"type": "Feature", "properties": {"id": 16310, "objectid": 22771.0, "park_txt": "Надлъжн", "zona": "Зелена зона", "mestopoloz": "ул. Вишнева", "georef_201": "2017", "vid_txt_20": "Зона", "zabelezhka": null, "obekt": null, "dogovor_sr": null, "dogovor_nu": null, "type": null, "bezplatni_": null, "podzona_nu": "-", "sf_rayon": "-"}, "geometry": {"type": "MultiPoint", "coordinates": [[23.333307988, 42.678361259]]}}, {"type": "Feature", "properties": {"id": 16324, "objectid": 22785.0, "park_txt": "Надлъжн", "zona": "Зелена зона", "mestopoloz": "ул. Арх. Йордан Миланов", "georef_201": "2017", "vid_txt_20": "Зона", "zabelezhka": null, "obekt": null, "dogovor_sr": null, "dogovor_nu": null, "type": null, "bezplatni_": null, "podzona_nu": "-", "sf_rayon": "-"}, "geometry": {"type": "MultiPoint", "coordinates": [[23.333286994, 42.678817156]]}}, {"type": "Feature", "properties": {"id": 16325, "objectid": 22786.0, "park_txt": "Надлъжн", "zona": "Зелена зона", "mestopoloz": "ул. Арх. Йордан Миланов", "georef_201": "2017", "vid_txt_20": "Зона", "zabelezhka": null, "obekt": null, "dogovor_sr": null, "dogovor_nu": null, "type": null, "bezplatni_": null, "podzona_nu": "-", "sf_rayon": "-"}, "geometry": {"type": "MultiPoint", "coordinates": [[23.333316514, 42.678756983]]}}, {"type": "Feature", "properties": {"id": 16326, "objectid": 22787.0, "park_txt": "Надлъжн", "zona": "Зелена зона", "mestopoloz": "ул. Арх. Йордан Миланов", "georef_201": "2017", "vid_txt_20": "Зона", "zabelezhka": null, "obekt": null, "dogovor_sr": null, "dogovor_nu": null, "type": null, "bezplatni_": null, "podzona_nu": "-", "sf_rayon": "-"}, "geometry": {"type": "MultiPoint", "coordinates": [[23.333345518, 42.678697862]]}}, {"type": "Feature", "properties": {"id": 16327, "objectid": 22788.0, "park_txt": "Надлъжн", "zona": "Зелена зона", "mestopoloz": "ул. Арх. Йордан Миланов", "georef_201": "2017", "vid_txt_20": "Зона", "zabelezhka": null, "obekt": null, "dogovor_sr": null, "dogovor_nu": null, "type": null, "bezplatni_": null, "podzona_nu": "-", "sf_rayon": "-"}, "geometry": {"type": "MultiPoint", "coordinates": [[23.33337246, 42.678641513]]}}, {"type": "Feature", "properties": {"id": 16328, "objectid": 22789.0, "park_txt": "Надлъжн", "zona": "Зелена зона", "mestopoloz": "ул. Арх. Йордан Миланов", "georef_201": "2017", "vid_txt_20": "Зона", "zabelezhka": null, "obekt": null, "dogovor_sr": null, "dogovor_nu": null, "type": null, "bezplatni_": null, "podzona_nu": "-", "sf_rayon": "-"}, "geometry": {"type": "MultiPoint", "coordinates": [[23.333400486, 42.678582899]]}}, {"type": "Feature", "properties": {"id": 16329, "objectid": 22790.0, "park_txt": "Надлъжн", "zona": "Зелена зона", "mestopoloz": "ул. Арх. Йордан Миланов", "georef_201": "2017", "vid_txt_20": "Зона", "zabelezhka": null, "obekt": null, "dogovor_sr": null, "dogovor_nu": null, "type": null, "bezplatni_": null, "podzona_nu": "-", "sf_rayon": "-"}, "geometry": {"type": "MultiPoint", "coordinates": [[23.333427484, 42.678526434]]}}, {"type": "Feature", "properties": {"id": 16330, "objectid": 22791.0, "park_txt": "Надлъжн", "zona": "Зелена зона", "mestopoloz": "ул. Арх. Йордан Миланов", "georef_201": "2017", "vid_txt_20": "Зона", "zabelezhka": null, "obekt": null, "dogovor_sr": null, "dogovor_nu": null, "type": null, "bezplatni_": null, "podzona_nu": "-", "sf_rayon": "-"}, "geometry": {"type": "MultiPoint", "coordinates": [[23.333451106, 42.678477427]]}}, {"type": "Feature", "properties": {"id": 16351, "objectid": 22821.0, "park_txt": "Надлъжн", "zona": "Зелена зона", "mestopoloz": "бул. Христо Смирненски", "georef_201": "2017", "vid_txt_20": "Зона", "zabelezhka": null, "obekt": null, "dogovor_sr": null, "dogovor_nu": null, "type": null, "bezplatni_": null, "podzona_nu": "-", "sf_rayon": "-"}, "geometry": {"type": "MultiPoint", "coordinates": [[23.332066044, 42.678750068]]}}, {"type": "Feature", "properties": {"id": 16352, "objectid": 22822.0, "park_txt": "Надлъжн", "zona": "Зелена зона", "mestopoloz": "бул. Христо Смирненски", "georef_201": "2017", "vid_txt_20": "Зона", "zabelezhka": null, "obekt": null, "dogovor_sr": null, "dogovor_nu": null, "type": null, "bezplatni_": null, "podzona_nu": "-", "sf_rayon": "-"}, "geometry": {"type": "MultiPoint", "coordinates": [[23.332098517, 42.67870317]]}}, {"type": "Feature", "properties": {"id": 16353, "objectid": 22823.0, "park_txt": "Надлъжн", "zona": "Зелена зона", "mestopoloz": "бул. Христо Смирненски", "georef_201": "2017", "vid_txt_20": "Зона", "zabelezhka": null, "obekt": null, "dogovor_sr": null, "dogovor_nu": null, "type": null, "bezplatni_": null, "podzona_nu": "-", "sf_rayon": "-"}, "geometry": {"type": "MultiPoint", "coordinates": [[23.332133066, 42.678653278]]}}, {"type": "Feature", "properties": {"id": 16354, "objectid": 22824.0, "park_txt": "Надлъжн", "zona": "Зелена зона", "mestopoloz": "бул. Христо Смирненски", "georef_201": "2017", "vid_txt_20": "Зона", "zabelezhka": null, "obekt": null, "dogovor_sr": null, "dogovor_nu": null, "type": null, "bezplatni_": null, "podzona_nu": "-", "sf_rayon": "-"}, "geometry": {"type": "MultiPoint", "coordinates": [[23.332414002, 42.67824135]]}}, {"type": "Feature", "properties": {"id": 16355, "objectid": 22825.0, "park_txt": "Надлъжн", "zona": "Зелена зона", "mestopoloz": "бул. Христо Смирненски", "georef_201": "2017", "vid_txt_20": "Зона", "zabelezhka": null, "obekt": null, "dogovor_sr": null, "dogovor_nu": null, "type": null, "bezplatni_": null, "podzona_nu": "-", "sf_rayon": "-"}, "geometry": {"type": "MultiPoint", "coordinates": [[23.332379353, 42.678290551]]}}, {"type": "Feature", "properties": {"id": 16356, "objectid": 22826.0, "park_txt": "Надлъжн", "zona": "Зелена зона", "mestopoloz": "бул. Христо Смирненски", "georef_201": "2017", "vid_txt_20": "Зона", "zabelezhka": null, "obekt": null, "dogovor_sr": null, "dogovor_nu": null, "type": null, "bezplatni_": null, "podzona_nu": "-", "sf_rayon": "-"}, "geometry": {"type": "MultiPoint", "coordinates": [[23.332336764, 42.678358901]]}}, {"type": "Feature", "properties": {"id": 16357, "objectid": 22827.0, "park_txt": "Надлъжн", "zona": "Зелена зона", "mestopoloz": "бул. Христо Смирненски", "georef_201": "2017", "vid_txt_20": "Зона", "zabelezhka": null, "obekt": null, "dogovor_sr": null, "dogovor_nu": null, "type": null, "bezplatni_": null, "podzona_nu": "-", "sf_rayon": "-"}, "geometry": {"type": "MultiPoint", "coordinates": [[23.332273622, 42.678450165]]}}, {"type": "Feature", "properties": {"id": 16358, "objectid": 22828.0, "park_txt": "Надлъжн", "zona": "Зелена зона", "mestopoloz": "бул. Христо Смирненски", "georef_201": "2017", "vid_txt_20": "Зона", "zabelezhka": null, "obekt": null, "dogovor_sr": null, "dogovor_nu": null, "type": null, "bezplatni_": null, "podzona_nu": "-", "sf_rayon": "-"}, "geometry": {"type": "MultiPoint", "coordinates": [[23.332235999, 42.678504545]]}}, {"type": "Feature", "properties": {"id": 16359, "objectid": 22829.0, "park_txt": "Надлъжн", "zona": "Зелена зона", "mestopoloz": "бул. Христо Смирненски", "georef_201": "2017", "vid_txt_20": "Зона", "zabelezhka": null, "obekt": null, "dogovor_sr": null, "dogovor_nu": null, "type": null, "bezplatni_": null, "podzona_nu": "-", "sf_rayon": "-"}, "geometry": {"type": "MultiPoint", "coordinates": [[23.332198315, 42.678559011]]}}, {"type": "Feature", "properties": {"id": 16360, "objectid": 22830.0, "park_txt": "Надлъжн", "zona": "Зелена зона", "mestopoloz": "бул. Христо Смирненски", "georef_201": "2017", "vid_txt_20": "Зона", "zabelezhka": null, "obekt": null, "dogovor_sr": null, "dogovor_nu": null, "type": null, "bezplatni_": null, "podzona_nu": "-", "sf_rayon": "-"}, "geometry": {"type": "MultiPoint", "coordinates": [[23.332159846, 42.678775322]]}}, {"type": "Feature", "properties": {"id": 16361, "objectid": 22831.0, "park_txt": "Надлъжн", "zona": "Зелена зона", "mestopoloz": "бул. Христо Смирненски", "georef_201": "2017", "vid_txt_20": "Зона", "zabelezhka": null, "obekt": null, "dogovor_sr": null, "dogovor_nu": null, "type": null, "bezplatni_": null, "podzona_nu": "-", "sf_rayon": "-"}, "geometry": {"type": "MultiPoint", "coordinates": [[23.332191054, 42.67872842]]}}, {"type": "Feature", "properties": {"id": 16362, "objectid": 22832.0, "park_txt": "Надлъжн", "zona": "Зелена зона", "mestopoloz": "бул. Христо Смирненски", "georef_201": "2017", "vid_txt_20": "Зона", "zabelezhka": null, "obekt": null, "dogovor_sr": null, "dogovor_nu": null, "type": null, "bezplatni_": null, "podzona_nu": "-", "sf_rayon": "-"}, "geometry": {"type": "MultiPoint", "coordinates": [[23.332222295, 42.678681468]]}}, {"type": "Feature", "properties": {"id": 16363, "objectid": 22833.0, "park_txt": "Надлъжн", "zona": "Зелена зона", "mestopoloz": "бул. Христо Смирненски", "georef_201": "2017", "vid_txt_20": "Зона", "zabelezhka": null, "obekt": null, "dogovor_sr": null, "dogovor_nu": null, "type": null, "bezplatni_": null, "podzona_nu": "-", "sf_rayon": "-"}, "geometry": {"type": "MultiPoint", "coordinates": [[23.332278548, 42.678599336]]}}, {"type": "Feature", "properties": {"id": 16364, "objectid": 22834.0, "park_txt": "Надлъжн", "zona": "Зелена зона", "mestopoloz": "бул. Христо Смирненски", "georef_201": "2017", "vid_txt_20": "Зона", "zabelezhka": null, "obekt": null, "dogovor_sr": null, "dogovor_nu": null, "type": null, "bezplatni_": null, "podzona_nu": "-", "sf_rayon": "-"}, "geometry": {"type": "MultiPoint", "coordinates": [[23.332309107, 42.678554848]]}}, {"type": "Feature", "properties": {"id": 16365, "objectid": 22835.0, "park_txt": "Надлъжн", "zona": "Зелена зона", "mestopoloz": "бул. Христо Смирненски", "georef_201": "2017", "vid_txt_20": "Зона", "zabelezhka": null, "obekt": null, "dogovor_sr": null, "dogovor_nu": null, "type": null, "bezplatni_": null, "podzona_nu": "-", "sf_rayon": "-"}, "geometry": {"type": "MultiPoint", "coordinates": [[23.332440208, 42.67836399]]}}, {"type": "Feature", "properties": {"id": 16366, "objectid": 22836.0, "park_txt": "Надлъжн", "zona": "Зелена зона", "mestopoloz": "бул. Христо Смирненски", "georef_201": "2017", "vid_txt_20": "Зона", "zabelezhka": null, "obekt": null, "dogovor_sr": null, "dogovor_nu": null, "type": null, "bezplatni_": null, "podzona_nu": "-", "sf_rayon": "-"}, "geometry": {"type": "MultiPoint", "coordinates": [[23.332408541, 42.678410092]]}}, {"type": "Feature", "properties": {"id": 16922, "objectid": 23461.0, "park_txt": "Надлъжн", "zona": "Зелена зона", "mestopoloz": "ул. Св. Теодосий Търновски", "georef_201": "2017", "vid_txt_20": "Зона", "zabelezhka": null, "obekt": null, "dogovor_sr": null, "dogovor_nu": null, "type": null, "bezplatni_": null, "podzona_nu": "-", "sf_rayon": "-"}, "geometry": {"type": "MultiPoint", "coordinates": [[23.325097116, 42.678763971]]}}, {"type": "Feature", "properties": {"id": 16923, "objectid": 23462.0, "park_txt": "Надлъжн", "zona": "Зелена зона", "mestopoloz": "ул. Св. Теодосий Търновски", "georef_201": "2017", "vid_txt_20": "Зона", "zabelezhka": null, "obekt": null, "dogovor_sr": null, "dogovor_nu": null, "type": null, "bezplatni_": null, "podzona_nu": "-", "sf_rayon": "-"}, "geometry": {"type": "MultiPoint", "coordinates": [[23.325101003, 42.678714336]]}}, {"type": "Feature", "properties": {"id": 16924, "objectid": 23463.0, "park_txt": "Надлъжн", "zona": "Зелена зона", "mestopoloz": "ул. Св. Теодосий Търновски", "georef_201": "2017", "vid_txt_20": "Зона", "zabelezhka": null, "obekt": null, "dogovor_sr": null, "dogovor_nu": null, "type": null, "bezplatni_": null, "podzona_nu": "-", "sf_rayon": "-"}, "geometry": {"type": "MultiPoint", "coordinates": [[23.325106585, 42.678647899]]}}, {"type": "Feature", "properties": {"id": 16925, "objectid": 23464.0, "park_txt": "Надлъжн", "zona": "Зелена зона", "mestopoloz": "ул. Св. Теодосий Търновски", "georef_201": "2017", "vid_txt_20": "Зона", "zabelezhka": null, "obekt": null, "dogovor_sr": null, "dogovor_nu": null, "type": null, "bezplatni_": null, "podzona_nu": "-", "sf_rayon": "-"}, "geometry": {"type": "MultiPoint", "coordinates": [[23.32511058, 42.678597941]]}}, {"type": "Feature", "properties": {"id": 16926, "objectid": 23465.0, "park_txt": "Надлъжн", "zona": "Зелена зона", "mestopoloz": "ул. Св. Теодосий Търновски", "georef_201": "2017", "vid_txt_20": "Зона", "zabelezhka": null, "obekt": null, "dogovor_sr": null, "dogovor_nu": null, "type": null, "bezplatni_": null, "podzona_nu": "-", "sf_rayon": "-"}, "geometry": {"type": "MultiPoint", "coordinates": [[23.325114822, 42.67854809]]}}, {"type": "Feature", "properties": {"id": 16927, "objectid": 23466.0, "park_txt": "Надлъжн", "zona": "Зелена зона", "mestopoloz": "ул. Св. Теодосий Търновски", "georef_201": "2017", "vid_txt_20": "Зона", "zabelezhka": null, "obekt": null, "dogovor_sr": null, "dogovor_nu": null, "type": null, "bezplatni_": null, "podzona_nu": "-", "sf_rayon": "-"}, "geometry": {"type": "MultiPoint", "coordinates": [[23.325120497, 42.678482864]]}}, {"type": "Feature", "properties": {"id": 16928, "objectid": 23467.0, "park_txt": "Надлъжн", "zona": "Зелена зона", "mestopoloz": "ул. Св. Теодосий Търновски", "georef_201": "2017", "vid_txt_20": "Зона", "zabelezhka": null, "obekt": null, "dogovor_sr": null, "dogovor_nu": null, "type": null, "bezplatni_": null, "podzona_nu": "-", "sf_rayon": "-"}, "geometry": {"type": "MultiPoint", "coordinates": [[23.325124424, 42.678436701]]}}, {"type": "Feature", "properties": {"id": 16929, "objectid": 23468.0, "park_txt": "Надлъжн", "zona": "Зелена зона", "mestopoloz": "ул. Св. Теодосий Търновски", "georef_201": "2017", "vid_txt_20": "Зона", "zabelezhka": null, "obekt": null, "dogovor_sr": null, "dogovor_nu": null, "type": null, "bezplatni_": null, "podzona_nu": "-", "sf_rayon": "-"}, "geometry": {"type": "MultiPoint", "coordinates": [[23.325128599, 42.67838763]]}}, {"type": "Feature", "properties": {"id": 16936, "objectid": 23475.0, "park_txt": "Надлъжн", "zona": "Зелена зона", "mestopoloz": "ул. Кръстю Сарафов", "georef_201": "2017", "vid_txt_20": "Зона", "zabelezhka": null, "obekt": null, "dogovor_sr": null, "dogovor_nu": null, "type": null, "bezplatni_": null, "podzona_nu": "-", "sf_rayon": "-"}, "geometry": {"type": "MultiPoint", "coordinates": [[23.32568883, 42.678837175]]}}, {"type": "Feature", "properties": {"id": 16937, "objectid": 23476.0, "park_txt": "Надлъжн", "zona": "Зелена зона", "mestopoloz": "ул. Кръстю Сарафов", "georef_201": "2017", "vid_txt_20": "Зона", "zabelezhka": null, "obekt": null, "dogovor_sr": null, "dogovor_nu": null, "type": null, "bezplatni_": null, "podzona_nu": "-", "sf_rayon": "-"}, "geometry": {"type": "MultiPoint", "coordinates": [[23.325828157, 42.678812791]]}}, {"type": "Feature", "properties": {"id": 16938, "objectid": 23477.0, "park_txt": "Надлъжн", "zona": "Зелена зона", "mestopoloz": "ул. Кръстю Сарафов", "georef_201": "2017", "vid_txt_20": "Зона", "zabelezhka": null, "obekt": null, "dogovor_sr": null, "dogovor_nu": null, "type": null, "bezplatni_": null, "podzona_nu": "-", "sf_rayon": "-"}, "geometry": {"type": "MultiPoint", "coordinates": [[23.325970565, 42.678787926]]}}, {"type": "Feature", "properties": {"id": 16939, "objectid": 23478.0, "park_txt": "Надлъжн", "zona": "Зелена зона", "mestopoloz": "ул. Кръстю Сарафов", "georef_201": "2017", "vid_txt_20": "Зона", "zabelezhka": null, "obekt": null, "dogovor_sr": null, "dogovor_nu": null, "type": null, "bezplatni_": null, "podzona_nu": "-", "sf_rayon": "-"}, "geometry": {"type": "MultiPoint", "coordinates": [[23.326045916, 42.678774825]]}}, {"type": "Feature", "properties": {"id": 16940, "objectid": 23479.0, "park_txt": "Надлъжн", "zona": "Зелена зона", "mestopoloz": "ул. Кръстю Сарафов", "georef_201": "2017", "vid_txt_20": "Зона", "zabelezhka": null, "obekt": null, "dogovor_sr": null, "dogovor_nu": null, "type": null, "bezplatni_": null, "podzona_nu": "-", "sf_rayon": "-"}, "geometry": {"type": "MultiPoint", "coordinates": [[23.326125617, 42.678760966]]}}, {"type": "Feature", "properties": {"id": 16941, "objectid": 23480.0, "park_txt": "Надлъжн", "zona": "Зелена зона", "mestopoloz": "ул. Кръстю Сарафов", "georef_201": "2017", "vid_txt_20": "Зона", "zabelezhka": null, "obekt": null, "dogovor_sr": null, "dogovor_nu": null, "type": null, "bezplatni_": null, "podzona_nu": "-", "sf_rayon": "-"}, "geometry": {"type": "MultiPoint", "coordinates": [[23.326211308, 42.678746067]]}}, {"type": "Feature", "properties": {"id": 16942, "objectid": 23481.0, "park_txt": "Надлъжн", "zona": "Зелена зона", "mestopoloz": "ул. Кръстю Сарафов", "georef_201": "2017", "vid_txt_20": "ПИМ", "zabelezhka": "-", "obekt": "-", "dogovor_sr": "-", "dogovor_nu": "-", "type": "-", "bezplatni_": "-", "podzona_nu": "-", "sf_rayon": "-"}, "geometry": {"type": "MultiPoint", "coordinates": [[23.327170448, 42.678614835]]}}, {"type": "Feature", "properties": {"id": 16943, "objectid": 23482.0, "park_txt": "Надлъжн", "zona": "Зелена зона", "mestopoloz": "ул. Кръстю Сарафов", "georef_201": "2017", "vid_txt_20": "Зона", "zabelezhka": null, "obekt": null, "dogovor_sr": null, "dogovor_nu": null, "type": null, "bezplatni_": null, "podzona_nu": "-", "sf_rayon": "-"}, "geometry": {"type": "MultiPoint", "coordinates": [[23.327091721, 42.678624119]]}}, {"type": "Feature", "properties": {"id": 16944, "objectid": 23483.0, "park_txt": "Надлъжн", "zona": "Зелена зона", "mestopoloz": "ул. Кръстю Сарафов", "georef_201": "2017", "vid_txt_20": "Зона", "zabelezhka": null, "obekt": null, "dogovor_sr": null, "dogovor_nu": null, "type": null, "bezplatni_": null, "podzona_nu": "-", "sf_rayon": "-"}, "geometry": {"type": "MultiPoint", "coordinates": [[23.327014903, 42.678632905]]}}, {"type": "Feature", "properties": {"id": 16945, "objectid": 23484.0, "park_txt": "Надлъжн", "zona": "Зелена зона", "mestopoloz": "ул. Кръстю Сарафов", "georef_201": "2017", "vid_txt_20": "Зона", "zabelezhka": null, "obekt": null, "dogovor_sr": null, "dogovor_nu": null, "type": null, "bezplatni_": null, "podzona_nu": "-", "sf_rayon": "-"}, "geometry": {"type": "MultiPoint", "coordinates": [[23.326934784, 42.678642068]]}}, {"type": "Feature", "properties": {"id": 16946, "objectid": 23485.0, "park_txt": "Надлъжн", "zona": "Зелена зона", "mestopoloz": "ул. Кръстю Сарафов", "georef_201": "2017", "vid_txt_20": "Зона", "zabelezhka": null, "obekt": null, "dogovor_sr": null, "dogovor_nu": null, "type": null, "bezplatni_": null, "podzona_nu": "-", "sf_rayon": "-"}, "geometry": {"type": "MultiPoint", "coordinates": [[23.326853465, 42.678651368]]}}, {"type": "Feature", "properties": {"id": 16947, "objectid": 23486.0, "park_txt": "Надлъжн", "zona": "Зелена зона", "mestopoloz": "ул. Кръстю Сарафов", "georef_201": "2017", "vid_txt_20": "Зона", "zabelezhka": null, "obekt": null, "dogovor_sr": null, "dogovor_nu": null, "type": null, "bezplatni_": null, "podzona_nu": "-", "sf_rayon": "-"}, "geometry": {"type": "MultiPoint", "coordinates": [[23.326774546, 42.678660394]]}}, {"type": "Feature", "properties": {"id": 16948, "objectid": 23487.0, "park_txt": "Надлъжн", "zona": "Зелена зона", "mestopoloz": "ул. Кръстю Сарафов", "georef_201": "2017", "vid_txt_20": "Зона", "zabelezhka": null, "obekt": null, "dogovor_sr": null, "dogovor_nu": null, "type": null, "bezplatni_": null, "podzona_nu": "-", "sf_rayon": "-"}, "geometry": {"type": "MultiPoint", "coordinates": [[23.326331362, 42.678725193]]}}, {"type": "Feature", "properties": {"id": 16949, "objectid": 23488.0, "park_txt": "Надлъжн", "zona": "Зелена зона", "mestopoloz": "ул. Кръстю Сарафов", "georef_201": "2017", "vid_txt_20": "Зона", "zabelezhka": null, "obekt": null, "dogovor_sr": null, "dogovor_nu": null, "type": null, "bezplatni_": null, "podzona_nu": "-", "sf_rayon": "-"}, "geometry": {"type": "MultiPoint", "coordinates": [[23.326405813, 42.678711863]]}}, {"type": "Feature", "properties": {"id": 16950, "objectid": 23489.0, "park_txt": "Надлъжн", "zona": "Зелена зона", "mestopoloz": "ул. Кръстю Сарафов", "georef_201": "2017", "vid_txt_20": "Зона", "zabelezhka": null, "obekt": null, "dogovor_sr": null, "dogovor_nu": null, "type": null, "bezplatni_": null, "podzona_nu": "-", "sf_rayon": "-"}, "geometry": {"type": "MultiPoint", "coordinates": [[23.326539172, 42.678687313]]}}, {"type": "Feature", "properties": {"id": 16951, "objectid": 23490.0, "park_txt": "Надлъжн", "zona": "Зелена зона", "mestopoloz": "ул. Кръстю Сарафов", "georef_201": "2017", "vid_txt_20": "Зона", "zabelezhka": null, "obekt": null, "dogovor_sr": null, "dogovor_nu": null, "type": null, "bezplatni_": null, "podzona_nu": "-", "sf_rayon": "-"}, "geometry": {"type": "MultiPoint", "coordinates": [[23.326618208, 42.678678274]]}}, {"type": "Feature", "properties": {"id": 16952, "objectid": 23491.0, "park_txt": "Надлъжн", "zona": "Зелена зона", "mestopoloz": "ул. Кръстю Сарафов", "georef_201": "2017", "vid_txt_20": "Зона", "zabelezhka": null, "obekt": null, "dogovor_sr": null, "dogovor_nu": null, "type": null, "bezplatni_": null, "podzona_nu": "-", "sf_rayon": "-"}, "geometry": {"type": "MultiPoint", "coordinates": [[23.327867893, 42.678617505]]}}, {"type": "Feature", "properties": {"id": 16953, "objectid": 23492.0, "park_txt": "Надлъжн", "zona": "Зелена зона", "mestopoloz": "ул. Кръстю Сарафов", "georef_201": "2017", "vid_txt_20": "Зона", "zabelezhka": null, "obekt": null, "dogovor_sr": null, "dogovor_nu": null, "type": null, "bezplatni_": null, "podzona_nu": "-", "sf_rayon": "-"}, "geometry": {"type": "MultiPoint", "coordinates": [[23.328086082, 42.678674766]]}}, {"type": "Feature", "properties": {"id": 16954, "objectid": 23493.0, "park_txt": "Надлъжн", "zona": "Зелена зона", "mestopoloz": "ул. Кръстю Сарафов", "georef_201": "2017", "vid_txt_20": "Зона", "zabelezhka": null, "obekt": null, "dogovor_sr": null, "dogovor_nu": null, "type": null, "bezplatni_": null, "podzona_nu": "-", "sf_rayon": "-"}, "geometry": {"type": "MultiPoint", "coordinates": [[23.328157262, 42.678693445]]}}, {"type": "Feature", "properties": {"id": 16955, "objectid": 23494.0, "park_txt": "Надлъжн", "zona": "Зелена зона", "mestopoloz": "ул. Кръстю Сарафов", "georef_201": "2017", "vid_txt_20": "Зона", "zabelezhka": null, "obekt": null, "dogovor_sr": null, "dogovor_nu": null, "type": null, "bezplatni_": null, "podzona_nu": "-", "sf_rayon": "-"}, "geometry": {"type": "MultiPoint", "coordinates": [[23.32822977, 42.678712474]]}}, {"type": "Feature", "properties": {"id": 16968, "objectid": 23507.0, "park_txt": "Надлъжн", "zona": "Зелена зона", "mestopoloz": "ул. Йоан Екзарх", "georef_201": "2017", "vid_txt_20": "Зона", "zabelezhka": null, "obekt": null, "dogovor_sr": null, "dogovor_nu": null, "type": null, "bezplatni_": null, "podzona_nu": "-", "sf_rayon": "-"}, "geometry": {"type": "MultiPoint", "coordinates": [[23.325458248, 42.677364802]]}}, {"type": "Feature", "properties": {"id": 16969, "objectid": 23508.0, "park_txt": "Надлъжн", "zona": "Зелена зона", "mestopoloz": "ул. Йоан Екзарх", "georef_201": "2017", "vid_txt_20": "Зона", "zabelezhka": null, "obekt": null, "dogovor_sr": null, "dogovor_nu": null, "type": null, "bezplatni_": null, "podzona_nu": "-", "sf_rayon": "-"}, "geometry": {"type": "MultiPoint", "coordinates": [[23.325531601, 42.677363475]]}}, {"type": "Feature", "properties": {"id": 16970, "objectid": 23525.0, "park_txt": "Надлъжн", "zona": "Зелена зона", "mestopoloz": "ул. Йоан Екзарх", "georef_201": "2017", "vid_txt_20": "Зона", "zabelezhka": null, "obekt": null, "dogovor_sr": null, "dogovor_nu": null, "type": null, "bezplatni_": null, "podzona_nu": "-", "sf_rayon": "-"}, "geometry": {"type": "MultiPoint", "coordinates": [[23.325605072, 42.677362128]]}}, {"type": "Feature", "properties": {"id": 16971, "objectid": 23526.0, "park_txt": "Надлъжн", "zona": "Зелена зона", "mestopoloz": "ул. Йоан Екзарх", "georef_201": "2017", "vid_txt_20": "Зона", "zabelezhka": null, "obekt": null, "dogovor_sr": null, "dogovor_nu": null, "type": null, "bezplatni_": null, "podzona_nu": "-", "sf_rayon": "-"}, "geometry": {"type": "MultiPoint", "coordinates": [[23.325678425, 42.677360802]]}}, {"type": "Feature", "properties": {"id": 16972, "objectid": 23527.0, "park_txt": "Надлъжн", "zona": "Зелена зона", "mestopoloz": "ул. Йоан Екзарх", "georef_201": "2017", "vid_txt_20": "Зона", "zabelezhka": null, "obekt": null, "dogovor_sr": null, "dogovor_nu": null, "type": null, "bezplatni_": null, "podzona_nu": "-", "sf_rayon": "-"}, "geometry": {"type": "MultiPoint", "coordinates": [[23.32575106, 42.677359505]]}}, {"type": "Feature", "properties": {"id": 16973, "objectid": 23528.0, "park_txt": "Надлъжн", "zona": "Зелена зона", "mestopoloz": "ул. Йоан Екзарх", "georef_201": "2017", "vid_txt_20": "Зона", "zabelezhka": null, "obekt": null, "dogovor_sr": null, "dogovor_nu": null, "type": null, "bezplatni_": null, "podzona_nu": "-", "sf_rayon": "-"}, "geometry": {"type": "MultiPoint", "coordinates": [[23.325824432, 42.677358177]]}}, {"type": "Feature", "properties": {"id": 16974, "objectid": 23529.0, "park_txt": "Надлъжн", "zona": "Зелена зона", "mestopoloz": "ул. Йоан Екзарх", "georef_201": "2017", "vid_txt_20": "Зона", "zabelezhka": null, "obekt": null, "dogovor_sr": null, "dogovor_nu": null, "type": null, "bezplatni_": null, "podzona_nu": "-", "sf_rayon": "-"}, "geometry": {"type": "MultiPoint", "coordinates": [[23.325897902, 42.677356822]]}}, {"type": "Feature", "properties": {"id": 16975, "objectid": 23530.0, "park_txt": "Надлъжн", "zona": "Зелена зона", "mestopoloz": "ул. Йоан Екзарх", "georef_201": "2017", "vid_txt_20": "Зона", "zabelezhka": null, "obekt": null, "dogovor_sr": null, "dogovor_nu": null, "type": null, "bezplatni_": null, "podzona_nu": "-", "sf_rayon": "-"}, "geometry": {"type": "MultiPoint", "coordinates": [[23.32597119, 42.67735546]]}}, {"type": "Feature", "properties": {"id": 16976, "objectid": 23531.0, "park_txt": "Надлъжн", "zona": "Зелена зона", "mestopoloz": "ул. Йоан Екзарх", "georef_201": "2017", "vid_txt_20": "Зона", "zabelezhka": null, "obekt": null, "dogovor_sr": null, "dogovor_nu": null, "type": null, "bezplatni_": null, "podzona_nu": "-", "sf_rayon": "-"}, "geometry": {"type": "MultiPoint", "coordinates": [[23.326040716, 42.677354073]]}}, {"type": "Feature", "properties": {"id": 16977, "objectid": 23532.0, "park_txt": "Надлъжн", "zona": "Зелена зона", "mestopoloz": "ул. Йоан Екзарх", "georef_201": "2017", "vid_txt_20": "Зона", "zabelezhka": null, "obekt": null, "dogovor_sr": null, "dogovor_nu": null, "type": null, "bezplatni_": null, "podzona_nu": "-", "sf_rayon": "-"}, "geometry": {"type": "MultiPoint", "coordinates": [[23.326114069, 42.677352746]]}}, {"type": "Feature", "properties": {"id": 16978, "objectid": 23533.0, "park_txt": "Надлъжн", "zona": "Зелена зона", "mestopoloz": "ул. Йоан Екзарх", "georef_201": "2017", "vid_txt_20": "Зона", "zabelezhka": null, "obekt": null, "dogovor_sr": null, "dogovor_nu": null, "type": null, "bezplatni_": null, "podzona_nu": "-", "sf_rayon": "-"}, "geometry": {"type": "MultiPoint", "coordinates": [[23.326187539, 42.677351399]]}}, {"type": "Feature", "properties": {"id": 16979, "objectid": 23534.0, "park_txt": "Надлъжн", "zona": "Зелена зона", "mestopoloz": "ул. Йоан Екзарх", "georef_201": "2017", "vid_txt_20": "Зона", "zabelezhka": null, "obekt": null, "dogovor_sr": null, "dogovor_nu": null, "type": null, "bezplatni_": null, "podzona_nu": "-", "sf_rayon": "-"}, "geometry": {"type": "MultiPoint", "coordinates": [[23.326260893, 42.677350072]]}}, {"type": "Feature", "properties": {"id": 16980, "objectid": 23535.0, "park_txt": "Надлъжн", "zona": "Зелена зона", "mestopoloz": "ул. Йоан Екзарх", "georef_201": "2017", "vid_txt_20": "Зона", "zabelezhka": null, "obekt": null, "dogovor_sr": null, "dogovor_nu": null, "type": null, "bezplatni_": null, "podzona_nu": "-", "sf_rayon": "-"}, "geometry": {"type": "MultiPoint", "coordinates": [[23.326333528, 42.677348775]]}}, {"type": "Feature", "properties": {"id": 16981, "objectid": 23536.0, "park_txt": "Надлъжн", "zona": "Зелена зона", "mestopoloz": "ул. Йоан Екзарх", "georef_201": "2017", "vid_txt_20": "Зона", "zabelezhka": null, "obekt": null, "dogovor_sr": null, "dogovor_nu": null, "type": null, "bezplatni_": null, "podzona_nu": "-", "sf_rayon": "-"}, "geometry": {"type": "MultiPoint", "coordinates": [[23.3264069, 42.677347447]]}}, {"type": "Feature", "properties": {"id": 16982, "objectid": 23537.0, "park_txt": "Надлъжн", "zona": "Зелена зона", "mestopoloz": "ул. Йоан Екзарх", "georef_201": "2017", "vid_txt_20": "Зона", "zabelezhka": null, "obekt": null, "dogovor_sr": null, "dogovor_nu": null, "type": null, "bezplatni_": null, "podzona_nu": "-", "sf_rayon": "-"}, "geometry": {"type": "MultiPoint", "coordinates": [[23.32648037, 42.677346091]]}}, {"type": "Feature", "properties": {"id": 16983, "objectid": 23538.0, "park_txt": "Надлъжн", "zona": "Зелена зона", "mestopoloz": "ул. Йоан Екзарх", "georef_201": "2017", "vid_txt_20": "Зона", "zabelezhka": null, "obekt": null, "dogovor_sr": null, "dogovor_nu": null, "type": null, "bezplatni_": null, "podzona_nu": "-", "sf_rayon": "-"}, "geometry": {"type": "MultiPoint", "coordinates": [[23.326553658, 42.677344728]]}}, {"type": "Feature", "properties": {"id": 16984, "objectid": 23539.0, "park_txt": "Надлъжн", "zona": "Зелена зона", "mestopoloz": "ул. Йоан Екзарх", "georef_201": "2017", "vid_txt_20": "Зона", "zabelezhka": null, "obekt": null, "dogovor_sr": null, "dogovor_nu": null, "type": null, "bezplatni_": null, "podzona_nu": "-", "sf_rayon": "-"}, "geometry": {"type": "MultiPoint", "coordinates": [[23.326622125, 42.677343361]]}}, {"type": "Feature", "properties": {"id": 16985, "objectid": 23540.0, "park_txt": "Надлъжн", "zona": "Зелена зона", "mestopoloz": "ул. Йоан Екзарх", "georef_201": "2017", "vid_txt_20": "Зона", "zabelezhka": null, "obekt": null, "dogovor_sr": null, "dogovor_nu": null, "type": null, "bezplatni_": null, "podzona_nu": "-", "sf_rayon": "-"}, "geometry": {"type": "MultiPoint", "coordinates": [[23.326695414, 42.677341999]]}}, {"type": "Feature", "properties": {"id": 16986, "objectid": 23541.0, "park_txt": "Напречн", "zona": "Зелена зона", "mestopoloz": "ул. Йоан Екзарх", "georef_201": "2017", "vid_txt_20": "Зона", "zabelezhka": null, "obekt": null, "dogovor_sr": null, "dogovor_nu": null, "type": null, "bezplatni_": null, "podzona_nu": "-", "sf_rayon": "-"}, "geometry": {"type": "MultiPoint", "coordinates": [[23.32531603, 42.677328017]]}}, {"type": "Feature", "properties": {"id": 16987, "objectid": 23542.0, "park_txt": "Напречн", "zona": "Зелена зона", "mestopoloz": "ул. Йоан Екзарх", "georef_201": "2017", "vid_txt_20": "Зона", "zabelezhka": null, "obekt": null, "dogovor_sr": null, "dogovor_nu": null, "type": null, "bezplatni_": null, "podzona_nu": "-", "sf_rayon": "-"}, "geometry": {"type": "MultiPoint", "coordinates": [[23.325278941, 42.677325299]]}}, {"type": "Feature", "properties": {"id": 16988, "objectid": 23543.0, "park_txt": "Напречн", "zona": "Зелена зона", "mestopoloz": "ул. Йоан Екзарх", "georef_201": "2017", "vid_txt_20": "Зона", "zabelezhka": null, "obekt": null, "dogovor_sr": null, "dogovor_nu": null, "type": null, "bezplatni_": null, "podzona_nu": "-", "sf_rayon": "-"}, "geometry": {"type": "MultiPoint", "coordinates": [[23.325245949, 42.677322881]]}}, {"type": "Feature", "properties": {"id": 16998, "objectid": 23553.0, "park_txt": "Надлъжн", "zona": "Зелена зона", "mestopoloz": "ул. Йоан Екзарх", "georef_201": "2017", "vid_txt_20": "Зона", "zabelezhka": null, "obekt": null, "dogovor_sr": null, "dogovor_nu": null, "type": null, "bezplatni_": null, "podzona_nu": "-", "sf_rayon": "-"}, "geometry": {"type": "MultiPoint", "coordinates": [[23.324495185, 42.677288548]]}}, {"type": "Feature", "properties": {"id": 16999, "objectid": 23554.0, "park_txt": "Надлъжн", "zona": "Зелена зона", "mestopoloz": "ул. Йоан Екзарх", "georef_201": "2017", "vid_txt_20": "Зона", "zabelezhka": null, "obekt": null, "dogovor_sr": null, "dogovor_nu": null, "type": null, "bezplatni_": null, "podzona_nu": "-", "sf_rayon": "-"}, "geometry": {"type": "MultiPoint", "coordinates": [[23.325006558, 42.677277903]]}}, {"type": "Feature", "properties": {"id": 17000, "objectid": 23555.0, "park_txt": "Надлъжн", "zona": "Зелена зона", "mestopoloz": "ул. Йоан Екзарх", "georef_201": "2017", "vid_txt_20": "Зона", "zabelezhka": null, "obekt": null, "dogovor_sr": null, "dogovor_nu": null, "type": null, "bezplatni_": null, "podzona_nu": "-", "sf_rayon": "-"}, "geometry": {"type": "MultiPoint", "coordinates": [[23.324928729, 42.67727936]]}}, {"type": "Feature", "properties": {"id": 17001, "objectid": 23556.0, "park_txt": "Надлъжн", "zona": "Зелена зона", "mestopoloz": "ул. Йоан Екзарх", "georef_201": "2017", "vid_txt_20": "Зона", "zabelezhka": null, "obekt": null, "dogovor_sr": null, "dogovor_nu": null, "type": null, "bezplatni_": null, "podzona_nu": "-", "sf_rayon": "-"}, "geometry": {"type": "MultiPoint", "coordinates": [[23.324844999, 42.677280926]]}}, {"type": "Feature", "properties": {"id": 17002, "objectid": 23557.0, "park_txt": "Надлъжн", "zona": "Зелена зона", "mestopoloz": "ул. Йоан Екзарх", "georef_201": "2017", "vid_txt_20": "Зона", "zabelezhka": null, "obekt": null, "dogovor_sr": null, "dogovor_nu": null, "type": null, "bezplatni_": null, "podzona_nu": "-", "sf_rayon": "-"}, "geometry": {"type": "MultiPoint", "coordinates": [[23.324759539, 42.677282525]]}}, {"type": "Feature", "properties": {"id": 17103, "objectid": 23658.0, "park_txt": "Надлъжн", "zona": "Зелена зона", "mestopoloz": "ул. Кръстю Сарафов", "georef_201": "2017", "vid_txt_20": "Зона", "zabelezhka": null, "obekt": null, "dogovor_sr": null, "dogovor_nu": null, "type": null, "bezplatni_": null, "podzona_nu": "-", "sf_rayon": "-"}, "geometry": {"type": "MultiPoint", "coordinates": [[23.328350445, 42.678744808]]}}, {"type": "Feature", "properties": {"id": 17104, "objectid": 23659.0, "park_txt": "Надлъжн", "zona": "Зелена зона", "mestopoloz": "ул. Кръстю Сарафов", "georef_201": "2017", "vid_txt_20": "Зона", "zabelezhka": null, "obekt": null, "dogovor_sr": null, "dogovor_nu": null, "type": null, "bezplatni_": null, "podzona_nu": "-", "sf_rayon": "-"}, "geometry": {"type": "MultiPoint", "coordinates": [[23.328421626, 42.678763487]]}}, {"type": "Feature", "properties": {"id": 17105, "objectid": 23660.0, "park_txt": "Надлъжн", "zona": "Зелена зона", "mestopoloz": "ул. Кръстю Сарафов", "georef_201": "2017", "vid_txt_20": "Зона", "zabelezhka": null, "obekt": null, "dogovor_sr": null, "dogovor_nu": null, "type": null, "bezplatni_": null, "podzona_nu": "-", "sf_rayon": "-"}, "geometry": {"type": "MultiPoint", "coordinates": [[23.32855064, 42.678799388]]}}, {"type": "Feature", "properties": {"id": 17113, "objectid": 23668.0, "park_txt": "Надлъжн", "zona": "Зелена зона", "mestopoloz": "ул. Света гора", "georef_201": "2017", "vid_txt_20": "Зона", "zabelezhka": null, "obekt": null, "dogovor_sr": null, "dogovor_nu": null, "type": null, "bezplatni_": null, "podzona_nu": "-", "sf_rayon": "-"}, "geometry": {"type": "MultiPoint", "coordinates": [[23.329300317, 42.67882735]]}}, {"type": "Feature", "properties": {"id": 17114, "objectid": 23669.0, "park_txt": "Надлъжн", "zona": "Зелена зона", "mestopoloz": "ул. Света гора", "georef_201": "2017", "vid_txt_20": "Зона", "zabelezhka": null, "obekt": null, "dogovor_sr": null, "dogovor_nu": null, "type": null, "bezplatni_": null, "podzona_nu": "-", "sf_rayon": "-"}, "geometry": {"type": "MultiPoint", "coordinates": [[23.329325793, 42.678771443]]}}, {"type": "Feature", "properties": {"id": 17115, "objectid": 23670.0, "park_txt": "Надлъжн", "zona": "Зелена зона", "mestopoloz": "ул. Света гора", "georef_201": "2017", "vid_txt_20": "Зона", "zabelezhka": null, "obekt": null, "dogovor_sr": null, "dogovor_nu": null, "type": null, "bezplatni_": null, "podzona_nu": "-", "sf_rayon": "-"}, "geometry": {"type": "MultiPoint", "coordinates": [[23.329350928, 42.678716285]]}}, {"type": "Feature", "properties": {"id": 17116, "objectid": 23671.0, "park_txt": "Надлъжн", "zona": "Зелена зона", "mestopoloz": "ул. Света гора", "georef_201": "2017", "vid_txt_20": "Зона", "zabelezhka": null, "obekt": null, "dogovor_sr": null, "dogovor_nu": null, "type": null, "bezplatni_": null, "podzona_nu": "-", "sf_rayon": "-"}, "geometry": {"type": "MultiPoint", "coordinates": [[23.329530032, 42.678321997]]}}, {"type": "Feature", "properties": {"id": 17117, "objectid": 23672.0, "park_txt": "Надлъжн", "zona": "Зелена зона", "mestopoloz": "ул. Света гора", "georef_201": "2017", "vid_txt_20": "Зона", "zabelezhka": null, "obekt": null, "dogovor_sr": null, "dogovor_nu": null, "type": null, "bezplatni_": null, "podzona_nu": "-", "sf_rayon": "-"}, "geometry": {"type": "MultiPoint", "coordinates": [[23.329506083, 42.678374968]]}}, {"type": "Feature", "properties": {"id": 17118, "objectid": 23673.0, "park_txt": "Надлъжн", "zona": "Зелена зона", "mestopoloz": "ул. Света гора", "georef_201": "2017", "vid_txt_20": "Зона", "zabelezhka": null, "obekt": null, "dogovor_sr": null, "dogovor_nu": null, "type": null, "bezplatni_": null, "podzona_nu": "-", "sf_rayon": "-"}, "geometry": {"type": "MultiPoint", "coordinates": [[23.329478992, 42.678434885]]}}, {"type": "Feature", "properties": {"id": 17119, "objectid": 23674.0, "park_txt": "Надлъжн", "zona": "Зелена зона", "mestopoloz": "ул. Света гора", "georef_201": "2017", "vid_txt_20": "Зона", "zabelezhka": null, "obekt": null, "dogovor_sr": null, "dogovor_nu": null, "type": null, "bezplatni_": null, "podzona_nu": "-", "sf_rayon": "-"}, "geometry": {"type": "MultiPoint", "coordinates": [[23.329450956, 42.678496775]]}}, {"type": "Feature", "properties": {"id": 17120, "objectid": 23675.0, "park_txt": "Надлъжн", "zona": "Зелена зона", "mestopoloz": "ул. Света гора", "georef_201": "2017", "vid_txt_20": "Зона", "zabelezhka": null, "obekt": null, "dogovor_sr": null, "dogovor_nu": null, "type": null, "bezplatni_": null, "podzona_nu": "-", "sf_rayon": "-"}, "geometry": {"type": "MultiPoint", "coordinates": [[23.329401083, 42.678606222]]}}, {"type": "Feature", "properties": {"id": 17121, "objectid": 23676.0, "park_txt": "Надлъжн", "zona": "Зелена зона", "mestopoloz": "ул. Бряст", "georef_201": "2017", "vid_txt_20": "Зона", "zabelezhka": null, "obekt": null, "dogovor_sr": null, "dogovor_nu": null, "type": null, "bezplatni_": null, "podzona_nu": "-", "sf_rayon": "-"}, "geometry": {"type": "MultiPoint", "coordinates": [[23.329220492, 42.678102341]]}}, {"type": "Feature", "properties": {"id": 17122, "objectid": 23677.0, "park_txt": "Надлъжн", "zona": "Зелена зона", "mestopoloz": "ул. Бряст", "georef_201": "2017", "vid_txt_20": "Зона", "zabelezhka": null, "obekt": null, "dogovor_sr": null, "dogovor_nu": null, "type": null, "bezplatni_": null, "podzona_nu": "-", "sf_rayon": "-"}, "geometry": {"type": "MultiPoint", "coordinates": [[23.32929201, 42.678128644]]}}, {"type": "Feature", "properties": {"id": 17123, "objectid": 23678.0, "park_txt": "Надлъжн", "zona": "Зелена зона", "mestopoloz": "ул. Бряст", "georef_201": "2017", "vid_txt_20": "Зона", "zabelezhka": null, "obekt": null, "dogovor_sr": null, "dogovor_nu": null, "type": null, "bezplatni_": null, "podzona_nu": "-", "sf_rayon": "-"}, "geometry": {"type": "MultiPoint", "coordinates": [[23.329362798, 42.67815468]]}}, {"type": "Feature", "properties": {"id": 17124, "objectid": 23679.0, "park_txt": "Надлъжн", "zona": "Зелена зона", "mestopoloz": "ул. Бряст", "georef_201": "2017", "vid_txt_20": "Зона", "zabelezhka": null, "obekt": null, "dogovor_sr": null, "dogovor_nu": null, "type": null, "bezplatni_": null, "podzona_nu": "-", "sf_rayon": "-"}, "geometry": {"type": "MultiPoint", "coordinates": [[23.329432914, 42.678180468]]}}, {"type": "Feature", "properties": {"id": 17125, "objectid": 23680.0, "park_txt": "Надлъжн", "zona": "Зелена зона", "mestopoloz": "ул. Бряст", "georef_201": "2017", "vid_txt_20": "Зона", "zabelezhka": null, "obekt": null, "dogovor_sr": null, "dogovor_nu": null, "type": null, "bezplatni_": null, "podzona_nu": "-", "sf_rayon": "-"}, "geometry": {"type": "MultiPoint", "coordinates": [[23.329497649, 42.678204278]]}}, {"type": "Feature", "properties": {"id": 17126, "objectid": 23681.0, "park_txt": "Надлъжн", "zona": "Зелена зона", "mestopoloz": "ул. Бряст", "georef_201": "2017", "vid_txt_20": "Зона", "zabelezhka": null, "obekt": null, "dogovor_sr": null, "dogovor_nu": null, "type": null, "bezplatni_": null, "podzona_nu": "-", "sf_rayon": "-"}, "geometry": {"type": "MultiPoint", "coordinates": [[23.32976622, 42.678279438]]}}, {"type": "Feature", "properties": {"id": 17127, "objectid": 23682.0, "park_txt": "Надлъжн", "zona": "Зелена зона", "mestopoloz": "ул. Бряст", "georef_201": "2017", "vid_txt_20": "Зона", "zabelezhka": null, "obekt": null, "dogovor_sr": null, "dogovor_nu": null, "type": null, "bezplatni_": null, "podzona_nu": "-", "sf_rayon": "-"}, "geometry": {"type": "MultiPoint", "coordinates": [[23.329888248, 42.678306249]]}}, {"type": "Feature", "properties": {"id": 17128, "objectid": 23683.0, "park_txt": "Надлъжн", "zona": "Зелена зона", "mestopoloz": "ул. Бряст", "georef_201": "2017", "vid_txt_20": "Зона", "zabelezhka": null, "obekt": null, "dogovor_sr": null, "dogovor_nu": null, "type": null, "bezplatni_": null, "podzona_nu": "-", "sf_rayon": "-"}, "geometry": {"type": "MultiPoint", "coordinates": [[23.330077973, 42.678348134]]}}, {"type": "Feature", "properties": {"id": 17129, "objectid": 23684.0, "park_txt": "Надлъжн", "zona": "Зелена зона", "mestopoloz": "ул. Бряст", "georef_201": "2017", "vid_txt_20": "Зона", "zabelezhka": null, "obekt": null, "dogovor_sr": null, "dogovor_nu": null, "type": null, "bezplatni_": null, "podzona_nu": "-", "sf_rayon": "-"}, "geometry": {"type": "MultiPoint", "coordinates": [[23.330150076, 42.678363784]]}}, {"type": "Feature", "properties": {"id": 17130, "objectid": 23685.0, "park_txt": "Надлъжн", "zona": "Зелена зона", "mestopoloz": "ул. Бряст", "georef_201": "2017", "vid_txt_20": "Зона", "zabelezhka": null, "obekt": null, "dogovor_sr": null, "dogovor_nu": null, "type": null, "bezplatni_": null, "podzona_nu": "-", "sf_rayon": "-"}, "geometry": {"type": "MultiPoint", "coordinates": [[23.33030296, 42.678397555]]}}, {"type": "Feature", "properties": {"id": 17131, "objectid": 23686.0, "park_txt": "Надлъжн", "zona": "Зелена зона", "mestopoloz": "ул. Бряст", "georef_201": "2017", "vid_txt_20": "Зона", "zabelezhka": null, "obekt": null, "dogovor_sr": null, "dogovor_nu": null, "type": null, "bezplatni_": null, "podzona_nu": "-", "sf_rayon": "-"}, "geometry": {"type": "MultiPoint", "coordinates": [[23.330474483, 42.678434865]]}}, {"type": "Feature", "properties": {"id": 17132, "objectid": 23687.0, "park_txt": "Надлъжн", "zona": "Зелена зона", "mestopoloz": "ул. Бряст", "georef_201": "2017", "vid_txt_20": "Зона", "zabelezhka": null, "obekt": null, "dogovor_sr": null, "dogovor_nu": null, "type": null, "bezplatni_": null, "podzona_nu": "-", "sf_rayon": "-"}, "geometry": {"type": "MultiPoint", "coordinates": [[23.330547392, 42.67845069]]}}, {"type": "Feature", "properties": {"id": 17133, "objectid": 23688.0, "park_txt": "Надлъжн", "zona": "Зелена зона", "mestopoloz": "ул. Бряст", "georef_201": "2017", "vid_txt_20": "Зона", "zabelezhka": null, "obekt": null, "dogovor_sr": null, "dogovor_nu": null, "type": null, "bezplatni_": null, "podzona_nu": "-", "sf_rayon": "-"}, "geometry": {"type": "MultiPoint", "coordinates": [[23.331884659, 42.67874288]]}}, {"type": "Feature", "properties": {"id": 17134, "objectid": 23689.0, "park_txt": "Надлъжн", "zona": "Зелена зона", "mestopoloz": "ул. Бряст", "georef_201": "2017", "vid_txt_20": "Зона", "zabelezhka": null, "obekt": null, "dogovor_sr": null, "dogovor_nu": null, "type": null, "bezplatni_": null, "podzona_nu": "-", "sf_rayon": "-"}, "geometry": {"type": "MultiPoint", "coordinates": [[23.331815841, 42.678727727]]}}, {"type": "Feature", "properties": {"id": 17135, "objectid": 23690.0, "park_txt": "Надлъжн", "zona": "Зелена зона", "mestopoloz": "ул. Бряст", "georef_201": "2017", "vid_txt_20": "Зона", "zabelezhka": null, "obekt": null, "dogovor_sr": null, "dogovor_nu": null, "type": null, "bezplatni_": null, "podzona_nu": "-", "sf_rayon": "-"}, "geometry": {"type": "MultiPoint", "coordinates": [[23.33174492, 42.678712111]]}}, {"type": "Feature", "properties": {"id": 17136, "objectid": 23691.0, "park_txt": "Надлъжн", "zona": "Зелена зона", "mestopoloz": "ул. Бряст", "georef_201": "2017", "vid_txt_20": "Зона", "zabelezhka": null, "obekt": null, "dogovor_sr": null, "dogovor_nu": null, "type": null, "bezplatni_": null, "podzona_nu": "-", "sf_rayon": "-"}, "geometry": {"type": "MultiPoint", "coordinates": [[23.331672494, 42.678696163]]}}, {"type": "Feature", "properties": {"id": 17137, "objectid": 23692.0, "park_txt": "Надлъжн", "zona": "Зелена зона", "mestopoloz": "ул. Бряст", "georef_201": "2017", "vid_txt_20": "Зона", "zabelezhka": null, "obekt": null, "dogovor_sr": null, "dogovor_nu": null, "type": null, "bezplatni_": null, "podzona_nu": "-", "sf_rayon": "-"}, "geometry": {"type": "MultiPoint", "coordinates": [[23.331602479, 42.678680746]]}}, {"type": "Feature", "properties": {"id": 17138, "objectid": 23693.0, "park_txt": "Надлъжн", "zona": "Зелена зона", "mestopoloz": "ул. Бряст", "georef_201": "2017", "vid_txt_20": "Зона", "zabelezhka": null, "obekt": null, "dogovor_sr": null, "dogovor_nu": null, "type": null, "bezplatni_": null, "podzona_nu": "-", "sf_rayon": "-"}, "geometry": {"type": "MultiPoint", "coordinates": [[23.331530067, 42.678664801]]}}, {"type": "Feature", "properties": {"id": 17139, "objectid": 23694.0, "park_txt": "Надлъжн", "zona": "Зелена зона", "mestopoloz": "ул. Бряст", "georef_201": "2017", "vid_txt_20": "Зона", "zabelezhka": null, "obekt": null, "dogovor_sr": null, "dogovor_nu": null, "type": null, "bezplatni_": null, "podzona_nu": "-", "sf_rayon": "-"}, "geometry": {"type": "MultiPoint", "coordinates": [[23.331455963, 42.678648483]]}}, {"type": "Feature", "properties": {"id": 17140, "objectid": 23695.0, "park_txt": "Надлъжн", "zona": "Зелена зона", "mestopoloz": "ул. Бряст", "georef_201": "2017", "vid_txt_20": "Зона", "zabelezhka": null, "obekt": null, "dogovor_sr": null, "dogovor_nu": null, "type": null, "bezplatni_": null, "podzona_nu": "-", "sf_rayon": "-"}, "geometry": {"type": "MultiPoint", "coordinates": [[23.33138094, 42.678631963]]}}, {"type": "Feature", "properties": {"id": 17141, "objectid": 23696.0, "park_txt": "Надлъжн", "zona": "Зелена зона", "mestopoloz": "ул. Бряст", "georef_201": "2017", "vid_txt_20": "Зона", "zabelezhka": null, "obekt": null, "dogovor_sr": null, "dogovor_nu": null, "type": null, "bezplatni_": null, "podzona_nu": "-", "sf_rayon": "-"}, "geometry": {"type": "MultiPoint", "coordinates": [[23.331303385, 42.678614886]]}}, {"type": "Feature", "properties": {"id": 17142, "objectid": 23697.0, "park_txt": "Надлъжн", "zona": "Зелена зона", "mestopoloz": "ул. Бряст", "georef_201": "2017", "vid_txt_20": "Зона", "zabelezhka": null, "obekt": null, "dogovor_sr": null, "dogovor_nu": null, "type": null, "bezplatni_": null, "podzona_nu": "-", "sf_rayon": "-"}, "geometry": {"type": "MultiPoint", "coordinates": [[23.331228682, 42.678598558]]}}, {"type": "Feature", "properties": {"id": 17143, "objectid": 23698.0, "park_txt": "Надлъжн", "zona": "Зелена зона", "mestopoloz": "ул. Бряст", "georef_201": "2017", "vid_txt_20": "Зона", "zabelezhka": null, "obekt": null, "dogovor_sr": null, "dogovor_nu": null, "type": null, "bezplatni_": null, "podzona_nu": "-", "sf_rayon": "-"}, "geometry": {"type": "MultiPoint", "coordinates": [[23.331154467, 42.678582451]]}}, {"type": "Feature", "properties": {"id": 17144, "objectid": 23699.0, "park_txt": "Надлъжн", "zona": "Зелена зона", "mestopoloz": "ул. Бряст", "georef_201": "2017", "vid_txt_20": "Зона", "zabelezhka": null, "obekt": null, "dogovor_sr": null, "dogovor_nu": null, "type": null, "bezplatni_": null, "podzona_nu": "-", "sf_rayon": "-"}, "geometry": {"type": "MultiPoint", "coordinates": [[23.331087632, 42.678567945]]}}, {"type": "Feature", "properties": {"id": 17145, "objectid": 23700.0, "park_txt": "Надлъжн", "zona": "Зелена зона", "mestopoloz": "ул. Бряст", "georef_201": "2017", "vid_txt_20": "Зона", "zabelezhka": null, "obekt": null, "dogovor_sr": null, "dogovor_nu": null, "type": null, "bezplatni_": null, "podzona_nu": "-", "sf_rayon": "-"}, "geometry": {"type": "MultiPoint", "coordinates": [[23.331017208, 42.67855266]]}}, {"type": "Feature", "properties": {"id": 17146, "objectid": 23701.0, "park_txt": "Надлъжн", "zona": "Зелена зона", "mestopoloz": "ул. Бряст", "georef_201": "2017", "vid_txt_20": "Зона", "zabelezhka": null, "obekt": null, "dogovor_sr": null, "dogovor_nu": null, "type": null, "bezplatni_": null, "podzona_nu": "-", "sf_rayon": "-"}, "geometry": {"type": "MultiPoint", "coordinates": [[23.330939923, 42.678535886]]}}, {"type": "Feature", "properties": {"id": 17147, "objectid": 23702.0, "park_txt": "Надлъжн", "zona": "Зелена зона", "mestopoloz": "ул. Бряст", "georef_201": "2017", "vid_txt_20": "Зона", "zabelezhka": null, "obekt": null, "dogovor_sr": null, "dogovor_nu": null, "type": null, "bezplatni_": null, "podzona_nu": "-", "sf_rayon": "-"}, "geometry": {"type": "MultiPoint", "coordinates": [[23.330864452, 42.678519506]]}}, {"type": "Feature", "properties": {"id": 17148, "objectid": 23703.0, "park_txt": "Надлъжн", "zona": "Зелена зона", "mestopoloz": "ул. Бряст", "georef_201": "2017", "vid_txt_20": "Зона", "zabelezhka": null, "obekt": null, "dogovor_sr": null, "dogovor_nu": null, "type": null, "bezplatni_": null, "podzona_nu": "-", "sf_rayon": "-"}, "geometry": {"type": "MultiPoint", "coordinates": [[23.330701545, 42.678484148]]}}, {"type": "Feature", "properties": {"id": 17166, "objectid": 23725.0, "park_txt": "Надлъжн", "zona": "Зелена зона", "mestopoloz": "ул. Вишнева", "georef_201": "2017", "vid_txt_20": "Зона", "zabelezhka": null, "obekt": null, "dogovor_sr": null, "dogovor_nu": null, "type": null, "bezplatni_": null, "podzona_nu": "-", "sf_rayon": "-"}, "geometry": {"type": "MultiPoint", "coordinates": [[23.330782721, 42.67788464]]}}, {"type": "Feature", "properties": {"id": 17167, "objectid": 23726.0, "park_txt": "Надлъжн", "zona": "Зелена зона", "mestopoloz": "ул. Вишнева", "georef_201": "2017", "vid_txt_20": "Зона", "zabelezhka": null, "obekt": null, "dogovor_sr": null, "dogovor_nu": null, "type": null, "bezplatni_": null, "podzona_nu": "-", "sf_rayon": "-"}, "geometry": {"type": "MultiPoint", "coordinates": [[23.33085393, 42.677897709]]}}, {"type": "Feature", "properties": {"id": 17168, "objectid": 23727.0, "park_txt": "Надлъжн", "zona": "Зелена зона", "mestopoloz": "ул. Вишнева", "georef_201": "2017", "vid_txt_20": "Зона", "zabelezhka": null, "obekt": null, "dogovor_sr": null, "dogovor_nu": null, "type": null, "bezplatni_": null, "podzona_nu": "-", "sf_rayon": "-"}, "geometry": {"type": "MultiPoint", "coordinates": [[23.330921632, 42.677910335]]}}, {"type": "Feature", "properties": {"id": 17169, "objectid": 23728.0, "park_txt": "Надлъжн", "zona": "Зелена зона", "mestopoloz": "ул. Вишнева", "georef_201": "2017", "vid_txt_20": "Зона", "zabelezhka": null, "obekt": null, "dogovor_sr": null, "dogovor_nu": null, "type": null, "bezplatni_": null, "podzona_nu": "-", "sf_rayon": "-"}, "geometry": {"type": "MultiPoint", "coordinates": [[23.330991264, 42.677923383]]}}, {"type": "Feature", "properties": {"id": 17170, "objectid": 23729.0, "park_txt": "Надлъжн", "zona": "Зелена зона", "mestopoloz": "ул. Вишнева", "georef_201": "2017", "vid_txt_20": "Зона", "zabelezhka": null, "obekt": null, "dogovor_sr": null, "dogovor_nu": null, "type": null, "bezplatni_": null, "podzona_nu": "-", "sf_rayon": "-"}, "geometry": {"type": "MultiPoint", "coordinates": [[23.331066304, 42.677937444]]}}, {"type": "Feature", "properties": {"id": 17171, "objectid": 23730.0, "park_txt": "Надлъжн", "zona": "Зелена зона", "mestopoloz": "ул. Вишнева", "georef_201": "2017", "vid_txt_20": "Зона", "zabelezhka": null, "obekt": null, "dogovor_sr": null, "dogovor_nu": null, "type": null, "bezplatni_": null, "podzona_nu": "-", "sf_rayon": "-"}, "geometry": {"type": "MultiPoint", "coordinates": [[23.331136954, 42.677950682]]}}, {"type": "Feature", "properties": {"id": 17172, "objectid": 23731.0, "park_txt": "Надлъжн", "zona": "Зелена зона", "mestopoloz": "ул. Вишнева", "georef_201": "2017", "vid_txt_20": "Зона", "zabelezhka": null, "obekt": null, "dogovor_sr": null, "dogovor_nu": null, "type": null, "bezplatni_": null, "podzona_nu": "-", "sf_rayon": "-"}, "geometry": {"type": "MultiPoint", "coordinates": [[23.331205972, 42.677963615]]}}, {"type": "Feature", "properties": {"id": 17173, "objectid": 23732.0, "park_txt": "Надлъжн", "zona": "Зелена зона", "mestopoloz": "ул. Вишнева", "georef_201": "2017", "vid_txt_20": "Зона", "zabelezhka": null, "obekt": null, "dogovor_sr": null, "dogovor_nu": null, "type": null, "bezplatni_": null, "podzona_nu": "-", "sf_rayon": "-"}, "geometry": {"type": "MultiPoint", "coordinates": [[23.331276064, 42.677976749]]}}, {"type": "Feature", "properties": {"id": 17174, "objectid": 23733.0, "park_txt": "Надлъжн", "zona": "Зелена зона", "mestopoloz": "ул. Вишнева", "georef_201": "2017", "vid_txt_20": "Зона", "zabelezhka": null, "obekt": null, "dogovor_sr": null, "dogovor_nu": null, "type": null, "bezplatni_": null, "podzona_nu": "-", "sf_rayon": "-"}, "geometry": {"type": "MultiPoint", "coordinates": [[23.331350594, 42.677990715]]}}, {"type": "Feature", "properties": {"id": 17175, "objectid": 23734.0, "park_txt": "Надлъжн", "zona": "Зелена зона", "mestopoloz": "ул. Вишнева", "georef_201": "2017", "vid_txt_20": "Зона", "zabelezhka": null, "obekt": null, "dogovor_sr": null, "dogovor_nu": null, "type": null, "bezplatni_": null, "podzona_nu": "-", "sf_rayon": "-"}, "geometry": {"type": "MultiPoint", "coordinates": [[23.331422725, 42.678004231]]}}, {"type": "Feature", "properties": {"id": 17176, "objectid": 23735.0, "park_txt": "Надлъжн", "zona": "Зелена зона", "mestopoloz": "ул. Вишнева", "georef_201": "2017", "vid_txt_20": "Зона", "zabelezhka": null, "obekt": null, "dogovor_sr": null, "dogovor_nu": null, "type": null, "bezplatni_": null, "podzona_nu": "-", "sf_rayon": "-"}, "geometry": {"type": "MultiPoint", "coordinates": [[23.331498223, 42.678018378]]}}, {"type": "Feature", "properties": {"id": 17177, "objectid": 23736.0, "park_txt": "Надлъжн", "zona": "Зелена зона", "mestopoloz": "ул. Вишнева", "georef_201": "2017", "vid_txt_20": "Зона", "zabelezhka": null, "obekt": null, "dogovor_sr": null, "dogovor_nu": null, "type": null, "bezplatni_": null, "podzona_nu": "-", "sf_rayon": "-"}, "geometry": {"type": "MultiPoint", "coordinates": [[23.332202715, 42.678148567]]}}, {"type": "Feature", "properties": {"id": 17178, "objectid": 23737.0, "park_txt": "Надлъжн", "zona": "Зелена зона", "mestopoloz": "ул. Вишнева", "georef_201": "2017", "vid_txt_20": "Зона", "zabelezhka": null, "obekt": null, "dogovor_sr": null, "dogovor_nu": null, "type": null, "bezplatni_": null, "podzona_nu": "-", "sf_rayon": "-"}, "geometry": {"type": "MultiPoint", "coordinates": [[23.332283206, 42.678162716]]}}, {"type": "Feature", "properties": {"id": 17179, "objectid": 23738.0, "park_txt": "Надлъжн", "zona": "Зелена зона", "mestopoloz": "ул. Вишнева", "georef_201": "2017", "vid_txt_20": "Зона", "zabelezhka": null, "obekt": null, "dogovor_sr": null, "dogovor_nu": null, "type": null, "bezplatni_": null, "podzona_nu": "-", "sf_rayon": "-"}, "geometry": {"type": "MultiPoint", "coordinates": [[23.332359536, 42.678176133]]}}, {"type": "Feature", "properties": {"id": 17180, "objectid": 23739.0, "park_txt": "Напречн", "zona": "Зелена зона", "mestopoloz": "ул. Вишнева", "georef_201": "2017", "vid_txt_20": "Зона", "zabelezhka": null, "obekt": null, "dogovor_sr": null, "dogovor_nu": null, "type": null, "bezplatni_": null, "podzona_nu": "-", "sf_rayon": "-"}, "geometry": {"type": "MultiPoint", "coordinates": [[23.331781719, 42.678088959]]}}, {"type": "Feature", "properties": {"id": 17181, "objectid": 23740.0, "park_txt": "Напречн", "zona": "Зелена зона", "mestopoloz": "ул. Вишнева", "georef_201": "2017", "vid_txt_20": "Зона", "zabelezhka": null, "obekt": null, "dogovor_sr": null, "dogovor_nu": null, "type": null, "bezplatni_": null, "podzona_nu": "-", "sf_rayon": "-"}, "geometry": {"type": "MultiPoint", "coordinates": [[23.331808696, 42.678098952]]}}, {"type": "Feature", "properties": {"id": 17182, "objectid": 23741.0, "park_txt": "Напречн", "zona": "Зелена зона", "mestopoloz": "ул. Вишнева", "georef_201": "2017", "vid_txt_20": "Зона", "zabelezhka": null, "obekt": null, "dogovor_sr": null, "dogovor_nu": null, "type": null, "bezplatni_": null, "podzona_nu": "-", "sf_rayon": "-"}, "geometry": {"type": "MultiPoint", "coordinates": [[23.331834479, 42.678108502]]}}, {"type": "Feature", "properties": {"id": 17183, "objectid": 23742.0, "park_txt": "Надлъжн", "zona": "Зелена зона", "mestopoloz": "ул. Вишнева", "georef_201": "2017", "vid_txt_20": "Зона", "zabelezhka": null, "obekt": null, "dogovor_sr": null, "dogovor_nu": null, "type": null, "bezplatni_": null, "podzona_nu": "-", "sf_rayon": "-"}, "geometry": {"type": "MultiPoint", "coordinates": [[23.33200106, 42.678170208]]}}, {"type": "Feature", "properties": {"id": 17184, "objectid": 23743.0, "park_txt": "Надлъжн", "zona": "Зелена зона", "mestopoloz": "ул. Вишнева", "georef_201": "2017", "vid_txt_20": "Зона", "zabelezhka": null, "obekt": null, "dogovor_sr": null, "dogovor_nu": null, "type": null, "bezplatni_": null, "podzona_nu": "-", "sf_rayon": "-"}, "geometry": {"type": "MultiPoint", "coordinates": [[23.332072228, 42.67819657]]}}, {"type": "Feature", "properties": {"id": 17185, "objectid": 23744.0, "park_txt": "Надлъжн", "zona": "Зелена зона", "mestopoloz": "ул. Вишнева", "georef_201": "2017", "vid_txt_20": "Зона", "zabelezhka": null, "obekt": null, "dogovor_sr": null, "dogovor_nu": null, "type": null, "bezplatni_": null, "podzona_nu": "-", "sf_rayon": "-"}, "geometry": {"type": "MultiPoint", "coordinates": [[23.332142044, 42.678222432]]}}, {"type": "Feature", "properties": {"id": 17186, "objectid": 23745.0, "park_txt": "Надлъжн", "zona": "Зелена зона", "mestopoloz": "ул. Вишнева", "georef_201": "2017", "vid_txt_20": "Зона", "zabelezhka": null, "obekt": null, "dogovor_sr": null, "dogovor_nu": null, "type": null, "bezplatni_": null, "podzona_nu": "-", "sf_rayon": "-"}, "geometry": {"type": "MultiPoint", "coordinates": [[23.332210817, 42.678247906]]}}, {"type": "Feature", "properties": {"id": 17187, "objectid": 23746.0, "park_txt": "Надлъжн", "zona": "Зелена зона", "mestopoloz": "ул. Вишнева", "georef_201": "2017", "vid_txt_20": "Зона", "zabelezhka": null, "obekt": null, "dogovor_sr": null, "dogovor_nu": null, "type": null, "bezplatni_": null, "podzona_nu": "-", "sf_rayon": "-"}, "geometry": {"type": "MultiPoint", "coordinates": [[23.33227776, 42.678272704]]}}, {"type": "Feature", "properties": {"id": 17226, "objectid": 23785.0, "park_txt": "Надлъжн", "zona": "Зелена зона", "mestopoloz": "ул. Лозенска планина", "georef_201": "2017", "vid_txt_20": "Зона", "zabelezhka": null, "obekt": null, "dogovor_sr": null, "dogovor_nu": null, "type": null, "bezplatni_": null, "podzona_nu": "-", "sf_rayon": "-"}, "geometry": {"type": "MultiPoint", "coordinates": [[23.324408916, 42.676607233]]}}, {"type": "Feature", "properties": {"id": 17227, "objectid": 23786.0, "park_txt": "Надлъжн", "zona": "Зелена зона", "mestopoloz": "ул. Лозенска планина", "georef_201": "2017", "vid_txt_20": "Зона", "zabelezhka": null, "obekt": null, "dogovor_sr": null, "dogovor_nu": null, "type": null, "bezplatni_": null, "podzona_nu": "-", "sf_rayon": "-"}, "geometry": {"type": "MultiPoint", "coordinates": [[23.324479886, 42.676606819]]}}, {"type": "Feature", "properties": {"id": 17228, "objectid": 23787.0, "park_txt": "Надлъжн", "zona": "Зелена зона", "mestopoloz": "ул. Лозенска планина", "georef_201": "2017", "vid_txt_20": "Зона", "zabelezhka": null, "obekt": null, "dogovor_sr": null, "dogovor_nu": null, "type": null, "bezplatni_": null, "podzona_nu": "-", "sf_rayon": "-"}, "geometry": {"type": "MultiPoint", "coordinates": [[23.324550556, 42.676606405]]}}, {"type": "Feature", "properties": {"id": 17229, "objectid": 23788.0, "park_txt": "Надлъжн", "zona": "Зелена зона", "mestopoloz": "ул. Лозенска планина", "georef_201": "2017", "vid_txt_20": "Зона", "zabelezhka": null, "obekt": null, "dogovor_sr": null, "dogovor_nu": null, "type": null, "bezplatni_": null, "podzona_nu": "-", "sf_rayon": "-"}, "geometry": {"type": "MultiPoint", "coordinates": [[23.324690557, 42.676605585]]}}, {"type": "Feature", "properties": {"id": 17245, "objectid": 23805.0, "park_txt": "Надлъжн", "zona": "Зелена зона", "mestopoloz": "ул. Плана планина", "georef_201": "2017", "vid_txt_20": "Зона", "zabelezhka": null, "obekt": null, "dogovor_sr": null, "dogovor_nu": null, "type": null, "bezplatni_": null, "podzona_nu": "-", "sf_rayon": "-"}, "geometry": {"type": "MultiPoint", "coordinates": [[23.324438973, 42.675940156]]}}, {"type": "Feature", "properties": {"id": 17246, "objectid": 23806.0, "park_txt": "Надлъжн", "zona": "Зелена зона", "mestopoloz": "ул. Плана планина", "georef_201": "2017", "vid_txt_20": "Зона", "zabelezhka": null, "obekt": null, "dogovor_sr": null, "dogovor_nu": null, "type": null, "bezplatni_": null, "podzona_nu": "-", "sf_rayon": "-"}, "geometry": {"type": "MultiPoint", "coordinates": [[23.324509848, 42.675939707]]}}, {"type": "Feature", "properties": {"id": 17247, "objectid": 23807.0, "park_txt": "Надлъжн", "zona": "Зелена зона", "mestopoloz": "ул. Плана планина", "georef_201": "2017", "vid_txt_20": "Зона", "zabelezhka": null, "obekt": null, "dogovor_sr": null, "dogovor_nu": null, "type": null, "bezplatni_": null, "podzona_nu": "-", "sf_rayon": "-"}, "geometry": {"type": "MultiPoint", "coordinates": [[23.324579477, 42.675939267]]}}, {"type": "Feature", "properties": {"id": 17248, "objectid": 23808.0, "park_txt": "Надлъжн", "zona": "Зелена зона", "mestopoloz": "ул. Плана планина", "georef_201": "2017", "vid_txt_20": "Зона", "zabelezhka": null, "obekt": null, "dogovor_sr": null, "dogovor_nu": null, "type": null, "bezplatni_": null, "podzona_nu": "-", "sf_rayon": "-"}, "geometry": {"type": "MultiPoint", "coordinates": [[23.324650111, 42.675938819]]}}, {"type": "Feature", "properties": {"id": 17249, "objectid": 23809.0, "park_txt": "Надлъжн", "zona": "Зелена зона", "mestopoloz": "ул. Плана планина", "georef_201": "2017", "vid_txt_20": "Зона", "zabelezhka": null, "obekt": null, "dogovor_sr": null, "dogovor_nu": null, "type": null, "bezplatni_": null, "podzona_nu": "-", "sf_rayon": "-"}, "geometry": {"type": "MultiPoint", "coordinates": [[23.324728292, 42.675938613]]}}, {"type": "Feature", "properties": {"id": 17250, "objectid": 23810.0, "park_txt": "Надлъжн", "zona": "Зелена зона", "mestopoloz": "ул. Плана планина", "georef_201": "2017", "vid_txt_20": "Зона", "zabelezhka": null, "obekt": null, "dogovor_sr": null, "dogovor_nu": null, "type": null, "bezplatni_": null, "podzona_nu": "-", "sf_rayon": "-"}, "geometry": {"type": "MultiPoint", "coordinates": [[23.324806302, 42.675938819]]}}, {"type": "Feature", "properties": {"id": 17251, "objectid": 23811.0, "park_txt": "Надлъжн", "zona": "Зелена зона", "mestopoloz": "ул. Плана планина", "georef_201": "2017", "vid_txt_20": "Зона", "zabelezhka": null, "obekt": null, "dogovor_sr": null, "dogovor_nu": null, "type": null, "bezplatni_": null, "podzona_nu": "-", "sf_rayon": "-"}, "geometry": {"type": "MultiPoint", "coordinates": [[23.324882706, 42.67593902]]}}, {"type": "Feature", "properties": {"id": 17252, "objectid": 23812.0, "park_txt": "Надлъжн", "zona": "Зелена зона", "mestopoloz": "ул. Плана планина", "georef_201": "2017", "vid_txt_20": "Зона", "zabelezhka": null, "obekt": null, "dogovor_sr": null, "dogovor_nu": null, "type": null, "bezplatni_": null, "podzona_nu": "-", "sf_rayon": "-"}, "geometry": {"type": "MultiPoint", "coordinates": [[23.324954963, 42.675939211]]}}, {"type": "Feature", "properties": {"id": 17253, "objectid": 23813.0, "park_txt": "Надлъжн", "zona": "Зелена зона", "mestopoloz": "ул. Плана планина", "georef_201": "2017", "vid_txt_20": "Зона", "zabelezhka": null, "obekt": null, "dogovor_sr": null, "dogovor_nu": null, "type": null, "bezplatni_": null, "podzona_nu": "-", "sf_rayon": "-"}, "geometry": {"type": "MultiPoint", "coordinates": [[23.325035124, 42.675939332]]}}, {"type": "Feature", "properties": {"id": 17254, "objectid": 23814.0, "park_txt": "Надлъжн", "zona": "Зелена зона", "mestopoloz": "ул. Плана планина", "georef_201": "2017", "vid_txt_20": "Зона", "zabelezhka": null, "obekt": null, "dogovor_sr": null, "dogovor_nu": null, "type": null, "bezplatni_": null, "podzona_nu": "-", "sf_rayon": "-"}, "geometry": {"type": "MultiPoint", "coordinates": [[23.325108173, 42.675939411]]}}, {"type": "Feature", "properties": {"id": 17272, "objectid": 23840.0, "park_txt": "Надлъжн", "zona": "Зелена зона", "mestopoloz": "ул. Презвитер Козма", "georef_201": "2017", "vid_txt_20": "Зона", "zabelezhka": null, "obekt": null, "dogovor_sr": null, "dogovor_nu": null, "type": null, "bezplatni_": null, "podzona_nu": "-", "sf_rayon": "-"}, "geometry": {"type": "MultiPoint", "coordinates": [[23.325048258, 42.675314768]]}}, {"type": "Feature", "properties": {"id": 17273, "objectid": 23841.0, "park_txt": "Надлъжн", "zona": "Зелена зона", "mestopoloz": "ул. Презвитер Козма", "georef_201": "2017", "vid_txt_20": "Зона", "zabelezhka": null, "obekt": null, "dogovor_sr": null, "dogovor_nu": null, "type": null, "bezplatni_": null, "podzona_nu": "-", "sf_rayon": "-"}, "geometry": {"type": "MultiPoint", "coordinates": [[23.324972421, 42.675311783]]}}, {"type": "Feature", "properties": {"id": 17274, "objectid": 23842.0, "park_txt": "Надлъжн", "zona": "Зелена зона", "mestopoloz": "ул. Презвитер Козма", "georef_201": "2017", "vid_txt_20": "Зона", "zabelezhka": null, "obekt": null, "dogovor_sr": null, "dogovor_nu": null, "type": null, "bezplatni_": null, "podzona_nu": "-", "sf_rayon": "-"}, "geometry": {"type": "MultiPoint", "coordinates": [[23.324897485, 42.675308835]]}}, {"type": "Feature", "properties": {"id": 17275, "objectid": 23843.0, "park_txt": "Надлъжн", "zona": "Зелена зона", "mestopoloz": "ул. Презвитер Козма", "georef_201": "2017", "vid_txt_20": "Зона", "zabelezhka": null, "obekt": null, "dogovor_sr": null, "dogovor_nu": null, "type": null, "bezplatni_": null, "podzona_nu": "-", "sf_rayon": "-"}, "geometry": {"type": "MultiPoint", "coordinates": [[23.324823256, 42.675305914]]}}, {"type": "Feature", "properties": {"id": 17276, "objectid": 23844.0, "park_txt": "Надлъжн", "zona": "Зелена зона", "mestopoloz": "ул. Презвитер Козма", "georef_201": "2017", "vid_txt_20": "Зона", "zabelezhka": null, "obekt": null, "dogovor_sr": null, "dogovor_nu": null, "type": null, "bezplatni_": null, "podzona_nu": "-", "sf_rayon": "-"}, "geometry": {"type": "MultiPoint", "coordinates": [[23.324747502, 42.675302933]]}}, {"type": "Feature", "properties": {"id": 17277, "objectid": 23845.0, "park_txt": "Надлъжн", "zona": "Зелена зона", "mestopoloz": "ул. Презвитер Козма", "georef_201": "2017", "vid_txt_20": "Зона", "zabelezhka": null, "obekt": null, "dogovor_sr": null, "dogovor_nu": null, "type": null, "bezplatni_": null, "podzona_nu": "-", "sf_rayon": "-"}, "geometry": {"type": "MultiPoint", "coordinates": [[23.324657312, 42.675299443]]}}, {"type": "Feature", "properties": {"id": 17278, "objectid": 23846.0, "park_txt": "Надлъжн", "zona": "Зелена зона", "mestopoloz": "ул. Презвитер Козма", "georef_201": "2017", "vid_txt_20": "Зона", "zabelezhka": null, "obekt": null, "dogovor_sr": null, "dogovor_nu": null, "type": null, "bezplatni_": null, "podzona_nu": "-", "sf_rayon": "-"}, "geometry": {"type": "MultiPoint", "coordinates": [[23.324589014, 42.675297119]]}}, {"type": "Feature", "properties": {"id": 17279, "objectid": 23847.0, "park_txt": "Надлъжн", "zona": "Зелена зона", "mestopoloz": "ул. Презвитер Козма", "georef_201": "2017", "vid_txt_20": "Зона", "zabelezhka": null, "obekt": null, "dogovor_sr": null, "dogovor_nu": null, "type": null, "bezplatni_": null, "podzona_nu": "-", "sf_rayon": "-"}, "geometry": {"type": "MultiPoint", "coordinates": [[23.324516364, 42.675294441]]}}, {"type": "Feature", "properties": {"id": 17280, "objectid": 23848.0, "park_txt": "Надлъжн", "zona": "Зелена зона", "mestopoloz": "ул. Презвитер Козма", "georef_201": "2017", "vid_txt_20": "Зона", "zabelezhka": null, "obekt": null, "dogovor_sr": null, "dogovor_nu": null, "type": null, "bezplatni_": null, "podzona_nu": "-", "sf_rayon": "-"}, "geometry": {"type": "MultiPoint", "coordinates": [[23.324408922, 42.675290167]]}}, {"type": "Feature", "properties": {"id": 17301, "objectid": 23870.0, "park_txt": "Надлъжн", "zona": "Зелена зона", "mestopoloz": "ул. Св. Седмочисленици", "georef_201": "2017", "vid_txt_20": "Зона", "zabelezhka": null, "obekt": null, "dogovor_sr": null, "dogovor_nu": null, "type": null, "bezplatni_": null, "podzona_nu": "-", "sf_rayon": "-"}, "geometry": {"type": "MultiPoint", "coordinates": [[23.324439138, 42.674535138]]}}, {"type": "Feature", "properties": {"id": 17302, "objectid": 23871.0, "park_txt": "Надлъжн", "zona": "Зелена зона", "mestopoloz": "ул. Св. Седмочисленици", "georef_201": "2017", "vid_txt_20": "Зона", "zabelezhka": null, "obekt": null, "dogovor_sr": null, "dogovor_nu": null, "type": null, "bezplatni_": null, "podzona_nu": "-", "sf_rayon": "-"}, "geometry": {"type": "MultiPoint", "coordinates": [[23.32450785, 42.67453908]]}}, {"type": "Feature", "properties": {"id": 17303, "objectid": 23872.0, "park_txt": "Надлъжн", "zona": "Зелена зона", "mestopoloz": "ул. Св. Седмочисленици", "georef_201": "2017", "vid_txt_20": "Зона", "zabelezhka": null, "obekt": null, "dogovor_sr": null, "dogovor_nu": null, "type": null, "bezplatni_": null, "podzona_nu": "-", "sf_rayon": "-"}, "geometry": {"type": "MultiPoint", "coordinates": [[23.324574788, 42.674542919]]}}, {"type": "Feature", "properties": {"id": 17304, "objectid": 23873.0, "park_txt": "Надлъжн", "zona": "Зелена зона", "mestopoloz": "ул. Св. Седмочисленици", "georef_201": "2017", "vid_txt_20": "Зона", "zabelezhka": null, "obekt": null, "dogovor_sr": null, "dogovor_nu": null, "type": null, "bezplatni_": null, "podzona_nu": "-", "sf_rayon": "-"}, "geometry": {"type": "MultiPoint", "coordinates": [[23.324639885, 42.674546653]]}}, {"type": "Feature", "properties": {"id": 17305, "objectid": 23874.0, "park_txt": "Надлъжн", "zona": "Зелена зона", "mestopoloz": "ул. Св. Седмочисленици", "georef_201": "2017", "vid_txt_20": "Зона", "zabelezhka": null, "obekt": null, "dogovor_sr": null, "dogovor_nu": null, "type": null, "bezplatni_": null, "podzona_nu": "-", "sf_rayon": "-"}, "geometry": {"type": "MultiPoint", "coordinates": [[23.324710569, 42.674550708]]}}, {"type": "Feature", "properties": {"id": 17308, "objectid": 23877.0, "park_txt": "Надлъжн", "zona": "Зелена зона", "mestopoloz": "ул. Св. Седмочисленици", "georef_201": "2017", "vid_txt_20": "Зона", "zabelezhka": null, "obekt": null, "dogovor_sr": null, "dogovor_nu": null, "type": null, "bezplatni_": null, "podzona_nu": "-", "sf_rayon": "-"}, "geometry": {"type": "MultiPoint", "coordinates": [[23.324783596, 42.674554894]]}}, {"type": "Feature", "properties": {"id": 17344, "objectid": 23917.0, "park_txt": "Надлъжн", "zona": "Зелена зона", "mestopoloz": "бул. Джеймс Баучер", "georef_201": "2017", "vid_txt_20": "Зона", "zabelezhka": null, "obekt": null, "dogovor_sr": null, "dogovor_nu": null, "type": null, "bezplatni_": null, "podzona_nu": "-", "sf_rayon": "-"}, "geometry": {"type": "MultiPoint", "coordinates": [[23.325367278, 42.673584689]]}}, {"type": "Feature", "properties": {"id": 17345, "objectid": 23918.0, "park_txt": "Надлъжн", "zona": "Зелена зона", "mestopoloz": "бул. Джеймс Баучер", "georef_201": "2017", "vid_txt_20": "Зона", "zabelezhka": null, "obekt": null, "dogovor_sr": null, "dogovor_nu": null, "type": null, "bezplatni_": null, "podzona_nu": "-", "sf_rayon": "-"}, "geometry": {"type": "MultiPoint", "coordinates": [[23.325296826, 42.673564192]]}}, {"type": "Feature", "properties": {"id": 17346, "objectid": 23919.0, "park_txt": "Надлъжн", "zona": "Зелена зона", "mestopoloz": "бул. Джеймс Баучер", "georef_201": "2017", "vid_txt_20": "Зона", "zabelezhka": null, "obekt": null, "dogovor_sr": null, "dogovor_nu": null, "type": null, "bezplatni_": null, "podzona_nu": "-", "sf_rayon": "-"}, "geometry": {"type": "MultiPoint", "coordinates": [[23.32522588, 42.67354355]]}}, {"type": "Feature", "properties": {"id": 17347, "objectid": 23920.0, "park_txt": "Надлъжн", "zona": "Зелена зона", "mestopoloz": "бул. Джеймс Баучер", "georef_201": "2017", "vid_txt_20": "Зона", "zabelezhka": null, "obekt": null, "dogovor_sr": null, "dogovor_nu": null, "type": null, "bezplatni_": null, "podzona_nu": "-", "sf_rayon": "-"}, "geometry": {"type": "MultiPoint", "coordinates": [[23.325148518, 42.673521041]]}}, {"type": "Feature", "properties": {"id": 17348, "objectid": 23921.0, "park_txt": "Надлъжн", "zona": "Зелена зона", "mestopoloz": "бул. Джеймс Баучер", "georef_201": "2017", "vid_txt_20": "Зона", "zabelezhka": null, "obekt": null, "dogovor_sr": null, "dogovor_nu": null, "type": null, "bezplatni_": null, "podzona_nu": "-", "sf_rayon": "-"}, "geometry": {"type": "MultiPoint", "coordinates": [[23.32508384, 42.673502224]]}}, {"type": "Feature", "properties": {"id": 17349, "objectid": 23922.0, "park_txt": "Надлъжн", "zona": "Зелена зона", "mestopoloz": "бул. Джеймс Баучер", "georef_201": "2017", "vid_txt_20": "Зона", "zabelezhka": null, "obekt": null, "dogovor_sr": null, "dogovor_nu": null, "type": null, "bezplatni_": null, "podzona_nu": "-", "sf_rayon": "-"}, "geometry": {"type": "MultiPoint", "coordinates": [[23.325018165, 42.673483116]]}}, {"type": "Feature", "properties": {"id": 17350, "objectid": 23923.0, "park_txt": "Надлъжн", "zona": "Зелена зона", "mestopoloz": "бул. Джеймс Баучер", "georef_201": "2017", "vid_txt_20": "Зона", "zabelezhka": null, "obekt": null, "dogovor_sr": null, "dogovor_nu": null, "type": null, "bezplatni_": null, "podzona_nu": "-", "sf_rayon": "-"}, "geometry": {"type": "MultiPoint", "coordinates": [[23.324948675, 42.673462898]]}}, {"type": "Feature", "properties": {"id": 17351, "objectid": 23924.0, "park_txt": "Надлъжн", "zona": "Зелена зона", "mestopoloz": "бул. Джеймс Баучер", "georef_201": "2017", "vid_txt_20": "Зона", "zabelezhka": null, "obekt": null, "dogovor_sr": null, "dogovor_nu": null, "type": null, "bezplatni_": null, "podzona_nu": "-", "sf_rayon": "-"}, "geometry": {"type": "MultiPoint", "coordinates": [[23.324882258, 42.673443574]]}}, {"type": "Feature", "properties": {"id": 17352, "objectid": 23925.0, "park_txt": "Надлъжн", "zona": "Зелена зона", "mestopoloz": "бул. Джеймс Баучер", "georef_201": "2017", "vid_txt_20": "Зона", "zabelezhka": null, "obekt": null, "dogovor_sr": null, "dogovor_nu": null, "type": null, "bezplatni_": null, "podzona_nu": "-", "sf_rayon": "-"}, "geometry": {"type": "MultiPoint", "coordinates": [[23.324816759, 42.673424517]]}}, {"type": "Feature", "properties": {"id": 17353, "objectid": 23926.0, "park_txt": "Надлъжн", "zona": "Зелена зона", "mestopoloz": "бул. Джеймс Баучер", "georef_201": "2017", "vid_txt_20": "Зона", "zabelezhka": null, "obekt": null, "dogovor_sr": null, "dogovor_nu": null, "type": null, "bezplatni_": null, "podzona_nu": "-", "sf_rayon": "-"}, "geometry": {"type": "MultiPoint", "coordinates": [[23.324754508, 42.673406405]]}}, {"type": "Feature", "properties": {"id": 17354, "objectid": 23927.0, "park_txt": "Надлъжн", "zona": "Зелена зона", "mestopoloz": "бул. Джеймс Баучер", "georef_201": "2017", "vid_txt_20": "Зона", "zabelezhka": null, "obekt": null, "dogovor_sr": null, "dogovor_nu": null, "type": null, "bezplatni_": null, "podzona_nu": "-", "sf_rayon": "-"}, "geometry": {"type": "MultiPoint", "coordinates": [[23.324689068, 42.673387366]]}}, {"type": "Feature", "properties": {"id": 17355, "objectid": 23928.0, "park_txt": "Надлъжн", "zona": "Зелена зона", "mestopoloz": "бул. Джеймс Баучер", "georef_201": "2017", "vid_txt_20": "Зона", "zabelezhka": null, "obekt": null, "dogovor_sr": null, "dogovor_nu": null, "type": null, "bezplatni_": null, "podzona_nu": "-", "sf_rayon": "-"}, "geometry": {"type": "MultiPoint", "coordinates": [[23.32462224, 42.673367922]]}}, {"type": "Feature", "properties": {"id": 17356, "objectid": 23929.0, "park_txt": "Надлъжн", "zona": "Зелена зона", "mestopoloz": "бул. Джеймс Баучер", "georef_201": "2017", "vid_txt_20": "Зона", "zabelezhka": null, "obekt": null, "dogovor_sr": null, "dogovor_nu": null, "type": null, "bezplatni_": null, "podzona_nu": "-", "sf_rayon": "-"}, "geometry": {"type": "MultiPoint", "coordinates": [[23.325395637, 42.673476907]]}}, {"type": "Feature", "properties": {"id": 17357, "objectid": 23930.0, "park_txt": "Надлъжн", "zona": "Зелена зона", "mestopoloz": "бул. Джеймс Баучер", "georef_201": "2017", "vid_txt_20": "Зона", "zabelezhka": null, "obekt": null, "dogovor_sr": null, "dogovor_nu": null, "type": null, "bezplatni_": null, "podzona_nu": "-", "sf_rayon": "-"}, "geometry": {"type": "MultiPoint", "coordinates": [[23.325325159, 42.673456087]]}}, {"type": "Feature", "properties": {"id": 17358, "objectid": 23931.0, "park_txt": "Надлъжн", "zona": "Зелена зона", "mestopoloz": "бул. Джеймс Баучер", "georef_201": "2017", "vid_txt_20": "Зона", "zabelezhka": null, "obekt": null, "dogovor_sr": null, "dogovor_nu": null, "type": null, "bezplatni_": null, "podzona_nu": "-", "sf_rayon": "-"}, "geometry": {"type": "MultiPoint", "coordinates": [[23.325254716, 42.673435276]]}}, {"type": "Feature", "properties": {"id": 17359, "objectid": 23932.0, "park_txt": "Надлъжн", "zona": "Зелена зона", "mestopoloz": "бул. Джеймс Баучер", "georef_201": "2017", "vid_txt_20": "Зона", "zabelezhka": null, "obekt": null, "dogovor_sr": null, "dogovor_nu": null, "type": null, "bezplatni_": null, "podzona_nu": "-", "sf_rayon": "-"}, "geometry": {"type": "MultiPoint", "coordinates": [[23.325178635, 42.6734126]]}}, {"type": "Feature", "properties": {"id": 17360, "objectid": 23933.0, "park_txt": "Надлъжн", "zona": "Зелена зона", "mestopoloz": "бул. Джеймс Баучер", "georef_201": "2017", "vid_txt_20": "Зона", "zabelezhka": null, "obekt": null, "dogovor_sr": null, "dogovor_nu": null, "type": null, "bezplatni_": null, "podzona_nu": "-", "sf_rayon": "-"}, "geometry": {"type": "MultiPoint", "coordinates": [[23.325113997, 42.673392827]]}}, {"type": "Feature", "properties": {"id": 17361, "objectid": 23934.0, "park_txt": "Надлъжн", "zona": "Зелена зона", "mestopoloz": "бул. Джеймс Баучер", "georef_201": "2017", "vid_txt_20": "Зона", "zabelezhka": null, "obekt": null, "dogovor_sr": null, "dogovor_nu": null, "type": null, "bezplatni_": null, "podzona_nu": "-", "sf_rayon": "-"}, "geometry": {"type": "MultiPoint", "coordinates": [[23.325049044, 42.673373785]]}}, {"type": "Feature", "properties": {"id": 17362, "objectid": 23935.0, "park_txt": "Надлъжн", "zona": "Зелена зона", "mestopoloz": "бул. Джеймс Баучер", "georef_201": "2017", "vid_txt_20": "Зона", "zabelezhka": null, "obekt": null, "dogovor_sr": null, "dogovor_nu": null, "type": null, "bezplatni_": null, "podzona_nu": "-", "sf_rayon": "-"}, "geometry": {"type": "MultiPoint", "coordinates": [[23.32497819, 42.673352975]]}}, {"type": "Feature", "properties": {"id": 17363, "objectid": 23936.0, "park_txt": "Надлъжн", "zona": "Зелена зона", "mestopoloz": "бул. Джеймс Баучер", "georef_201": "2017", "vid_txt_20": "Зона", "zabelezhka": null, "obekt": null, "dogovor_sr": null, "dogovor_nu": null, "type": null, "bezplatni_": null, "podzona_nu": "-", "sf_rayon": "-"}, "geometry": {"type": "MultiPoint", "coordinates": [[23.324911863, 42.673334009]]}}, {"type": "Feature", "properties": {"id": 17364, "objectid": 23937.0, "park_txt": "Надлъжн", "zona": "Зелена зона", "mestopoloz": "бул. Джеймс Баучер", "georef_201": "2017", "vid_txt_20": "Зона", "zabelezhka": null, "obekt": null, "dogovor_sr": null, "dogovor_nu": null, "type": null, "bezplatni_": null, "podzona_nu": "-", "sf_rayon": "-"}, "geometry": {"type": "MultiPoint", "coordinates": [[23.324846295, 42.673315259]]}}, {"type": "Feature", "properties": {"id": 17365, "objectid": 23938.0, "park_txt": "Надлъжн", "zona": "Зелена зона", "mestopoloz": "бул. Джеймс Баучер", "georef_201": "2017", "vid_txt_20": "Зона", "zabelezhka": null, "obekt": null, "dogovor_sr": null, "dogovor_nu": null, "type": null, "bezplatni_": null, "podzona_nu": "-", "sf_rayon": "-"}, "geometry": {"type": "MultiPoint", "coordinates": [[23.324784223, 42.67329665]]}}, {"type": "Feature", "properties": {"id": 17366, "objectid": 23939.0, "park_txt": "Надлъжн", "zona": "Зелена зона", "mestopoloz": "бул. Джеймс Баучер", "georef_201": "2017", "vid_txt_20": "Зона", "zabelezhka": null, "obekt": null, "dogovor_sr": null, "dogovor_nu": null, "type": null, "bezplatni_": null, "podzona_nu": "-", "sf_rayon": "-"}, "geometry": {"type": "MultiPoint", "coordinates": [[23.324718763, 42.673277811]]}}, {"type": "Feature", "properties": {"id": 17367, "objectid": 23940.0, "park_txt": "Надлъжн", "zona": "Зелена зона", "mestopoloz": "бул. Джеймс Баучер", "georef_201": "2017", "vid_txt_20": "Зона", "zabelezhka": null, "obekt": null, "dogovor_sr": null, "dogovor_nu": null, "type": null, "bezplatni_": null, "podzona_nu": "-", "sf_rayon": "-"}, "geometry": {"type": "MultiPoint", "coordinates": [[23.324651718, 42.673258516]]}}, {"type": "Feature", "properties": {"id": 17368, "objectid": 23941.0, "park_txt": "Надлъжн", "zona": "Зелена зона", "mestopoloz": "бул. Джеймс Баучер", "georef_201": "2017", "vid_txt_20": "Зона", "zabelezhka": null, "obekt": null, "dogovor_sr": null, "dogovor_nu": null, "type": null, "bezplatni_": null, "podzona_nu": "-", "sf_rayon": "-"}, "geometry": {"type": "MultiPoint", "coordinates": [[23.324591745, 42.673241256]]}}, {"type": "Feature", "properties": {"id": 17369, "objectid": 23942.0, "park_txt": "Надлъжн", "zona": "Зелена зона", "mestopoloz": "бул. Джеймс Баучер", "georef_201": "2017", "vid_txt_20": "Зона", "zabelezhka": null, "obekt": null, "dogovor_sr": null, "dogovor_nu": null, "type": null, "bezplatni_": null, "podzona_nu": "-", "sf_rayon": "-"}, "geometry": {"type": "MultiPoint", "coordinates": [[23.32452612, 42.673222372]]}}, {"type": "Feature", "properties": {"id": 17370, "objectid": 23943.0, "park_txt": "Надлъжн", "zona": "Зелена зона", "mestopoloz": "бул. Джеймс Баучер", "georef_201": "2017", "vid_txt_20": "Зона", "zabelezhka": null, "obekt": null, "dogovor_sr": null, "dogovor_nu": null, "type": null, "bezplatni_": null, "podzona_nu": "-", "sf_rayon": "-"}, "geometry": {"type": "MultiPoint", "coordinates": [[23.324459292, 42.673202928]]}}, {"type": "Feature", "properties": {"id": 17378, "objectid": 23951.0, "park_txt": "Надлъжн", "zona": "Зелена зона", "mestopoloz": "бул. Джеймс Баучер", "georef_201": "2017", "vid_txt_20": "Зона", "zabelezhka": null, "obekt": null, "dogovor_sr": null, "dogovor_nu": null, "type": null, "bezplatni_": null, "podzona_nu": "-", "sf_rayon": "-"}, "geometry": {"type": "MultiPoint", "coordinates": [[23.325644194, 42.673661637]]}}, {"type": "Feature", "properties": {"id": 17379, "objectid": 23952.0, "park_txt": "Надлъжн", "zona": "Зелена зона", "mestopoloz": "бул. Джеймс Баучер", "georef_201": "2017", "vid_txt_20": "Зона", "zabelezhka": null, "obekt": null, "dogovor_sr": null, "dogovor_nu": null, "type": null, "bezplatni_": null, "podzona_nu": "-", "sf_rayon": "-"}, "geometry": {"type": "MultiPoint", "coordinates": [[23.325724286, 42.673683656]]}}, {"type": "Feature", "properties": {"id": 17380, "objectid": 23953.0, "park_txt": "Надлъжн", "zona": "Зелена зона", "mestopoloz": "бул. Джеймс Баучер", "georef_201": "2017", "vid_txt_20": "Зона", "zabelezhka": null, "obekt": null, "dogovor_sr": null, "dogovor_nu": null, "type": null, "bezplatni_": null, "podzona_nu": "-", "sf_rayon": "-"}, "geometry": {"type": "MultiPoint", "coordinates": [[23.32579878, 42.673704432]]}}, {"type": "Feature", "properties": {"id": 17381, "objectid": 23954.0, "park_txt": "Надлъжн", "zona": "Зелена зона", "mestopoloz": "бул. Джеймс Баучер", "georef_201": "2017", "vid_txt_20": "Зона", "zabelezhka": null, "obekt": null, "dogovor_sr": null, "dogovor_nu": null, "type": null, "bezplatni_": null, "podzona_nu": "-", "sf_rayon": "-"}, "geometry": {"type": "MultiPoint", "coordinates": [[23.325867784, 42.673723675]]}}, {"type": "Feature", "properties": {"id": 17382, "objectid": 23955.0, "park_txt": "Надлъжн", "zona": "Зелена зона", "mestopoloz": "бул. Джеймс Баучер", "georef_201": "2017", "vid_txt_20": "Зона", "zabelezhka": null, "obekt": null, "dogovor_sr": null, "dogovor_nu": null, "type": null, "bezplatni_": null, "podzona_nu": "-", "sf_rayon": "-"}, "geometry": {"type": "MultiPoint", "coordinates": [[23.325935858, 42.673742661]]}}, {"type": "Feature", "properties": {"id": 17383, "objectid": 23956.0, "park_txt": "Надлъжн", "zona": "Зелена зона", "mestopoloz": "бул. Джеймс Баучер", "georef_201": "2017", "vid_txt_20": "Зона", "zabelezhka": null, "obekt": null, "dogovor_sr": null, "dogovor_nu": null, "type": null, "bezplatni_": null, "podzona_nu": "-", "sf_rayon": "-"}, "geometry": {"type": "MultiPoint", "coordinates": [[23.326002098, 42.673761134]]}}, {"type": "Feature", "properties": {"id": 17384, "objectid": 23957.0, "park_txt": "Надлъжн", "zona": "Зелена зона", "mestopoloz": "бул. Джеймс Баучер", "georef_201": "2017", "vid_txt_20": "Зона", "zabelezhka": null, "obekt": null, "dogovor_sr": null, "dogovor_nu": null, "type": null, "bezplatni_": null, "podzona_nu": "-", "sf_rayon": "-"}, "geometry": {"type": "MultiPoint", "coordinates": [[23.326074492, 42.673781323]]}}, {"type": "Feature", "properties": {"id": 17385, "objectid": 23958.0, "park_txt": "Надлъжн", "zona": "Зелена зона", "mestopoloz": "бул. Джеймс Баучер", "georef_201": "2017", "vid_txt_20": "Зона", "zabelezhka": null, "obekt": null, "dogovor_sr": null, "dogovor_nu": null, "type": null, "bezplatni_": null, "podzona_nu": "-", "sf_rayon": "-"}, "geometry": {"type": "MultiPoint", "coordinates": [[23.326145945, 42.673801251]]}}, {"type": "Feature", "properties": {"id": 17386, "objectid": 23959.0, "park_txt": "Надлъжн", "zona": "Зелена зона", "mestopoloz": "бул. Джеймс Баучер", "georef_201": "2017", "vid_txt_20": "Зона", "zabelezhka": null, "obekt": null, "dogovor_sr": null, "dogovor_nu": null, "type": null, "bezplatni_": null, "podzona_nu": "-", "sf_rayon": "-"}, "geometry": {"type": "MultiPoint", "coordinates": [[23.325664121, 42.673550508]]}}, {"type": "Feature", "properties": {"id": 17387, "objectid": 23960.0, "park_txt": "Надлъжн", "zona": "Зелена зона", "mestopoloz": "бул. Джеймс Баучер", "georef_201": "2017", "vid_txt_20": "Зона", "zabelezhka": null, "obekt": null, "dogovor_sr": null, "dogovor_nu": null, "type": null, "bezplatni_": null, "podzona_nu": "-", "sf_rayon": "-"}, "geometry": {"type": "MultiPoint", "coordinates": [[23.3257383, 42.673571751]]}}, {"type": "Feature", "properties": {"id": 17388, "objectid": 23961.0, "park_txt": "Надлъжн", "zona": "Зелена зона", "mestopoloz": "бул. Джеймс Баучер", "georef_201": "2017", "vid_txt_20": "Зона", "zabelezhka": null, "obekt": null, "dogovor_sr": null, "dogovor_nu": null, "type": null, "bezplatni_": null, "podzona_nu": "-", "sf_rayon": "-"}, "geometry": {"type": "MultiPoint", "coordinates": [[23.325807148, 42.673591187]]}}, {"type": "Feature", "properties": {"id": 17389, "objectid": 23962.0, "park_txt": "Надлъжн", "zona": "Зелена зона", "mestopoloz": "бул. Джеймс Баучер", "georef_201": "2017", "vid_txt_20": "Зона", "zabelezhka": null, "obekt": null, "dogovor_sr": null, "dogovor_nu": null, "type": null, "bezplatni_": null, "podzona_nu": "-", "sf_rayon": "-"}, "geometry": {"type": "MultiPoint", "coordinates": [[23.325875119, 42.673610372]]}}, {"type": "Feature", "properties": {"id": 17390, "objectid": 23963.0, "park_txt": "Надлъжн", "zona": "Зелена зона", "mestopoloz": "бул. Джеймс Баучер", "georef_201": "2017", "vid_txt_20": "Зона", "zabelezhka": null, "obekt": null, "dogovor_sr": null, "dogovor_nu": null, "type": null, "bezplatni_": null, "podzona_nu": "-", "sf_rayon": "-"}, "geometry": {"type": "MultiPoint", "coordinates": [[23.325941267, 42.673629048]]}}, {"type": "Feature", "properties": {"id": 17391, "objectid": 23964.0, "park_txt": "Надлъжн", "zona": "Зелена зона", "mestopoloz": "бул. Джеймс Баучер", "georef_201": "2017", "vid_txt_20": "Зона", "zabelezhka": null, "obekt": null, "dogovor_sr": null, "dogovor_nu": null, "type": null, "bezplatni_": null, "podzona_nu": "-", "sf_rayon": "-"}, "geometry": {"type": "MultiPoint", "coordinates": [[23.326013482, 42.673649434]]}}, {"type": "Feature", "properties": {"id": 17392, "objectid": 23965.0, "park_txt": "Надлъжн", "zona": "Зелена зона", "mestopoloz": "бул. Джеймс Баучер", "georef_201": "2017", "vid_txt_20": "Зона", "zabelezhka": null, "obekt": null, "dogovor_sr": null, "dogovor_nu": null, "type": null, "bezplatni_": null, "podzona_nu": "-", "sf_rayon": "-"}, "geometry": {"type": "MultiPoint", "coordinates": [[23.326084766, 42.673669557]]}}, {"type": "Feature", "properties": {"id": 17393, "objectid": 23966.0, "park_txt": "Надлъжн", "zona": "Зелена зона", "mestopoloz": "бул. Джеймс Баучер", "georef_201": "2017", "vid_txt_20": "Зона", "zabelezhka": null, "obekt": null, "dogovor_sr": null, "dogovor_nu": null, "type": null, "bezplatni_": null, "podzona_nu": "-", "sf_rayon": "-"}, "geometry": {"type": "MultiPoint", "coordinates": [[23.326397018, 42.673754566]]}}, {"type": "Feature", "properties": {"id": 17394, "objectid": 23967.0, "park_txt": "Надлъжн", "zona": "Зелена зона", "mestopoloz": "бул. Джеймс Баучер", "georef_201": "2017", "vid_txt_20": "Зона", "zabelezhka": null, "obekt": null, "dogovor_sr": null, "dogovor_nu": null, "type": null, "bezplatni_": null, "podzona_nu": "-", "sf_rayon": "-"}, "geometry": {"type": "MultiPoint", "coordinates": [[23.326472123, 42.673776048]]}}, {"type": "Feature", "properties": {"id": 17395, "objectid": 23968.0, "park_txt": "Надлъжн", "zona": "Зелена зона", "mestopoloz": "бул. Джеймс Баучер", "georef_201": "2017", "vid_txt_20": "Зона", "zabelezhka": null, "obekt": null, "dogovor_sr": null, "dogovor_nu": null, "type": null, "bezplatni_": null, "podzona_nu": "-", "sf_rayon": "-"}, "geometry": {"type": "MultiPoint", "coordinates": [[23.326545835, 42.673797131]]}}, {"type": "Feature", "properties": {"id": 17396, "objectid": 23969.0, "park_txt": "Надлъжн", "zona": "Зелена зона", "mestopoloz": "бул. Джеймс Баучер", "georef_201": "2017", "vid_txt_20": "Зона", "zabelezhka": null, "obekt": null, "dogovor_sr": null, "dogovor_nu": null, "type": null, "bezplatni_": null, "podzona_nu": "-", "sf_rayon": "-"}, "geometry": {"type": "MultiPoint", "coordinates": [[23.326393265, 42.673870587]]}}, {"type": "Feature", "properties": {"id": 17397, "objectid": 23970.0, "park_txt": "Надлъжн", "zona": "Зелена зона", "mestopoloz": "бул. Джеймс Баучер", "georef_201": "2017", "vid_txt_20": "Зона", "zabelezhka": null, "obekt": null, "dogovor_sr": null, "dogovor_nu": null, "type": null, "bezplatni_": null, "podzona_nu": "-", "sf_rayon": "-"}, "geometry": {"type": "MultiPoint", "coordinates": [[23.326463647, 42.673890215]]}}, {"type": "Feature", "properties": {"id": 17398, "objectid": 23971.0, "park_txt": "Надлъжн", "zona": "Зелена зона", "mestopoloz": "бул. Джеймс Баучер", "georef_201": "2017", "vid_txt_20": "Зона", "zabelezhka": null, "obekt": null, "dogovor_sr": null, "dogovor_nu": null, "type": null, "bezplatni_": null, "podzona_nu": "-", "sf_rayon": "-"}, "geometry": {"type": "MultiPoint", "coordinates": [[23.326533326, 42.673909648]]}}, {"type": "Feature", "properties": {"id": 17399, "objectid": 23972.0, "park_txt": "Надлъжн", "zona": "Зелена зона", "mestopoloz": "бул. Джеймс Баучер", "georef_201": "2017", "vid_txt_20": "Зона", "zabelezhka": null, "obekt": null, "dogovor_sr": null, "dogovor_nu": null, "type": null, "bezplatni_": null, "podzona_nu": "-", "sf_rayon": "-"}, "geometry": {"type": "MultiPoint", "coordinates": [[23.326599829, 42.673928194]]}}, {"type": "Feature", "properties": {"id": 17400, "objectid": 23973.0, "park_txt": "Надлъжн", "zona": "Зелена зона", "mestopoloz": "бул. Джеймс Баучер", "georef_201": "2017", "vid_txt_20": "Зона", "zabelezhka": null, "obekt": null, "dogovor_sr": null, "dogovor_nu": null, "type": null, "bezplatni_": null, "podzona_nu": "-", "sf_rayon": "-"}, "geometry": {"type": "MultiPoint", "coordinates": [[23.326664693, 42.673946283]]}}, {"type": "Feature", "properties": {"id": 17401, "objectid": 23974.0, "park_txt": "Надлъжн", "zona": "Зелена зона", "mestopoloz": "бул. Джеймс Баучер", "georef_201": "2017", "vid_txt_20": "Зона", "zabelezhka": null, "obekt": null, "dogovor_sr": null, "dogovor_nu": null, "type": null, "bezplatni_": null, "podzona_nu": "-", "sf_rayon": "-"}, "geometry": {"type": "MultiPoint", "coordinates": [[23.326727759, 42.67396387]]}}, {"type": "Feature", "properties": {"id": 17402, "objectid": 23976.0, "park_txt": "Надлъжн", "zona": "Зелена зона", "mestopoloz": "бул. Джеймс Баучер", "georef_201": "2017", "vid_txt_20": "Зона", "zabelezhka": null, "obekt": null, "dogovor_sr": null, "dogovor_nu": null, "type": null, "bezplatni_": null, "podzona_nu": "-", "sf_rayon": "-"}, "geometry": {"type": "MultiPoint", "coordinates": [[23.326793389, 42.673981891]]}}, {"type": "Feature", "properties": {"id": 17403, "objectid": 23977.0, "park_txt": "Надлъжн", "zona": "Зелена зона", "mestopoloz": "бул. Джеймс Баучер", "georef_201": "2017", "vid_txt_20": "Зона", "zabelezhka": null, "obekt": null, "dogovor_sr": null, "dogovor_nu": null, "type": null, "bezplatni_": null, "podzona_nu": "-", "sf_rayon": "-"}, "geometry": {"type": "MultiPoint", "coordinates": [[23.326859298, 42.67399993]]}}, {"type": "Feature", "properties": {"id": 17404, "objectid": 23978.0, "park_txt": "Надлъжн", "zona": "Зелена зона", "mestopoloz": "бул. Джеймс Баучер", "georef_201": "2017", "vid_txt_20": "Зона", "zabelezhka": null, "obekt": null, "dogovor_sr": null, "dogovor_nu": null, "type": null, "bezplatni_": null, "podzona_nu": "-", "sf_rayon": "-"}, "geometry": {"type": "MultiPoint", "coordinates": [[23.32692479, 42.674017854]]}}, {"type": "Feature", "properties": {"id": 17405, "objectid": 23979.0, "park_txt": "Надлъжн", "zona": "Зелена зона", "mestopoloz": "бул. Джеймс Баучер", "georef_201": "2017", "vid_txt_20": "Зона", "zabelezhka": null, "obekt": null, "dogovor_sr": null, "dogovor_nu": null, "type": null, "bezplatni_": null, "podzona_nu": "-", "sf_rayon": "-"}, "geometry": {"type": "MultiPoint", "coordinates": [[23.326990333, 42.674035972]]}}, {"type": "Feature", "properties": {"id": 17406, "objectid": 23980.0, "park_txt": "Надлъжн", "zona": "Зелена зона", "mestopoloz": "бул. Джеймс Баучер", "georef_201": "2017", "vid_txt_20": "Зона", "zabelezhka": null, "obekt": null, "dogovor_sr": null, "dogovor_nu": null, "type": null, "bezplatni_": null, "podzona_nu": "-", "sf_rayon": "-"}, "geometry": {"type": "MultiPoint", "coordinates": [[23.327056703, 42.674054646]]}}, {"type": "Feature", "properties": {"id": 17407, "objectid": 23982.0, "park_txt": "Надлъжн", "zona": "Зелена зона", "mestopoloz": "бул. Джеймс Баучер", "georef_201": "2017", "vid_txt_20": "Зона", "zabelezhka": null, "obekt": null, "dogovor_sr": null, "dogovor_nu": null, "type": null, "bezplatni_": null, "podzona_nu": "-", "sf_rayon": "-"}, "geometry": {"type": "MultiPoint", "coordinates": [[23.327124734, 42.674073535]]}}, {"type": "Feature", "properties": {"id": 17408, "objectid": 23983.0, "park_txt": "Надлъжн", "zona": "Зелена зона", "mestopoloz": "бул. Джеймс Баучер", "georef_201": "2017", "vid_txt_20": "Зона", "zabelezhka": null, "obekt": null, "dogovor_sr": null, "dogovor_nu": null, "type": null, "bezplatni_": null, "podzona_nu": "-", "sf_rayon": "-"}, "geometry": {"type": "MultiPoint", "coordinates": [[23.327191262, 42.67409227]]}}, {"type": "Feature", "properties": {"id": 17409, "objectid": 23984.0, "park_txt": "Надлъжн", "zona": "Зелена зона", "mestopoloz": "бул. Джеймс Баучер", "georef_201": "2017", "vid_txt_20": "Зона", "zabelezhka": null, "obekt": null, "dogovor_sr": null, "dogovor_nu": null, "type": null, "bezplatni_": null, "podzona_nu": "-", "sf_rayon": "-"}, "geometry": {"type": "MultiPoint", "coordinates": [[23.327255892, 42.674110471]]}}, {"type": "Feature", "properties": {"id": 17410, "objectid": 23985.0, "park_txt": "Надлъжн", "zona": "Зелена зона", "mestopoloz": "бул. Джеймс Баучер", "georef_201": "2017", "vid_txt_20": "Зона", "zabelezhka": null, "obekt": null, "dogovor_sr": null, "dogovor_nu": null, "type": null, "bezplatni_": null, "podzona_nu": "-", "sf_rayon": "-"}, "geometry": {"type": "MultiPoint", "coordinates": [[23.327318773, 42.674128179]]}}, {"type": "Feature", "properties": {"id": 17411, "objectid": 23986.0, "park_txt": "Надлъжн", "zona": "Зелена зона", "mestopoloz": "бул. Джеймс Баучер", "georef_201": "2017", "vid_txt_20": "Зона", "zabelezhka": null, "obekt": null, "dogovor_sr": null, "dogovor_nu": null, "type": null, "bezplatni_": null, "podzona_nu": "-", "sf_rayon": "-"}, "geometry": {"type": "MultiPoint", "coordinates": [[23.327384394, 42.674146658]]}}, {"type": "Feature", "properties": {"id": 17412, "objectid": 23987.0, "park_txt": "Надлъжн", "zona": "Зелена зона", "mestopoloz": "бул. Джеймс Баучер", "georef_201": "2017", "vid_txt_20": "Зона", "zabelezhka": null, "obekt": null, "dogovor_sr": null, "dogovor_nu": null, "type": null, "bezplatni_": null, "podzona_nu": "-", "sf_rayon": "-"}, "geometry": {"type": "MultiPoint", "coordinates": [[23.32745005, 42.674165153]]}}, {"type": "Feature", "properties": {"id": 17413, "objectid": 23988.0, "park_txt": "Надлъжн", "zona": "Зелена зона", "mestopoloz": "бул. Джеймс Баучер", "georef_201": "2017", "vid_txt_20": "Зона", "zabelezhka": null, "obekt": null, "dogovor_sr": null, "dogovor_nu": null, "type": null, "bezplatni_": null, "podzona_nu": "-", "sf_rayon": "-"}, "geometry": {"type": "MultiPoint", "coordinates": [[23.327515088, 42.674183479]]}}, {"type": "Feature", "properties": {"id": 17414, "objectid": 23989.0, "park_txt": "Надлъжн", "zona": "Зелена зона", "mestopoloz": "бул. Джеймс Баучер", "georef_201": "2017", "vid_txt_20": "Зона", "zabelezhka": null, "obekt": null, "dogovor_sr": null, "dogovor_nu": null, "type": null, "bezplatni_": null, "podzona_nu": "-", "sf_rayon": "-"}, "geometry": {"type": "MultiPoint", "coordinates": [[23.327580588, 42.674201934]]}}, {"type": "Feature", "properties": {"id": 17415, "objectid": 23990.0, "park_txt": "Надлъжн", "zona": "Зелена зона", "mestopoloz": "бул. Джеймс Баучер", "georef_201": "2017", "vid_txt_20": "Зона", "zabelezhka": null, "obekt": null, "dogovor_sr": null, "dogovor_nu": null, "type": null, "bezplatni_": null, "podzona_nu": "-", "sf_rayon": "-"}, "geometry": {"type": "MultiPoint", "coordinates": [[23.32764613, 42.674220402]]}}, {"type": "Feature", "properties": {"id": 17416, "objectid": 23991.0, "park_txt": "Надлъжн", "zona": "Зелена зона", "mestopoloz": "бул. Джеймс Баучер", "georef_201": "2017", "vid_txt_20": "Зона", "zabelezhka": null, "obekt": null, "dogovor_sr": null, "dogovor_nu": null, "type": null, "bezplatni_": null, "podzona_nu": "-", "sf_rayon": "-"}, "geometry": {"type": "MultiPoint", "coordinates": [[23.327714716, 42.674239727]]}}, {"type": "Feature", "properties": {"id": 17417, "objectid": 23992.0, "park_txt": "Надлъжн", "zona": "Зелена зона", "mestopoloz": "бул. Джеймс Баучер", "georef_201": "2017", "vid_txt_20": "Зона", "zabelezhka": null, "obekt": null, "dogovor_sr": null, "dogovor_nu": null, "type": null, "bezplatni_": null, "podzona_nu": "-", "sf_rayon": "-"}, "geometry": {"type": "MultiPoint", "coordinates": [[23.326762963, 42.673857726]]}}, {"type": "Feature", "properties": {"id": 17418, "objectid": 23993.0, "park_txt": "Надлъжн", "zona": "Зелена зона", "mestopoloz": "бул. Джеймс Баучер", "georef_201": "2017", "vid_txt_20": "Зона", "zabelezhka": null, "obekt": null, "dogovor_sr": null, "dogovor_nu": null, "type": null, "bezplatni_": null, "podzona_nu": "-", "sf_rayon": "-"}, "geometry": {"type": "MultiPoint", "coordinates": [[23.326828873, 42.673875765]]}}, {"type": "Feature", "properties": {"id": 17419, "objectid": 23994.0, "park_txt": "Надлъжн", "zona": "Зелена зона", "mestopoloz": "бул. Джеймс Баучер", "georef_201": "2017", "vid_txt_20": "Зона", "zabelezhka": null, "obekt": null, "dogovor_sr": null, "dogovor_nu": null, "type": null, "bezplatni_": null, "podzona_nu": "-", "sf_rayon": "-"}, "geometry": {"type": "MultiPoint", "coordinates": [[23.326894365, 42.673893689]]}}, {"type": "Feature", "properties": {"id": 17420, "objectid": 23995.0, "park_txt": "Надлъжн", "zona": "Зелена зона", "mestopoloz": "бул. Джеймс Баучер", "georef_201": "2017", "vid_txt_20": "Зона", "zabelezhka": null, "obekt": null, "dogovor_sr": null, "dogovor_nu": null, "type": null, "bezplatni_": null, "podzona_nu": "-", "sf_rayon": "-"}, "geometry": {"type": "MultiPoint", "coordinates": [[23.326959907, 42.673911807]]}}, {"type": "Feature", "properties": {"id": 17421, "objectid": 23996.0, "park_txt": "Надлъжн", "zona": "Зелена зона", "mestopoloz": "бул. Джеймс Баучер", "georef_201": "2017", "vid_txt_20": "Зона", "zabelezhka": null, "obekt": null, "dogovor_sr": null, "dogovor_nu": null, "type": null, "bezplatni_": null, "podzona_nu": "-", "sf_rayon": "-"}, "geometry": {"type": "MultiPoint", "coordinates": [[23.327026277, 42.673930482]]}}, {"type": "Feature", "properties": {"id": 17422, "objectid": 23997.0, "park_txt": "Надлъжн", "zona": "Зелена зона", "mestopoloz": "бул. Джеймс Баучер", "georef_201": "2017", "vid_txt_20": "Зона", "zabelezhka": null, "obekt": null, "dogovor_sr": null, "dogovor_nu": null, "type": null, "bezplatni_": null, "podzona_nu": "-", "sf_rayon": "-"}, "geometry": {"type": "MultiPoint", "coordinates": [[23.327096569, 42.673950294]]}}, {"type": "Feature", "properties": {"id": 17423, "objectid": 23998.0, "park_txt": "Надлъжн", "zona": "Зелена зона", "mestopoloz": "бул. Джеймс Баучер", "georef_201": "2017", "vid_txt_20": "Зона", "zabelezhka": null, "obekt": null, "dogovor_sr": null, "dogovor_nu": null, "type": null, "bezplatni_": null, "podzona_nu": "-", "sf_rayon": "-"}, "geometry": {"type": "MultiPoint", "coordinates": [[23.327166112, 42.673969877]]}}, {"type": "Feature", "properties": {"id": 17424, "objectid": 23999.0, "park_txt": "Надлъжн", "zona": "Зелена зона", "mestopoloz": "бул. Джеймс Баучер", "georef_201": "2017", "vid_txt_20": "Зона", "zabelezhka": null, "obekt": null, "dogovor_sr": null, "dogovor_nu": null, "type": null, "bezplatni_": null, "podzona_nu": "-", "sf_rayon": "-"}, "geometry": {"type": "MultiPoint", "coordinates": [[23.327283023, 42.674003435]]}}, {"type": "Feature", "properties": {"id": 17425, "objectid": 24000.0, "park_txt": "Надлъжн", "zona": "Зелена зона", "mestopoloz": "бул. Джеймс Баучер", "georef_201": "2017", "vid_txt_20": "Зона", "zabelezhka": null, "obekt": null, "dogovor_sr": null, "dogovor_nu": null, "type": null, "bezplatni_": null, "podzona_nu": "-", "sf_rayon": "-"}, "geometry": {"type": "MultiPoint", "coordinates": [[23.327348566, 42.674021553]]}}, {"type": "Feature", "properties": {"id": 17426, "objectid": 24001.0, "park_txt": "Надлъжн", "zona": "Зелена зона", "mestopoloz": "бул. Джеймс Баучер", "georef_201": "2017", "vid_txt_20": "Зона", "zabelezhka": null, "obekt": null, "dogovor_sr": null, "dogovor_nu": null, "type": null, "bezplatni_": null, "podzona_nu": "-", "sf_rayon": "-"}, "geometry": {"type": "MultiPoint", "coordinates": [[23.327414936, 42.674040227]]}}, {"type": "Feature", "properties": {"id": 17427, "objectid": 24002.0, "park_txt": "Надлъжн", "zona": "Зелена зона", "mestopoloz": "бул. Джеймс Баучер", "georef_201": "2017", "vid_txt_20": "Зона", "zabelezhka": null, "obekt": null, "dogovor_sr": null, "dogovor_nu": null, "type": null, "bezplatni_": null, "podzona_nu": "-", "sf_rayon": "-"}, "geometry": {"type": "MultiPoint", "coordinates": [[23.327485228, 42.674060038]]}}, {"type": "Feature", "properties": {"id": 17428, "objectid": 24003.0, "park_txt": "Надлъжн", "zona": "Зелена зона", "mestopoloz": "бул. Джеймс Баучер", "georef_201": "2017", "vid_txt_20": "Зона", "zabelezhka": null, "obekt": null, "dogovor_sr": null, "dogovor_nu": null, "type": null, "bezplatni_": null, "podzona_nu": "-", "sf_rayon": "-"}, "geometry": {"type": "MultiPoint", "coordinates": [[23.327554772, 42.674079622]]}}, {"type": "Feature", "properties": {"id": 17429, "objectid": 24004.0, "park_txt": "Надлъжн", "zona": "Зелена зона", "mestopoloz": "бул. Джеймс Баучер", "georef_201": "2017", "vid_txt_20": "Зона", "zabelezhka": null, "obekt": null, "dogovor_sr": null, "dogovor_nu": null, "type": null, "bezplatni_": null, "podzona_nu": "-", "sf_rayon": "-"}, "geometry": {"type": "MultiPoint", "coordinates": [[23.328197476, 42.674260171]]}}, {"type": "Feature", "properties": {"id": 17430, "objectid": 24005.0, "park_txt": "Надлъжн", "zona": "Зелена зона", "mestopoloz": "бул. Джеймс Баучер", "georef_201": "2017", "vid_txt_20": "Зона", "zabelezhka": null, "obekt": null, "dogovor_sr": null, "dogovor_nu": null, "type": null, "bezplatni_": null, "podzona_nu": "-", "sf_rayon": "-"}, "geometry": {"type": "MultiPoint", "coordinates": [[23.328130417, 42.674241268]]}}, {"type": "Feature", "properties": {"id": 17431, "objectid": 24006.0, "park_txt": "Надлъжн", "zona": "Зелена зона", "mestopoloz": "бул. Джеймс Баучер", "georef_201": "2017", "vid_txt_20": "Зона", "zabelezhka": null, "obekt": null, "dogovor_sr": null, "dogovor_nu": null, "type": null, "bezplatni_": null, "podzona_nu": "-", "sf_rayon": "-"}, "geometry": {"type": "MultiPoint", "coordinates": [[23.328062796, 42.674222207]]}}, {"type": "Feature", "properties": {"id": 17432, "objectid": 24007.0, "park_txt": "Надлъжн", "zona": "Зелена зона", "mestopoloz": "бул. Джеймс Баучер", "georef_201": "2017", "vid_txt_20": "Зона", "zabelezhka": null, "obekt": null, "dogovor_sr": null, "dogovor_nu": null, "type": null, "bezplatni_": null, "podzona_nu": "-", "sf_rayon": "-"}, "geometry": {"type": "MultiPoint", "coordinates": [[23.327995123, 42.67420313]]}}, {"type": "Feature", "properties": {"id": 17433, "objectid": 24008.0, "park_txt": "Надлъжн", "zona": "Зелена зона", "mestopoloz": "бул. Джеймс Баучер", "georef_201": "2017", "vid_txt_20": "Зона", "zabelezhka": null, "obekt": null, "dogovor_sr": null, "dogovor_nu": null, "type": null, "bezplatni_": null, "podzona_nu": "-", "sf_rayon": "-"}, "geometry": {"type": "MultiPoint", "coordinates": [[23.327846912, 42.674162327]]}}, {"type": "Feature", "properties": {"id": 17434, "objectid": 24009.0, "park_txt": "Надлъжн", "zona": "Зелена зона", "mestopoloz": "бул. Джеймс Баучер", "georef_201": "2017", "vid_txt_20": "Зона", "zabelezhka": null, "obekt": null, "dogovor_sr": null, "dogovor_nu": null, "type": null, "bezplatni_": null, "podzona_nu": "-", "sf_rayon": "-"}, "geometry": {"type": "MultiPoint", "coordinates": [[23.327914855, 42.674180917]]}}, {"type": "Feature", "properties": {"id": 17435, "objectid": 24010.0, "park_txt": "Надлъжн", "zona": "Зелена зона", "mestopoloz": "бул. Джеймс Баучер", "georef_201": "2017", "vid_txt_20": "Зона", "zabelezhka": null, "obekt": null, "dogovor_sr": null, "dogovor_nu": null, "type": null, "bezplatni_": null, "podzona_nu": "-", "sf_rayon": "-"}, "geometry": {"type": "MultiPoint", "coordinates": [[23.327987433, 42.674317281]]}}, {"type": "Feature", "properties": {"id": 17436, "objectid": 24011.0, "park_txt": "Надлъжн", "zona": "Зелена зона", "mestopoloz": "бул. Джеймс Баучер", "georef_201": "2017", "vid_txt_20": "Зона", "zabelezhka": null, "obekt": null, "dogovor_sr": null, "dogovor_nu": null, "type": null, "bezplatni_": null, "podzona_nu": "-", "sf_rayon": "-"}, "geometry": {"type": "MultiPoint", "coordinates": [[23.328052974, 42.674335749]]}}, {"type": "Feature", "properties": {"id": 17437, "objectid": 24012.0, "park_txt": "Надлъжн", "zona": "Зелена зона", "mestopoloz": "бул. Джеймс Баучер", "georef_201": "2017", "vid_txt_20": "Зона", "zabelezhka": null, "obekt": null, "dogovor_sr": null, "dogovor_nu": null, "type": null, "bezplatni_": null, "podzona_nu": "-", "sf_rayon": "-"}, "geometry": {"type": "MultiPoint", "coordinates": [[23.328121562, 42.674355074]]}}, {"type": "Feature", "properties": {"id": 17476, "objectid": 24053.0, "park_txt": "Надлъжн", "zona": "Зелена зона", "mestopoloz": "ул. Черноризец Храбър", "georef_201": "2017", "vid_txt_20": "Зона", "zabelezhka": null, "obekt": null, "dogovor_sr": null, "dogovor_nu": null, "type": null, "bezplatni_": null, "podzona_nu": "-", "sf_rayon": "-"}, "geometry": {"type": "MultiPoint", "coordinates": [[23.327012298, 42.676696647]]}}, {"type": "Feature", "properties": {"id": 17477, "objectid": 24054.0, "park_txt": "Надлъжн", "zona": "Зелена зона", "mestopoloz": "ул. Черноризец Храбър", "georef_201": "2017", "vid_txt_20": "Зона", "zabelezhka": null, "obekt": null, "dogovor_sr": null, "dogovor_nu": null, "type": null, "bezplatni_": null, "podzona_nu": "-", "sf_rayon": "-"}, "geometry": {"type": "MultiPoint", "coordinates": [[23.32708766, 42.676695043]]}}, {"type": "Feature", "properties": {"id": 17478, "objectid": 24055.0, "park_txt": "Надлъжн", "zona": "Зелена зона", "mestopoloz": "ул. Черноризец Храбър", "georef_201": "2017", "vid_txt_20": "Зона", "zabelezhka": null, "obekt": null, "dogovor_sr": null, "dogovor_nu": null, "type": null, "bezplatni_": null, "podzona_nu": "-", "sf_rayon": "-"}, "geometry": {"type": "MultiPoint", "coordinates": [[23.327161423, 42.676693473]]}}, {"type": "Feature", "properties": {"id": 17479, "objectid": 24056.0, "park_txt": "Надлъжн", "zona": "Зелена зона", "mestopoloz": "ул. Черноризец Храбър", "georef_201": "2017", "vid_txt_20": "Зона", "zabelezhka": null, "obekt": null, "dogovor_sr": null, "dogovor_nu": null, "type": null, "bezplatni_": null, "podzona_nu": "-", "sf_rayon": "-"}, "geometry": {"type": "MultiPoint", "coordinates": [[23.327235478, 42.676691897]]}}, {"type": "Feature", "properties": {"id": 17480, "objectid": 24057.0, "park_txt": "Надлъжн", "zona": "Зелена зона", "mestopoloz": "ул. Черноризец Храбър", "georef_201": "2017", "vid_txt_20": "Зона", "zabelezhka": null, "obekt": null, "dogovor_sr": null, "dogovor_nu": null, "type": null, "bezplatni_": null, "podzona_nu": "-", "sf_rayon": "-"}, "geometry": {"type": "MultiPoint", "coordinates": [[23.327317507, 42.676689917]]}}, {"type": "Feature", "properties": {"id": 17481, "objectid": 24058.0, "park_txt": "Надлъжн", "zona": "Зелена зона", "mestopoloz": "ул. Черноризец Храбър", "georef_201": "2017", "vid_txt_20": "Зона", "zabelezhka": null, "obekt": null, "dogovor_sr": null, "dogovor_nu": null, "type": null, "bezplatni_": null, "podzona_nu": "-", "sf_rayon": "-"}, "geometry": {"type": "MultiPoint", "coordinates": [[23.327394721, 42.676688274]]}}, {"type": "Feature", "properties": {"id": 17482, "objectid": 24059.0, "park_txt": "Надлъжн", "zona": "Зелена зона", "mestopoloz": "ул. Черноризец Храбър", "georef_201": "2017", "vid_txt_20": "Зона", "zabelezhka": null, "obekt": null, "dogovor_sr": null, "dogovor_nu": null, "type": null, "bezplatni_": null, "podzona_nu": "-", "sf_rayon": "-"}, "geometry": {"type": "MultiPoint", "coordinates": [[23.327474157, 42.676686584]]}}, {"type": "Feature", "properties": {"id": 17483, "objectid": 24060.0, "park_txt": "Надлъжн", "zona": "Зелена зона", "mestopoloz": "ул. Черноризец Храбър", "georef_201": "2017", "vid_txt_20": "Зона", "zabelezhka": null, "obekt": null, "dogovor_sr": null, "dogovor_nu": null, "type": null, "bezplatni_": null, "podzona_nu": "-", "sf_rayon": "-"}, "geometry": {"type": "MultiPoint", "coordinates": [[23.327547497, 42.676685083]]}}, {"type": "Feature", "properties": {"id": 17484, "objectid": 24061.0, "park_txt": "Надлъжн", "zona": "Зелена зона", "mestopoloz": "ул. Черноризец Храбър", "georef_201": "2017", "vid_txt_20": "Зона", "zabelezhka": null, "obekt": null, "dogovor_sr": null, "dogovor_nu": null, "type": null, "bezplatni_": null, "podzona_nu": "-", "sf_rayon": "-"}, "geometry": {"type": "MultiPoint", "coordinates": [[23.327615813, 42.676683794]]}}, {"type": "Feature", "properties": {"id": 17485, "objectid": 24062.0, "park_txt": "Напречн", "zona": "Зелена зона", "mestopoloz": "ул. Черноризец Храбър", "georef_201": "2017", "vid_txt_20": "Зона", "zabelezhka": null, "obekt": null, "dogovor_sr": null, "dogovor_nu": null, "type": null, "bezplatni_": null, "podzona_nu": "-", "sf_rayon": "-"}, "geometry": {"type": "MultiPoint", "coordinates": [[23.328275398, 42.676671345]]}}, {"type": "Feature", "properties": {"id": 17486, "objectid": 24063.0, "park_txt": "Надлъжн", "zona": "Зелена зона", "mestopoloz": "ул. Черноризец Храбър", "georef_201": "2017", "vid_txt_20": "Зона", "zabelezhka": null, "obekt": null, "dogovor_sr": null, "dogovor_nu": null, "type": null, "bezplatni_": null, "podzona_nu": "-", "sf_rayon": "-"}, "geometry": {"type": "MultiPoint", "coordinates": [[23.327691799, 42.67668236]]}}, {"type": "Feature", "properties": {"id": 17487, "objectid": 24064.0, "park_txt": "Надлъжн", "zona": "Зелена зона", "mestopoloz": "ул. Черноризец Храбър", "georef_201": "2017", "vid_txt_20": "Зона", "zabelezhka": null, "obekt": null, "dogovor_sr": null, "dogovor_nu": null, "type": null, "bezplatni_": null, "podzona_nu": "-", "sf_rayon": "-"}, "geometry": {"type": "MultiPoint", "coordinates": [[23.326937016, 42.676698015]]}}, {"type": "Feature", "properties": {"id": 17488, "objectid": 24065.0, "park_txt": "Напречн", "zona": "Зелена зона", "mestopoloz": "ул. Черноризец Храбър", "georef_201": "2017", "vid_txt_20": "ПИМ", "zabelezhka": "-", "obekt": "-", "dogovor_sr": "-", "dogovor_nu": "-", "type": "-", "bezplatni_": "-", "podzona_nu": "-", "sf_rayon": "-"}, "geometry": {"type": "MultiPoint", "coordinates": [[23.327903424, 42.676678366]]}}, {"type": "Feature", "properties": {"id": 17489, "objectid": 24069.0, "park_txt": "Напречн", "zona": "Зелена зона", "mestopoloz": "ул. Черноризец Храбър", "georef_201": "2017", "vid_txt_20": "Зона", "zabelezhka": null, "obekt": null, "dogovor_sr": null, "dogovor_nu": null, "type": null, "bezplatni_": null, "podzona_nu": "-", "sf_rayon": "-"}, "geometry": {"type": "MultiPoint", "coordinates": [[23.328245421, 42.676671911]]}}, {"type": "Feature", "properties": {"id": 17490, "objectid": 24077.0, "park_txt": "Надлъжн", "zona": "Зелена зона", "mestopoloz": "ул. Света гора", "georef_201": "2017", "vid_txt_20": "Зона", "zabelezhka": null, "obekt": null, "dogovor_sr": null, "dogovor_nu": null, "type": null, "bezplatni_": null, "podzona_nu": "-", "sf_rayon": "-"}, "geometry": {"type": "MultiPoint", "coordinates": [[23.329391721, 42.676561777]]}}, {"type": "Feature", "properties": {"id": 17491, "objectid": 24078.0, "park_txt": "Надлъжн", "zona": "Зелена зона", "mestopoloz": "ул. Света гора", "georef_201": "2017", "vid_txt_20": "Зона", "zabelezhka": null, "obekt": null, "dogovor_sr": null, "dogovor_nu": null, "type": null, "bezplatni_": null, "podzona_nu": "-", "sf_rayon": "-"}, "geometry": {"type": "MultiPoint", "coordinates": [[23.3293853, 42.676618354]]}}, {"type": "Feature", "properties": {"id": 17492, "objectid": 24079.0, "park_txt": "Надлъжн", "zona": "Зелена зона", "mestopoloz": "ул. Света гора", "georef_201": "2017", "vid_txt_20": "Зона", "zabelezhka": null, "obekt": null, "dogovor_sr": null, "dogovor_nu": null, "type": null, "bezplatni_": null, "podzona_nu": "-", "sf_rayon": "-"}, "geometry": {"type": "MultiPoint", "coordinates": [[23.3293833, 42.676675645]]}}, {"type": "Feature", "properties": {"id": 17493, "objectid": 24080.0, "park_txt": "Надлъжн", "zona": "Зелена зона", "mestopoloz": "ул. Света гора", "georef_201": "2017", "vid_txt_20": "Зона", "zabelezhka": null, "obekt": null, "dogovor_sr": null, "dogovor_nu": null, "type": null, "bezplatni_": null, "podzona_nu": "-", "sf_rayon": "-"}, "geometry": {"type": "MultiPoint", "coordinates": [[23.329383253, 42.676734035]]}}, {"type": "Feature", "properties": {"id": 17494, "objectid": 24081.0, "park_txt": "Надлъжн", "zona": "Зелена зона", "mestopoloz": "ул. Света гора", "georef_201": "2017", "vid_txt_20": "Зона", "zabelezhka": null, "obekt": null, "dogovor_sr": null, "dogovor_nu": null, "type": null, "bezplatni_": null, "podzona_nu": "-", "sf_rayon": "-"}, "geometry": {"type": "MultiPoint", "coordinates": [[23.329387394, 42.676793327]]}}, {"type": "Feature", "properties": {"id": 17495, "objectid": 24082.0, "park_txt": "Надлъжн", "zona": "Зелена зона", "mestopoloz": "ул. Света гора", "georef_201": "2017", "vid_txt_20": "Зона", "zabelezhka": null, "obekt": null, "dogovor_sr": null, "dogovor_nu": null, "type": null, "bezplatni_": null, "podzona_nu": "-", "sf_rayon": "-"}, "geometry": {"type": "MultiPoint", "coordinates": [[23.329391865, 42.676848067]]}}, {"type": "Feature", "properties": {"id": 17496, "objectid": 24083.0, "park_txt": "Надлъжн", "zona": "Зелена зона", "mestopoloz": "ул. Света гора", "georef_201": "2017", "vid_txt_20": "Зона", "zabelezhka": null, "obekt": null, "dogovor_sr": null, "dogovor_nu": null, "type": null, "bezplatni_": null, "podzona_nu": "-", "sf_rayon": "-"}, "geometry": {"type": "MultiPoint", "coordinates": [[23.329398634, 42.676907458]]}}, {"type": "Feature", "properties": {"id": 17497, "objectid": 24084.0, "park_txt": "Надлъжн", "zona": "Зелена зона", "mestopoloz": "ул. Света гора", "georef_201": "2017", "vid_txt_20": "Зона", "zabelezhka": null, "obekt": null, "dogovor_sr": null, "dogovor_nu": null, "type": null, "bezplatni_": null, "podzona_nu": "-", "sf_rayon": "-"}, "geometry": {"type": "MultiPoint", "coordinates": [[23.329407868, 42.676966506]]}}, {"type": "Feature", "properties": {"id": 17498, "objectid": 24085.0, "park_txt": "Надлъжн", "zona": "Зелена зона", "mestopoloz": "ул. Света гора", "georef_201": "2017", "vid_txt_20": "Зона", "zabelezhka": null, "obekt": null, "dogovor_sr": null, "dogovor_nu": null, "type": null, "bezplatni_": null, "podzona_nu": "-", "sf_rayon": "-"}, "geometry": {"type": "MultiPoint", "coordinates": [[23.329421545, 42.677036397]]}}, {"type": "Feature", "properties": {"id": 17499, "objectid": 24086.0, "park_txt": "Надлъжн", "zona": "Зелена зона", "mestopoloz": "ул. Света гора", "georef_201": "2017", "vid_txt_20": "Зона", "zabelezhka": null, "obekt": null, "dogovor_sr": null, "dogovor_nu": null, "type": null, "bezplatni_": null, "podzona_nu": "-", "sf_rayon": "-"}, "geometry": {"type": "MultiPoint", "coordinates": [[23.329434707, 42.67710881]]}}, {"type": "Feature", "properties": {"id": 17500, "objectid": 24087.0, "park_txt": "Надлъжн", "zona": "Зелена зона", "mestopoloz": "ул. Презвитер Козма", "georef_201": "2017", "vid_txt_20": "Зона", "zabelezhka": null, "obekt": null, "dogovor_sr": null, "dogovor_nu": null, "type": null, "bezplatni_": null, "podzona_nu": "-", "sf_rayon": "-"}, "geometry": {"type": "MultiPoint", "coordinates": [[23.327302397, 42.675755421]]}}, {"type": "Feature", "properties": {"id": 17501, "objectid": 24088.0, "park_txt": "Надлъжн", "zona": "Зелена зона", "mestopoloz": "ул. Презвитер Козма", "georef_201": "2017", "vid_txt_20": "Зона", "zabelezhka": null, "obekt": null, "dogovor_sr": null, "dogovor_nu": null, "type": null, "bezplatni_": null, "podzona_nu": "-", "sf_rayon": "-"}, "geometry": {"type": "MultiPoint", "coordinates": [[23.327364794, 42.675783624]]}}, {"type": "Feature", "properties": {"id": 17502, "objectid": 24089.0, "park_txt": "Надлъжн", "zona": "Зелена зона", "mestopoloz": "ул. Презвитер Козма", "georef_201": "2017", "vid_txt_20": "Зона", "zabelezhka": null, "obekt": null, "dogovor_sr": null, "dogovor_nu": null, "type": null, "bezplatni_": null, "podzona_nu": "-", "sf_rayon": "-"}, "geometry": {"type": "MultiPoint", "coordinates": [[23.327424365, 42.67581055]]}}, {"type": "Feature", "properties": {"id": 17503, "objectid": 24090.0, "park_txt": "Надлъжн", "zona": "Зелена зона", "mestopoloz": "ул. Презвитер Козма", "georef_201": "2017", "vid_txt_20": "Зона", "zabelezhka": null, "obekt": null, "dogovor_sr": null, "dogovor_nu": null, "type": null, "bezplatni_": null, "podzona_nu": "-", "sf_rayon": "-"}, "geometry": {"type": "MultiPoint", "coordinates": [[23.327484934, 42.675837926]]}}, {"type": "Feature", "properties": {"id": 17504, "objectid": 24091.0, "park_txt": "Надлъжн", "zona": "Зелена зона", "mestopoloz": "ул. Презвитер Козма", "georef_201": "2017", "vid_txt_20": "Зона", "zabelezhka": null, "obekt": null, "dogovor_sr": null, "dogovor_nu": null, "type": null, "bezplatni_": null, "podzona_nu": "-", "sf_rayon": "-"}, "geometry": {"type": "MultiPoint", "coordinates": [[23.327549749, 42.675867222]]}}, {"type": "Feature", "properties": {"id": 17505, "objectid": 24092.0, "park_txt": "Надлъжн", "zona": "Зелена зона", "mestopoloz": "ул. Презвитер Козма", "georef_201": "2017", "vid_txt_20": "Зона", "zabelezhka": null, "obekt": null, "dogovor_sr": null, "dogovor_nu": null, "type": null, "bezplatni_": null, "podzona_nu": "-", "sf_rayon": "-"}, "geometry": {"type": "MultiPoint", "coordinates": [[23.327895143, 42.676022507]]}}, {"type": "Feature", "properties": {"id": 17506, "objectid": 24093.0, "park_txt": "Надлъжн", "zona": "Зелена зона", "mestopoloz": "ул. Презвитер Козма", "georef_201": "2017", "vid_txt_20": "Зона", "zabelezhka": null, "obekt": null, "dogovor_sr": null, "dogovor_nu": null, "type": null, "bezplatni_": null, "podzona_nu": "-", "sf_rayon": "-"}, "geometry": {"type": "MultiPoint", "coordinates": [[23.327652065, 42.675913468]]}}, {"type": "Feature", "properties": {"id": 17507, "objectid": 24094.0, "park_txt": "Надлъжн", "zona": "Зелена зона", "mestopoloz": "ул. Презвитер Козма", "georef_201": "2017", "vid_txt_20": "Зона", "zabelezhka": null, "obekt": null, "dogovor_sr": null, "dogovor_nu": null, "type": null, "bezplatni_": null, "podzona_nu": "-", "sf_rayon": "-"}, "geometry": {"type": "MultiPoint", "coordinates": [[23.327715094, 42.675941957]]}}, {"type": "Feature", "properties": {"id": 17508, "objectid": 24095.0, "park_txt": "Надлъжн", "zona": "Зелена зона", "mestopoloz": "ул. Презвитер Козма", "georef_201": "2017", "vid_txt_20": "Зона", "zabelezhka": null, "obekt": null, "dogovor_sr": null, "dogovor_nu": null, "type": null, "bezplatni_": null, "podzona_nu": "-", "sf_rayon": "-"}, "geometry": {"type": "MultiPoint", "coordinates": [[23.32777525, 42.675969119]]}}, {"type": "Feature", "properties": {"id": 17509, "objectid": 24096.0, "park_txt": "Надлъжн", "zona": "Зелена зона", "mestopoloz": "ул. Презвитер Козма", "georef_201": "2017", "vid_txt_20": "Зона", "zabelezhka": null, "obekt": null, "dogovor_sr": null, "dogovor_nu": null, "type": null, "bezplatni_": null, "podzona_nu": "-", "sf_rayon": "-"}, "geometry": {"type": "MultiPoint", "coordinates": [[23.327835537, 42.675995964]]}}, {"type": "Feature", "properties": {"id": 17510, "objectid": 24097.0, "park_txt": "Надлъжн", "zona": "Зелена зона", "mestopoloz": "ул. Презвитер Козма", "georef_201": "2017", "vid_txt_20": "Зона", "zabelezhka": null, "obekt": null, "dogovor_sr": null, "dogovor_nu": null, "type": null, "bezplatni_": null, "podzona_nu": "-", "sf_rayon": "-"}, "geometry": {"type": "MultiPoint", "coordinates": [[23.328003459, 42.676070713]]}}, {"type": "Feature", "properties": {"id": 17511, "objectid": 24098.0, "park_txt": "Надлъжн", "zona": "Зелена зона", "mestopoloz": "ул. Презвитер Козма", "georef_201": "2017", "vid_txt_20": "Зона", "zabelezhka": null, "obekt": null, "dogovor_sr": null, "dogovor_nu": null, "type": null, "bezplatni_": null, "podzona_nu": "-", "sf_rayon": "-"}, "geometry": {"type": "MultiPoint", "coordinates": [[23.328066642, 42.676098747]]}}, {"type": "Feature", "properties": {"id": 17512, "objectid": 24099.0, "park_txt": "Надлъжн", "zona": "Зелена зона", "mestopoloz": "ул. Презвитер Козма", "georef_201": "2017", "vid_txt_20": "Зона", "zabelezhka": null, "obekt": null, "dogovor_sr": null, "dogovor_nu": null, "type": null, "bezplatni_": null, "podzona_nu": "-", "sf_rayon": "-"}, "geometry": {"type": "MultiPoint", "coordinates": [[23.328126287, 42.67612521]]}}, {"type": "Feature", "properties": {"id": 17513, "objectid": 24100.0, "park_txt": "Надлъжн", "zona": "Зелена зона", "mestopoloz": "ул. Презвитер Козма", "georef_201": "2017", "vid_txt_20": "Зона", "zabelezhka": null, "obekt": null, "dogovor_sr": null, "dogovor_nu": null, "type": null, "bezplatni_": null, "podzona_nu": "-", "sf_rayon": "-"}, "geometry": {"type": "MultiPoint", "coordinates": [[23.328183553, 42.676150619]]}}, {"type": "Feature", "properties": {"id": 17514, "objectid": 24101.0, "park_txt": "Надлъжн", "zona": "Зелена зона", "mestopoloz": "ул. Презвитер Козма", "georef_201": "2017", "vid_txt_20": "Зона", "zabelezhka": null, "obekt": null, "dogovor_sr": null, "dogovor_nu": null, "type": null, "bezplatni_": null, "podzona_nu": "-", "sf_rayon": "-"}, "geometry": {"type": "MultiPoint", "coordinates": [[23.328243137, 42.676177055]]}}, {"type": "Feature", "properties": {"id": 17515, "objectid": 24102.0, "park_txt": "Надлъжн", "zona": "Зелена зона", "mestopoloz": "ул. Презвитер Козма", "georef_201": "2017", "vid_txt_20": "Зона", "zabelezhka": null, "obekt": null, "dogovor_sr": null, "dogovor_nu": null, "type": null, "bezplatni_": null, "podzona_nu": "-", "sf_rayon": "-"}, "geometry": {"type": "MultiPoint", "coordinates": [[23.328301275, 42.676202851]]}}, {"type": "Feature", "properties": {"id": 17516, "objectid": 24103.0, "park_txt": "Надлъжн", "zona": "Зелена зона", "mestopoloz": "ул. Презвитер Козма", "georef_201": "2017", "vid_txt_20": "Зона", "zabelezhka": null, "obekt": null, "dogovor_sr": null, "dogovor_nu": null, "type": null, "bezplatni_": null, "podzona_nu": "-", "sf_rayon": "-"}, "geometry": {"type": "MultiPoint", "coordinates": [[23.328357151, 42.676227642]]}}, {"type": "Feature", "properties": {"id": 17517, "objectid": 24104.0, "park_txt": "Надлъжн", "zona": "Зелена зона", "mestopoloz": "ул. Презвитер Козма", "georef_201": "2017", "vid_txt_20": "Зона", "zabelezhka": null, "obekt": null, "dogovor_sr": null, "dogovor_nu": null, "type": null, "bezplatni_": null, "podzona_nu": "-", "sf_rayon": "-"}, "geometry": {"type": "MultiPoint", "coordinates": [[23.328413669, 42.676252718]]}}, {"type": "Feature", "properties": {"id": 17518, "objectid": 24105.0, "park_txt": "Надлъжн", "zona": "Зелена зона", "mestopoloz": "ул. Презвитер Козма", "georef_201": "2017", "vid_txt_20": "Зона", "zabelezhka": null, "obekt": null, "dogovor_sr": null, "dogovor_nu": null, "type": null, "bezplatni_": null, "podzona_nu": "-", "sf_rayon": "-"}, "geometry": {"type": "MultiPoint", "coordinates": [[23.328476347, 42.676281359]]}}, {"type": "Feature", "properties": {"id": 17519, "objectid": 24106.0, "park_txt": "Надлъжн", "zona": "Зелена зона", "mestopoloz": "ул. Презвитер Козма", "georef_201": "2017", "vid_txt_20": "Зона", "zabelezhka": null, "obekt": null, "dogovor_sr": null, "dogovor_nu": null, "type": null, "bezplatni_": null, "podzona_nu": "-", "sf_rayon": "-"}, "geometry": {"type": "MultiPoint", "coordinates": [[23.328533598, 42.676307887]]}}, {"type": "Feature", "properties": {"id": 17520, "objectid": 24107.0, "park_txt": "Надлъжн", "zona": "Зелена зона", "mestopoloz": "ул. Презвитер Козма", "georef_201": "2017", "vid_txt_20": "Зона", "zabelezhka": null, "obekt": null, "dogovor_sr": null, "dogovor_nu": null, "type": null, "bezplatni_": null, "podzona_nu": "-", "sf_rayon": "-"}, "geometry": {"type": "MultiPoint", "coordinates": [[23.328592813, 42.676335326]]}}, {"type": "Feature", "properties": {"id": 17521, "objectid": 24108.0, "park_txt": "Надлъжн", "zona": "Зелена зона", "mestopoloz": "ул. Презвитер Козма", "georef_201": "2017", "vid_txt_20": "Зона", "zabelezhka": null, "obekt": null, "dogovor_sr": null, "dogovor_nu": null, "type": null, "bezplatni_": null, "podzona_nu": "-", "sf_rayon": "-"}, "geometry": {"type": "MultiPoint", "coordinates": [[23.328648568, 42.676357664]]}}, {"type": "Feature", "properties": {"id": 17522, "objectid": 24109.0, "park_txt": "Надлъжн", "zona": "Зелена зона", "mestopoloz": "ул. Презвитер Козма", "georef_201": "2017", "vid_txt_20": "Зона", "zabelezhka": null, "obekt": null, "dogovor_sr": null, "dogovor_nu": null, "type": null, "bezplatni_": null, "podzona_nu": "-", "sf_rayon": "-"}, "geometry": {"type": "MultiPoint", "coordinates": [[23.328706113, 42.676377658]]}}, {"type": "Feature", "properties": {"id": 17523, "objectid": 24110.0, "park_txt": "Надлъжн", "zona": "Зелена зона", "mestopoloz": "ул. Презвитер Козма", "georef_201": "2017", "vid_txt_20": "Зона", "zabelezhka": null, "obekt": null, "dogovor_sr": null, "dogovor_nu": null, "type": null, "bezplatni_": null, "podzona_nu": "-", "sf_rayon": "-"}, "geometry": {"type": "MultiPoint", "coordinates": [[23.328761925, 42.676393649]]}}, {"type": "Feature", "properties": {"id": 17524, "objectid": 24111.0, "park_txt": "Надлъжн", "zona": "Зелена зона", "mestopoloz": "ул. Презвитер Козма", "georef_201": "2017", "vid_txt_20": "Зона", "zabelezhka": null, "obekt": null, "dogovor_sr": null, "dogovor_nu": null, "type": null, "bezplatni_": null, "podzona_nu": "-", "sf_rayon": "-"}, "geometry": {"type": "MultiPoint", "coordinates": [[23.328815958, 42.676408466]]}}, {"type": "Feature", "properties": {"id": 17525, "objectid": 24112.0, "park_txt": "Надлъжн", "zona": "Зелена зона", "mestopoloz": "ул. Презвитер Козма", "georef_201": "2017", "vid_txt_20": "Зона", "zabelezhka": null, "obekt": null, "dogovor_sr": null, "dogovor_nu": null, "type": null, "bezplatni_": null, "podzona_nu": "-", "sf_rayon": "-"}, "geometry": {"type": "MultiPoint", "coordinates": [[23.328872232, 42.676422744]]}}, {"type": "Feature", "properties": {"id": 17526, "objectid": 24113.0, "park_txt": "Надлъжн", "zona": "Зелена зона", "mestopoloz": "ул. Презвитер Козма", "georef_201": "2017", "vid_txt_20": "Зона", "zabelezhka": null, "obekt": null, "dogovor_sr": null, "dogovor_nu": null, "type": null, "bezplatni_": null, "podzona_nu": "-", "sf_rayon": "-"}, "geometry": {"type": "MultiPoint", "coordinates": [[23.32892641, 42.676435671]]}}, {"type": "Feature", "properties": {"id": 17527, "objectid": 24114.0, "park_txt": "Надлъжн", "zona": "Зелена зона", "mestopoloz": "ул. Презвитер Козма", "georef_201": "2017", "vid_txt_20": "Зона", "zabelezhka": null, "obekt": null, "dogovor_sr": null, "dogovor_nu": null, "type": null, "bezplatni_": null, "podzona_nu": "-", "sf_rayon": "-"}, "geometry": {"type": "MultiPoint", "coordinates": [[23.328983758, 42.67644854]]}}, {"type": "Feature", "properties": {"id": 17528, "objectid": 24115.0, "park_txt": "Надлъжн", "zona": "Зелена зона", "mestopoloz": "ул. Презвитер Козма", "georef_201": "2017", "vid_txt_20": "Зона", "zabelezhka": null, "obekt": null, "dogovor_sr": null, "dogovor_nu": null, "type": null, "bezplatni_": null, "podzona_nu": "-", "sf_rayon": "-"}, "geometry": {"type": "MultiPoint", "coordinates": [[23.329041848, 42.676460598]]}}, {"type": "Feature", "properties": {"id": 17529, "objectid": 24116.0, "park_txt": "Надлъжн", "zona": "Зелена зона", "mestopoloz": "ул. Света гора", "georef_201": "2017", "vid_txt_20": "Зона", "zabelezhka": null, "obekt": null, "dogovor_sr": null, "dogovor_nu": null, "type": null, "bezplatni_": null, "podzona_nu": "-", "sf_rayon": "-"}, "geometry": {"type": "MultiPoint", "coordinates": [[23.329407056, 42.676424892]]}}, {"type": "Feature", "properties": {"id": 17530, "objectid": 24117.0, "park_txt": "Надлъжн", "zona": "Зелена зона", "mestopoloz": "ул. Света гора", "georef_201": "2017", "vid_txt_20": "Зона", "zabelezhka": null, "obekt": null, "dogovor_sr": null, "dogovor_nu": null, "type": null, "bezplatni_": null, "podzona_nu": "-", "sf_rayon": "-"}, "geometry": {"type": "MultiPoint", "coordinates": [[23.329416126, 42.676374775]]}}, {"type": "Feature", "properties": {"id": 17531, "objectid": 24118.0, "park_txt": "Надлъжн", "zona": "Зелена зона", "mestopoloz": "ул. Света гора", "georef_201": "2017", "vid_txt_20": "Зона", "zabelezhka": null, "obekt": null, "dogovor_sr": null, "dogovor_nu": null, "type": null, "bezplatni_": null, "podzona_nu": "-", "sf_rayon": "-"}, "geometry": {"type": "MultiPoint", "coordinates": [[23.32942786, 42.676319087]]}}, {"type": "Feature", "properties": {"id": 17532, "objectid": 24119.0, "park_txt": "Надлъжн", "zona": "Зелена зона", "mestopoloz": "ул. Света гора", "georef_201": "2017", "vid_txt_20": "Зона", "zabelezhka": null, "obekt": null, "dogovor_sr": null, "dogovor_nu": null, "type": null, "bezplatni_": null, "podzona_nu": "-", "sf_rayon": "-"}, "geometry": {"type": "MultiPoint", "coordinates": [[23.329441735, 42.676263982]]}}, {"type": "Feature", "properties": {"id": 17533, "objectid": 24120.0, "park_txt": "Надлъжн", "zona": "Зелена зона", "mestopoloz": "ул. Света гора", "georef_201": "2017", "vid_txt_20": "Зона", "zabelezhka": null, "obekt": null, "dogovor_sr": null, "dogovor_nu": null, "type": null, "bezplatni_": null, "podzona_nu": "-", "sf_rayon": "-"}, "geometry": {"type": "MultiPoint", "coordinates": [[23.329457262, 42.676209708]]}}, {"type": "Feature", "properties": {"id": 17534, "objectid": 24121.0, "park_txt": "Надлъжн", "zona": "Зелена зона", "mestopoloz": "ул. Света гора", "georef_201": "2017", "vid_txt_20": "Зона", "zabelezhka": null, "obekt": null, "dogovor_sr": null, "dogovor_nu": null, "type": null, "bezplatni_": null, "podzona_nu": "-", "sf_rayon": "-"}, "geometry": {"type": "MultiPoint", "coordinates": [[23.329475688, 42.676152709]]}}, {"type": "Feature", "properties": {"id": 17535, "objectid": 24122.0, "park_txt": "Надлъжн", "zona": "Зелена зона", "mestopoloz": "ул. Света гора", "georef_201": "2017", "vid_txt_20": "Зона", "zabelezhka": null, "obekt": null, "dogovor_sr": null, "dogovor_nu": null, "type": null, "bezplatni_": null, "podzona_nu": "-", "sf_rayon": "-"}, "geometry": {"type": "MultiPoint", "coordinates": [[23.329495536, 42.676094789]]}}, {"type": "Feature", "properties": {"id": 17536, "objectid": 24123.0, "park_txt": "Надлъжн", "zona": "Зелена зона", "mestopoloz": "ул. Света гора", "georef_201": "2017", "vid_txt_20": "Зона", "zabelezhka": null, "obekt": null, "dogovor_sr": null, "dogovor_nu": null, "type": null, "bezplatni_": null, "podzona_nu": "-", "sf_rayon": "-"}, "geometry": {"type": "MultiPoint", "coordinates": [[23.329513281, 42.676043006]]}}, {"type": "Feature", "properties": {"id": 17537, "objectid": 24124.0, "park_txt": "Надлъжн", "zona": "Зелена зона", "mestopoloz": "ул. Света гора", "georef_201": "2017", "vid_txt_20": "Зона", "zabelezhka": null, "obekt": null, "dogovor_sr": null, "dogovor_nu": null, "type": null, "bezplatni_": null, "podzona_nu": "-", "sf_rayon": "-"}, "geometry": {"type": "MultiPoint", "coordinates": [[23.329532372, 42.675989627]]}}, {"type": "Feature", "properties": {"id": 17538, "objectid": 24125.0, "park_txt": "Надлъжн", "zona": "Зелена зона", "mestopoloz": "ул. Света гора", "georef_201": "2017", "vid_txt_20": "Зона", "zabelezhka": null, "obekt": null, "dogovor_sr": null, "dogovor_nu": null, "type": null, "bezplatni_": null, "podzona_nu": "-", "sf_rayon": "-"}, "geometry": {"type": "MultiPoint", "coordinates": [[23.329555127, 42.675924852]]}}, {"type": "Feature", "properties": {"id": 17539, "objectid": 24126.0, "park_txt": "Надлъжн", "zona": "Зелена зона", "mestopoloz": "ул. Димитър Димов", "georef_201": "2017", "vid_txt_20": "Зона", "zabelezhka": null, "obekt": null, "dogovor_sr": null, "dogovor_nu": null, "type": null, "bezplatni_": null, "podzona_nu": "-", "sf_rayon": "-"}, "geometry": {"type": "MultiPoint", "coordinates": [[23.327754063, 42.675305618]]}}, {"type": "Feature", "properties": {"id": 17540, "objectid": 24127.0, "park_txt": "Надлъжн", "zona": "Зелена зона", "mestopoloz": "ул. Димитър Димов", "georef_201": "2017", "vid_txt_20": "Зона", "zabelezhka": null, "obekt": null, "dogovor_sr": null, "dogovor_nu": null, "type": null, "bezplatni_": null, "podzona_nu": "-", "sf_rayon": "-"}, "geometry": {"type": "MultiPoint", "coordinates": [[23.327827642, 42.675325596]]}}, {"type": "Feature", "properties": {"id": 17541, "objectid": 24128.0, "park_txt": "Надлъжн", "zona": "Зелена зона", "mestopoloz": "ул. Димитър Димов", "georef_201": "2017", "vid_txt_20": "Зона", "zabelezhka": null, "obekt": null, "dogovor_sr": null, "dogovor_nu": null, "type": null, "bezplatni_": null, "podzona_nu": "-", "sf_rayon": "-"}, "geometry": {"type": "MultiPoint", "coordinates": [[23.327896094, 42.675344183]]}}, {"type": "Feature", "properties": {"id": 17542, "objectid": 24129.0, "park_txt": "Надлъжн", "zona": "Зелена зона", "mestopoloz": "ул. Димитър Димов", "georef_201": "2017", "vid_txt_20": "Зона", "zabelezhka": null, "obekt": null, "dogovor_sr": null, "dogovor_nu": null, "type": null, "bezplatni_": null, "podzona_nu": "-", "sf_rayon": "-"}, "geometry": {"type": "MultiPoint", "coordinates": [[23.327967735, 42.675363635]]}}, {"type": "Feature", "properties": {"id": 17543, "objectid": 24130.0, "park_txt": "Надлъжн", "zona": "Зелена зона", "mestopoloz": "ул. Димитър Димов", "georef_201": "2017", "vid_txt_20": "Зона", "zabelezhka": null, "obekt": null, "dogovor_sr": null, "dogovor_nu": null, "type": null, "bezplatni_": null, "podzona_nu": "-", "sf_rayon": "-"}, "geometry": {"type": "MultiPoint", "coordinates": [[23.3280359, 42.675382143]]}}, {"type": "Feature", "properties": {"id": 17544, "objectid": 24131.0, "park_txt": "Надлъжн", "zona": "Зелена зона", "mestopoloz": "ул. Димитър Димов", "georef_201": "2017", "vid_txt_20": "Зона", "zabelezhka": null, "obekt": null, "dogovor_sr": null, "dogovor_nu": null, "type": null, "bezplatni_": null, "podzona_nu": "-", "sf_rayon": "-"}, "geometry": {"type": "MultiPoint", "coordinates": [[23.328101606, 42.675399984]]}}, {"type": "Feature", "properties": {"id": 17545, "objectid": 24132.0, "park_txt": "Надлъжн", "zona": "Зелена зона", "mestopoloz": "ул. Димитър Димов", "georef_201": "2017", "vid_txt_20": "Зона", "zabelezhka": null, "obekt": null, "dogovor_sr": null, "dogovor_nu": null, "type": null, "bezplatni_": null, "podzona_nu": "-", "sf_rayon": "-"}, "geometry": {"type": "MultiPoint", "coordinates": [[23.328167093, 42.675417765]]}}, {"type": "Feature", "properties": {"id": 17546, "objectid": 24133.0, "park_txt": "Надлъжн", "zona": "Зелена зона", "mestopoloz": "ул. Димитър Димов", "georef_201": "2017", "vid_txt_20": "Зона", "zabelezhka": null, "obekt": null, "dogovor_sr": null, "dogovor_nu": null, "type": null, "bezplatni_": null, "podzona_nu": "-", "sf_rayon": "-"}, "geometry": {"type": "MultiPoint", "coordinates": [[23.328232136, 42.675435425]]}}, {"type": "Feature", "properties": {"id": 17547, "objectid": 24134.0, "park_txt": "Надлъжн", "zona": "Зелена зона", "mestopoloz": "ул. Димитър Димов", "georef_201": "2017", "vid_txt_20": "Зона", "zabelezhka": null, "obekt": null, "dogovor_sr": null, "dogovor_nu": null, "type": null, "bezplatni_": null, "podzona_nu": "-", "sf_rayon": "-"}, "geometry": {"type": "MultiPoint", "coordinates": [[23.328300774, 42.675454062]]}}, {"type": "Feature", "properties": {"id": 17548, "objectid": 24135.0, "park_txt": "Надлъжн", "zona": "Зелена зона", "mestopoloz": "ул. Димитър Димов", "georef_201": "2017", "vid_txt_20": "Зона", "zabelezhka": null, "obekt": null, "dogovor_sr": null, "dogovor_nu": null, "type": null, "bezplatni_": null, "podzona_nu": "-", "sf_rayon": "-"}, "geometry": {"type": "MultiPoint", "coordinates": [[23.328368116, 42.675472346]]}}, {"type": "Feature", "properties": {"id": 17549, "objectid": 24136.0, "park_txt": "Надлъжн", "zona": "Зелена зона", "mestopoloz": "ул. Димитър Димов", "georef_201": "2017", "vid_txt_20": "Зона", "zabelezhka": null, "obekt": null, "dogovor_sr": null, "dogovor_nu": null, "type": null, "bezplatni_": null, "podzona_nu": "-", "sf_rayon": "-"}, "geometry": {"type": "MultiPoint", "coordinates": [[23.328438917, 42.67549157]]}}, {"type": "Feature", "properties": {"id": 17550, "objectid": 24137.0, "park_txt": "Надлъжн", "zona": "Зелена зона", "mestopoloz": "ул. Димитър Димов", "georef_201": "2017", "vid_txt_20": "Зона", "zabelezhka": null, "obekt": null, "dogovor_sr": null, "dogovor_nu": null, "type": null, "bezplatni_": null, "podzona_nu": "-", "sf_rayon": "-"}, "geometry": {"type": "MultiPoint", "coordinates": [[23.328604521, 42.675536535]]}}, {"type": "Feature", "properties": {"id": 17551, "objectid": 24138.0, "park_txt": "Надлъжн", "zona": "Зелена зона", "mestopoloz": "ул. Димитър Димов", "georef_201": "2017", "vid_txt_20": "Зона", "zabelezhka": null, "obekt": null, "dogovor_sr": null, "dogovor_nu": null, "type": null, "bezplatni_": null, "podzona_nu": "-", "sf_rayon": "-"}, "geometry": {"type": "MultiPoint", "coordinates": [[23.328672907, 42.675555103]]}}, {"type": "Feature", "properties": {"id": 17552, "objectid": 24139.0, "park_txt": "Надлъжн", "zona": "Зелена зона", "mestopoloz": "ул. Димитър Димов", "georef_201": "2017", "vid_txt_20": "Зона", "zabelezhka": null, "obekt": null, "dogovor_sr": null, "dogovor_nu": null, "type": null, "bezplatni_": null, "podzona_nu": "-", "sf_rayon": "-"}, "geometry": {"type": "MultiPoint", "coordinates": [[23.328747597, 42.675575384]]}}, {"type": "Feature", "properties": {"id": 17553, "objectid": 24142.0, "park_txt": "Надлъжн", "zona": "Зелена зона", "mestopoloz": "ул. Димитър Димов", "georef_201": "2017", "vid_txt_20": "Зона", "zabelezhka": null, "obekt": null, "dogovor_sr": null, "dogovor_nu": null, "type": null, "bezplatni_": null, "podzona_nu": "-", "sf_rayon": "-"}, "geometry": {"type": "MultiPoint", "coordinates": [[23.328915446, 42.675620962]]}}, {"type": "Feature", "properties": {"id": 17554, "objectid": 24143.0, "park_txt": "Надлъжн", "zona": "Зелена зона", "mestopoloz": "ул. Димитър Димов", "georef_201": "2017", "vid_txt_20": "Зона", "zabelezhka": null, "obekt": null, "dogovor_sr": null, "dogovor_nu": null, "type": null, "bezplatni_": null, "podzona_nu": "-", "sf_rayon": "-"}, "geometry": {"type": "MultiPoint", "coordinates": [[23.328981547, 42.67563891]]}}, {"type": "Feature", "properties": {"id": 17555, "objectid": 24144.0, "park_txt": "Надлъжн", "zona": "Зелена зона", "mestopoloz": "ул. Димитър Димов", "georef_201": "2017", "vid_txt_20": "Зона", "zabelezhka": null, "obekt": null, "dogovor_sr": null, "dogovor_nu": null, "type": null, "bezplatni_": null, "podzona_nu": "-", "sf_rayon": "-"}, "geometry": {"type": "MultiPoint", "coordinates": [[23.329046638, 42.675656585]]}}, {"type": "Feature", "properties": {"id": 17556, "objectid": 24145.0, "park_txt": "Надлъжн", "zona": "Зелена зона", "mestopoloz": "ул. Димитър Димов", "georef_201": "2017", "vid_txt_20": "Зона", "zabelezhka": null, "obekt": null, "dogovor_sr": null, "dogovor_nu": null, "type": null, "bezplatni_": null, "podzona_nu": "-", "sf_rayon": "-"}, "geometry": {"type": "MultiPoint", "coordinates": [[23.329110802, 42.675674008]]}}, {"type": "Feature", "properties": {"id": 17557, "objectid": 24146.0, "park_txt": "Надлъжн", "zona": "Зелена зона", "mestopoloz": "ул. Димитър Димов", "georef_201": "2017", "vid_txt_20": "Зона", "zabelezhka": null, "obekt": null, "dogovor_sr": null, "dogovor_nu": null, "type": null, "bezplatni_": null, "podzona_nu": "-", "sf_rayon": "-"}, "geometry": {"type": "MultiPoint", "coordinates": [[23.329172639, 42.675690799]]}}, {"type": "Feature", "properties": {"id": 17558, "objectid": 24147.0, "park_txt": "Надлъжн", "zona": "Зелена зона", "mestopoloz": "ул. Димитър Димов", "georef_201": "2017", "vid_txt_20": "Зона", "zabelezhka": null, "obekt": null, "dogovor_sr": null, "dogovor_nu": null, "type": null, "bezplatni_": null, "podzona_nu": "-", "sf_rayon": "-"}, "geometry": {"type": "MultiPoint", "coordinates": [[23.329235053, 42.675707745]]}}, {"type": "Feature", "properties": {"id": 17559, "objectid": 24148.0, "park_txt": "Надлъжн", "zona": "Зелена зона", "mestopoloz": "ул. Димитър Димов", "georef_201": "2017", "vid_txt_20": "Зона", "zabelezhka": null, "obekt": null, "dogovor_sr": null, "dogovor_nu": null, "type": null, "bezplatni_": null, "podzona_nu": "-", "sf_rayon": "-"}, "geometry": {"type": "MultiPoint", "coordinates": [[23.329297097, 42.675724592]]}}, {"type": "Feature", "properties": {"id": 17560, "objectid": 24149.0, "park_txt": "Надлъжн", "zona": "Зелена зона", "mestopoloz": "ул. Димитър Димов", "georef_201": "2017", "vid_txt_20": "Зона", "zabelezhka": null, "obekt": null, "dogovor_sr": null, "dogovor_nu": null, "type": null, "bezplatni_": null, "podzona_nu": "-", "sf_rayon": "-"}, "geometry": {"type": "MultiPoint", "coordinates": [[23.32935778, 42.67574107]]}}, {"type": "Feature", "properties": {"id": 17561, "objectid": 24150.0, "park_txt": "Надлъжн", "zona": "Зелена зона", "mestopoloz": "ул. Димитър Димов", "georef_201": "2017", "vid_txt_20": "Зона", "zabelezhka": null, "obekt": null, "dogovor_sr": null, "dogovor_nu": null, "type": null, "bezplatni_": null, "podzona_nu": "-", "sf_rayon": "-"}, "geometry": {"type": "MultiPoint", "coordinates": [[23.329423546, 42.675758928]]}}, {"type": "Feature", "properties": {"id": 17562, "objectid": 24151.0, "park_txt": "Надлъжн", "zona": "Зелена зона", "mestopoloz": "ул. Димитър Димов", "georef_201": "2017", "vid_txt_20": "Зона", "zabelezhka": null, "obekt": null, "dogovor_sr": null, "dogovor_nu": null, "type": null, "bezplatni_": null, "podzona_nu": "-", "sf_rayon": "-"}, "geometry": {"type": "MultiPoint", "coordinates": [[23.32948916, 42.675776743]]}}, {"type": "Feature", "properties": {"id": 17563, "objectid": 24152.0, "park_txt": "Надлъжн", "zona": "Зелена зона", "mestopoloz": "ул. Света гора", "georef_201": "2017", "vid_txt_20": "Зона", "zabelezhka": null, "obekt": null, "dogovor_sr": null, "dogovor_nu": null, "type": null, "bezplatni_": null, "podzona_nu": "-", "sf_rayon": "-"}, "geometry": {"type": "MultiPoint", "coordinates": [[23.329631901, 42.675714]]}}, {"type": "Feature", "properties": {"id": 17564, "objectid": 24153.0, "park_txt": "Надлъжн", "zona": "Зелена зона", "mestopoloz": "ул. Света гора", "georef_201": "2017", "vid_txt_20": "Зона", "zabelezhka": null, "obekt": null, "dogovor_sr": null, "dogovor_nu": null, "type": null, "bezplatni_": null, "podzona_nu": "-", "sf_rayon": "-"}, "geometry": {"type": "MultiPoint", "coordinates": [[23.329653353, 42.675659294]]}}, {"type": "Feature", "properties": {"id": 17565, "objectid": 24154.0, "park_txt": "Надлъжн", "zona": "Зелена зона", "mestopoloz": "ул. Света гора", "georef_201": "2017", "vid_txt_20": "Зона", "zabelezhka": null, "obekt": null, "dogovor_sr": null, "dogovor_nu": null, "type": null, "bezplatni_": null, "podzona_nu": "-", "sf_rayon": "-"}, "geometry": {"type": "MultiPoint", "coordinates": [[23.329673535, 42.675607827]]}}, {"type": "Feature", "properties": {"id": 17566, "objectid": 24155.0, "park_txt": "Надлъжн", "zona": "Зелена зона", "mestopoloz": "ул. Света гора", "georef_201": "2017", "vid_txt_20": "Зона", "zabelezhka": null, "obekt": null, "dogovor_sr": null, "dogovor_nu": null, "type": null, "bezplatni_": null, "podzona_nu": "-", "sf_rayon": "-"}, "geometry": {"type": "MultiPoint", "coordinates": [[23.32969468, 42.675553908]]}}, {"type": "Feature", "properties": {"id": 17567, "objectid": 24156.0, "park_txt": "Надлъжн", "zona": "Зелена зона", "mestopoloz": "ул. Света гора", "georef_201": "2017", "vid_txt_20": "Зона", "zabelezhka": null, "obekt": null, "dogovor_sr": null, "dogovor_nu": null, "type": null, "bezplatni_": null, "podzona_nu": "-", "sf_rayon": "-"}, "geometry": {"type": "MultiPoint", "coordinates": [[23.329717248, 42.675501691]]}}, {"type": "Feature", "properties": {"id": 17568, "objectid": 24157.0, "park_txt": "Надлъжн", "zona": "Зелена зона", "mestopoloz": "ул. Света гора", "georef_201": "2017", "vid_txt_20": "Зона", "zabelezhka": null, "obekt": null, "dogovor_sr": null, "dogovor_nu": null, "type": null, "bezplatni_": null, "podzona_nu": "-", "sf_rayon": "-"}, "geometry": {"type": "MultiPoint", "coordinates": [[23.329742215, 42.675452184]]}}, {"type": "Feature", "properties": {"id": 17569, "objectid": 24158.0, "park_txt": "Надлъжн", "zona": "Зелена зона", "mestopoloz": "ул. Света гора", "georef_201": "2017", "vid_txt_20": "Зона", "zabelezhka": null, "obekt": null, "dogovor_sr": null, "dogovor_nu": null, "type": null, "bezplatni_": null, "podzona_nu": "-", "sf_rayon": "-"}, "geometry": {"type": "MultiPoint", "coordinates": [[23.329770315, 42.675396466]]}}, {"type": "Feature", "properties": {"id": 17570, "objectid": 24159.0, "park_txt": "Надлъжн", "zona": "Зелена зона", "mestopoloz": "ул. Света гора", "georef_201": "2017", "vid_txt_20": "Зона", "zabelezhka": null, "obekt": null, "dogovor_sr": null, "dogovor_nu": null, "type": null, "bezplatni_": null, "podzona_nu": "-", "sf_rayon": "-"}, "geometry": {"type": "MultiPoint", "coordinates": [[23.32980023, 42.675344707]]}}, {"type": "Feature", "properties": {"id": 17571, "objectid": 24160.0, "park_txt": "Надлъжн", "zona": "Зелена зона", "mestopoloz": "ул. Света гора", "georef_201": "2017", "vid_txt_20": "Зона", "zabelezhka": null, "obekt": null, "dogovor_sr": null, "dogovor_nu": null, "type": null, "bezplatni_": null, "podzona_nu": "-", "sf_rayon": "-"}, "geometry": {"type": "MultiPoint", "coordinates": [[23.329946381, 42.675116025]]}}, {"type": "Feature", "properties": {"id": 17572, "objectid": 24161.0, "park_txt": "Надлъжн", "zona": "Зелена зона", "mestopoloz": "ул. Света гора", "georef_201": "2017", "vid_txt_20": "Зона", "zabelezhka": null, "obekt": null, "dogovor_sr": null, "dogovor_nu": null, "type": null, "bezplatni_": null, "podzona_nu": "-", "sf_rayon": "-"}, "geometry": {"type": "MultiPoint", "coordinates": [[23.329908133, 42.675170451]]}}, {"type": "Feature", "properties": {"id": 17573, "objectid": 24162.0, "park_txt": "Надлъжн", "zona": "Зелена зона", "mestopoloz": "ул. Света гора", "georef_201": "2017", "vid_txt_20": "Зона", "zabelezhka": null, "obekt": null, "dogovor_sr": null, "dogovor_nu": null, "type": null, "bezplatni_": null, "podzona_nu": "-", "sf_rayon": "-"}, "geometry": {"type": "MultiPoint", "coordinates": [[23.329865804, 42.675228675]]}}, {"type": "Feature", "properties": {"id": 17574, "objectid": 24163.0, "park_txt": "Надлъжн", "zona": "Зелена зона", "mestopoloz": "бул. Джеймс Баучер", "georef_201": "2017", "vid_txt_20": "Зона", "zabelezhka": null, "obekt": null, "dogovor_sr": null, "dogovor_nu": null, "type": null, "bezplatni_": null, "podzona_nu": "-", "sf_rayon": "-"}, "geometry": {"type": "MultiPoint", "coordinates": [[23.328426508, 42.674455789]]}}, {"type": "Feature", "properties": {"id": 17575, "objectid": 24164.0, "park_txt": "Надлъжн", "zona": "Зелена зона", "mestopoloz": "бул. Джеймс Баучер", "georef_201": "2017", "vid_txt_20": "Зона", "zabelezhka": null, "obekt": null, "dogovor_sr": null, "dogovor_nu": null, "type": null, "bezplatni_": null, "podzona_nu": "-", "sf_rayon": "-"}, "geometry": {"type": "MultiPoint", "coordinates": [[23.3284873, 42.674476961]]}}, {"type": "Feature", "properties": {"id": 17576, "objectid": 24165.0, "park_txt": "Надлъжн", "zona": "Зелена зона", "mestopoloz": "бул. Джеймс Баучер", "georef_201": "2017", "vid_txt_20": "Зона", "zabelezhka": null, "obekt": null, "dogovor_sr": null, "dogovor_nu": null, "type": null, "bezplatni_": null, "podzona_nu": "-", "sf_rayon": "-"}, "geometry": {"type": "MultiPoint", "coordinates": [[23.328553137, 42.67450073]]}}, {"type": "Feature", "properties": {"id": 17577, "objectid": 24166.0, "park_txt": "Надлъжн", "zona": "Зелена зона", "mestopoloz": "бул. Джеймс Баучер", "georef_201": "2017", "vid_txt_20": "Зона", "zabelezhka": null, "obekt": null, "dogovor_sr": null, "dogovor_nu": null, "type": null, "bezplatni_": null, "podzona_nu": "-", "sf_rayon": "-"}, "geometry": {"type": "MultiPoint", "coordinates": [[23.328615493, 42.674522984]]}}, {"type": "Feature", "properties": {"id": 17578, "objectid": 24167.0, "park_txt": "Надлъжн", "zona": "Зелена зона", "mestopoloz": "бул. Джеймс Баучер", "georef_201": "2017", "vid_txt_20": "Зона", "zabelezhka": null, "obekt": null, "dogovor_sr": null, "dogovor_nu": null, "type": null, "bezplatni_": null, "podzona_nu": "-", "sf_rayon": "-"}, "geometry": {"type": "MultiPoint", "coordinates": [[23.328678176, 42.674545355]]}}, {"type": "Feature", "properties": {"id": 17579, "objectid": 24168.0, "park_txt": "Надлъжн", "zona": "Зелена зона", "mestopoloz": "бул. Джеймс Баучер", "georef_201": "2017", "vid_txt_20": "Зона", "zabelezhka": null, "obekt": null, "dogovor_sr": null, "dogovor_nu": null, "type": null, "bezplatni_": null, "podzona_nu": "-", "sf_rayon": "-"}, "geometry": {"type": "MultiPoint", "coordinates": [[23.328788617, 42.674583749]]}}, {"type": "Feature", "properties": {"id": 17580, "objectid": 24169.0, "park_txt": "Надлъжн", "zona": "Зелена зона", "mestopoloz": "бул. Джеймс Баучер", "georef_201": "2017", "vid_txt_20": "Зона", "zabelezhka": null, "obekt": null, "dogovor_sr": null, "dogovor_nu": null, "type": null, "bezplatni_": null, "podzona_nu": "-", "sf_rayon": "-"}, "geometry": {"type": "MultiPoint", "coordinates": [[23.328850973, 42.674606002]]}}, {"type": "Feature", "properties": {"id": 17581, "objectid": 24170.0, "park_txt": "Надлъжн", "zona": "Зелена зона", "mestopoloz": "бул. Джеймс Баучер", "georef_201": "2017", "vid_txt_20": "Зона", "zabelezhka": null, "obekt": null, "dogovor_sr": null, "dogovor_nu": null, "type": null, "bezplatni_": null, "podzona_nu": "-", "sf_rayon": "-"}, "geometry": {"type": "MultiPoint", "coordinates": [[23.328913656, 42.674628373]]}}, {"type": "Feature", "properties": {"id": 17582, "objectid": 24171.0, "park_txt": "Надлъжн", "zona": "Зелена зона", "mestopoloz": "бул. Джеймс Баучер", "georef_201": "2017", "vid_txt_20": "Зона", "zabelezhka": null, "obekt": null, "dogovor_sr": null, "dogovor_nu": null, "type": null, "bezplatni_": null, "podzona_nu": "-", "sf_rayon": "-"}, "geometry": {"type": "MultiPoint", "coordinates": [[23.329447584, 42.674820049]]}}, {"type": "Feature", "properties": {"id": 17583, "objectid": 24172.0, "park_txt": "Надлъжн", "zona": "Зелена зона", "mestopoloz": "бул. Джеймс Баучер", "georef_201": "2017", "vid_txt_20": "Зона", "zabelezhka": null, "obekt": null, "dogovor_sr": null, "dogovor_nu": null, "type": null, "bezplatni_": null, "podzona_nu": "-", "sf_rayon": "-"}, "geometry": {"type": "MultiPoint", "coordinates": [[23.329508376, 42.67484122]]}}, {"type": "Feature", "properties": {"id": 17584, "objectid": 24173.0, "park_txt": "Надлъжн", "zona": "Зелена зона", "mestopoloz": "бул. Джеймс Баучер", "georef_201": "2017", "vid_txt_20": "Зона", "zabelezhka": null, "obekt": null, "dogovor_sr": null, "dogovor_nu": null, "type": null, "bezplatni_": null, "podzona_nu": "-", "sf_rayon": "-"}, "geometry": {"type": "MultiPoint", "coordinates": [[23.329574215, 42.674864989]]}}, {"type": "Feature", "properties": {"id": 17585, "objectid": 24174.0, "park_txt": "Надлъжн", "zona": "Зелена зона", "mestopoloz": "бул. Джеймс Баучер", "georef_201": "2017", "vid_txt_20": "Зона", "zabelezhka": null, "obekt": null, "dogovor_sr": null, "dogovor_nu": null, "type": null, "bezplatni_": null, "podzona_nu": "-", "sf_rayon": "-"}, "geometry": {"type": "MultiPoint", "coordinates": [[23.329636571, 42.674887242]]}}, {"type": "Feature", "properties": {"id": 17586, "objectid": 24175.0, "park_txt": "Надлъжн", "zona": "Зелена зона", "mestopoloz": "бул. Джеймс Баучер", "georef_201": "2017", "vid_txt_20": "Зона", "zabelezhka": null, "obekt": null, "dogovor_sr": null, "dogovor_nu": null, "type": null, "bezplatni_": null, "podzona_nu": "-", "sf_rayon": "-"}, "geometry": {"type": "MultiPoint", "coordinates": [[23.329699255, 42.674909612]]}}, {"type": "Feature", "properties": {"id": 17587, "objectid": 24176.0, "park_txt": "Надлъжн", "zona": "Зелена зона", "mestopoloz": "бул. Джеймс Баучер", "georef_201": "2017", "vid_txt_20": "Зона", "zabelezhka": null, "obekt": null, "dogovor_sr": null, "dogovor_nu": null, "type": null, "bezplatni_": null, "podzona_nu": "-", "sf_rayon": "-"}, "geometry": {"type": "MultiPoint", "coordinates": [[23.329763472, 42.674932494]]}}, {"type": "Feature", "properties": {"id": 17588, "objectid": 24177.0, "park_txt": "Надлъжн", "zona": "Зелена зона", "mestopoloz": "бул. Джеймс Баучер", "georef_201": "2017", "vid_txt_20": "Зона", "zabelezhka": null, "obekt": null, "dogovor_sr": null, "dogovor_nu": null, "type": null, "bezplatni_": null, "podzona_nu": "-", "sf_rayon": "-"}, "geometry": {"type": "MultiPoint", "coordinates": [[23.329825829, 42.674954747]]}}, {"type": "Feature", "properties": {"id": 17589, "objectid": 24178.0, "park_txt": "Надлъжн", "zona": "Зелена зона", "mestopoloz": "бул. Джеймс Баучер", "georef_201": "2017", "vid_txt_20": "Зона", "zabelezhka": null, "obekt": null, "dogovor_sr": null, "dogovor_nu": null, "type": null, "bezplatni_": null, "podzona_nu": "-", "sf_rayon": "-"}, "geometry": {"type": "MultiPoint", "coordinates": [[23.329888512, 42.674977117]]}}, {"type": "Feature", "properties": {"id": 17590, "objectid": 24179.0, "park_txt": "Надлъжн", "zona": "Зелена зона", "mestopoloz": "бул. Джеймс Баучер", "georef_201": "2017", "vid_txt_20": "Зона", "zabelezhka": null, "obekt": null, "dogovor_sr": null, "dogovor_nu": null, "type": null, "bezplatni_": null, "podzona_nu": "-", "sf_rayon": "-"}, "geometry": {"type": "MultiPoint", "coordinates": [[23.328439547, 42.674338219]]}}, {"type": "Feature", "properties": {"id": 17591, "objectid": 24180.0, "park_txt": "Надлъжн", "zona": "Зелена зона", "mestopoloz": "бул. Джеймс Баучер", "georef_201": "2017", "vid_txt_20": "Зона", "zabelezhka": null, "obekt": null, "dogovor_sr": null, "dogovor_nu": null, "type": null, "bezplatni_": null, "podzona_nu": "-", "sf_rayon": "-"}, "geometry": {"type": "MultiPoint", "coordinates": [[23.328500338, 42.674359391]]}}, {"type": "Feature", "properties": {"id": 17592, "objectid": 24181.0, "park_txt": "Надлъжн", "zona": "Зелена зона", "mestopoloz": "бул. Джеймс Баучер", "georef_201": "2017", "vid_txt_20": "Зона", "zabelezhka": null, "obekt": null, "dogovor_sr": null, "dogovor_nu": null, "type": null, "bezplatni_": null, "podzona_nu": "-", "sf_rayon": "-"}, "geometry": {"type": "MultiPoint", "coordinates": [[23.328566176, 42.674383161]]}}, {"type": "Feature", "properties": {"id": 17593, "objectid": 24182.0, "park_txt": "Надлъжн", "zona": "Зелена зона", "mestopoloz": "бул. Джеймс Баучер", "georef_201": "2017", "vid_txt_20": "Зона", "zabelezhka": null, "obekt": null, "dogovor_sr": null, "dogovor_nu": null, "type": null, "bezplatni_": null, "podzona_nu": "-", "sf_rayon": "-"}, "geometry": {"type": "MultiPoint", "coordinates": [[23.328628531, 42.674405414]]}}, {"type": "Feature", "properties": {"id": 17594, "objectid": 24183.0, "park_txt": "Надлъжн", "zona": "Зелена зона", "mestopoloz": "бул. Джеймс Баучер", "georef_201": "2017", "vid_txt_20": "Зона", "zabelezhka": null, "obekt": null, "dogovor_sr": null, "dogovor_nu": null, "type": null, "bezplatni_": null, "podzona_nu": "-", "sf_rayon": "-"}, "geometry": {"type": "MultiPoint", "coordinates": [[23.329941447, 42.674879029]]}}, {"type": "Feature", "properties": {"id": 17595, "objectid": 24184.0, "park_txt": "Надлъжн", "zona": "Зелена зона", "mestopoloz": "бул. Джеймс Баучер", "georef_201": "2017", "vid_txt_20": "Зона", "zabelezhka": null, "obekt": null, "dogovor_sr": null, "dogovor_nu": null, "type": null, "bezplatni_": null, "podzona_nu": "-", "sf_rayon": "-"}, "geometry": {"type": "MultiPoint", "coordinates": [[23.329881964, 42.674857472]]}}, {"type": "Feature", "properties": {"id": 17596, "objectid": 24185.0, "park_txt": "Надлъжн", "zona": "Зелена зона", "mestopoloz": "бул. Джеймс Баучер", "georef_201": "2017", "vid_txt_20": "Зона", "zabelezhka": null, "obekt": null, "dogovor_sr": null, "dogovor_nu": null, "type": null, "bezplatni_": null, "podzona_nu": "-", "sf_rayon": "-"}, "geometry": {"type": "MultiPoint", "coordinates": [[23.329821921, 42.674835711]]}}, {"type": "Feature", "properties": {"id": 17597, "objectid": 24186.0, "park_txt": "Надлъжн", "zona": "Зелена зона", "mestopoloz": "бул. Джеймс Баучер", "georef_201": "2017", "vid_txt_20": "Зона", "zabelezhka": null, "obekt": null, "dogovor_sr": null, "dogovor_nu": null, "type": null, "bezplatni_": null, "podzona_nu": "-", "sf_rayon": "-"}, "geometry": {"type": "MultiPoint", "coordinates": [[23.329762737, 42.674814262]]}}, {"type": "Feature", "properties": {"id": 17598, "objectid": 24187.0, "park_txt": "Надлъжн", "zona": "Зелена зона", "mestopoloz": "бул. Джеймс Баучер", "georef_201": "2017", "vid_txt_20": "Зона", "zabelezhka": null, "obekt": null, "dogovor_sr": null, "dogovor_nu": null, "type": null, "bezplatni_": null, "podzona_nu": "-", "sf_rayon": "-"}, "geometry": {"type": "MultiPoint", "coordinates": [[23.329699476, 42.674791335]]}}, {"type": "Feature", "properties": {"id": 17599, "objectid": 24188.0, "park_txt": "Надлъжн", "zona": "Зелена зона", "mestopoloz": "бул. Джеймс Баучер", "georef_201": "2017", "vid_txt_20": "Зона", "zabelezhka": null, "obekt": null, "dogovor_sr": null, "dogovor_nu": null, "type": null, "bezplatni_": null, "podzona_nu": "-", "sf_rayon": "-"}, "geometry": {"type": "MultiPoint", "coordinates": [[23.32963615, 42.674768385]]}}, {"type": "Feature", "properties": {"id": 17600, "objectid": 24189.0, "park_txt": "Надлъжн", "zona": "Зелена зона", "mestopoloz": "бул. Джеймс Баучер", "georef_201": "2017", "vid_txt_20": "Зона", "zabelezhka": null, "obekt": null, "dogovor_sr": null, "dogovor_nu": null, "type": null, "bezplatni_": null, "podzona_nu": "-", "sf_rayon": "-"}, "geometry": {"type": "MultiPoint", "coordinates": [[23.329577997, 42.674747308]]}}, {"type": "Feature", "properties": {"id": 17601, "objectid": 24190.0, "park_txt": "Надлъжн", "zona": "Зелена зона", "mestopoloz": "бул. Джеймс Баучер", "georef_201": "2017", "vid_txt_20": "Зона", "zabelezhka": null, "obekt": null, "dogovor_sr": null, "dogovor_nu": null, "type": null, "bezplatni_": null, "podzona_nu": "-", "sf_rayon": "-"}, "geometry": {"type": "MultiPoint", "coordinates": [[23.329525677, 42.674728346]]}}, {"type": "Feature", "properties": {"id": 17602, "objectid": 24191.0, "park_txt": "Надлъжн", "zona": "Зелена зона", "mestopoloz": "бул. Джеймс Баучер", "georef_201": "2017", "vid_txt_20": "Зона", "zabelezhka": null, "obekt": null, "dogovor_sr": null, "dogovor_nu": null, "type": null, "bezplatni_": null, "podzona_nu": "-", "sf_rayon": "-"}, "geometry": {"type": "MultiPoint", "coordinates": [[23.329468877, 42.674708947]]}}, {"type": "Feature", "properties": {"id": 17603, "objectid": 24192.0, "park_txt": "Надлъжн", "zona": "Зелена зона", "mestopoloz": "бул. Джеймс Баучер", "georef_201": "2017", "vid_txt_20": "Зона", "zabelezhka": null, "obekt": null, "dogovor_sr": null, "dogovor_nu": null, "type": null, "bezplatni_": null, "podzona_nu": "-", "sf_rayon": "-"}, "geometry": {"type": "MultiPoint", "coordinates": [[23.329411135, 42.674688055]]}}, {"type": "Feature", "properties": {"id": 17604, "objectid": 24193.0, "park_txt": "Надлъжн", "zona": "Зелена зона", "mestopoloz": "бул. Джеймс Баучер", "georef_201": "2017", "vid_txt_20": "Зона", "zabelezhka": null, "obekt": null, "dogovor_sr": null, "dogovor_nu": null, "type": null, "bezplatni_": null, "podzona_nu": "-", "sf_rayon": "-"}, "geometry": {"type": "MultiPoint", "coordinates": [[23.329352783, 42.674666942]]}}, {"type": "Feature", "properties": {"id": 17605, "objectid": 24194.0, "park_txt": "Надлъжн", "zona": "Зелена зона", "mestopoloz": "бул. Джеймс Баучер", "georef_201": "2017", "vid_txt_20": "Зона", "zabelezhka": null, "obekt": null, "dogovor_sr": null, "dogovor_nu": null, "type": null, "bezplatni_": null, "podzona_nu": "-", "sf_rayon": "-"}, "geometry": {"type": "MultiPoint", "coordinates": [[23.329292182, 42.674645016]]}}, {"type": "Feature", "properties": {"id": 17606, "objectid": 24195.0, "park_txt": "Надлъжн", "zona": "Зелена зона", "mestopoloz": "бул. Джеймс Баучер", "georef_201": "2017", "vid_txt_20": "Зона", "zabelezhka": null, "obekt": null, "dogovor_sr": null, "dogovor_nu": null, "type": null, "bezplatni_": null, "podzona_nu": "-", "sf_rayon": "-"}, "geometry": {"type": "MultiPoint", "coordinates": [[23.329228768, 42.674622071]]}}, {"type": "Feature", "properties": {"id": 17607, "objectid": 24196.0, "park_txt": "Надлъжн", "zona": "Зелена зона", "mestopoloz": "бул. Джеймс Баучер", "georef_201": "2017", "vid_txt_20": "Зона", "zabelezhka": null, "obekt": null, "dogovor_sr": null, "dogovor_nu": null, "type": null, "bezplatni_": null, "podzona_nu": "-", "sf_rayon": "-"}, "geometry": {"type": "MultiPoint", "coordinates": [[23.329159306, 42.674596939]]}}, {"type": "Feature", "properties": {"id": 17608, "objectid": 24197.0, "park_txt": "Надлъжн", "zona": "Зелена зона", "mestopoloz": "ул. Йоан Екзарх", "georef_201": "2017", "vid_txt_20": "Зона", "zabelezhka": null, "obekt": null, "dogovor_sr": null, "dogovor_nu": null, "type": null, "bezplatni_": null, "podzona_nu": "-", "sf_rayon": "-"}, "geometry": {"type": "MultiPoint", "coordinates": [[23.329614036, 42.677175979]]}}, {"type": "Feature", "properties": {"id": 17609, "objectid": 24198.0, "park_txt": "Надлъжн", "zona": "Зелена зона", "mestopoloz": "ул. Йоан Екзарх", "georef_201": "2017", "vid_txt_20": "Зона", "zabelezhka": null, "obekt": null, "dogovor_sr": null, "dogovor_nu": null, "type": null, "bezplatni_": null, "podzona_nu": "-", "sf_rayon": "-"}, "geometry": {"type": "MultiPoint", "coordinates": [[23.32968426, 42.67716031]]}}, {"type": "Feature", "properties": {"id": 17610, "objectid": 24199.0, "park_txt": "Надлъжн", "zona": "Зелена зона", "mestopoloz": "ул. Йоан Екзарх", "georef_201": "2017", "vid_txt_20": "Зона", "zabelezhka": null, "obekt": null, "dogovor_sr": null, "dogovor_nu": null, "type": null, "bezplatni_": null, "podzona_nu": "-", "sf_rayon": "-"}, "geometry": {"type": "MultiPoint", "coordinates": [[23.329756104, 42.677144305]]}}, {"type": "Feature", "properties": {"id": 17611, "objectid": 24200.0, "park_txt": "Надлъжн", "zona": "Зелена зона", "mestopoloz": "ул. Йоан Екзарх", "georef_201": "2017", "vid_txt_20": "Зона", "zabelezhka": null, "obekt": null, "dogovor_sr": null, "dogovor_nu": null, "type": null, "bezplatni_": null, "podzona_nu": "-", "sf_rayon": "-"}, "geometry": {"type": "MultiPoint", "coordinates": [[23.32982924, 42.677126711]]}}, {"type": "Feature", "properties": {"id": 17612, "objectid": 24201.0, "park_txt": "Надлъжн", "zona": "Зелена зона", "mestopoloz": "ул. Йоан Екзарх", "georef_201": "2017", "vid_txt_20": "Зона", "zabelezhka": null, "obekt": null, "dogovor_sr": null, "dogovor_nu": null, "type": null, "bezplatni_": null, "podzona_nu": "-", "sf_rayon": "-"}, "geometry": {"type": "MultiPoint", "coordinates": [[23.32989701, 42.677109758]]}}, {"type": "Feature", "properties": {"id": 17613, "objectid": 24202.0, "park_txt": "Надлъжн", "zona": "Зелена зона", "mestopoloz": "ул. Йоан Екзарх", "georef_201": "2017", "vid_txt_20": "Зона", "zabelezhka": null, "obekt": null, "dogovor_sr": null, "dogovor_nu": null, "type": null, "bezplatni_": null, "podzona_nu": "-", "sf_rayon": "-"}, "geometry": {"type": "MultiPoint", "coordinates": [[23.329963946, 42.677091476]]}}, {"type": "Feature", "properties": {"id": 17614, "objectid": 24203.0, "park_txt": "Надлъжн", "zona": "Зелена зона", "mestopoloz": "ул. Йоан Екзарх", "georef_201": "2017", "vid_txt_20": "Зона", "zabelezhka": null, "obekt": null, "dogovor_sr": null, "dogovor_nu": null, "type": null, "bezplatni_": null, "podzona_nu": "-", "sf_rayon": "-"}, "geometry": {"type": "MultiPoint", "coordinates": [[23.33002904, 42.677073697]]}}, {"type": "Feature", "properties": {"id": 17615, "objectid": 24204.0, "park_txt": "Надлъжн", "zona": "Зелена зона", "mestopoloz": "ул. Йоан Екзарх", "georef_201": "2017", "vid_txt_20": "Зона", "zabelezhka": null, "obekt": null, "dogovor_sr": null, "dogovor_nu": null, "type": null, "bezplatni_": null, "podzona_nu": "-", "sf_rayon": "-"}, "geometry": {"type": "MultiPoint", "coordinates": [[23.330096163, 42.677055363]]}}, {"type": "Feature", "properties": {"id": 17616, "objectid": 24205.0, "park_txt": "Надлъжн", "zona": "Зелена зона", "mestopoloz": "ул. Йоан Екзарх", "georef_201": "2017", "vid_txt_20": "Зона", "zabelezhka": null, "obekt": null, "dogovor_sr": null, "dogovor_nu": null, "type": null, "bezplatni_": null, "podzona_nu": "-", "sf_rayon": "-"}, "geometry": {"type": "MultiPoint", "coordinates": [[23.33016274, 42.677036477]]}}, {"type": "Feature", "properties": {"id": 17617, "objectid": 24206.0, "park_txt": "Надлъжн", "zona": "Зелена зона", "mestopoloz": "ул. Йоан Екзарх", "georef_201": "2017", "vid_txt_20": "Зона", "zabelezhka": null, "obekt": null, "dogovor_sr": null, "dogovor_nu": null, "type": null, "bezplatni_": null, "podzona_nu": "-", "sf_rayon": "-"}, "geometry": {"type": "MultiPoint", "coordinates": [[23.330922559, 42.676791261]]}}, {"type": "Feature", "properties": {"id": 17618, "objectid": 24207.0, "park_txt": "Надлъжн", "zona": "Зелена зона", "mestopoloz": "ул. Йоан Екзарх", "georef_201": "2017", "vid_txt_20": "Зона", "zabelezhka": null, "obekt": null, "dogovor_sr": null, "dogovor_nu": null, "type": null, "bezplatni_": null, "podzona_nu": "-", "sf_rayon": "-"}, "geometry": {"type": "MultiPoint", "coordinates": [[23.330856432, 42.676813178]]}}, {"type": "Feature", "properties": {"id": 17619, "objectid": 24208.0, "park_txt": "Надлъжн", "zona": "Зелена зона", "mestopoloz": "ул. Йоан Екзарх", "georef_201": "2017", "vid_txt_20": "Зона", "zabelezhka": null, "obekt": null, "dogovor_sr": null, "dogovor_nu": null, "type": null, "bezplatni_": null, "podzona_nu": "-", "sf_rayon": "-"}, "geometry": {"type": "MultiPoint", "coordinates": [[23.330767896, 42.67684216]]}}, {"type": "Feature", "properties": {"id": 17620, "objectid": 24209.0, "park_txt": "Надлъжн", "zona": "Зелена зона", "mestopoloz": "ул. Йоан Екзарх", "georef_201": "2017", "vid_txt_20": "Зона", "zabelezhka": null, "obekt": null, "dogovor_sr": null, "dogovor_nu": null, "type": null, "bezplatni_": null, "podzona_nu": "-", "sf_rayon": "-"}, "geometry": {"type": "MultiPoint", "coordinates": [[23.330669947, 42.676874306]]}}, {"type": "Feature", "properties": {"id": 17621, "objectid": 24210.0, "park_txt": "Надлъжн", "zona": "Зелена зона", "mestopoloz": "ул. Йоан Екзарх", "georef_201": "2017", "vid_txt_20": "Зона", "zabelezhka": null, "obekt": null, "dogovor_sr": null, "dogovor_nu": null, "type": null, "bezplatni_": null, "podzona_nu": "-", "sf_rayon": "-"}, "geometry": {"type": "MultiPoint", "coordinates": [[23.33060098, 42.676896939]]}}, {"type": "Feature", "properties": {"id": 17622, "objectid": 24211.0, "park_txt": "Надлъжн", "zona": "Зелена зона", "mestopoloz": "ул. Йоан Екзарх", "georef_201": "2017", "vid_txt_20": "Зона", "zabelezhka": null, "obekt": null, "dogovor_sr": null, "dogovor_nu": null, "type": null, "bezplatni_": null, "podzona_nu": "-", "sf_rayon": "-"}, "geometry": {"type": "MultiPoint", "coordinates": [[23.330534086, 42.676918742]]}}, {"type": "Feature", "properties": {"id": 17623, "objectid": 24212.0, "park_txt": "Надлъжн", "zona": "Зелена зона", "mestopoloz": "ул. Презвитер Козма", "georef_201": "2017", "vid_txt_20": "Зона", "zabelezhka": null, "obekt": null, "dogovor_sr": null, "dogovor_nu": null, "type": null, "bezplatni_": null, "podzona_nu": "-", "sf_rayon": "-"}, "geometry": {"type": "MultiPoint", "coordinates": [[23.331276041, 42.676769814]]}}, {"type": "Feature", "properties": {"id": 17624, "objectid": 24213.0, "park_txt": "Надлъжн", "zona": "Зелена зона", "mestopoloz": "ул. Презвитер Козма", "georef_201": "2017", "vid_txt_20": "Зона", "zabelezhka": null, "obekt": null, "dogovor_sr": null, "dogovor_nu": null, "type": null, "bezplatni_": null, "podzona_nu": "-", "sf_rayon": "-"}, "geometry": {"type": "MultiPoint", "coordinates": [[23.331346853, 42.676780081]]}}, {"type": "Feature", "properties": {"id": 17625, "objectid": 24214.0, "park_txt": "Надлъжн", "zona": "Зелена зона", "mestopoloz": "ул. Презвитер Козма", "georef_201": "2017", "vid_txt_20": "Зона", "zabelezhka": null, "obekt": null, "dogovor_sr": null, "dogovor_nu": null, "type": null, "bezplatni_": null, "podzona_nu": "-", "sf_rayon": "-"}, "geometry": {"type": "MultiPoint", "coordinates": [[23.331421086, 42.676791115]]}}, {"type": "Feature", "properties": {"id": 17626, "objectid": 24215.0, "park_txt": "Надлъжн", "zona": "Зелена зона", "mestopoloz": "ул. Презвитер Козма", "georef_201": "2017", "vid_txt_20": "Зона", "zabelezhka": null, "obekt": null, "dogovor_sr": null, "dogovor_nu": null, "type": null, "bezplatni_": null, "podzona_nu": "-", "sf_rayon": "-"}, "geometry": {"type": "MultiPoint", "coordinates": [[23.331495021, 42.676802104]]}}, {"type": "Feature", "properties": {"id": 17627, "objectid": 24216.0, "park_txt": "Надлъжн", "zona": "Зелена зона", "mestopoloz": "ул. Презвитер Козма", "georef_201": "2017", "vid_txt_20": "Зона", "zabelezhka": null, "obekt": null, "dogovor_sr": null, "dogovor_nu": null, "type": null, "bezplatni_": null, "podzona_nu": "-", "sf_rayon": "-"}, "geometry": {"type": "MultiPoint", "coordinates": [[23.331565986, 42.676812652]]}}, {"type": "Feature", "properties": {"id": 17628, "objectid": 24217.0, "park_txt": "Надлъжн", "zona": "Зелена зона", "mestopoloz": "ул. Презвитер Козма", "georef_201": "2017", "vid_txt_20": "Зона", "zabelezhka": null, "obekt": null, "dogovor_sr": null, "dogovor_nu": null, "type": null, "bezplatni_": null, "podzona_nu": "-", "sf_rayon": "-"}, "geometry": {"type": "MultiPoint", "coordinates": [[23.331636187, 42.676823086]]}}, {"type": "Feature", "properties": {"id": 17629, "objectid": 24218.0, "park_txt": "Надлъжн", "zona": "Зелена зона", "mestopoloz": "ул. Презвитер Козма", "georef_201": "2017", "vid_txt_20": "Зона", "zabelezhka": null, "obekt": null, "dogovor_sr": null, "dogovor_nu": null, "type": null, "bezplatni_": null, "podzona_nu": "-", "sf_rayon": "-"}, "geometry": {"type": "MultiPoint", "coordinates": [[23.331706967, 42.676833607]]}}, {"type": "Feature", "properties": {"id": 17630, "objectid": 24219.0, "park_txt": "Надлъжн", "zona": "Зелена зона", "mestopoloz": "ул. Презвитер Козма", "georef_201": "2017", "vid_txt_20": "Зона", "zabelezhka": null, "obekt": null, "dogovor_sr": null, "dogovor_nu": null, "type": null, "bezplatni_": null, "podzona_nu": "-", "sf_rayon": "-"}, "geometry": {"type": "MultiPoint", "coordinates": [[23.332350329, 42.67692923]]}}, {"type": "Feature", "properties": {"id": 17631, "objectid": 24220.0, "park_txt": "Надлъжн", "zona": "Зелена зона", "mestopoloz": "ул. Презвитер Козма", "georef_201": "2017", "vid_txt_20": "Зона", "zabelezhka": null, "obekt": null, "dogovor_sr": null, "dogovor_nu": null, "type": null, "bezplatni_": null, "podzona_nu": "-", "sf_rayon": "-"}, "geometry": {"type": "MultiPoint", "coordinates": [[23.332278255, 42.676918517]]}}, {"type": "Feature", "properties": {"id": 17632, "objectid": 24221.0, "park_txt": "Надлъжн", "zona": "Зелена зона", "mestopoloz": "ул. Презвитер Козма", "georef_201": "2017", "vid_txt_20": "Зона", "zabelezhka": null, "obekt": null, "dogovor_sr": null, "dogovor_nu": null, "type": null, "bezplatni_": null, "podzona_nu": "-", "sf_rayon": "-"}, "geometry": {"type": "MultiPoint", "coordinates": [[23.332203399, 42.676907392]]}}, {"type": "Feature", "properties": {"id": 17633, "objectid": 24222.0, "park_txt": "Надлъжн", "zona": "Зелена зона", "mestopoloz": "ул. Презвитер Козма", "georef_201": "2017", "vid_txt_20": "Зона", "zabelezhka": null, "obekt": null, "dogovor_sr": null, "dogovor_nu": null, "type": null, "bezplatni_": null, "podzona_nu": "-", "sf_rayon": "-"}, "geometry": {"type": "MultiPoint", "coordinates": [[23.332131698, 42.676896735]]}}, {"type": "Feature", "properties": {"id": 17634, "objectid": 24223.0, "park_txt": "Надлъжн", "zona": "Зелена зона", "mestopoloz": "ул. Презвитер Козма", "georef_201": "2017", "vid_txt_20": "Зона", "zabelezhka": null, "obekt": null, "dogovor_sr": null, "dogovor_nu": null, "type": null, "bezplatni_": null, "podzona_nu": "-", "sf_rayon": "-"}, "geometry": {"type": "MultiPoint", "coordinates": [[23.332061527, 42.676886305]]}}, {"type": "Feature", "properties": {"id": 17635, "objectid": 24224.0, "park_txt": "Надлъжн", "zona": "Зелена зона", "mestopoloz": "ул. Презвитер Козма", "georef_201": "2017", "vid_txt_20": "Зона", "zabelezhka": null, "obekt": null, "dogovor_sr": null, "dogovor_nu": null, "type": null, "bezplatni_": null, "podzona_nu": "-", "sf_rayon": "-"}, "geometry": {"type": "MultiPoint", "coordinates": [[23.331984827, 42.676874906]]}}, {"type": "Feature", "properties": {"id": 17636, "objectid": 24225.0, "park_txt": "Надлъжн", "zona": "Зелена зона", "mestopoloz": "ул. Йоан Екзарх", "georef_201": "2017", "vid_txt_20": "Зона", "zabelezhka": null, "obekt": null, "dogovor_sr": null, "dogovor_nu": null, "type": null, "bezplatni_": null, "podzona_nu": "-", "sf_rayon": "-"}, "geometry": {"type": "MultiPoint", "coordinates": [[23.331333697, 42.676646149]]}}, {"type": "Feature", "properties": {"id": 17637, "objectid": 24226.0, "park_txt": "Надлъжн", "zona": "Зелена зона", "mestopoloz": "ул. Йоан Екзарх", "georef_201": "2017", "vid_txt_20": "Зона", "zabelezhka": null, "obekt": null, "dogovor_sr": null, "dogovor_nu": null, "type": null, "bezplatni_": null, "podzona_nu": "-", "sf_rayon": "-"}, "geometry": {"type": "MultiPoint", "coordinates": [[23.331400135, 42.67662311]]}}, {"type": "Feature", "properties": {"id": 17638, "objectid": 24227.0, "park_txt": "Надлъжн", "zona": "Зелена зона", "mestopoloz": "ул. Йоан Екзарх", "georef_201": "2017", "vid_txt_20": "Зона", "zabelezhka": null, "obekt": null, "dogovor_sr": null, "dogovor_nu": null, "type": null, "bezplatni_": null, "podzona_nu": "-", "sf_rayon": "-"}, "geometry": {"type": "MultiPoint", "coordinates": [[23.331468583, 42.676599375]]}}, {"type": "Feature", "properties": {"id": 17639, "objectid": 24228.0, "park_txt": "Надлъжн", "zona": "Зелена зона", "mestopoloz": "ул. Йоан Екзарх", "georef_201": "2017", "vid_txt_20": "Зона", "zabelezhka": null, "obekt": null, "dogovor_sr": null, "dogovor_nu": null, "type": null, "bezplatni_": null, "podzona_nu": "-", "sf_rayon": "-"}, "geometry": {"type": "MultiPoint", "coordinates": [[23.331536322, 42.676575885]]}}, {"type": "Feature", "properties": {"id": 17640, "objectid": 24229.0, "park_txt": "Надлъжн", "zona": "Зелена зона", "mestopoloz": "ул. Йоан Екзарх", "georef_201": "2017", "vid_txt_20": "Зона", "zabelezhka": null, "obekt": null, "dogovor_sr": null, "dogovor_nu": null, "type": null, "bezplatni_": null, "podzona_nu": "-", "sf_rayon": "-"}, "geometry": {"type": "MultiPoint", "coordinates": [[23.331603588, 42.676552559]]}}, {"type": "Feature", "properties": {"id": 17641, "objectid": 24230.0, "park_txt": "Надлъжн", "zona": "Зелена зона", "mestopoloz": "ул. Йоан Екзарх", "georef_201": "2017", "vid_txt_20": "Зона", "zabelezhka": null, "obekt": null, "dogovor_sr": null, "dogovor_nu": null, "type": null, "bezplatni_": null, "podzona_nu": "-", "sf_rayon": "-"}, "geometry": {"type": "MultiPoint", "coordinates": [[23.331941218, 42.676376437]]}}, {"type": "Feature", "properties": {"id": 17642, "objectid": 24231.0, "park_txt": "Надлъжн", "zona": "Зелена зона", "mestopoloz": "ул. Йоан Екзарх", "georef_201": "2017", "vid_txt_20": "Зона", "zabelezhka": null, "obekt": null, "dogovor_sr": null, "dogovor_nu": null, "type": null, "bezplatni_": null, "podzona_nu": "-", "sf_rayon": "-"}, "geometry": {"type": "MultiPoint", "coordinates": [[23.332005302, 42.67635442]]}}, {"type": "Feature", "properties": {"id": 17643, "objectid": 24232.0, "park_txt": "Надлъжн", "zona": "Зелена зона", "mestopoloz": "ул. Йоан Екзарх", "georef_201": "2017", "vid_txt_20": "Зона", "zabelezhka": null, "obekt": null, "dogovor_sr": null, "dogovor_nu": null, "type": null, "bezplatni_": null, "podzona_nu": "-", "sf_rayon": "-"}, "geometry": {"type": "MultiPoint", "coordinates": [[23.33206745, 42.676332558]]}}, {"type": "Feature", "properties": {"id": 17644, "objectid": 24233.0, "park_txt": "Надлъжн", "zona": "Зелена зона", "mestopoloz": "ул. Йоан Екзарх", "georef_201": "2017", "vid_txt_20": "Зона", "zabelezhka": null, "obekt": null, "dogovor_sr": null, "dogovor_nu": null, "type": null, "bezplatni_": null, "podzona_nu": "-", "sf_rayon": "-"}, "geometry": {"type": "MultiPoint", "coordinates": [[23.332126817, 42.676311673]]}}, {"type": "Feature", "properties": {"id": 17645, "objectid": 24234.0, "park_txt": "Надлъжн", "zona": "Зелена зона", "mestopoloz": "ул. Йоан Екзарх", "georef_201": "2017", "vid_txt_20": "Зона", "zabelezhka": null, "obekt": null, "dogovor_sr": null, "dogovor_nu": null, "type": null, "bezplatni_": null, "podzona_nu": "-", "sf_rayon": "-"}, "geometry": {"type": "MultiPoint", "coordinates": [[23.332233278, 42.676274991]]}}, {"type": "Feature", "properties": {"id": 17646, "objectid": 24235.0, "park_txt": "Надлъжн", "zona": "Зелена зона", "mestopoloz": "ул. Йоан Екзарх", "georef_201": "2017", "vid_txt_20": "Зона", "zabelezhka": null, "obekt": null, "dogovor_sr": null, "dogovor_nu": null, "type": null, "bezplatni_": null, "podzona_nu": "-", "sf_rayon": "-"}, "geometry": {"type": "MultiPoint", "coordinates": [[23.332296439, 42.676253227]]}}, {"type": "Feature", "properties": {"id": 17647, "objectid": 24236.0, "park_txt": "Надлъжн", "zona": "Зелена зона", "mestopoloz": "ул. Йоан Екзарх", "georef_201": "2017", "vid_txt_20": "Зона", "zabelezhka": null, "obekt": null, "dogovor_sr": null, "dogovor_nu": null, "type": null, "bezplatni_": null, "podzona_nu": "-", "sf_rayon": "-"}, "geometry": {"type": "MultiPoint", "coordinates": [[23.332459932, 42.676196893]]}}, {"type": "Feature", "properties": {"id": 17648, "objectid": 24237.0, "park_txt": "Надлъжн", "zona": "Зелена зона", "mestopoloz": "ул. Йоан Екзарх", "georef_201": "2017", "vid_txt_20": "Зона", "zabelezhka": null, "obekt": null, "dogovor_sr": null, "dogovor_nu": null, "type": null, "bezplatni_": null, "podzona_nu": "-", "sf_rayon": "-"}, "geometry": {"type": "MultiPoint", "coordinates": [[23.332525687, 42.676174236]]}}, {"type": "Feature", "properties": {"id": 17649, "objectid": 24238.0, "park_txt": "Надлъжн", "zona": "Зелена зона", "mestopoloz": "ул. Йоан Екзарх", "georef_201": "2017", "vid_txt_20": "Зона", "zabelezhka": null, "obekt": null, "dogovor_sr": null, "dogovor_nu": null, "type": null, "bezplatni_": null, "podzona_nu": "-", "sf_rayon": "-"}, "geometry": {"type": "MultiPoint", "coordinates": [[23.332592634, 42.676151169]]}}, {"type": "Feature", "properties": {"id": 17650, "objectid": 24239.0, "park_txt": "Надлъжн", "zona": "Зелена зона", "mestopoloz": "ул. Йоан Екзарх", "georef_201": "2017", "vid_txt_20": "Зона", "zabelezhka": null, "obekt": null, "dogovor_sr": null, "dogovor_nu": null, "type": null, "bezplatni_": null, "podzona_nu": "-", "sf_rayon": "-"}, "geometry": {"type": "MultiPoint", "coordinates": [[23.332657489, 42.676128822]]}}, {"type": "Feature", "properties": {"id": 17651, "objectid": 24240.0, "park_txt": "Надлъжн", "zona": "Зелена зона", "mestopoloz": "ул. Йоан Екзарх", "georef_201": "2017", "vid_txt_20": "Зона", "zabelezhka": null, "obekt": null, "dogovor_sr": null, "dogovor_nu": null, "type": null, "bezplatni_": null, "podzona_nu": "-", "sf_rayon": "-"}, "geometry": {"type": "MultiPoint", "coordinates": [[23.332392262, 42.67622021]]}}, {"type": "Feature", "properties": {"id": 17652, "objectid": 24241.0, "park_txt": "Надлъжн", "zona": "Зелена зона", "mestopoloz": "ул. Димитър Димов", "georef_201": "2017", "vid_txt_20": "Зона", "zabelezhka": null, "obekt": null, "dogovor_sr": null, "dogovor_nu": null, "type": null, "bezplatni_": null, "podzona_nu": "-", "sf_rayon": "-"}, "geometry": {"type": "MultiPoint", "coordinates": [[23.329731429, 42.675842345]]}}, {"type": "Feature", "properties": {"id": 17653, "objectid": 24242.0, "park_txt": "Надлъжн", "zona": "Зелена зона", "mestopoloz": "ул. Димитър Димов", "georef_201": "2017", "vid_txt_20": "Зона", "zabelezhka": null, "obekt": null, "dogovor_sr": null, "dogovor_nu": null, "type": null, "bezplatni_": null, "podzona_nu": "-", "sf_rayon": "-"}, "geometry": {"type": "MultiPoint", "coordinates": [[23.329797382, 42.675860676]]}}, {"type": "Feature", "properties": {"id": 17654, "objectid": 24243.0, "park_txt": "Надлъжн", "zona": "Зелена зона", "mestopoloz": "ул. Димитър Димов", "georef_201": "2017", "vid_txt_20": "Зона", "zabelezhka": null, "obekt": null, "dogovor_sr": null, "dogovor_nu": null, "type": null, "bezplatni_": null, "podzona_nu": "-", "sf_rayon": "-"}, "geometry": {"type": "MultiPoint", "coordinates": [[23.329862599, 42.675878802]]}}, {"type": "Feature", "properties": {"id": 17655, "objectid": 24244.0, "park_txt": "Надлъжн", "zona": "Зелена зона", "mestopoloz": "ул. Димитър Димов", "georef_201": "2017", "vid_txt_20": "Зона", "zabelezhka": null, "obekt": null, "dogovor_sr": null, "dogovor_nu": null, "type": null, "bezplatni_": null, "podzona_nu": "-", "sf_rayon": "-"}, "geometry": {"type": "MultiPoint", "coordinates": [[23.329924453, 42.675895993]]}}, {"type": "Feature", "properties": {"id": 17656, "objectid": 24245.0, "park_txt": "Надлъжн", "zona": "Зелена зона", "mestopoloz": "ул. Димитър Димов", "georef_201": "2017", "vid_txt_20": "Зона", "zabelezhka": null, "obekt": null, "dogovor_sr": null, "dogovor_nu": null, "type": null, "bezplatni_": null, "podzona_nu": "-", "sf_rayon": "-"}, "geometry": {"type": "MultiPoint", "coordinates": [[23.32998722, 42.675913439]]}}, {"type": "Feature", "properties": {"id": 17657, "objectid": 24247.0, "park_txt": "Надлъжн", "zona": "Зелена зона", "mestopoloz": "ул. Димитър Димов", "georef_201": "2017", "vid_txt_20": "Зона", "zabelezhka": null, "obekt": null, "dogovor_sr": null, "dogovor_nu": null, "type": null, "bezplatni_": null, "podzona_nu": "-", "sf_rayon": "-"}, "geometry": {"type": "MultiPoint", "coordinates": [[23.33005264, 42.675931621]]}}, {"type": "Feature", "properties": {"id": 17658, "objectid": 24248.0, "park_txt": "Надлъжн", "zona": "Зелена зона", "mestopoloz": "ул. Димитър Димов", "georef_201": "2017", "vid_txt_20": "Зона", "zabelezhka": null, "obekt": null, "dogovor_sr": null, "dogovor_nu": null, "type": null, "bezplatni_": null, "podzona_nu": "-", "sf_rayon": "-"}, "geometry": {"type": "MultiPoint", "coordinates": [[23.330119235, 42.675950131]]}}, {"type": "Feature", "properties": {"id": 17659, "objectid": 24249.0, "park_txt": "Надлъжн", "zona": "Зелена зона", "mestopoloz": "ул. Димитър Димов", "georef_201": "2017", "vid_txt_20": "Зона", "zabelezhka": null, "obekt": null, "dogovor_sr": null, "dogovor_nu": null, "type": null, "bezplatni_": null, "podzona_nu": "-", "sf_rayon": "-"}, "geometry": {"type": "MultiPoint", "coordinates": [[23.330192171, 42.675970402]]}}, {"type": "Feature", "properties": {"id": 17660, "objectid": 24259.0, "park_txt": "Надлъжн", "zona": "Зелена зона", "mestopoloz": "ул. Димитър Димов", "georef_201": "2017", "vid_txt_20": "Зона", "zabelezhka": null, "obekt": null, "dogovor_sr": null, "dogovor_nu": null, "type": null, "bezplatni_": null, "podzona_nu": "-", "sf_rayon": "-"}, "geometry": {"type": "MultiPoint", "coordinates": [[23.330269988, 42.67599203]]}}, {"type": "Feature", "properties": {"id": 17661, "objectid": 24260.0, "park_txt": "Надлъжн", "zona": "Зелена зона", "mestopoloz": "ул. Димитър Димов", "georef_201": "2017", "vid_txt_20": "Зона", "zabelezhka": null, "obekt": null, "dogovor_sr": null, "dogovor_nu": null, "type": null, "bezplatni_": null, "podzona_nu": "-", "sf_rayon": "-"}, "geometry": {"type": "MultiPoint", "coordinates": [[23.330335941, 42.676010361]]}}, {"type": "Feature", "properties": {"id": 17662, "objectid": 24261.0, "park_txt": "Надлъжн", "zona": "Зелена зона", "mestopoloz": "ул. Димитър Димов", "georef_201": "2017", "vid_txt_20": "Зона", "zabelezhka": null, "obekt": null, "dogovor_sr": null, "dogovor_nu": null, "type": null, "bezplatni_": null, "podzona_nu": "-", "sf_rayon": "-"}, "geometry": {"type": "MultiPoint", "coordinates": [[23.330401159, 42.676028487]]}}, {"type": "Feature", "properties": {"id": 17663, "objectid": 24262.0, "park_txt": "Надлъжн", "zona": "Зелена зона", "mestopoloz": "ул. Димитър Димов", "georef_201": "2017", "vid_txt_20": "Зона", "zabelezhka": null, "obekt": null, "dogovor_sr": null, "dogovor_nu": null, "type": null, "bezplatni_": null, "podzona_nu": "-", "sf_rayon": "-"}, "geometry": {"type": "MultiPoint", "coordinates": [[23.330463013, 42.676045678]]}}, {"type": "Feature", "properties": {"id": 17664, "objectid": 24263.0, "park_txt": "Надлъжн", "zona": "Зелена зона", "mestopoloz": "ул. Димитър Димов", "georef_201": "2017", "vid_txt_20": "Зона", "zabelezhka": null, "obekt": null, "dogovor_sr": null, "dogovor_nu": null, "type": null, "bezplatni_": null, "podzona_nu": "-", "sf_rayon": "-"}, "geometry": {"type": "MultiPoint", "coordinates": [[23.330525781, 42.676063124]]}}, {"type": "Feature", "properties": {"id": 17665, "objectid": 24264.0, "park_txt": "Надлъжн", "zona": "Зелена зона", "mestopoloz": "ул. Димитър Димов", "georef_201": "2017", "vid_txt_20": "Зона", "zabelezhka": null, "obekt": null, "dogovor_sr": null, "dogovor_nu": null, "type": null, "bezplatni_": null, "podzona_nu": "-", "sf_rayon": "-"}, "geometry": {"type": "MultiPoint", "coordinates": [[23.330591201, 42.676081305]]}}, {"type": "Feature", "properties": {"id": 17666, "objectid": 24265.0, "park_txt": "Надлъжн", "zona": "Зелена зона", "mestopoloz": "ул. Димитър Димов", "georef_201": "2017", "vid_txt_20": "Зона", "zabelezhka": null, "obekt": null, "dogovor_sr": null, "dogovor_nu": null, "type": null, "bezplatni_": null, "podzona_nu": "-", "sf_rayon": "-"}, "geometry": {"type": "MultiPoint", "coordinates": [[23.33066151, 42.676100747]]}}, {"type": "Feature", "properties": {"id": 17667, "objectid": 24266.0, "park_txt": "Надлъжн", "zona": "Зелена зона", "mestopoloz": "ул. Димитър Димов", "georef_201": "2017", "vid_txt_20": "Зона", "zabelezhka": null, "obekt": null, "dogovor_sr": null, "dogovor_nu": null, "type": null, "bezplatni_": null, "podzona_nu": "-", "sf_rayon": "-"}, "geometry": {"type": "MultiPoint", "coordinates": [[23.330730733, 42.676120086]]}}, {"type": "Feature", "properties": {"id": 17668, "objectid": 24267.0, "park_txt": "Надлъжн", "zona": "Зелена зона", "mestopoloz": "ул. Димитър Димов", "georef_201": "2017", "vid_txt_20": "Зона", "zabelezhka": null, "obekt": null, "dogovor_sr": null, "dogovor_nu": null, "type": null, "bezplatni_": null, "podzona_nu": "-", "sf_rayon": "-"}, "geometry": {"type": "MultiPoint", "coordinates": [[23.330796593, 42.676137929]]}}, {"type": "Feature", "properties": {"id": 17669, "objectid": 24268.0, "park_txt": "Надлъжн", "zona": "Зелена зона", "mestopoloz": "ул. Димитър Димов", "georef_201": "2017", "vid_txt_20": "Зона", "zabelezhka": null, "obekt": null, "dogovor_sr": null, "dogovor_nu": null, "type": null, "bezplatni_": null, "podzona_nu": "-", "sf_rayon": "-"}, "geometry": {"type": "MultiPoint", "coordinates": [[23.330865815, 42.676157268]]}}, {"type": "Feature", "properties": {"id": 17670, "objectid": 24269.0, "park_txt": "Напречн", "zona": "Зелена зона", "mestopoloz": "ул. Димитър Димов", "georef_201": "2017", "vid_txt_20": "Зона", "zabelezhka": null, "obekt": null, "dogovor_sr": null, "dogovor_nu": null, "type": null, "bezplatni_": null, "podzona_nu": "-", "sf_rayon": "-"}, "geometry": {"type": "MultiPoint", "coordinates": [[23.331676319, 42.676436662]]}}, {"type": "Feature", "properties": {"id": 17671, "objectid": 24270.0, "park_txt": "Напречн", "zona": "Зелена зона", "mestopoloz": "ул. Димитър Димов", "georef_201": "2017", "vid_txt_20": "Зона", "zabelezhka": null, "obekt": null, "dogovor_sr": null, "dogovor_nu": null, "type": null, "bezplatni_": null, "podzona_nu": "-", "sf_rayon": "-"}, "geometry": {"type": "MultiPoint", "coordinates": [[23.331675501, 42.676410916]]}}, {"type": "Feature", "properties": {"id": 17672, "objectid": 24271.0, "park_txt": "Надлъжн", "zona": "Зелена зона", "mestopoloz": "бул. Джеймс Баучер", "georef_201": "2017", "vid_txt_20": "Зона", "zabelezhka": null, "obekt": null, "dogovor_sr": null, "dogovor_nu": null, "type": null, "bezplatni_": null, "podzona_nu": "-", "sf_rayon": "-"}, "geometry": {"type": "MultiPoint", "coordinates": [[23.331032091, 42.675274532]]}}, {"type": "Feature", "properties": {"id": 17673, "objectid": 24272.0, "park_txt": "Надлъжн", "zona": "Зелена зона", "mestopoloz": "бул. Джеймс Баучер", "georef_201": "2017", "vid_txt_20": "Зона", "zabelezhka": null, "obekt": null, "dogovor_sr": null, "dogovor_nu": null, "type": null, "bezplatni_": null, "podzona_nu": "-", "sf_rayon": "-"}, "geometry": {"type": "MultiPoint", "coordinates": [[23.330977719, 42.675254907]]}}, {"type": "Feature", "properties": {"id": 17674, "objectid": 24273.0, "park_txt": "Надлъжн", "zona": "Зелена зона", "mestopoloz": "бул. Джеймс Баучер", "georef_201": "2017", "vid_txt_20": "Зона", "zabelezhka": null, "obekt": null, "dogovor_sr": null, "dogovor_nu": null, "type": null, "bezplatni_": null, "podzona_nu": "-", "sf_rayon": "-"}, "geometry": {"type": "MultiPoint", "coordinates": [[23.330918486, 42.675233488]]}}, {"type": "Feature", "properties": {"id": 17675, "objectid": 24274.0, "park_txt": "Надлъжн", "zona": "Зелена зона", "mestopoloz": "бул. Джеймс Баучер", "georef_201": "2017", "vid_txt_20": "Зона", "zabelezhka": null, "obekt": null, "dogovor_sr": null, "dogovor_nu": null, "type": null, "bezplatni_": null, "podzona_nu": "-", "sf_rayon": "-"}, "geometry": {"type": "MultiPoint", "coordinates": [[23.330858598, 42.675211864]]}}, {"type": "Feature", "properties": {"id": 17676, "objectid": 24275.0, "park_txt": "Надлъжн", "zona": "Зелена зона", "mestopoloz": "бул. Джеймс Баучер", "georef_201": "2017", "vid_txt_20": "Зона", "zabelezhka": null, "obekt": null, "dogovor_sr": null, "dogovor_nu": null, "type": null, "bezplatni_": null, "podzona_nu": "-", "sf_rayon": "-"}, "geometry": {"type": "MultiPoint", "coordinates": [[23.330799083, 42.675190376]]}}, {"type": "Feature", "properties": {"id": 17677, "objectid": 24276.0, "park_txt": "Надлъжн", "zona": "Зелена зона", "mestopoloz": "бул. Джеймс Баучер", "georef_201": "2017", "vid_txt_20": "Зона", "zabelezhka": null, "obekt": null, "dogovor_sr": null, "dogovor_nu": null, "type": null, "bezplatni_": null, "podzona_nu": "-", "sf_rayon": "-"}, "geometry": {"type": "MultiPoint", "coordinates": [[23.330736445, 42.67516776]]}}, {"type": "Feature", "properties": {"id": 17678, "objectid": 24277.0, "park_txt": "Надлъжн", "zona": "Зелена зона", "mestopoloz": "бул. Джеймс Баучер", "georef_201": "2017", "vid_txt_20": "Зона", "zabelezhka": null, "obekt": null, "dogovor_sr": null, "dogovor_nu": null, "type": null, "bezplatni_": null, "podzona_nu": "-", "sf_rayon": "-"}, "geometry": {"type": "MultiPoint", "coordinates": [[23.33067195, 42.675144473]]}}, {"type": "Feature", "properties": {"id": 17679, "objectid": 24278.0, "park_txt": "Надлъжн", "zona": "Зелена зона", "mestopoloz": "бул. Джеймс Баучер", "georef_201": "2017", "vid_txt_20": "Зона", "zabelezhka": null, "obekt": null, "dogovor_sr": null, "dogovor_nu": null, "type": null, "bezplatni_": null, "podzona_nu": "-", "sf_rayon": "-"}, "geometry": {"type": "MultiPoint", "coordinates": [[23.330614678, 42.675123794]]}}, {"type": "Feature", "properties": {"id": 17680, "objectid": 24279.0, "park_txt": "Надлъжн", "zona": "Зелена зона", "mestopoloz": "бул. Джеймс Баучер", "georef_201": "2017", "vid_txt_20": "Зона", "zabelezhka": null, "obekt": null, "dogovor_sr": null, "dogovor_nu": null, "type": null, "bezplatni_": null, "podzona_nu": "-", "sf_rayon": "-"}, "geometry": {"type": "MultiPoint", "coordinates": [[23.330559875, 42.675104006]]}}, {"type": "Feature", "properties": {"id": 17681, "objectid": 24280.0, "park_txt": "Надлъжн", "zona": "Зелена зона", "mestopoloz": "бул. Джеймс Баучер", "georef_201": "2017", "vid_txt_20": "Зона", "zabelezhka": null, "obekt": null, "dogovor_sr": null, "dogovor_nu": null, "type": null, "bezplatni_": null, "podzona_nu": "-", "sf_rayon": "-"}, "geometry": {"type": "MultiPoint", "coordinates": [[23.330505818, 42.675084489]]}}, {"type": "Feature", "properties": {"id": 17682, "objectid": 24281.0, "park_txt": "Надлъжн", "zona": "Зелена зона", "mestopoloz": "бул. Джеймс Баучер", "georef_201": "2017", "vid_txt_20": "Зона", "zabelezhka": null, "obekt": null, "dogovor_sr": null, "dogovor_nu": null, "type": null, "bezplatni_": null, "podzona_nu": "-", "sf_rayon": "-"}, "geometry": {"type": "MultiPoint", "coordinates": [[23.330447592, 42.675063465]]}}, {"type": "Feature", "properties": {"id": 17683, "objectid": 24282.0, "park_txt": "Надлъжн", "zona": "Зелена зона", "mestopoloz": "бул. Джеймс Баучер", "georef_201": "2017", "vid_txt_20": "Зона", "zabelezhka": null, "obekt": null, "dogovor_sr": null, "dogovor_nu": null, "type": null, "bezplatni_": null, "podzona_nu": "-", "sf_rayon": "-"}, "geometry": {"type": "MultiPoint", "coordinates": [[23.330389344, 42.675042433]]}}, {"type": "Feature", "properties": {"id": 17684, "objectid": 24283.0, "park_txt": "Надлъжн", "zona": "Зелена зона", "mestopoloz": "бул. Джеймс Баучер", "georef_201": "2017", "vid_txt_20": "Зона", "zabelezhka": null, "obekt": null, "dogovor_sr": null, "dogovor_nu": null, "type": null, "bezplatni_": null, "podzona_nu": "-", "sf_rayon": "-"}, "geometry": {"type": "MultiPoint", "coordinates": [[23.330328303, 42.675020393]]}}, {"type": "Feature", "properties": {"id": 17685, "objectid": 24284.0, "park_txt": "Надлъжн", "zona": "Зелена зона", "mestopoloz": "бул. Джеймс Баучер", "georef_201": "2017", "vid_txt_20": "Зона", "zabelezhka": null, "obekt": null, "dogovor_sr": null, "dogovor_nu": null, "type": null, "bezplatni_": null, "podzona_nu": "-", "sf_rayon": "-"}, "geometry": {"type": "MultiPoint", "coordinates": [[23.330265606, 42.674997756]]}}, {"type": "Feature", "properties": {"id": 17686, "objectid": 24285.0, "park_txt": "Надлъжн", "zona": "Зелена зона", "mestopoloz": "бул. Джеймс Баучер", "georef_201": "2017", "vid_txt_20": "Зона", "zabelezhka": null, "obekt": null, "dogovor_sr": null, "dogovor_nu": null, "type": null, "bezplatni_": null, "podzona_nu": "-", "sf_rayon": "-"}, "geometry": {"type": "MultiPoint", "coordinates": [[23.330195911, 42.674972081]]}}, {"type": "Feature", "properties": {"id": 17687, "objectid": 24286.0, "park_txt": "Надлъжн", "zona": "Зелена зона", "mestopoloz": "бул. Джеймс Баучер", "georef_201": "2017", "vid_txt_20": "Зона", "zabelezhka": null, "obekt": null, "dogovor_sr": null, "dogovor_nu": null, "type": null, "bezplatni_": null, "podzona_nu": "-", "sf_rayon": "-"}, "geometry": {"type": "MultiPoint", "coordinates": [[23.331253768, 42.675354392]]}}, {"type": "Feature", "properties": {"id": 17688, "objectid": 24287.0, "park_txt": "Надлъжн", "zona": "Зелена зона", "mestopoloz": "бул. Джеймс Баучер", "georef_201": "2017", "vid_txt_20": "Зона", "zabelezhka": null, "obekt": null, "dogovor_sr": null, "dogovor_nu": null, "type": null, "bezplatni_": null, "podzona_nu": "-", "sf_rayon": "-"}, "geometry": {"type": "MultiPoint", "coordinates": [[23.331202215, 42.675335904]]}}, {"type": "Feature", "properties": {"id": 17689, "objectid": 24288.0, "park_txt": "Надлъжн", "zona": "Зелена зона", "mestopoloz": "бул. Джеймс Баучер", "georef_201": "2017", "vid_txt_20": "Зона", "zabelezhka": null, "obekt": null, "dogovor_sr": null, "dogovor_nu": null, "type": null, "bezplatni_": null, "podzona_nu": "-", "sf_rayon": "-"}, "geometry": {"type": "MultiPoint", "coordinates": [[23.33114273, 42.675314348]]}}, {"type": "Feature", "properties": {"id": 17690, "objectid": 24289.0, "park_txt": "Надлъжн", "zona": "Зелена зона", "mestopoloz": "бул. Джеймс Баучер", "georef_201": "2017", "vid_txt_20": "Зона", "zabelezhka": null, "obekt": null, "dogovor_sr": null, "dogovor_nu": null, "type": null, "bezplatni_": null, "podzona_nu": "-", "sf_rayon": "-"}, "geometry": {"type": "MultiPoint", "coordinates": [[23.331086535, 42.675294138]]}}, {"type": "Feature", "properties": {"id": 17691, "objectid": 24290.0, "park_txt": "Надлъжн", "zona": "Зелена зона", "mestopoloz": "бул. Джеймс Баучер", "georef_201": "2017", "vid_txt_20": "Зона", "zabelezhka": null, "obekt": null, "dogovor_sr": null, "dogovor_nu": null, "type": null, "bezplatni_": null, "podzona_nu": "-", "sf_rayon": "-"}, "geometry": {"type": "MultiPoint", "coordinates": [[23.331724992, 42.675523744]]}}, {"type": "Feature", "properties": {"id": 17692, "objectid": 24291.0, "park_txt": "Надлъжн", "zona": "Зелена зона", "mestopoloz": "бул. Джеймс Баучер", "georef_201": "2017", "vid_txt_20": "Зона", "zabelezhka": null, "obekt": null, "dogovor_sr": null, "dogovor_nu": null, "type": null, "bezplatni_": null, "podzona_nu": "-", "sf_rayon": "-"}, "geometry": {"type": "MultiPoint", "coordinates": [[23.33167096, 42.675504084]]}}, {"type": "Feature", "properties": {"id": 17693, "objectid": 24292.0, "park_txt": "Надлъжн", "zona": "Зелена зона", "mestopoloz": "бул. Джеймс Баучер", "georef_201": "2017", "vid_txt_20": "Зона", "zabelezhka": null, "obekt": null, "dogovor_sr": null, "dogovor_nu": null, "type": null, "bezplatni_": null, "podzona_nu": "-", "sf_rayon": "-"}, "geometry": {"type": "MultiPoint", "coordinates": [[23.331611771, 42.675482548]]}}, {"type": "Feature", "properties": {"id": 17694, "objectid": 24293.0, "park_txt": "Надлъжн", "zona": "Зелена зона", "mestopoloz": "бул. Джеймс Баучер", "georef_201": "2017", "vid_txt_20": "Зона", "zabelezhka": null, "obekt": null, "dogovor_sr": null, "dogovor_nu": null, "type": null, "bezplatni_": null, "podzona_nu": "-", "sf_rayon": "-"}, "geometry": {"type": "MultiPoint", "coordinates": [[23.331551269, 42.675461501]]}}, {"type": "Feature", "properties": {"id": 17695, "objectid": 24294.0, "park_txt": "Надлъжн", "zona": "Зелена зона", "mestopoloz": "бул. Джеймс Баучер", "georef_201": "2017", "vid_txt_20": "Зона", "zabelezhka": null, "obekt": null, "dogovor_sr": null, "dogovor_nu": null, "type": null, "bezplatni_": null, "podzona_nu": "-", "sf_rayon": "-"}, "geometry": {"type": "MultiPoint", "coordinates": [[23.331491942, 42.675439765]]}}, {"type": "Feature", "properties": {"id": 17696, "objectid": 24295.0, "park_txt": "Надлъжн", "zona": "Зелена зона", "mestopoloz": "бул. Джеймс Баучер", "georef_201": "2017", "vid_txt_20": "Зона", "zabelezhka": null, "obekt": null, "dogovor_sr": null, "dogovor_nu": null, "type": null, "bezplatni_": null, "podzona_nu": "-", "sf_rayon": "-"}, "geometry": {"type": "MultiPoint", "coordinates": [[23.331429726, 42.675417731]]}}, {"type": "Feature", "properties": {"id": 17697, "objectid": 24296.0, "park_txt": "Надлъжн", "zona": "Зелена зона", "mestopoloz": "бул. Джеймс Баучер", "georef_201": "2017", "vid_txt_20": "Зона", "zabelezhka": null, "obekt": null, "dogovor_sr": null, "dogovor_nu": null, "type": null, "bezplatni_": null, "podzona_nu": "-", "sf_rayon": "-"}, "geometry": {"type": "MultiPoint", "coordinates": [[23.331364528, 42.675394252]]}}, {"type": "Feature", "properties": {"id": 17698, "objectid": 24297.0, "park_txt": "Надлъжн", "zona": "Зелена зона", "mestopoloz": "бул. Джеймс Баучер", "georef_201": "2017", "vid_txt_20": "Зона", "zabelezhka": null, "obekt": null, "dogovor_sr": null, "dogovor_nu": null, "type": null, "bezplatni_": null, "podzona_nu": "-", "sf_rayon": "-"}, "geometry": {"type": "MultiPoint", "coordinates": [[23.331946324, 42.675604276]]}}, {"type": "Feature", "properties": {"id": 17699, "objectid": 24298.0, "park_txt": "Надлъжн", "zona": "Зелена зона", "mestopoloz": "бул. Джеймс Баучер", "georef_201": "2017", "vid_txt_20": "Зона", "zabelezhka": null, "obekt": null, "dogovor_sr": null, "dogovor_nu": null, "type": null, "bezplatni_": null, "podzona_nu": "-", "sf_rayon": "-"}, "geometry": {"type": "MultiPoint", "coordinates": [[23.331894872, 42.675585555]]}}, {"type": "Feature", "properties": {"id": 17700, "objectid": 24299.0, "park_txt": "Надлъжн", "zona": "Зелена зона", "mestopoloz": "бул. Джеймс Баучер", "georef_201": "2017", "vid_txt_20": "Зона", "zabelezhka": null, "obekt": null, "dogovor_sr": null, "dogovor_nu": null, "type": null, "bezplatni_": null, "podzona_nu": "-", "sf_rayon": "-"}, "geometry": {"type": "MultiPoint", "coordinates": [[23.331835592, 42.675563735]]}}, {"type": "Feature", "properties": {"id": 17701, "objectid": 24300.0, "park_txt": "Надлъжн", "zona": "Зелена зона", "mestopoloz": "бул. Джеймс Баучер", "georef_201": "2017", "vid_txt_20": "Зона", "zabelezhka": null, "obekt": null, "dogovor_sr": null, "dogovor_nu": null, "type": null, "bezplatni_": null, "podzona_nu": "-", "sf_rayon": "-"}, "geometry": {"type": "MultiPoint", "coordinates": [[23.331779396, 42.675543526]]}}, {"type": "Feature", "properties": {"id": 17702, "objectid": 24301.0, "park_txt": "Надлъжн", "zona": "Зелена зона", "mestopoloz": "бул. Джеймс Баучер", "georef_201": "2017", "vid_txt_20": "Зона", "zabelezhka": null, "obekt": null, "dogovor_sr": null, "dogovor_nu": null, "type": null, "bezplatni_": null, "podzona_nu": "-", "sf_rayon": "-"}, "geometry": {"type": "MultiPoint", "coordinates": [[23.332331711, 42.675744499]]}}, {"type": "Feature", "properties": {"id": 17703, "objectid": 24302.0, "park_txt": "Надлъжн", "zona": "Зелена зона", "mestopoloz": "бул. Джеймс Баучер", "georef_201": "2017", "vid_txt_20": "Зона", "zabelezhka": null, "obekt": null, "dogovor_sr": null, "dogovor_nu": null, "type": null, "bezplatni_": null, "podzona_nu": "-", "sf_rayon": "-"}, "geometry": {"type": "MultiPoint", "coordinates": [[23.33238323, 42.675763244]]}}, {"type": "Feature", "properties": {"id": 17704, "objectid": 24303.0, "park_txt": "Надлъжн", "zona": "Зелена зона", "mestopoloz": "бул. Джеймс Баучер", "georef_201": "2017", "vid_txt_20": "Зона", "zabelezhka": null, "obekt": null, "dogovor_sr": null, "dogovor_nu": null, "type": null, "bezplatni_": null, "podzona_nu": "-", "sf_rayon": "-"}, "geometry": {"type": "MultiPoint", "coordinates": [[23.332175763, 42.675687758]]}}, {"type": "Feature", "properties": {"id": 17705, "objectid": 24304.0, "park_txt": "Надлъжн", "zona": "Зелена зона", "mestopoloz": "бул. Джеймс Баучер", "georef_201": "2017", "vid_txt_20": "Зона", "zabelezhka": null, "obekt": null, "dogovor_sr": null, "dogovor_nu": null, "type": null, "bezplatni_": null, "podzona_nu": "-", "sf_rayon": "-"}, "geometry": {"type": "MultiPoint", "coordinates": [[23.332228028, 42.675706773]]}}, {"type": "Feature", "properties": {"id": 17706, "objectid": 24305.0, "park_txt": "Надлъжн", "zona": "Зелена зона", "mestopoloz": "бул. Джеймс Баучер", "georef_201": "2017", "vid_txt_20": "Зона", "zabelezhka": null, "obekt": null, "dogovor_sr": null, "dogovor_nu": null, "type": null, "bezplatni_": null, "podzona_nu": "-", "sf_rayon": "-"}, "geometry": {"type": "MultiPoint", "coordinates": [[23.332282056, 42.675726432]]}}, {"type": "Feature", "properties": {"id": 17707, "objectid": 24306.0, "park_txt": "Надлъжн", "zona": "Зелена зона", "mestopoloz": "бул. Джеймс Баучер", "georef_201": "2017", "vid_txt_20": "Инвалид", "zabelezhka": "-", "obekt": "-", "dogovor_sr": "-", "dogovor_nu": "-", "type": "-", "bezplatni_": "-", "podzona_nu": "-", "sf_rayon": "-"}, "geometry": {"type": "MultiPoint", "coordinates": [[23.332704806, 42.675880247]]}}, {"type": "Feature", "properties": {"id": 17708, "objectid": 24307.0, "park_txt": "Надлъжн", "zona": "Зелена зона", "mestopoloz": "бул. Джеймс Баучер", "georef_201": "2017", "vid_txt_20": "Зона", "zabelezhka": null, "obekt": null, "dogovor_sr": null, "dogovor_nu": null, "type": null, "bezplatni_": null, "podzona_nu": "-", "sf_rayon": "-"}, "geometry": {"type": "MultiPoint", "coordinates": [[23.332652808, 42.675980264]]}}, {"type": "Feature", "properties": {"id": 17709, "objectid": 24308.0, "park_txt": "Надлъжн", "zona": "Зелена зона", "mestopoloz": "бул. Джеймс Баучер", "georef_201": "2017", "vid_txt_20": "Зона", "zabelezhka": null, "obekt": null, "dogovor_sr": null, "dogovor_nu": null, "type": null, "bezplatni_": null, "podzona_nu": "-", "sf_rayon": "-"}, "geometry": {"type": "MultiPoint", "coordinates": [[23.332583451, 42.675955403]]}}, {"type": "Feature", "properties": {"id": 17710, "objectid": 24309.0, "park_txt": "Надлъжн", "zona": "Зелена зона", "mestopoloz": "бул. Джеймс Баучер", "georef_201": "2017", "vid_txt_20": "Зона", "zabelezhka": null, "obekt": null, "dogovor_sr": null, "dogovor_nu": null, "type": null, "bezplatni_": null, "podzona_nu": "-", "sf_rayon": "-"}, "geometry": {"type": "MultiPoint", "coordinates": [[23.332511394, 42.675929574]]}}, {"type": "Feature", "properties": {"id": 17711, "objectid": 24310.0, "park_txt": "Надлъжн", "zona": "Зелена зона", "mestopoloz": "бул. Джеймс Баучер", "georef_201": "2017", "vid_txt_20": "Зона", "zabelezhka": null, "obekt": null, "dogovor_sr": null, "dogovor_nu": null, "type": null, "bezplatni_": null, "podzona_nu": "-", "sf_rayon": "-"}, "geometry": {"type": "MultiPoint", "coordinates": [[23.332446297, 42.675906239]]}}, {"type": "Feature", "properties": {"id": 17712, "objectid": 24311.0, "park_txt": "Надлъжн", "zona": "Зелена зона", "mestopoloz": "бул. Джеймс Баучер", "georef_201": "2017", "vid_txt_20": "Зона", "zabelezhka": null, "obekt": null, "dogovor_sr": null, "dogovor_nu": null, "type": null, "bezplatni_": null, "podzona_nu": "-", "sf_rayon": "-"}, "geometry": {"type": "MultiPoint", "coordinates": [[23.332379564, 42.675882319]]}}, {"type": "Feature", "properties": {"id": 17713, "objectid": 24312.0, "park_txt": "Надлъжн", "zona": "Зелена зона", "mestopoloz": "бул. Джеймс Баучер", "georef_201": "2017", "vid_txt_20": "Зона", "zabelezhka": null, "obekt": null, "dogovor_sr": null, "dogovor_nu": null, "type": null, "bezplatni_": null, "podzona_nu": "-", "sf_rayon": "-"}, "geometry": {"type": "MultiPoint", "coordinates": [[23.332307474, 42.675856478]]}}, {"type": "Feature", "properties": {"id": 17714, "objectid": 24313.0, "park_txt": "Надлъжн", "zona": "Зелена зона", "mestopoloz": "бул. Джеймс Баучер", "georef_201": "2017", "vid_txt_20": "Зона", "zabelezhka": null, "obekt": null, "dogovor_sr": null, "dogovor_nu": null, "type": null, "bezplatni_": null, "podzona_nu": "-", "sf_rayon": "-"}, "geometry": {"type": "MultiPoint", "coordinates": [[23.332244256, 42.675833816]]}}, {"type": "Feature", "properties": {"id": 17715, "objectid": 24314.0, "park_txt": "Надлъжн", "zona": "Зелена зона", "mestopoloz": "бул. Джеймс Баучер", "georef_201": "2017", "vid_txt_20": "Зона", "zabelezhka": null, "obekt": null, "dogovor_sr": null, "dogovor_nu": null, "type": null, "bezplatni_": null, "podzona_nu": "-", "sf_rayon": "-"}, "geometry": {"type": "MultiPoint", "coordinates": [[23.332181101, 42.675810853]]}}, {"type": "Feature", "properties": {"id": 17716, "objectid": 24315.0, "park_txt": "Надлъжн", "zona": "Зелена зона", "mestopoloz": "бул. Джеймс Баучер", "georef_201": "2017", "vid_txt_20": "Зона", "zabelezhka": null, "obekt": null, "dogovor_sr": null, "dogovor_nu": null, "type": null, "bezplatni_": null, "podzona_nu": "-", "sf_rayon": "-"}, "geometry": {"type": "MultiPoint", "coordinates": [[23.332029191, 42.675755364]]}}, {"type": "Feature", "properties": {"id": 17717, "objectid": 24316.0, "park_txt": "Надлъжн", "zona": "Зелена зона", "mestopoloz": "бул. Джеймс Баучер", "georef_201": "2017", "vid_txt_20": "Зона", "zabelezhka": null, "obekt": null, "dogovor_sr": null, "dogovor_nu": null, "type": null, "bezplatni_": null, "podzona_nu": "-", "sf_rayon": "-"}, "geometry": {"type": "MultiPoint", "coordinates": [[23.331961239, 42.675730833]]}}, {"type": "Feature", "properties": {"id": 17718, "objectid": 24317.0, "park_txt": "Надлъжн", "zona": "Зелена зона", "mestopoloz": "бул. Джеймс Баучер", "georef_201": "2017", "vid_txt_20": "Зона", "zabelezhka": null, "obekt": null, "dogovor_sr": null, "dogovor_nu": null, "type": null, "bezplatni_": null, "podzona_nu": "-", "sf_rayon": "-"}, "geometry": {"type": "MultiPoint", "coordinates": [[23.331889865, 42.675705066]]}}, {"type": "Feature", "properties": {"id": 17719, "objectid": 24318.0, "park_txt": "Надлъжн", "zona": "Зелена зона", "mestopoloz": "бул. Джеймс Баучер", "georef_201": "2017", "vid_txt_20": "Зона", "zabelezhka": null, "obekt": null, "dogovor_sr": null, "dogovor_nu": null, "type": null, "bezplatni_": null, "podzona_nu": "-", "sf_rayon": "-"}, "geometry": {"type": "MultiPoint", "coordinates": [[23.331822736, 42.675680832]]}}, {"type": "Feature", "properties": {"id": 17720, "objectid": 24319.0, "park_txt": "Надлъжн", "zona": "Зелена зона", "mestopoloz": "бул. Джеймс Баучер", "georef_201": "2017", "vid_txt_20": "Зона", "zabelezhka": null, "obekt": null, "dogovor_sr": null, "dogovor_nu": null, "type": null, "bezplatni_": null, "podzona_nu": "-", "sf_rayon": "-"}, "geometry": {"type": "MultiPoint", "coordinates": [[23.331757275, 42.675657201]]}}, {"type": "Feature", "properties": {"id": 17721, "objectid": 24320.0, "park_txt": "Надлъжн", "zona": "Зелена зона", "mestopoloz": "бул. Джеймс Баучер", "georef_201": "2017", "vid_txt_20": "Зона", "zabelezhka": null, "obekt": null, "dogovor_sr": null, "dogovor_nu": null, "type": null, "bezplatni_": null, "podzona_nu": "-", "sf_rayon": "-"}, "geometry": {"type": "MultiPoint", "coordinates": [[23.331699969, 42.67563644]]}}, {"type": "Feature", "properties": {"id": 17722, "objectid": 24321.0, "park_txt": "Надлъжн", "zona": "Зелена зона", "mestopoloz": "бул. Джеймс Баучер", "georef_201": "2017", "vid_txt_20": "Зона", "zabelezhka": null, "obekt": null, "dogovor_sr": null, "dogovor_nu": null, "type": null, "bezplatni_": null, "podzona_nu": "-", "sf_rayon": "-"}, "geometry": {"type": "MultiPoint", "coordinates": [[23.331635763, 42.675612904]]}}, {"type": "Feature", "properties": {"id": 17723, "objectid": 24322.0, "park_txt": "Надлъжн", "zona": "Зелена зона", "mestopoloz": "бул. Джеймс Баучер", "georef_201": "2017", "vid_txt_20": "Зона", "zabelezhka": null, "obekt": null, "dogovor_sr": null, "dogovor_nu": null, "type": null, "bezplatni_": null, "podzona_nu": "-", "sf_rayon": "-"}, "geometry": {"type": "MultiPoint", "coordinates": [[23.331578321, 42.675591849]]}}, {"type": "Feature", "properties": {"id": 17724, "objectid": 24323.0, "park_txt": "Надлъжн", "zona": "Зелена зона", "mestopoloz": "бул. Джеймс Баучер", "georef_201": "2017", "vid_txt_20": "Зона", "zabelezhka": null, "obekt": null, "dogovor_sr": null, "dogovor_nu": null, "type": null, "bezplatni_": null, "podzona_nu": "-", "sf_rayon": "-"}, "geometry": {"type": "MultiPoint", "coordinates": [[23.331523623, 42.675571799]]}}, {"type": "Feature", "properties": {"id": 17725, "objectid": 24324.0, "park_txt": "Надлъжн", "zona": "Зелена зона", "mestopoloz": "бул. Джеймс Баучер", "georef_201": "2017", "vid_txt_20": "Зона", "zabelezhka": null, "obekt": null, "dogovor_sr": null, "dogovor_nu": null, "type": null, "bezplatni_": null, "podzona_nu": "-", "sf_rayon": "-"}, "geometry": {"type": "MultiPoint", "coordinates": [[23.331426148, 42.675536621]]}}, {"type": "Feature", "properties": {"id": 17726, "objectid": 24325.0, "park_txt": "Надлъжн", "zona": "Зелена зона", "mestopoloz": "бул. Джеймс Баучер", "georef_201": "2017", "vid_txt_20": "Зона", "zabelezhka": null, "obekt": null, "dogovor_sr": null, "dogovor_nu": null, "type": null, "bezplatni_": null, "podzona_nu": "-", "sf_rayon": "-"}, "geometry": {"type": "MultiPoint", "coordinates": [[23.331365082, 42.675514605]]}}, {"type": "Feature", "properties": {"id": 17727, "objectid": 24326.0, "park_txt": "Надлъжн", "zona": "Зелена зона", "mestopoloz": "бул. Джеймс Баучер", "georef_201": "2017", "vid_txt_20": "Зона", "zabelezhka": null, "obekt": null, "dogovor_sr": null, "dogovor_nu": null, "type": null, "bezplatni_": null, "podzona_nu": "-", "sf_rayon": "-"}, "geometry": {"type": "MultiPoint", "coordinates": [[23.331304877, 42.675492898]]}}, {"type": "Feature", "properties": {"id": 17728, "objectid": 24327.0, "park_txt": "Надлъжн", "zona": "Зелена зона", "mestopoloz": "бул. Джеймс Баучер", "georef_201": "2017", "vid_txt_20": "Зона", "zabelezhka": null, "obekt": null, "dogovor_sr": null, "dogovor_nu": null, "type": null, "bezplatni_": null, "podzona_nu": "-", "sf_rayon": "-"}, "geometry": {"type": "MultiPoint", "coordinates": [[23.331220611, 42.675462302]]}}, {"type": "Feature", "properties": {"id": 17729, "objectid": 24328.0, "park_txt": "Надлъжн", "zona": "Зелена зона", "mestopoloz": "бул. Джеймс Баучер", "georef_201": "2017", "vid_txt_20": "Зона", "zabelezhka": null, "obekt": null, "dogovor_sr": null, "dogovor_nu": null, "type": null, "bezplatni_": null, "podzona_nu": "-", "sf_rayon": "-"}, "geometry": {"type": "MultiPoint", "coordinates": [[23.33116707, 42.675442843]]}}, {"type": "Feature", "properties": {"id": 17730, "objectid": 24329.0, "park_txt": "Надлъжн", "zona": "Зелена зона", "mestopoloz": "бул. Джеймс Баучер", "georef_201": "2017", "vid_txt_20": "Зона", "zabelezhka": null, "obekt": null, "dogovor_sr": null, "dogovor_nu": null, "type": null, "bezplatni_": null, "podzona_nu": "-", "sf_rayon": "-"}, "geometry": {"type": "MultiPoint", "coordinates": [[23.331116705, 42.675424538]]}}, {"type": "Feature", "properties": {"id": 17731, "objectid": 24330.0, "park_txt": "Надлъжн", "zona": "Зелена зона", "mestopoloz": "бул. Джеймс Баучер", "georef_201": "2017", "vid_txt_20": "Зона", "zabelezhka": null, "obekt": null, "dogovor_sr": null, "dogovor_nu": null, "type": null, "bezplatni_": null, "podzona_nu": "-", "sf_rayon": "-"}, "geometry": {"type": "MultiPoint", "coordinates": [[23.331071068, 42.675407952]]}}, {"type": "Feature", "properties": {"id": 17732, "objectid": 24331.0, "park_txt": "Надлъжн", "zona": "Зелена зона", "mestopoloz": "бул. Джеймс Баучер", "georef_201": "2017", "vid_txt_20": "Зона", "zabelezhka": null, "obekt": null, "dogovor_sr": null, "dogovor_nu": null, "type": null, "bezplatni_": null, "podzona_nu": "-", "sf_rayon": "-"}, "geometry": {"type": "MultiPoint", "coordinates": [[23.33096995, 42.675371515]]}}, {"type": "Feature", "properties": {"id": 17733, "objectid": 24332.0, "park_txt": "Надлъжн", "zona": "Зелена зона", "mestopoloz": "бул. Джеймс Баучер", "georef_201": "2017", "vid_txt_20": "Зона", "zabelezhka": null, "obekt": null, "dogovor_sr": null, "dogovor_nu": null, "type": null, "bezplatni_": null, "podzona_nu": "-", "sf_rayon": "-"}, "geometry": {"type": "MultiPoint", "coordinates": [[23.330922045, 42.675354448]]}}, {"type": "Feature", "properties": {"id": 17734, "objectid": 24333.0, "park_txt": "Надлъжн", "zona": "Зелена зона", "mestopoloz": "бул. Джеймс Баучер", "georef_201": "2017", "vid_txt_20": "Зона", "zabelezhka": null, "obekt": null, "dogovor_sr": null, "dogovor_nu": null, "type": null, "bezplatni_": null, "podzona_nu": "-", "sf_rayon": "-"}, "geometry": {"type": "MultiPoint", "coordinates": [[23.330867145, 42.675333842]]}}, {"type": "Feature", "properties": {"id": 17735, "objectid": 24334.0, "park_txt": "Надлъжн", "zona": "Зелена зона", "mestopoloz": "бул. Джеймс Баучер", "georef_201": "2017", "vid_txt_20": "Дипломатически", "zabelezhka": "-", "obekt": "-", "dogovor_sr": "-", "dogovor_nu": "-", "type": "-", "bezplatni_": "-", "podzona_nu": "-", "sf_rayon": "-"}, "geometry": {"type": "MultiPoint", "coordinates": [[23.330203906, 42.675094127]]}}, {"type": "Feature", "properties": {"id": 17736, "objectid": 24335.0, "park_txt": "Надлъжн", "zona": "Зелена зона", "mestopoloz": "бул. Джеймс Баучер", "georef_201": "2017", "vid_txt_20": "Дипломатически", "zabelezhka": "-", "obekt": "-", "dogovor_sr": "-", "dogovor_nu": "-", "type": "-", "bezplatni_": "-", "podzona_nu": "-", "sf_rayon": "-"}, "geometry": {"type": "MultiPoint", "coordinates": [[23.3302794, 42.675121534]]}}, {"type": "Feature", "properties": {"id": 17737, "objectid": 24336.0, "park_txt": "Надлъжн", "zona": "Зелена зона", "mestopoloz": "бул. Джеймс Баучер", "georef_201": "2017", "vid_txt_20": "Дипломатически", "zabelezhka": "-", "obekt": "-", "dogovor_sr": "-", "dogovor_nu": "-", "type": "-", "bezplatni_": "-", "podzona_nu": "-", "sf_rayon": "-"}, "geometry": {"type": "MultiPoint", "coordinates": [[23.330355731, 42.675149822]]}}, {"type": "Feature", "properties": {"id": 17738, "objectid": 24337.0, "park_txt": "Надлъжн", "zona": "Зелена зона", "mestopoloz": "бул. Джеймс Баучер", "georef_201": "2017", "vid_txt_20": "Дипломатически", "zabelezhka": "-", "obekt": "-", "dogovor_sr": "-", "dogovor_nu": "-", "type": "-", "bezplatni_": "-", "podzona_nu": "-", "sf_rayon": "-"}, "geometry": {"type": "MultiPoint", "coordinates": [[23.330420722, 42.675173726]]}}, {"type": "Feature", "properties": {"id": 17739, "objectid": 24338.0, "park_txt": "Надлъжн", "zona": "Зелена зона", "mestopoloz": "бул. Джеймс Баучер", "georef_201": "2017", "vid_txt_20": "Дипломатически", "zabelezhka": "-", "obekt": "-", "dogovor_sr": "-", "dogovor_nu": "-", "type": "-", "bezplatni_": "-", "podzona_nu": "-", "sf_rayon": "-"}, "geometry": {"type": "MultiPoint", "coordinates": [[23.330487176, 42.675196811]]}}, {"type": "Feature", "properties": {"id": 17740, "objectid": 24339.0, "park_txt": "Надлъжн", "zona": "Зелена зона", "mestopoloz": "бул. Джеймс Баучер", "georef_201": "2017", "vid_txt_20": "Дипломатически", "zabelezhka": "-", "obekt": "-", "dogovor_sr": "-", "dogovor_nu": "-", "type": "-", "bezplatni_": "-", "podzona_nu": "-", "sf_rayon": "-"}, "geometry": {"type": "MultiPoint", "coordinates": [[23.330557735, 42.675222374]]}}, {"type": "Feature", "properties": {"id": 18862, "objectid": 25627.0, "park_txt": "Надлъжн", "zona": "Зелена зона", "mestopoloz": "бул. Христо Смирненски 74-76", "georef_201": "2017", "vid_txt_20": "Служебен", "zabelezhka": "-", "obekt": "-", "dogovor_sr": "-", "dogovor_nu": "-", "type": "-", "bezplatni_": "-", "podzona_nu": "-", "sf_rayon": "-"}, "geometry": {"type": "MultiPoint", "coordinates": [[23.333199933, 42.677114653]]}}, {"type": "Feature", "properties": {"id": 18942, "objectid": 25720.0, "park_txt": "Напречн", "zona": "Зелена зона", "mestopoloz": "жк Лозенец", "georef_201": "2017", "vid_txt_20": "Служебен", "zabelezhka": "-", "obekt": "-", "dogovor_sr": "-", "dogovor_nu": "-", "type": "-", "bezplatni_": "-", "podzona_nu": "-", "sf_rayon": "-"}, "geometry": {"type": "MultiPoint", "coordinates": [[23.333778804, 42.676904528]]}}, {"type": "Feature", "properties": {"id": 18943, "objectid": 25721.0, "park_txt": "Напречн", "zona": "Зелена зона", "mestopoloz": "жк Лозенец", "georef_201": "2017", "vid_txt_20": "Служебен", "zabelezhka": "-", "obekt": "-", "dogovor_sr": "-", "dogovor_nu": "-", "type": "-", "bezplatni_": "-", "podzona_nu": "-", "sf_rayon": "-"}, "geometry": {"type": "MultiPoint", "coordinates": [[23.333847305, 42.676920242]]}}, {"type": "Feature", "properties": {"id": 18944, "objectid": 25722.0, "park_txt": "Напречн", "zona": "Зелена зона", "mestopoloz": "жк Лозенец", "georef_201": "2017", "vid_txt_20": "Служебен", "zabelezhka": "-", "obekt": "-", "dogovor_sr": "-", "dogovor_nu": "-", "type": "-", "bezplatni_": "-", "podzona_nu": "-", "sf_rayon": "-"}, "geometry": {"type": "MultiPoint", "coordinates": [[23.333915872, 42.676935971]]}}, {"type": "Feature", "properties": {"id": 18974, "objectid": 25754.0, "park_txt": "Надлъжн", "zona": "Зелена зона", "mestopoloz": "ул. Вишнева", "georef_201": "2017", "vid_txt_20": "Зона", "zabelezhka": null, "obekt": null, "dogovor_sr": null, "dogovor_nu": null, "type": null, "bezplatni_": null, "podzona_nu": "-", "sf_rayon": "-"}, "geometry": {"type": "MultiPoint", "coordinates": [[23.330715276, 42.677872261]]}}, {"type": "Feature", "properties": {"id": 18975, "objectid": 25755.0, "park_txt": "Надлъжн", "zona": "Зелена зона", "mestopoloz": "ул. Вишнева", "georef_201": "2017", "vid_txt_20": "Зона", "zabelezhka": null, "obekt": null, "dogovor_sr": null, "dogovor_nu": null, "type": null, "bezplatni_": null, "podzona_nu": "-", "sf_rayon": "-"}, "geometry": {"type": "MultiPoint", "coordinates": [[23.330494187, 42.677831682]]}}, {"type": "Feature", "properties": {"id": 18976, "objectid": 25756.0, "park_txt": "Надлъжн", "zona": "Зелена зона", "mestopoloz": "ул. Вишнева", "georef_201": "2017", "vid_txt_20": "Зона", "zabelezhka": null, "obekt": null, "dogovor_sr": null, "dogovor_nu": null, "type": null, "bezplatni_": null, "podzona_nu": "-", "sf_rayon": "-"}, "geometry": {"type": "MultiPoint", "coordinates": [[23.330567366, 42.677845113]]}}, {"type": "Feature", "properties": {"id": 18977, "objectid": 25757.0, "park_txt": "Надлъжн", "zona": "Зелена зона", "mestopoloz": "ул. Вишнева", "georef_201": "2017", "vid_txt_20": "Зона", "zabelezhka": null, "obekt": null, "dogovor_sr": null, "dogovor_nu": null, "type": null, "bezplatni_": null, "podzona_nu": "-", "sf_rayon": "-"}, "geometry": {"type": "MultiPoint", "coordinates": [[23.330639547, 42.677858361]]}}, {"type": "Feature", "properties": {"id": 19623, "objectid": 26665.0, "park_txt": "Надлъжн", "zona": "Зелена зона", "mestopoloz": "ул. Кораб планина", "georef_201": "2018", "vid_txt_20": "Служебен", "zabelezhka": "-", "obekt": "-", "dogovor_sr": "-", "dogovor_nu": "-", "type": "-", "bezplatni_": "-", "podzona_nu": "-", "sf_rayon": "-"}, "geometry": {"type": "MultiPoint", "coordinates": [[23.326193863, 42.671944406]]}}, {"type": "Feature", "properties": {"id": 19696, "objectid": 26770.0, "park_txt": "Надлъжн", "zona": "Зелена зона", "mestopoloz": "бул. Пейо К. Яворов", "georef_201": "2018", "vid_txt_20": "Зона", "zabelezhka": null, "obekt": null, "dogovor_sr": null, "dogovor_nu": null, "type": null, "bezplatni_": null, "podzona_nu": "-", "sf_rayon": "-"}, "geometry": {"type": "MultiPoint", "coordinates": [[23.334312066, 42.671343674]]}}, {"type": "Feature", "properties": {"id": 19724, "objectid": 26830.0, "park_txt": "Надлъжн", "zona": "Зелена зона", "mestopoloz": "ул. Златовръх", "georef_201": "2018", "vid_txt_20": "Зона", "zabelezhka": null, "obekt": null, "dogovor_sr": null, "dogovor_nu": null, "type": null, "bezplatni_": null, "podzona_nu": "-", "sf_rayon": "-"}, "geometry": {"type": "MultiPoint", "coordinates": [[23.333390533, 42.672788375]]}}, {"type": "Feature", "properties": {"id": 19753, "objectid": 26874.0, "park_txt": "Надлъжн", "zona": "Зелена зона", "mestopoloz": "бул. Пейо К. Яворов", "georef_201": "2018", "vid_txt_20": "Зона", "zabelezhka": null, "obekt": null, "dogovor_sr": null, "dogovor_nu": null, "type": null, "bezplatni_": null, "podzona_nu": "-", "sf_rayon": "-"}, "geometry": {"type": "MultiPoint", "coordinates": [[23.333841366, 42.670937881]]}}, {"type": "Feature", "properties": {"id": 19777, "objectid": 26904.0, "park_txt": "Надлъжн", "zona": "Зелена зона", "mestopoloz": "бул. Пейо К. Яворов", "georef_201": "2018", "vid_txt_20": "Зона", "zabelezhka": null, "obekt": null, "dogovor_sr": null, "dogovor_nu": null, "type": null, "bezplatni_": null, "podzona_nu": "-", "sf_rayon": "-"}, "geometry": {"type": "MultiPoint", "coordinates": [[23.335061502, 42.672006893]]}}, {"type": "Feature", "properties": {"id": 19864, "objectid": 27030.0, "park_txt": "Надлъжн", "zona": "Зелена зона", "mestopoloz": "ул. Плачковица 1 А", "georef_201": "2018", "vid_txt_20": "Служебен", "zabelezhka": "-", "obekt": "-", "dogovor_sr": "-", "dogovor_nu": "-", "type": "-", "bezplatni_": "-", "podzona_nu": "-", "sf_rayon": "-"}, "geometry": {"type": "MultiPoint", "coordinates": [[23.32630375, 42.673512096]]}}, {"type": "Feature", "properties": {"id": 19865, "objectid": 27031.0, "park_txt": "Надлъжн", "zona": "Зелена зона", "mestopoloz": "ул. Плачковица 1 А", "georef_201": "2018", "vid_txt_20": "Служебен", "zabelezhka": "-", "obekt": "-", "dogovor_sr": "-", "dogovor_nu": "-", "type": "-", "bezplatni_": "-", "podzona_nu": "-", "sf_rayon": "-"}, "geometry": {"type": "MultiPoint", "coordinates": [[23.326289403, 42.673564718]]}}, {"type": "Feature", "properties": {"id": 19866, "objectid": 27032.0, "park_txt": "Надлъжн", "zona": "Зелена зона", "mestopoloz": "ул. Плачковица 1 А", "georef_201": "2018", "vid_txt_20": "Служебен", "zabelezhka": "-", "obekt": "-", "dogovor_sr": "-", "dogovor_nu": "-", "type": "-", "bezplatni_": "-", "podzona_nu": "-", "sf_rayon": "-"}, "geometry": {"type": "MultiPoint", "coordinates": [[23.32631689, 42.673463901]]}}, {"type": "Feature", "properties": {"id": 19881, "objectid": 27062.0, "park_txt": "Надлъжн", "zona": "Зелена зона", "mestopoloz": "ул. Якубица след кръстовището с ул. Галичица", "georef_201": "2018", "vid_txt_20": "Служебен", "zabelezhka": "-", "obekt": "-", "dogovor_sr": "-", "dogovor_nu": "-", "type": "-", "bezplatni_": "-", "podzona_nu": "-", "sf_rayon": "-"}, "geometry": {"type": "MultiPoint", "coordinates": [[23.328880881, 42.672478412]]}}, {"type": "Feature", "properties": {"id": 19882, "objectid": 27063.0, "park_txt": "Надлъжн", "zona": "Зелена зона", "mestopoloz": "ул. Св. Теодосий Търновски", "georef_201": "2018", "vid_txt_20": "Зона", "zabelezhka": null, "obekt": null, "dogovor_sr": null, "dogovor_nu": null, "type": null, "bezplatni_": null, "podzona_nu": "-", "sf_rayon": "-"}, "geometry": {"type": "MultiPoint", "coordinates": [[23.325598708, 42.6734753]]}}, {"type": "Feature", "properties": {"id": 20017, "objectid": 27385.0, "park_txt": "Надлъжн", "zona": "Зелена зона", "mestopoloz": "бул. Пейо К. Яворов", "georef_201": "2018", "vid_txt_20": "Зона", "zabelezhka": null, "obekt": null, "dogovor_sr": null, "dogovor_nu": null, "type": null, "bezplatni_": null, "podzona_nu": "-", "sf_rayon": "-"}, "geometry": {"type": "MultiPoint", "coordinates": [[23.334637704, 42.67163293]]}}, {"type": "Feature", "properties": {"id": 20028, "objectid": 27399.0, "park_txt": "Надлъжн", "zona": "Зелена зона", "mestopoloz": "ул. Кораб планина", "georef_201": "2018", "vid_txt_20": "Зона", "zabelezhka": null, "obekt": null, "dogovor_sr": null, "dogovor_nu": null, "type": null, "bezplatni_": null, "podzona_nu": "-", "sf_rayon": "-"}, "geometry": {"type": "MultiPoint", "coordinates": [[23.332567671, 42.671500794]]}}, {"type": "Feature", "properties": {"id": 21806, "objectid": 30567.0, "park_txt": "Надлъжн", "zona": "Зелена зона", "mestopoloz": "ул. Кричим", "georef_201": "2018", "vid_txt_20": "Зона", "zabelezhka": null, "obekt": null, "dogovor_sr": null, "dogovor_nu": null, "type": null, "bezplatni_": null, "podzona_nu": "-", "sf_rayon": "-"}, "geometry": {"type": "MultiPoint", "coordinates": [[23.324465415, 42.670426443]]}}, {"type": "Feature", "properties": {"id": 21810, "objectid": 30571.0, "park_txt": "Напречн", "zona": "Зелена зона", "mestopoloz": "ул. Кричим", "georef_201": "2018", "vid_txt_20": "Зона", "zabelezhka": null, "obekt": null, "dogovor_sr": null, "dogovor_nu": null, "type": null, "bezplatni_": null, "podzona_nu": "-", "sf_rayon": "-"}, "geometry": {"type": "MultiPoint", "coordinates": [[23.324569565, 42.670391532]]}}, {"type": "Feature", "properties": {"id": 21811, "objectid": 30572.0, "park_txt": "Напречн", "zona": "Зелена зона", "mestopoloz": "ул. Кричим", "georef_201": "2018", "vid_txt_20": "Зона", "zabelezhka": null, "obekt": null, "dogovor_sr": null, "dogovor_nu": null, "type": null, "bezplatni_": null, "podzona_nu": "-", "sf_rayon": "-"}, "geometry": {"type": "MultiPoint", "coordinates": [[23.324747868, 42.670384397]]}}, {"type": "Feature", "properties": {"id": 21812, "objectid": 30573.0, "park_txt": "Напречн", "zona": "Зелена зона", "mestopoloz": "ул. Кричим", "georef_201": "2018", "vid_txt_20": "Зона", "zabelezhka": null, "obekt": null, "dogovor_sr": null, "dogovor_nu": null, "type": null, "bezplatni_": null, "podzona_nu": "-", "sf_rayon": "-"}, "geometry": {"type": "MultiPoint", "coordinates": [[23.324654059, 42.670387577]]}}, {"type": "Feature", "properties": {"id": 21813, "objectid": 30574.0, "park_txt": "Напречн", "zona": "Зелена зона", "mestopoloz": "ул. Кричим", "georef_201": "2018", "vid_txt_20": "Зона", "zabelezhka": null, "obekt": null, "dogovor_sr": null, "dogovor_nu": null, "type": null, "bezplatni_": null, "podzona_nu": "-", "sf_rayon": "-"}, "geometry": {"type": "MultiPoint", "coordinates": [[23.324685133, 42.670386193]]}}, {"type": "Feature", "properties": {"id": 21814, "objectid": 30575.0, "park_txt": "Напречн", "zona": "Зелена зона", "mestopoloz": "ул. Кричим", "georef_201": "2018", "vid_txt_20": "Зона", "zabelezhka": null, "obekt": null, "dogovor_sr": null, "dogovor_nu": null, "type": null, "bezplatni_": null, "podzona_nu": "-", "sf_rayon": "-"}, "geometry": {"type": "MultiPoint", "coordinates": [[23.324714246, 42.670385223]]}}, {"type": "Feature", "properties": {"id": 21815, "objectid": 30576.0, "park_txt": "Напречн", "zona": "Зелена зона", "mestopoloz": "ул. Кричим", "georef_201": "2018", "vid_txt_20": "Зона", "zabelezhka": null, "obekt": null, "dogovor_sr": null, "dogovor_nu": null, "type": null, "bezplatni_": null, "podzona_nu": "-", "sf_rayon": "-"}, "geometry": {"type": "MultiPoint", "coordinates": [[23.32459809, 42.67038959]]}}, {"type": "Feature", "properties": {"id": 21816, "objectid": 30577.0, "park_txt": "Напречн", "zona": "Зелена зона", "mestopoloz": "ул. Кричим", "georef_201": "2018", "vid_txt_20": "Зона", "zabelezhka": null, "obekt": null, "dogovor_sr": null, "dogovor_nu": null, "type": null, "bezplatni_": null, "podzona_nu": "-", "sf_rayon": "-"}, "geometry": {"type": "MultiPoint", "coordinates": [[23.324625913, 42.670388578]]}}, {"type": "Feature", "properties": {"id": 21817, "objectid": 30578.0, "park_txt": "Напречн", "zona": "Зелена зона", "mestopoloz": "ул. Кричим", "georef_201": "2018", "vid_txt_20": "Зона", "zabelezhka": null, "obekt": null, "dogovor_sr": null, "dogovor_nu": null, "type": null, "bezplatni_": null, "podzona_nu": "-", "sf_rayon": "-"}, "geometry": {"type": "MultiPoint", "coordinates": [[23.324774579, 42.670383634]]}}, {"type": "Feature", "properties": {"id": 21818, "objectid": 30579.0, "park_txt": "Напречн", "zona": "Зелена зона", "mestopoloz": "ул. Кричим", "georef_201": "2018", "vid_txt_20": "Зона", "zabelezhka": null, "obekt": null, "dogovor_sr": null, "dogovor_nu": null, "type": null, "bezplatni_": null, "podzona_nu": "-", "sf_rayon": "-"}, "geometry": {"type": "MultiPoint", "coordinates": [[23.324952882, 42.670376498]]}}, {"type": "Feature", "properties": {"id": 21819, "objectid": 30580.0, "park_txt": "Напречн", "zona": "Зелена зона", "mestopoloz": "ул. Кричим", "georef_201": "2018", "vid_txt_20": "Зона", "zabelezhka": null, "obekt": null, "dogovor_sr": null, "dogovor_nu": null, "type": null, "bezplatni_": null, "podzona_nu": "-", "sf_rayon": "-"}, "geometry": {"type": "MultiPoint", "coordinates": [[23.324859073, 42.670379678]]}}, {"type": "Feature", "properties": {"id": 21820, "objectid": 30581.0, "park_txt": "Напречн", "zona": "Зелена зона", "mestopoloz": "ул. Кричим", "georef_201": "2018", "vid_txt_20": "Зона", "zabelezhka": null, "obekt": null, "dogovor_sr": null, "dogovor_nu": null, "type": null, "bezplatni_": null, "podzona_nu": "-", "sf_rayon": "-"}, "geometry": {"type": "MultiPoint", "coordinates": [[23.324890146, 42.670378294]]}}, {"type": "Feature", "properties": {"id": 21821, "objectid": 30582.0, "park_txt": "Напречн", "zona": "Зелена зона", "mestopoloz": "ул. Кричим", "georef_201": "2018", "vid_txt_20": "Зона", "zabelezhka": null, "obekt": null, "dogovor_sr": null, "dogovor_nu": null, "type": null, "bezplatni_": null, "podzona_nu": "-", "sf_rayon": "-"}, "geometry": {"type": "MultiPoint", "coordinates": [[23.324919259, 42.670377324]]}}, {"type": "Feature", "properties": {"id": 21822, "objectid": 30583.0, "park_txt": "Напречн", "zona": "Зелена зона", "mestopoloz": "ул. Кричим", "georef_201": "2018", "vid_txt_20": "Зона", "zabelezhka": null, "obekt": null, "dogovor_sr": null, "dogovor_nu": null, "type": null, "bezplatni_": null, "podzona_nu": "-", "sf_rayon": "-"}, "geometry": {"type": "MultiPoint", "coordinates": [[23.324803104, 42.670381692]]}}, {"type": "Feature", "properties": {"id": 21823, "objectid": 30584.0, "park_txt": "Напречн", "zona": "Зелена зона", "mestopoloz": "ул. Кричим", "georef_201": "2018", "vid_txt_20": "Зона", "zabelezhka": null, "obekt": null, "dogovor_sr": null, "dogovor_nu": null, "type": null, "bezplatni_": null, "podzona_nu": "-", "sf_rayon": "-"}, "geometry": {"type": "MultiPoint", "coordinates": [[23.324830927, 42.670380679]]}}, {"type": "Feature", "properties": {"id": 21824, "objectid": 30585.0, "park_txt": "Напречн", "zona": "Зелена зона", "mestopoloz": "ул. Кричим", "georef_201": "2018", "vid_txt_20": "Зона", "zabelezhka": null, "obekt": null, "dogovor_sr": null, "dogovor_nu": null, "type": null, "bezplatni_": null, "podzona_nu": "-", "sf_rayon": "-"}, "geometry": {"type": "MultiPoint", "coordinates": [[23.324982775, 42.670374313]]}}, {"type": "Feature", "properties": {"id": 21825, "objectid": 30586.0, "park_txt": "Напречн", "zona": "Зелена зона", "mestopoloz": "ул. Кричим", "georef_201": "2018", "vid_txt_20": "Зона", "zabelezhka": null, "obekt": null, "dogovor_sr": null, "dogovor_nu": null, "type": null, "bezplatni_": null, "podzona_nu": "-", "sf_rayon": "-"}, "geometry": {"type": "MultiPoint", "coordinates": [[23.325161078, 42.670367177]]}}, {"type": "Feature", "properties": {"id": 21826, "objectid": 30587.0, "park_txt": "Напречн", "zona": "Зелена зона", "mestopoloz": "ул. Кричим", "georef_201": "2018", "vid_txt_20": "Зона", "zabelezhka": null, "obekt": null, "dogovor_sr": null, "dogovor_nu": null, "type": null, "bezplatni_": null, "podzona_nu": "-", "sf_rayon": "-"}, "geometry": {"type": "MultiPoint", "coordinates": [[23.325067269, 42.670370357]]}}, {"type": "Feature", "properties": {"id": 21827, "objectid": 30588.0, "park_txt": "Напречн", "zona": "Зелена зона", "mestopoloz": "ул. Кричим", "georef_201": "2018", "vid_txt_20": "Зона", "zabelezhka": null, "obekt": null, "dogovor_sr": null, "dogovor_nu": null, "type": null, "bezplatni_": null, "podzona_nu": "-", "sf_rayon": "-"}, "geometry": {"type": "MultiPoint", "coordinates": [[23.325098343, 42.670368973]]}}, {"type": "Feature", "properties": {"id": 21828, "objectid": 30589.0, "park_txt": "Напречн", "zona": "Зелена зона", "mestopoloz": "ул. Кричим", "georef_201": "2018", "vid_txt_20": "Зона", "zabelezhka": null, "obekt": null, "dogovor_sr": null, "dogovor_nu": null, "type": null, "bezplatni_": null, "podzona_nu": "-", "sf_rayon": "-"}, "geometry": {"type": "MultiPoint", "coordinates": [[23.325127456, 42.670368003]]}}, {"type": "Feature", "properties": {"id": 21829, "objectid": 30590.0, "park_txt": "Напречн", "zona": "Зелена зона", "mestopoloz": "ул. Кричим", "georef_201": "2018", "vid_txt_20": "Зона", "zabelezhka": null, "obekt": null, "dogovor_sr": null, "dogovor_nu": null, "type": null, "bezplatni_": null, "podzona_nu": "-", "sf_rayon": "-"}, "geometry": {"type": "MultiPoint", "coordinates": [[23.3250113, 42.670372371]]}}, {"type": "Feature", "properties": {"id": 21830, "objectid": 30591.0, "park_txt": "Напречн", "zona": "Зелена зона", "mestopoloz": "ул. Кричим", "georef_201": "2018", "vid_txt_20": "Зона", "zabelezhka": null, "obekt": null, "dogovor_sr": null, "dogovor_nu": null, "type": null, "bezplatni_": null, "podzona_nu": "-", "sf_rayon": "-"}, "geometry": {"type": "MultiPoint", "coordinates": [[23.325039123, 42.670371359]]}}, {"type": "Feature", "properties": {"id": 21831, "objectid": 30592.0, "park_txt": "Напречн", "zona": "Зелена зона", "mestopoloz": "ул. Кричим", "georef_201": "2018", "vid_txt_20": "Зона", "zabelezhka": null, "obekt": null, "dogovor_sr": null, "dogovor_nu": null, "type": null, "bezplatni_": null, "podzona_nu": "-", "sf_rayon": "-"}, "geometry": {"type": "MultiPoint", "coordinates": [[23.325187789, 42.670366414]]}}, {"type": "Feature", "properties": {"id": 21832, "objectid": 30597.0, "park_txt": "Напречн", "zona": "Зелена зона", "mestopoloz": "ул. Кричим", "georef_201": "2018", "vid_txt_20": "Зона", "zabelezhka": null, "obekt": null, "dogovor_sr": null, "dogovor_nu": null, "type": null, "bezplatni_": null, "podzona_nu": "-", "sf_rayon": "-"}, "geometry": {"type": "MultiPoint", "coordinates": [[23.325216313, 42.670364472]]}}, {"type": "Feature", "properties": {"id": 21833, "objectid": 30599.0, "park_txt": "Надлъжн", "zona": "Зелена зона", "mestopoloz": "ул. Кричим", "georef_201": "2018", "vid_txt_20": "Зона", "zabelezhka": null, "obekt": null, "dogovor_sr": null, "dogovor_nu": null, "type": null, "bezplatni_": null, "podzona_nu": "-", "sf_rayon": "-"}, "geometry": {"type": "MultiPoint", "coordinates": [[23.325579003, 42.670369615]]}}, {"type": "Feature", "properties": {"id": 21834, "objectid": 30600.0, "park_txt": "Надлъжн", "zona": "Зелена зона", "mestopoloz": "ул. Кричим", "georef_201": "2018", "vid_txt_20": "Зона", "zabelezhka": null, "obekt": null, "dogovor_sr": null, "dogovor_nu": null, "type": null, "bezplatni_": null, "podzona_nu": "-", "sf_rayon": "-"}, "geometry": {"type": "MultiPoint", "coordinates": [[23.325654412, 42.670366276]]}}, {"type": "Feature", "properties": {"id": 21835, "objectid": 30601.0, "park_txt": "Надлъжн", "zona": "Зелена зона", "mestopoloz": "ул. Кричим", "georef_201": "2018", "vid_txt_20": "Зона", "zabelezhka": null, "obekt": null, "dogovor_sr": null, "dogovor_nu": null, "type": null, "bezplatni_": null, "podzona_nu": "-", "sf_rayon": "-"}, "geometry": {"type": "MultiPoint", "coordinates": [[23.325440903, 42.670373712]]}}, {"type": "Feature", "properties": {"id": 21836, "objectid": 30602.0, "park_txt": "Надлъжн", "zona": "Зелена зона", "mestopoloz": "ул. Кричим", "georef_201": "2018", "vid_txt_20": "Зона", "zabelezhka": null, "obekt": null, "dogovor_sr": null, "dogovor_nu": null, "type": null, "bezplatni_": null, "podzona_nu": "-", "sf_rayon": "-"}, "geometry": {"type": "MultiPoint", "coordinates": [[23.325512684, 42.670370835]]}}, {"type": "Feature", "properties": {"id": 21837, "objectid": 30603.0, "park_txt": "Надлъжн", "zona": "Зелена зона", "mestopoloz": "ул. Кричим", "georef_201": "2018", "vid_txt_20": "Зона", "zabelezhka": null, "obekt": null, "dogovor_sr": null, "dogovor_nu": null, "type": null, "bezplatni_": null, "podzona_nu": "-", "sf_rayon": "-"}, "geometry": {"type": "MultiPoint", "coordinates": [[23.325789145, 42.670358383]]}}, {"type": "Feature", "properties": {"id": 21838, "objectid": 30604.0, "park_txt": "Надлъжн", "zona": "Зелена зона", "mestopoloz": "ул. Кричим", "georef_201": "2018", "vid_txt_20": "Зона", "zabelezhka": null, "obekt": null, "dogovor_sr": null, "dogovor_nu": null, "type": null, "bezplatni_": null, "podzona_nu": "-", "sf_rayon": "-"}, "geometry": {"type": "MultiPoint", "coordinates": [[23.325864554, 42.670355044]]}}, {"type": "Feature", "properties": {"id": 21839, "objectid": 30605.0, "park_txt": "Надлъжн", "zona": "Зелена зона", "mestopoloz": "ул. Кричим", "georef_201": "2018", "vid_txt_20": "Зона", "zabelezhka": null, "obekt": null, "dogovor_sr": null, "dogovor_nu": null, "type": null, "bezplatni_": null, "podzona_nu": "-", "sf_rayon": "-"}, "geometry": {"type": "MultiPoint", "coordinates": [[23.325722826, 42.670359604]]}}, {"type": "Feature", "properties": {"id": 21840, "objectid": 30606.0, "park_txt": "Надлъжн", "zona": "Зелена зона", "mestopoloz": "ул. Кричим", "georef_201": "2018", "vid_txt_20": "Зона", "zabelezhka": null, "obekt": null, "dogovor_sr": null, "dogovor_nu": null, "type": null, "bezplatni_": null, "podzona_nu": "-", "sf_rayon": "-"}, "geometry": {"type": "MultiPoint", "coordinates": [[23.326090674, 42.670341985]]}}, {"type": "Feature", "properties": {"id": 21841, "objectid": 30607.0, "park_txt": "Надлъжн", "zona": "Зелена зона", "mestopoloz": "ул. Кричим", "georef_201": "2018", "vid_txt_20": "Зона", "zabelezhka": null, "obekt": null, "dogovor_sr": null, "dogovor_nu": null, "type": null, "bezplatni_": null, "podzona_nu": "-", "sf_rayon": "-"}, "geometry": {"type": "MultiPoint", "coordinates": [[23.326166083, 42.670338646]]}}, {"type": "Feature", "properties": {"id": 21842, "objectid": 30608.0, "park_txt": "Напречн", "zona": "Зелена зона", "mestopoloz": "ул. Кричим", "georef_201": "2018", "vid_txt_20": "Зона", "zabelezhka": null, "obekt": null, "dogovor_sr": null, "dogovor_nu": null, "type": null, "bezplatni_": null, "podzona_nu": "-", "sf_rayon": "-"}, "geometry": {"type": "MultiPoint", "coordinates": [[23.326195757, 42.670455528]]}}, {"type": "Feature", "properties": {"id": 21843, "objectid": 30609.0, "park_txt": "Напречн", "zona": "Зелена зона", "mestopoloz": "ул. Кричим", "georef_201": "2018", "vid_txt_20": "Зона", "zabelezhka": null, "obekt": null, "dogovor_sr": null, "dogovor_nu": null, "type": null, "bezplatni_": null, "podzona_nu": "-", "sf_rayon": "-"}, "geometry": {"type": "MultiPoint", "coordinates": [[23.326193809, 42.670434461]]}}, {"type": "Feature", "properties": {"id": 21844, "objectid": 30610.0, "park_txt": "Напречн", "zona": "Зелена зона", "mestopoloz": "ул. Кричим", "georef_201": "2018", "vid_txt_20": "Зона", "zabelezhka": null, "obekt": null, "dogovor_sr": null, "dogovor_nu": null, "type": null, "bezplatni_": null, "podzona_nu": "-", "sf_rayon": "-"}, "geometry": {"type": "MultiPoint", "coordinates": [[23.326192076, 42.670412603]]}}, {"type": "Feature", "properties": {"id": 21845, "objectid": 30611.0, "park_txt": "Напречн", "zona": "Зелена зона", "mestopoloz": "ул. Кричим", "georef_201": "2018", "vid_txt_20": "Зона", "zabelezhka": null, "obekt": null, "dogovor_sr": null, "dogovor_nu": null, "type": null, "bezplatni_": null, "podzona_nu": "-", "sf_rayon": "-"}, "geometry": {"type": "MultiPoint", "coordinates": [[23.326159309, 42.670456073]]}}, {"type": "Feature", "properties": {"id": 21846, "objectid": 30612.0, "park_txt": "Напречн", "zona": "Зелена зона", "mestopoloz": "ул. Кричим", "georef_201": "2018", "vid_txt_20": "Зона", "zabelezhka": null, "obekt": null, "dogovor_sr": null, "dogovor_nu": null, "type": null, "bezplatni_": null, "podzona_nu": "-", "sf_rayon": "-"}, "geometry": {"type": "MultiPoint", "coordinates": [[23.326157362, 42.670435006]]}}, {"type": "Feature", "properties": {"id": 21847, "objectid": 30613.0, "park_txt": "Напречн", "zona": "Зелена зона", "mestopoloz": "ул. Кричим", "georef_201": "2018", "vid_txt_20": "Зона", "zabelezhka": null, "obekt": null, "dogovor_sr": null, "dogovor_nu": null, "type": null, "bezplatni_": null, "podzona_nu": "-", "sf_rayon": "-"}, "geometry": {"type": "MultiPoint", "coordinates": [[23.326155628, 42.670413148]]}}, {"type": "Feature", "properties": {"id": 21848, "objectid": 30614.0, "park_txt": "Напречн", "zona": "Зелена зона", "mestopoloz": "ул. Кричим", "georef_201": "2018", "vid_txt_20": "Зона", "zabelezhka": null, "obekt": null, "dogovor_sr": null, "dogovor_nu": null, "type": null, "bezplatni_": null, "podzona_nu": "-", "sf_rayon": "-"}, "geometry": {"type": "MultiPoint", "coordinates": [[23.326199452, 42.670517683]]}}, {"type": "Feature", "properties": {"id": 21849, "objectid": 30615.0, "park_txt": "Напречн", "zona": "Зелена зона", "mestopoloz": "ул. Кричим", "georef_201": "2018", "vid_txt_20": "Зона", "zabelezhka": null, "obekt": null, "dogovor_sr": null, "dogovor_nu": null, "type": null, "bezplatni_": null, "podzona_nu": "-", "sf_rayon": "-"}, "geometry": {"type": "MultiPoint", "coordinates": [[23.326197505, 42.670496617]]}}, {"type": "Feature", "properties": {"id": 21850, "objectid": 30616.0, "park_txt": "Напречн", "zona": "Зелена зона", "mestopoloz": "ул. Кричим", "georef_201": "2018", "vid_txt_20": "Зона", "zabelezhka": null, "obekt": null, "dogovor_sr": null, "dogovor_nu": null, "type": null, "bezplatni_": null, "podzona_nu": "-", "sf_rayon": "-"}, "geometry": {"type": "MultiPoint", "coordinates": [[23.326195772, 42.670474758]]}}, {"type": "Feature", "properties": {"id": 21851, "objectid": 30617.0, "park_txt": "Напречн", "zona": "Зелена зона", "mestopoloz": "ул. Кричим", "georef_201": "2018", "vid_txt_20": "Зона", "zabelezhka": null, "obekt": null, "dogovor_sr": null, "dogovor_nu": null, "type": null, "bezplatni_": null, "podzona_nu": "-", "sf_rayon": "-"}, "geometry": {"type": "MultiPoint", "coordinates": [[23.326163004, 42.670518228]]}}, {"type": "Feature", "properties": {"id": 21852, "objectid": 30618.0, "park_txt": "Напречн", "zona": "Зелена зона", "mestopoloz": "ул. Кричим", "georef_201": "2018", "vid_txt_20": "Зона", "zabelezhka": null, "obekt": null, "dogovor_sr": null, "dogovor_nu": null, "type": null, "bezplatni_": null, "podzona_nu": "-", "sf_rayon": "-"}, "geometry": {"type": "MultiPoint", "coordinates": [[23.326161057, 42.670497161]]}}, {"type": "Feature", "properties": {"id": 21853, "objectid": 30619.0, "park_txt": "Напречн", "zona": "Зелена зона", "mestopoloz": "ул. Кричим", "georef_201": "2018", "vid_txt_20": "Зона", "zabelezhka": null, "obekt": null, "dogovor_sr": null, "dogovor_nu": null, "type": null, "bezplatni_": null, "podzona_nu": "-", "sf_rayon": "-"}, "geometry": {"type": "MultiPoint", "coordinates": [[23.326159324, 42.670475303]]}}, {"type": "Feature", "properties": {"id": 22020, "objectid": 30816.0, "park_txt": "Надлъжн", "zona": "Зелена зона", "mestopoloz": "ул. Кораб планина", "georef_201": "2018", "vid_txt_20": "Зона", "zabelezhka": null, "obekt": null, "dogovor_sr": null, "dogovor_nu": null, "type": null, "bezplatni_": null, "podzona_nu": "-", "sf_rayon": "-"}, "geometry": {"type": "MultiPoint", "coordinates": [[23.324461978, 42.672030215]]}}, {"type": "Feature", "properties": {"id": 22021, "objectid": 30817.0, "park_txt": "Надлъжн", "zona": "Зелена зона", "mestopoloz": "ул. Кораб планина", "georef_201": "2018", "vid_txt_20": "Зона", "zabelezhka": null, "obekt": null, "dogovor_sr": null, "dogovor_nu": null, "type": null, "bezplatni_": null, "podzona_nu": "-", "sf_rayon": "-"}, "geometry": {"type": "MultiPoint", "coordinates": [[23.324537641, 42.67202545]]}}, {"type": "Feature", "properties": {"id": 22022, "objectid": 30818.0, "park_txt": "Надлъжн", "zona": "Зелена зона", "mestopoloz": "ул. Кораб планина", "georef_201": "2018", "vid_txt_20": "Зона", "zabelezhka": null, "obekt": null, "dogovor_sr": null, "dogovor_nu": null, "type": null, "bezplatni_": null, "podzona_nu": "-", "sf_rayon": "-"}, "geometry": {"type": "MultiPoint", "coordinates": [[23.324615941, 42.672022455]]}}, {"type": "Feature", "properties": {"id": 22023, "objectid": 30819.0, "park_txt": "Надлъжн", "zona": "Зелена зона", "mestopoloz": "ул. Кораб планина", "georef_201": "2018", "vid_txt_20": "Зона", "zabelezhka": null, "obekt": null, "dogovor_sr": null, "dogovor_nu": null, "type": null, "bezplatni_": null, "podzona_nu": "-", "sf_rayon": "-"}, "geometry": {"type": "MultiPoint", "coordinates": [[23.325397643, 42.671982628]]}}, {"type": "Feature", "properties": {"id": 22024, "objectid": 30820.0, "park_txt": "Надлъжн", "zona": "Зелена зона", "mestopoloz": "ул. Кораб планина", "georef_201": "2018", "vid_txt_20": "Зона", "zabelezhka": null, "obekt": null, "dogovor_sr": null, "dogovor_nu": null, "type": null, "bezplatni_": null, "podzona_nu": "-", "sf_rayon": "-"}, "geometry": {"type": "MultiPoint", "coordinates": [[23.324789943, 42.672013209]]}}, {"type": "Feature", "properties": {"id": 22025, "objectid": 30821.0, "park_txt": "Надлъжн", "zona": "Зелена зона", "mestopoloz": "ул. Кораб планина", "georef_201": "2018", "vid_txt_20": "Зона", "zabelezhka": null, "obekt": null, "dogovor_sr": null, "dogovor_nu": null, "type": null, "bezplatni_": null, "podzona_nu": "-", "sf_rayon": "-"}, "geometry": {"type": "MultiPoint", "coordinates": [[23.324865606, 42.672008444]]}}, {"type": "Feature", "properties": {"id": 22026, "objectid": 30822.0, "park_txt": "Надлъжн", "zona": "Зелена зона", "mestopoloz": "ул. Кораб планина", "georef_201": "2018", "vid_txt_20": "Зона", "zabelezhka": null, "obekt": null, "dogovor_sr": null, "dogovor_nu": null, "type": null, "bezplatni_": null, "podzona_nu": "-", "sf_rayon": "-"}, "geometry": {"type": "MultiPoint", "coordinates": [[23.324943905, 42.672005449]]}}, {"type": "Feature", "properties": {"id": 22027, "objectid": 30824.0, "park_txt": "Надлъжн", "zona": "Зелена зона", "mestopoloz": "ул. Кораб планина", "georef_201": "2018", "vid_txt_20": "Зона", "zabelezhka": null, "obekt": null, "dogovor_sr": null, "dogovor_nu": null, "type": null, "bezplatni_": null, "podzona_nu": "-", "sf_rayon": "-"}, "geometry": {"type": "MultiPoint", "coordinates": [[23.325105842, 42.671997287]]}}, {"type": "Feature", "properties": {"id": 22028, "objectid": 30825.0, "park_txt": "Надлъжн", "zona": "Зелена зона", "mestopoloz": "ул. Кораб планина", "georef_201": "2018", "vid_txt_20": "Зона", "zabelezhka": null, "obekt": null, "dogovor_sr": null, "dogovor_nu": null, "type": null, "bezplatni_": null, "podzona_nu": "-", "sf_rayon": "-"}, "geometry": {"type": "MultiPoint", "coordinates": [[23.325181506, 42.671992522]]}}, {"type": "Feature", "properties": {"id": 22029, "objectid": 30826.0, "park_txt": "Надлъжн", "zona": "Зелена зона", "mestopoloz": "ул. Кораб планина", "georef_201": "2018", "vid_txt_20": "Зона", "zabelezhka": null, "obekt": null, "dogovor_sr": null, "dogovor_nu": null, "type": null, "bezplatni_": null, "podzona_nu": "-", "sf_rayon": "-"}, "geometry": {"type": "MultiPoint", "coordinates": [[23.325259805, 42.671989527]]}}, {"type": "Feature", "properties": {"id": 22030, "objectid": 30827.0, "park_txt": "Надлъжн", "zona": "Зелена зона", "mestopoloz": "ул. Кораб планина", "georef_201": "2018", "vid_txt_20": "Зона", "zabelezhka": null, "obekt": null, "dogovor_sr": null, "dogovor_nu": null, "type": null, "bezplatni_": null, "podzona_nu": "-", "sf_rayon": "-"}, "geometry": {"type": "MultiPoint", "coordinates": [[23.325946655, 42.671955391]]}}, {"type": "Feature", "properties": {"id": 22031, "objectid": 30828.0, "park_txt": "Надлъжн", "zona": "Зелена зона", "mestopoloz": "ул. Кораб планина", "georef_201": "2018", "vid_txt_20": "Зона", "zabelezhka": null, "obekt": null, "dogovor_sr": null, "dogovor_nu": null, "type": null, "bezplatni_": null, "podzona_nu": "-", "sf_rayon": "-"}, "geometry": {"type": "MultiPoint", "coordinates": [[23.326022318, 42.671950625]]}}, {"type": "Feature", "properties": {"id": 22032, "objectid": 30829.0, "park_txt": "Надлъжн", "zona": "Зелена зона", "mestopoloz": "ул. Кораб планина", "georef_201": "2018", "vid_txt_20": "Зона", "zabelezhka": null, "obekt": null, "dogovor_sr": null, "dogovor_nu": null, "type": null, "bezplatni_": null, "podzona_nu": "-", "sf_rayon": "-"}, "geometry": {"type": "MultiPoint", "coordinates": [[23.326100618, 42.671947629]]}}, {"type": "Feature", "properties": {"id": 22038, "objectid": 30835.0, "park_txt": "Надлъжн", "zona": "Зелена зона", "mestopoloz": "ул. Бигла", "georef_201": "2018", "vid_txt_20": "Зона", "zabelezhka": null, "obekt": null, "dogovor_sr": null, "dogovor_nu": null, "type": null, "bezplatni_": null, "podzona_nu": "-", "sf_rayon": "-"}, "geometry": {"type": "MultiPoint", "coordinates": [[23.324685518, 42.671194011]]}}, {"type": "Feature", "properties": {"id": 22039, "objectid": 30836.0, "park_txt": "Надлъжн", "zona": "Зелена зона", "mestopoloz": "ул. Бигла", "georef_201": "2018", "vid_txt_20": "Зона", "zabelezhka": null, "obekt": null, "dogovor_sr": null, "dogovor_nu": null, "type": null, "bezplatni_": null, "podzona_nu": "-", "sf_rayon": "-"}, "geometry": {"type": "MultiPoint", "coordinates": [[23.324759452, 42.671189063]]}}, {"type": "Feature", "properties": {"id": 22040, "objectid": 30837.0, "park_txt": "Надлъжн", "zona": "Зелена зона", "mestopoloz": "ул. Бигла", "georef_201": "2018", "vid_txt_20": "Зона", "zabelezhka": null, "obekt": null, "dogovor_sr": null, "dogovor_nu": null, "type": null, "bezplatni_": null, "podzona_nu": "-", "sf_rayon": "-"}, "geometry": {"type": "MultiPoint", "coordinates": [[23.324828821, 42.671184421]]}}, {"type": "Feature", "properties": {"id": 22041, "objectid": 30838.0, "park_txt": "Надлъжн", "zona": "Зелена зона", "mestopoloz": "ул. Бигла", "georef_201": "2018", "vid_txt_20": "Зона", "zabelezhka": null, "obekt": null, "dogovor_sr": null, "dogovor_nu": null, "type": null, "bezplatni_": null, "podzona_nu": "-", "sf_rayon": "-"}, "geometry": {"type": "MultiPoint", "coordinates": [[23.324450997, 42.671209348]]}}, {"type": "Feature", "properties": {"id": 22042, "objectid": 30839.0, "park_txt": "Надлъжн", "zona": "Зелена зона", "mestopoloz": "ул. Бигла", "georef_201": "2018", "vid_txt_20": "Зона", "zabelezhka": null, "obekt": null, "dogovor_sr": null, "dogovor_nu": null, "type": null, "bezplatni_": null, "podzona_nu": "-", "sf_rayon": "-"}, "geometry": {"type": "MultiPoint", "coordinates": [[23.324526661, 42.671204583]]}}, {"type": "Feature", "properties": {"id": 22043, "objectid": 30840.0, "park_txt": "Надлъжн", "zona": "Зелена зона", "mestopoloz": "ул. Бигла", "georef_201": "2018", "vid_txt_20": "Инвалид", "zabelezhka": "-", "obekt": "-", "dogovor_sr": "-", "dogovor_nu": "-", "type": "-", "bezplatni_": "-", "podzona_nu": "-", "sf_rayon": "-"}, "geometry": {"type": "MultiPoint", "coordinates": [[23.326202907, 42.671098966]]}}, {"type": "Feature", "properties": {"id": 22044, "objectid": 30841.0, "park_txt": "Надлъжн", "zona": "Зелена зона", "mestopoloz": "ул. Бигла", "georef_201": "2018", "vid_txt_20": "Зона", "zabelezhka": null, "obekt": null, "dogovor_sr": null, "dogovor_nu": null, "type": null, "bezplatni_": null, "podzona_nu": "-", "sf_rayon": "-"}, "geometry": {"type": "MultiPoint", "coordinates": [[23.325817068, 42.671123012]]}}, {"type": "Feature", "properties": {"id": 22045, "objectid": 30842.0, "park_txt": "Надлъжн", "zona": "Зелена зона", "mestopoloz": "ул. Бигла", "georef_201": "2018", "vid_txt_20": "Зона", "zabelezhka": null, "obekt": null, "dogovor_sr": null, "dogovor_nu": null, "type": null, "bezplatni_": null, "podzona_nu": "-", "sf_rayon": "-"}, "geometry": {"type": "MultiPoint", "coordinates": [[23.325891601, 42.671118317]]}}, {"type": "Feature", "properties": {"id": 22046, "objectid": 30843.0, "park_txt": "Надлъжн", "zona": "Зелена зона", "mestopoloz": "ул. Бигла", "georef_201": "2018", "vid_txt_20": "Зона", "zabelezhka": null, "obekt": null, "dogovor_sr": null, "dogovor_nu": null, "type": null, "bezplatni_": null, "podzona_nu": "-", "sf_rayon": "-"}, "geometry": {"type": "MultiPoint", "coordinates": [[23.325964954, 42.671113697]]}}, {"type": "Feature", "properties": {"id": 22047, "objectid": 30844.0, "park_txt": "Надлъжн", "zona": "Зелена зона", "mestopoloz": "ул. Бигла", "georef_201": "2018", "vid_txt_20": "Зона", "zabelezhka": null, "obekt": null, "dogovor_sr": null, "dogovor_nu": null, "type": null, "bezplatni_": null, "podzona_nu": "-", "sf_rayon": "-"}, "geometry": {"type": "MultiPoint", "coordinates": [[23.326039051, 42.671109029]]}}, {"type": "Feature", "properties": {"id": 22048, "objectid": 30845.0, "park_txt": "Надлъжн", "zona": "Зелена зона", "mestopoloz": "ул. Бигла", "georef_201": "2018", "vid_txt_20": "Зона", "zabelezhka": null, "obekt": null, "dogovor_sr": null, "dogovor_nu": null, "type": null, "bezplatni_": null, "podzona_nu": "-", "sf_rayon": "-"}, "geometry": {"type": "MultiPoint", "coordinates": [[23.326115716, 42.671104201]]}}, {"type": "Feature", "properties": {"id": 22049, "objectid": 30846.0, "park_txt": "Надлъжн", "zona": "Зелена зона", "mestopoloz": "ул. Бигла", "georef_201": "2018", "vid_txt_20": "Зона", "zabelezhka": null, "obekt": null, "dogovor_sr": null, "dogovor_nu": null, "type": null, "bezplatni_": null, "podzona_nu": "-", "sf_rayon": "-"}, "geometry": {"type": "MultiPoint", "coordinates": [[23.325448345, 42.671145675]]}}, {"type": "Feature", "properties": {"id": 22050, "objectid": 30847.0, "park_txt": "Надлъжн", "zona": "Зелена зона", "mestopoloz": "ул. Бигла", "georef_201": "2018", "vid_txt_20": "Зона", "zabelezhka": null, "obekt": null, "dogovor_sr": null, "dogovor_nu": null, "type": null, "bezplatni_": null, "podzona_nu": "-", "sf_rayon": "-"}, "geometry": {"type": "MultiPoint", "coordinates": [[23.325522878, 42.67114098]]}}, {"type": "Feature", "properties": {"id": 22051, "objectid": 30848.0, "park_txt": "Надлъжн", "zona": "Зелена зона", "mestopoloz": "ул. Бигла", "georef_201": "2018", "vid_txt_20": "Зона", "zabelezhka": null, "obekt": null, "dogovor_sr": null, "dogovor_nu": null, "type": null, "bezplatni_": null, "podzona_nu": "-", "sf_rayon": "-"}, "geometry": {"type": "MultiPoint", "coordinates": [[23.325596232, 42.671136359]]}}, {"type": "Feature", "properties": {"id": 22052, "objectid": 30849.0, "park_txt": "Надлъжн", "zona": "Зелена зона", "mestopoloz": "ул. Бигла", "georef_201": "2018", "vid_txt_20": "Зона", "zabelezhka": null, "obekt": null, "dogovor_sr": null, "dogovor_nu": null, "type": null, "bezplatni_": null, "podzona_nu": "-", "sf_rayon": "-"}, "geometry": {"type": "MultiPoint", "coordinates": [[23.325670329, 42.671131692]]}}, {"type": "Feature", "properties": {"id": 22053, "objectid": 30850.0, "park_txt": "Надлъжн", "zona": "Зелена зона", "mestopoloz": "ул. Бигла", "georef_201": "2018", "vid_txt_20": "Зона", "zabelezhka": null, "obekt": null, "dogovor_sr": null, "dogovor_nu": null, "type": null, "bezplatni_": null, "podzona_nu": "-", "sf_rayon": "-"}, "geometry": {"type": "MultiPoint", "coordinates": [[23.325746994, 42.671126864]]}}, {"type": "Feature", "properties": {"id": 22054, "objectid": 30851.0, "park_txt": "Надлъжн", "zona": "Зелена зона", "mestopoloz": "ул. Бигла", "georef_201": "2018", "vid_txt_20": "Инвалид", "zabelezhka": "-", "obekt": "-", "dogovor_sr": "-", "dogovor_nu": "-", "type": "-", "bezplatni_": "-", "podzona_nu": "-", "sf_rayon": "-"}, "geometry": {"type": "MultiPoint", "coordinates": [[23.325270181, 42.671156268]]}}, {"type": "Feature", "properties": {"id": 22055, "objectid": 30852.0, "park_txt": "Надлъжн", "zona": "Зелена зона", "mestopoloz": "ул. Галичица", "georef_201": "2018", "vid_txt_20": "Зона", "zabelezhka": null, "obekt": null, "dogovor_sr": null, "dogovor_nu": null, "type": null, "bezplatni_": null, "podzona_nu": "-", "sf_rayon": "-"}, "geometry": {"type": "MultiPoint", "coordinates": [[23.325689436, 42.67266006]]}}, {"type": "Feature", "properties": {"id": 22056, "objectid": 30853.0, "park_txt": "Надлъжн", "zona": "Зелена зона", "mestopoloz": "ул. Галичица", "georef_201": "2018", "vid_txt_20": "Зона", "zabelezhka": null, "obekt": null, "dogovor_sr": null, "dogovor_nu": null, "type": null, "bezplatni_": null, "podzona_nu": "-", "sf_rayon": "-"}, "geometry": {"type": "MultiPoint", "coordinates": [[23.325766133, 42.672658181]]}}, {"type": "Feature", "properties": {"id": 22057, "objectid": 30854.0, "park_txt": "Надлъжн", "zona": "Зелена зона", "mestopoloz": "ул. Галичица", "georef_201": "2018", "vid_txt_20": "Инвалид", "zabelezhka": "-", "obekt": "-", "dogovor_sr": "-", "dogovor_nu": "-", "type": "-", "bezplatni_": "-", "podzona_nu": "-", "sf_rayon": "-"}, "geometry": {"type": "MultiPoint", "coordinates": [[23.32584453, 42.672656262]]}}, {"type": "Feature", "properties": {"id": 22058, "objectid": 30855.0, "park_txt": "Надлъжн", "zona": "Зелена зона", "mestopoloz": "ул. Галичица", "georef_201": "2018", "vid_txt_20": "Зона", "zabelezhka": null, "obekt": null, "dogovor_sr": null, "dogovor_nu": null, "type": null, "bezplatni_": null, "podzona_nu": "-", "sf_rayon": "-"}, "geometry": {"type": "MultiPoint", "coordinates": [[23.325460259, 42.672665027]]}}, {"type": "Feature", "properties": {"id": 22059, "objectid": 30856.0, "park_txt": "Надлъжн", "zona": "Зелена зона", "mestopoloz": "ул. Галичица", "georef_201": "2018", "vid_txt_20": "Зона", "zabelezhka": null, "obekt": null, "dogovor_sr": null, "dogovor_nu": null, "type": null, "bezplatni_": null, "podzona_nu": "-", "sf_rayon": "-"}, "geometry": {"type": "MultiPoint", "coordinates": [[23.325536955, 42.672663149]]}}, {"type": "Feature", "properties": {"id": 22060, "objectid": 30857.0, "park_txt": "Надлъжн", "zona": "Зелена зона", "mestopoloz": "ул. Галичица", "georef_201": "2018", "vid_txt_20": "Зона", "zabelezhka": null, "obekt": null, "dogovor_sr": null, "dogovor_nu": null, "type": null, "bezplatni_": null, "podzona_nu": "-", "sf_rayon": "-"}, "geometry": {"type": "MultiPoint", "coordinates": [[23.325615352, 42.67266123]]}}, {"type": "Feature", "properties": {"id": 22061, "objectid": 30858.0, "park_txt": "Надлъжн", "zona": "Зелена зона", "mestopoloz": "ул. Галичица", "georef_201": "2018", "vid_txt_20": "Зона", "zabelezhka": null, "obekt": null, "dogovor_sr": null, "dogovor_nu": null, "type": null, "bezplatni_": null, "podzona_nu": "-", "sf_rayon": "-"}, "geometry": {"type": "MultiPoint", "coordinates": [[23.325223833, 42.672668689]]}}, {"type": "Feature", "properties": {"id": 22062, "objectid": 30859.0, "park_txt": "Надлъжн", "zona": "Зелена зона", "mestopoloz": "ул. Галичица", "georef_201": "2018", "vid_txt_20": "Зона", "zabelezhka": null, "obekt": null, "dogovor_sr": null, "dogovor_nu": null, "type": null, "bezplatni_": null, "podzona_nu": "-", "sf_rayon": "-"}, "geometry": {"type": "MultiPoint", "coordinates": [[23.32530053, 42.672666811]]}}, {"type": "Feature", "properties": {"id": 22063, "objectid": 30860.0, "park_txt": "Надлъжн", "zona": "Зелена зона", "mestopoloz": "ул. Галичица", "georef_201": "2018", "vid_txt_20": "Зона", "zabelezhka": null, "obekt": null, "dogovor_sr": null, "dogovor_nu": null, "type": null, "bezplatni_": null, "podzona_nu": "-", "sf_rayon": "-"}, "geometry": {"type": "MultiPoint", "coordinates": [[23.325378927, 42.672664892]]}}, {"type": "Feature", "properties": {"id": 22064, "objectid": 30861.0, "park_txt": "Надлъжн", "zona": "Зелена зона", "mestopoloz": "ул. Галичица", "georef_201": "2018", "vid_txt_20": "Зона", "zabelezhka": null, "obekt": null, "dogovor_sr": null, "dogovor_nu": null, "type": null, "bezplatni_": null, "podzona_nu": "-", "sf_rayon": "-"}, "geometry": {"type": "MultiPoint", "coordinates": [[23.324830581, 42.67267551]]}}, {"type": "Feature", "properties": {"id": 22065, "objectid": 30862.0, "park_txt": "Надлъжн", "zona": "Зелена зона", "mestopoloz": "ул. Галичица", "georef_201": "2018", "vid_txt_20": "Зона", "zabelezhka": null, "obekt": null, "dogovor_sr": null, "dogovor_nu": null, "type": null, "bezplatni_": null, "podzona_nu": "-", "sf_rayon": "-"}, "geometry": {"type": "MultiPoint", "coordinates": [[23.325071352, 42.672671778]]}}, {"type": "Feature", "properties": {"id": 22066, "objectid": 30863.0, "park_txt": "Надлъжн", "zona": "Зелена зона", "mestopoloz": "ул. Галичица", "georef_201": "2018", "vid_txt_20": "Зона", "zabelezhka": null, "obekt": null, "dogovor_sr": null, "dogovor_nu": null, "type": null, "bezplatni_": null, "podzona_nu": "-", "sf_rayon": "-"}, "geometry": {"type": "MultiPoint", "coordinates": [[23.325149749, 42.672669859]]}}, {"type": "Feature", "properties": {"id": 22067, "objectid": 30864.0, "park_txt": "Надлъжн", "zona": "Зелена зона", "mestopoloz": "ул. Галичица", "georef_201": "2018", "vid_txt_20": "Зона", "zabelezhka": null, "obekt": null, "dogovor_sr": null, "dogovor_nu": null, "type": null, "bezplatni_": null, "podzona_nu": "-", "sf_rayon": "-"}, "geometry": {"type": "MultiPoint", "coordinates": [[23.324485317, 42.672681884]]}}, {"type": "Feature", "properties": {"id": 22068, "objectid": 30865.0, "park_txt": "Надлъжн", "zona": "Зелена зона", "mestopoloz": "ул. Галичица", "georef_201": "2018", "vid_txt_20": "Зона", "zabelezhka": null, "obekt": null, "dogovor_sr": null, "dogovor_nu": null, "type": null, "bezplatni_": null, "podzona_nu": "-", "sf_rayon": "-"}, "geometry": {"type": "MultiPoint", "coordinates": [[23.324562014, 42.672680007]]}}, {"type": "Feature", "properties": {"id": 22069, "objectid": 30866.0, "park_txt": "Надлъжн", "zona": "Зелена зона", "mestopoloz": "ул. Галичица", "georef_201": "2018", "vid_txt_20": "Зона", "zabelezhka": null, "obekt": null, "dogovor_sr": null, "dogovor_nu": null, "type": null, "bezplatni_": null, "podzona_nu": "-", "sf_rayon": "-"}, "geometry": {"type": "MultiPoint", "coordinates": [[23.32464041, 42.672678088]]}}, {"type": "Feature", "properties": {"id": 22071, "objectid": 30868.0, "park_txt": "Надлъжн", "zona": "Зелена зона", "mestopoloz": "ул. Галичица", "georef_201": "2018", "vid_txt_20": "Зона", "zabelezhka": null, "obekt": null, "dogovor_sr": null, "dogovor_nu": null, "type": null, "bezplatni_": null, "podzona_nu": "-", "sf_rayon": "-"}, "geometry": {"type": "MultiPoint", "coordinates": [[23.324411233, 42.672683053]]}}, {"type": "Feature", "properties": {"id": 22072, "objectid": 30869.0, "park_txt": "Напречн", "zona": "Зелена зона", "mestopoloz": "междублоково - ул. Галичица", "georef_201": "2018", "vid_txt_20": "Зона", "zabelezhka": null, "obekt": null, "dogovor_sr": null, "dogovor_nu": null, "type": null, "bezplatni_": null, "podzona_nu": "-", "sf_rayon": "-"}, "geometry": {"type": "MultiPoint", "coordinates": [[23.324588319, 42.672902027]]}}, {"type": "Feature", "properties": {"id": 22073, "objectid": 30870.0, "park_txt": "Напречн", "zona": "Зелена зона", "mestopoloz": "междублоково - ул. Галичица", "georef_201": "2018", "vid_txt_20": "Зона", "zabelezhka": null, "obekt": null, "dogovor_sr": null, "dogovor_nu": null, "type": null, "bezplatni_": null, "podzona_nu": "-", "sf_rayon": "-"}, "geometry": {"type": "MultiPoint", "coordinates": [[23.324597567, 42.672885363]]}}, {"type": "Feature", "properties": {"id": 22074, "objectid": 30871.0, "park_txt": "Напречн", "zona": "Зелена зона", "mestopoloz": "междублоково - ул. Галичица", "georef_201": "2018", "vid_txt_20": "Зона", "zabelezhka": null, "obekt": null, "dogovor_sr": null, "dogovor_nu": null, "type": null, "bezplatni_": null, "podzona_nu": "-", "sf_rayon": "-"}, "geometry": {"type": "MultiPoint", "coordinates": [[23.324607207, 42.67286688]]}}, {"type": "Feature", "properties": {"id": 22075, "objectid": 30872.0, "park_txt": "Напречн", "zona": "Зелена зона", "mestopoloz": "междублоково - ул. Галичица", "georef_201": "2018", "vid_txt_20": "Зона", "zabelezhka": null, "obekt": null, "dogovor_sr": null, "dogovor_nu": null, "type": null, "bezplatni_": null, "podzona_nu": "-", "sf_rayon": "-"}, "geometry": {"type": "MultiPoint", "coordinates": [[23.32461576, 42.672848858]]}}, {"type": "Feature", "properties": {"id": 22076, "objectid": 30873.0, "park_txt": "Напречн", "zona": "Зелена зона", "mestopoloz": "междублоково - ул. Галичица", "georef_201": "2018", "vid_txt_20": "Зона", "zabelezhka": null, "obekt": null, "dogovor_sr": null, "dogovor_nu": null, "type": null, "bezplatni_": null, "podzona_nu": "-", "sf_rayon": "-"}, "geometry": {"type": "MultiPoint", "coordinates": [[23.32457962, 42.672918138]]}}, {"type": "Feature", "properties": {"id": 22077, "objectid": 30874.0, "park_txt": "Надлъжн", "zona": "Зелена зона", "mestopoloz": "ул. Св. Теодосий Търновски", "georef_201": "2018", "vid_txt_20": "Зона", "zabelezhka": null, "obekt": null, "dogovor_sr": null, "dogovor_nu": null, "type": null, "bezplatni_": null, "podzona_nu": "-", "sf_rayon": "-"}, "geometry": {"type": "MultiPoint", "coordinates": [[23.325625457, 42.673427354]]}}, {"type": "Feature", "properties": {"id": 22078, "objectid": 30875.0, "park_txt": "Надлъжн", "zona": "Зелена зона", "mestopoloz": "ул. Св. Теодосий Търновски", "georef_201": "2018", "vid_txt_20": "Зона", "zabelezhka": null, "obekt": null, "dogovor_sr": null, "dogovor_nu": null, "type": null, "bezplatni_": null, "podzona_nu": "-", "sf_rayon": "-"}, "geometry": {"type": "MultiPoint", "coordinates": [[23.325650815, 42.673381905]]}}, {"type": "Feature", "properties": {"id": 22079, "objectid": 30876.0, "park_txt": "Надлъжн", "zona": "Зелена зона", "mestopoloz": "ул. Св. Теодосий Търновски", "georef_201": "2018", "vid_txt_20": "Зона", "zabelezhka": null, "obekt": null, "dogovor_sr": null, "dogovor_nu": null, "type": null, "bezplatni_": null, "podzona_nu": "-", "sf_rayon": "-"}, "geometry": {"type": "MultiPoint", "coordinates": [[23.325679073, 42.673331015]]}}, {"type": "Feature", "properties": {"id": 22080, "objectid": 30877.0, "park_txt": "Надлъжн", "zona": "Зелена зона", "mestopoloz": "ул. Св. Теодосий Търновски", "georef_201": "2018", "vid_txt_20": "Зона", "zabelezhka": null, "obekt": null, "dogovor_sr": null, "dogovor_nu": null, "type": null, "bezplatni_": null, "podzona_nu": "-", "sf_rayon": "-"}, "geometry": {"type": "MultiPoint", "coordinates": [[23.325706709, 42.673280305]]}}, {"type": "Feature", "properties": {"id": 22081, "objectid": 30878.0, "park_txt": "Надлъжн", "zona": "Зелена зона", "mestopoloz": "ул. Св. Теодосий Търновски", "georef_201": "2018", "vid_txt_20": "Зона", "zabelezhka": null, "obekt": null, "dogovor_sr": null, "dogovor_nu": null, "type": null, "bezplatni_": null, "podzona_nu": "-", "sf_rayon": "-"}, "geometry": {"type": "MultiPoint", "coordinates": [[23.325731636, 42.67323474]]}}, {"type": "Feature", "properties": {"id": 22082, "objectid": 30879.0, "park_txt": "Надлъжн", "zona": "Зелена зона", "mestopoloz": "ул. Св. Теодосий Търновски", "georef_201": "2018", "vid_txt_20": "Зона", "zabelezhka": null, "obekt": null, "dogovor_sr": null, "dogovor_nu": null, "type": null, "bezplatni_": null, "podzona_nu": "-", "sf_rayon": "-"}, "geometry": {"type": "MultiPoint", "coordinates": [[23.325759345, 42.673183716]]}}, {"type": "Feature", "properties": {"id": 22083, "objectid": 30880.0, "park_txt": "Надлъжн", "zona": "Зелена зона", "mestopoloz": "ул. Св. Теодосий Търновски", "georef_201": "2018", "vid_txt_20": "Зона", "zabelezhka": null, "obekt": null, "dogovor_sr": null, "dogovor_nu": null, "type": null, "bezplatni_": null, "podzona_nu": "-", "sf_rayon": "-"}, "geometry": {"type": "MultiPoint", "coordinates": [[23.325786784, 42.673133366]]}}, {"type": "Feature", "properties": {"id": 22084, "objectid": 30881.0, "park_txt": "Надлъжн", "zona": "Зелена зона", "mestopoloz": "ул. Св. Теодосий Търновски", "georef_201": "2018", "vid_txt_20": "Зона", "zabelezhka": null, "obekt": null, "dogovor_sr": null, "dogovor_nu": null, "type": null, "bezplatni_": null, "podzona_nu": "-", "sf_rayon": "-"}, "geometry": {"type": "MultiPoint", "coordinates": [[23.325812003, 42.673087721]]}}, {"type": "Feature", "properties": {"id": 22085, "objectid": 30882.0, "park_txt": "Надлъжн", "zona": "Зелена зона", "mestopoloz": "ул. Св. Теодосий Търновски", "georef_201": "2018", "vid_txt_20": "Зона", "zabelezhka": null, "obekt": null, "dogovor_sr": null, "dogovor_nu": null, "type": null, "bezplatni_": null, "podzona_nu": "-", "sf_rayon": "-"}, "geometry": {"type": "MultiPoint", "coordinates": [[23.325839459, 42.673036708]]}}, {"type": "Feature", "properties": {"id": 22086, "objectid": 30883.0, "park_txt": "Надлъжн", "zona": "Зелена зона", "mestopoloz": "ул. Св. Теодосий Търновски", "georef_201": "2018", "vid_txt_20": "Зона", "zabelezhka": null, "obekt": null, "dogovor_sr": null, "dogovor_nu": null, "type": null, "bezplatni_": null, "podzona_nu": "-", "sf_rayon": "-"}, "geometry": {"type": "MultiPoint", "coordinates": [[23.325867077, 42.672986028]]}}, {"type": "Feature", "properties": {"id": 22087, "objectid": 30884.0, "park_txt": "Надлъжн", "zona": "Зелена зона", "mestopoloz": "ул. Св. Теодосий Търновски", "georef_201": "2018", "vid_txt_20": "Зона", "zabelezhka": null, "obekt": null, "dogovor_sr": null, "dogovor_nu": null, "type": null, "bezplatni_": null, "podzona_nu": "-", "sf_rayon": "-"}, "geometry": {"type": "MultiPoint", "coordinates": [[23.325892062, 42.672940183]]}}, {"type": "Feature", "properties": {"id": 22088, "objectid": 30885.0, "park_txt": "Надлъжн", "zona": "Зелена зона", "mestopoloz": "ул. Св. Теодосий Търновски", "georef_201": "2018", "vid_txt_20": "Зона", "zabelezhka": null, "obekt": null, "dogovor_sr": null, "dogovor_nu": null, "type": null, "bezplatni_": null, "podzona_nu": "-", "sf_rayon": "-"}, "geometry": {"type": "MultiPoint", "coordinates": [[23.325920136, 42.672888666]]}}, {"type": "Feature", "properties": {"id": 22089, "objectid": 30886.0, "park_txt": "Надлъжн", "zona": "Зелена зона", "mestopoloz": "ул. Св. Теодосий Търновски", "georef_201": "2018", "vid_txt_20": "Зона", "zabelezhka": null, "obekt": null, "dogovor_sr": null, "dogovor_nu": null, "type": null, "bezplatni_": null, "podzona_nu": "-", "sf_rayon": "-"}, "geometry": {"type": "MultiPoint", "coordinates": [[23.325949111, 42.672835834]]}}, {"type": "Feature", "properties": {"id": 22090, "objectid": 30887.0, "park_txt": "Надлъжн", "zona": "Зелена зона", "mestopoloz": "ул. Св. Теодосий Търновски", "georef_201": "2018", "vid_txt_20": "Зона", "zabelezhka": null, "obekt": null, "dogovor_sr": null, "dogovor_nu": null, "type": null, "bezplatni_": null, "podzona_nu": "-", "sf_rayon": "-"}, "geometry": {"type": "MultiPoint", "coordinates": [[23.325976566, 42.672784821]]}}, {"type": "Feature", "properties": {"id": 22091, "objectid": 30888.0, "park_txt": "Надлъжн", "zona": "Зелена зона", "mestopoloz": "ул. Св. Теодосий Търновски", "georef_201": "2018", "vid_txt_20": "Инвалид", "zabelezhka": "-", "obekt": "-", "dogovor_sr": "-", "dogovor_nu": "-", "type": "-", "bezplatni_": "-", "podzona_nu": "-", "sf_rayon": "-"}, "geometry": {"type": "MultiPoint", "coordinates": [[23.326005253, 42.672734252]]}}, {"type": "Feature", "properties": {"id": 22092, "objectid": 30889.0, "park_txt": "Надлъжн", "zona": "Зелена зона", "mestopoloz": "ул. Св. Теодосий Търновски", "georef_201": "2018", "vid_txt_20": "Зона", "zabelezhka": null, "obekt": null, "dogovor_sr": null, "dogovor_nu": null, "type": null, "bezplatni_": null, "podzona_nu": "-", "sf_rayon": "-"}, "geometry": {"type": "MultiPoint", "coordinates": [[23.326103319, 42.672550911]]}}, {"type": "Feature", "properties": {"id": 22093, "objectid": 30890.0, "park_txt": "Надлъжн", "zona": "Зелена зона", "mestopoloz": "ул. Св. Теодосий Търновски", "georef_201": "2018", "vid_txt_20": "Зона", "zabelezhka": null, "obekt": null, "dogovor_sr": null, "dogovor_nu": null, "type": null, "bezplatni_": null, "podzona_nu": "-", "sf_rayon": "-"}, "geometry": {"type": "MultiPoint", "coordinates": [[23.326132757, 42.672499291]]}}, {"type": "Feature", "properties": {"id": 22094, "objectid": 30891.0, "park_txt": "Надлъжн", "zona": "Зелена зона", "mestopoloz": "ул. Св. Теодосий Търновски", "georef_201": "2018", "vid_txt_20": "Зона", "zabelezhka": null, "obekt": null, "dogovor_sr": null, "dogovor_nu": null, "type": null, "bezplatni_": null, "podzona_nu": "-", "sf_rayon": "-"}, "geometry": {"type": "MultiPoint", "coordinates": [[23.326160245, 42.672451088]]}}, {"type": "Feature", "properties": {"id": 22095, "objectid": 30892.0, "park_txt": "Надлъжн", "zona": "Зелена зона", "mestopoloz": "ул. Плачковица", "georef_201": "2018", "vid_txt_20": "Зона", "zabelezhka": null, "obekt": null, "dogovor_sr": null, "dogovor_nu": null, "type": null, "bezplatni_": null, "podzona_nu": "-", "sf_rayon": "-"}, "geometry": {"type": "MultiPoint", "coordinates": [[23.326404276, 42.672412262]]}}, {"type": "Feature", "properties": {"id": 22096, "objectid": 30893.0, "park_txt": "Надлъжн", "zona": "Зелена зона", "mestopoloz": "ул. Плачковица", "georef_201": "2018", "vid_txt_20": "Зона", "zabelezhka": null, "obekt": null, "dogovor_sr": null, "dogovor_nu": null, "type": null, "bezplatni_": null, "podzona_nu": "-", "sf_rayon": "-"}, "geometry": {"type": "MultiPoint", "coordinates": [[23.326412888, 42.67245886]]}}, {"type": "Feature", "properties": {"id": 22097, "objectid": 30894.0, "park_txt": "Надлъжн", "zona": "Зелена зона", "mestopoloz": "ул. Св. Теодосий Търновски", "georef_201": "2018", "vid_txt_20": "Зона", "zabelezhka": null, "obekt": null, "dogovor_sr": null, "dogovor_nu": null, "type": null, "bezplatni_": null, "podzona_nu": "-", "sf_rayon": "-"}, "geometry": {"type": "MultiPoint", "coordinates": [[23.326244556, 42.67230349]]}}, {"type": "Feature", "properties": {"id": 22098, "objectid": 30895.0, "park_txt": "Надлъжн", "zona": "Зелена зона", "mestopoloz": "ул. Св. Теодосий Търновски", "georef_201": "2018", "vid_txt_20": "Зона", "zabelezhka": null, "obekt": null, "dogovor_sr": null, "dogovor_nu": null, "type": null, "bezplatni_": null, "podzona_nu": "-", "sf_rayon": "-"}, "geometry": {"type": "MultiPoint", "coordinates": [[23.326270372, 42.672257966]]}}, {"type": "Feature", "properties": {"id": 22099, "objectid": 30896.0, "park_txt": "Надлъжн", "zona": "Зелена зона", "mestopoloz": "ул. Св. Теодосий Търновски", "georef_201": "2018", "vid_txt_20": "Зона", "zabelezhka": null, "obekt": null, "dogovor_sr": null, "dogovor_nu": null, "type": null, "bezplatni_": null, "podzona_nu": "-", "sf_rayon": "-"}, "geometry": {"type": "MultiPoint", "coordinates": [[23.326299861, 42.672206253]]}}, {"type": "Feature", "properties": {"id": 22100, "objectid": 30897.0, "park_txt": "Надлъжн", "zona": "Зелена зона", "mestopoloz": "ул. Св. Теодосий Търновски", "georef_201": "2018", "vid_txt_20": "Зона", "zabelezhka": null, "obekt": null, "dogovor_sr": null, "dogovor_nu": null, "type": null, "bezplatni_": null, "podzona_nu": "-", "sf_rayon": "-"}, "geometry": {"type": "MultiPoint", "coordinates": [[23.326330389, 42.672152718]]}}, {"type": "Feature", "properties": {"id": 22101, "objectid": 30898.0, "park_txt": "Надлъжн", "zona": "Зелена зона", "mestopoloz": "ул. Св. Теодосий Търновски", "georef_201": "2018", "vid_txt_20": "Зона", "zabelezhka": null, "obekt": null, "dogovor_sr": null, "dogovor_nu": null, "type": null, "bezplatni_": null, "podzona_nu": "-", "sf_rayon": "-"}, "geometry": {"type": "MultiPoint", "coordinates": [[23.326354043, 42.672102283]]}}, {"type": "Feature", "properties": {"id": 22102, "objectid": 30899.0, "park_txt": "Надлъжн", "zona": "Зелена зона", "mestopoloz": "ул. Плачковица", "georef_201": "2018", "vid_txt_20": "Инвалид", "zabelezhka": "-", "obekt": "-", "dogovor_sr": "-", "dogovor_nu": "-", "type": "-", "bezplatni_": "-", "podzona_nu": "-", "sf_rayon": "-"}, "geometry": {"type": "MultiPoint", "coordinates": [[23.326363574, 42.671875604]]}}, {"type": "Feature", "properties": {"id": 22103, "objectid": 30900.0, "park_txt": "Надлъжн", "zona": "Зелена зона", "mestopoloz": "ул. Плачковица", "georef_201": "2018", "vid_txt_20": "Зона", "zabelezhka": null, "obekt": null, "dogovor_sr": null, "dogovor_nu": null, "type": null, "bezplatni_": null, "podzona_nu": "-", "sf_rayon": "-"}, "geometry": {"type": "MultiPoint", "coordinates": [[23.326358231, 42.671805285]]}}, {"type": "Feature", "properties": {"id": 22104, "objectid": 30901.0, "park_txt": "Надлъжн", "zona": "Зелена зона", "mestopoloz": "ул. Плачковица", "georef_201": "2018", "vid_txt_20": "Зона", "zabelezhka": null, "obekt": null, "dogovor_sr": null, "dogovor_nu": null, "type": null, "bezplatni_": null, "podzona_nu": "-", "sf_rayon": "-"}, "geometry": {"type": "MultiPoint", "coordinates": [[23.326350841, 42.67175727]]}}, {"type": "Feature", "properties": {"id": 22105, "objectid": 30902.0, "park_txt": "Надлъжн", "zona": "Зелена зона", "mestopoloz": "ул. Плачковица", "georef_201": "2018", "vid_txt_20": "Зона", "zabelezhka": null, "obekt": null, "dogovor_sr": null, "dogovor_nu": null, "type": null, "bezplatni_": null, "podzona_nu": "-", "sf_rayon": "-"}, "geometry": {"type": "MultiPoint", "coordinates": [[23.326345292, 42.671705696]]}}, {"type": "Feature", "properties": {"id": 22106, "objectid": 30903.0, "park_txt": "Надлъжн", "zona": "Зелена зона", "mestopoloz": "ул. Плачковица", "georef_201": "2018", "vid_txt_20": "Зона", "zabelezhka": null, "obekt": null, "dogovor_sr": null, "dogovor_nu": null, "type": null, "bezplatni_": null, "podzona_nu": "-", "sf_rayon": "-"}, "geometry": {"type": "MultiPoint", "coordinates": [[23.32634005, 42.671648868]]}}, {"type": "Feature", "properties": {"id": 22107, "objectid": 30904.0, "park_txt": "Надлъжн", "zona": "Зелена зона", "mestopoloz": "ул. Плачковица", "georef_201": "2018", "vid_txt_20": "Зона", "zabelezhka": null, "obekt": null, "dogovor_sr": null, "dogovor_nu": null, "type": null, "bezplatni_": null, "podzona_nu": "-", "sf_rayon": "-"}, "geometry": {"type": "MultiPoint", "coordinates": [[23.326334964, 42.67158879]]}}, {"type": "Feature", "properties": {"id": 22108, "objectid": 30905.0, "park_txt": "Надлъжн", "zona": "Зелена зона", "mestopoloz": "ул. Плачковица", "georef_201": "2018", "vid_txt_20": "Зона", "zabelezhka": null, "obekt": null, "dogovor_sr": null, "dogovor_nu": null, "type": null, "bezplatni_": null, "podzona_nu": "-", "sf_rayon": "-"}, "geometry": {"type": "MultiPoint", "coordinates": [[23.326311454, 42.67130158]]}}, {"type": "Feature", "properties": {"id": 22109, "objectid": 30906.0, "park_txt": "Надлъжн", "zona": "Зелена зона", "mestopoloz": "ул. Плачковица", "georef_201": "2018", "vid_txt_20": "Зона", "zabelezhka": null, "obekt": null, "dogovor_sr": null, "dogovor_nu": null, "type": null, "bezplatni_": null, "podzona_nu": "-", "sf_rayon": "-"}, "geometry": {"type": "MultiPoint", "coordinates": [[23.326305905, 42.671250006]]}}, {"type": "Feature", "properties": {"id": 22110, "objectid": 30907.0, "park_txt": "Надлъжн", "zona": "Зелена зона", "mestopoloz": "ул. Плачковица", "georef_201": "2018", "vid_txt_20": "Зона", "zabelezhka": null, "obekt": null, "dogovor_sr": null, "dogovor_nu": null, "type": null, "bezplatni_": null, "podzona_nu": "-", "sf_rayon": "-"}, "geometry": {"type": "MultiPoint", "coordinates": [[23.326300664, 42.671193178]]}}, {"type": "Feature", "properties": {"id": 22111, "objectid": 30908.0, "park_txt": "Надлъжн", "zona": "Зелена зона", "mestopoloz": "ул. Плачковица", "georef_201": "2018", "vid_txt_20": "Зона", "zabelezhka": null, "obekt": null, "dogovor_sr": null, "dogovor_nu": null, "type": null, "bezplatni_": null, "podzona_nu": "-", "sf_rayon": "-"}, "geometry": {"type": "MultiPoint", "coordinates": [[23.326286868, 42.67102653]]}}, {"type": "Feature", "properties": {"id": 22112, "objectid": 30909.0, "park_txt": "Надлъжн", "zona": "Зелена зона", "mestopoloz": "ул. Плачковица", "georef_201": "2018", "vid_txt_20": "Зона", "zabelezhka": null, "obekt": null, "dogovor_sr": null, "dogovor_nu": null, "type": null, "bezplatni_": null, "podzona_nu": "-", "sf_rayon": "-"}, "geometry": {"type": "MultiPoint", "coordinates": [[23.326282637, 42.67097538]]}}, {"type": "Feature", "properties": {"id": 22113, "objectid": 30910.0, "park_txt": "Надлъжн", "zona": "Зелена зона", "mestopoloz": "ул. Плачковица", "georef_201": "2018", "vid_txt_20": "Зона", "zabelezhka": null, "obekt": null, "dogovor_sr": null, "dogovor_nu": null, "type": null, "bezplatni_": null, "podzona_nu": "-", "sf_rayon": "-"}, "geometry": {"type": "MultiPoint", "coordinates": [[23.326277905, 42.670918162]]}}, {"type": "Feature", "properties": {"id": 22114, "objectid": 30911.0, "park_txt": "Надлъжн", "zona": "Зелена зона", "mestopoloz": "ул. Плачковица", "georef_201": "2018", "vid_txt_20": "Зона", "zabelezhka": null, "obekt": null, "dogovor_sr": null, "dogovor_nu": null, "type": null, "bezplatni_": null, "podzona_nu": "-", "sf_rayon": "-"}, "geometry": {"type": "MultiPoint", "coordinates": [[23.326246449, 42.670537851]]}}, {"type": "Feature", "properties": {"id": 22115, "objectid": 30912.0, "park_txt": "Надлъжн", "zona": "Зелена зона", "mestopoloz": "ул. Плачковица", "georef_201": "2018", "vid_txt_20": "Зона", "zabelezhka": null, "obekt": null, "dogovor_sr": null, "dogovor_nu": null, "type": null, "bezplatni_": null, "podzona_nu": "-", "sf_rayon": "-"}, "geometry": {"type": "MultiPoint", "coordinates": [[23.326242169, 42.670486093]]}}, {"type": "Feature", "properties": {"id": 22116, "objectid": 30913.0, "park_txt": "Надлъжн", "zona": "Зелена зона", "mestopoloz": "ул. Плачковица", "georef_201": "2018", "vid_txt_20": "Зона", "zabelezhka": null, "obekt": null, "dogovor_sr": null, "dogovor_nu": null, "type": null, "bezplatni_": null, "podzona_nu": "-", "sf_rayon": "-"}, "geometry": {"type": "MultiPoint", "coordinates": [[23.326237488, 42.670429502]]}}, {"type": "Feature", "properties": {"id": 22117, "objectid": 30914.0, "park_txt": "Надлъжн", "zona": "Зелена зона", "mestopoloz": "ул. Плачковица", "georef_201": "2018", "vid_txt_20": "Зона", "zabelezhka": null, "obekt": null, "dogovor_sr": null, "dogovor_nu": null, "type": null, "bezplatni_": null, "podzona_nu": "-", "sf_rayon": "-"}, "geometry": {"type": "MultiPoint", "coordinates": [[23.326259512, 42.670695783]]}}, {"type": "Feature", "properties": {"id": 22118, "objectid": 30915.0, "park_txt": "Надлъжн", "zona": "Зелена зона", "mestopoloz": "ул. Плачковица", "georef_201": "2018", "vid_txt_20": "Зона", "zabelezhka": null, "obekt": null, "dogovor_sr": null, "dogovor_nu": null, "type": null, "bezplatni_": null, "podzona_nu": "-", "sf_rayon": "-"}, "geometry": {"type": "MultiPoint", "coordinates": [[23.326255251, 42.670644266]]}}, {"type": "Feature", "properties": {"id": 22119, "objectid": 30916.0, "park_txt": "Надлъжн", "zona": "Зелена зона", "mestopoloz": "ул. Плачковица", "georef_201": "2018", "vid_txt_20": "Зона", "zabelezhka": null, "obekt": null, "dogovor_sr": null, "dogovor_nu": null, "type": null, "bezplatni_": null, "podzona_nu": "-", "sf_rayon": "-"}, "geometry": {"type": "MultiPoint", "coordinates": [[23.326250539, 42.670587304]]}}, {"type": "Feature", "properties": {"id": 22120, "objectid": 30917.0, "park_txt": "Надлъжн", "zona": "Зелена зона", "mestopoloz": "ул. Плачковица", "georef_201": "2018", "vid_txt_20": "Зона", "zabelezhka": null, "obekt": null, "dogovor_sr": null, "dogovor_nu": null, "type": null, "bezplatni_": null, "podzona_nu": "-", "sf_rayon": "-"}, "geometry": {"type": "MultiPoint", "coordinates": [[23.326268154, 42.670800277]]}}, {"type": "Feature", "properties": {"id": 22121, "objectid": 30918.0, "park_txt": "Надлъжн", "zona": "Зелена зона", "mestopoloz": "ул. Плачковица", "georef_201": "2018", "vid_txt_20": "Зона", "zabelezhka": null, "obekt": null, "dogovor_sr": null, "dogovor_nu": null, "type": null, "bezplatni_": null, "podzona_nu": "-", "sf_rayon": "-"}, "geometry": {"type": "MultiPoint", "coordinates": [[23.326263874, 42.670748526]]}}, {"type": "Feature", "properties": {"id": 22122, "objectid": 30919.0, "park_txt": "Надлъжн", "zona": "Зелена зона", "mestopoloz": "ул. Плачковица", "georef_201": "2018", "vid_txt_20": "Инвалид", "zabelezhka": "-", "obekt": "-", "dogovor_sr": "-", "dogovor_nu": "-", "type": "-", "bezplatni_": "-", "podzona_nu": "-", "sf_rayon": "-"}, "geometry": {"type": "MultiPoint", "coordinates": [[23.326422416, 42.672563061]]}}, {"type": "Feature", "properties": {"id": 22123, "objectid": 30920.0, "park_txt": "Надлъжн", "zona": "Зелена зона", "mestopoloz": "ул. Плачковица", "georef_201": "2018", "vid_txt_20": "Зона", "zabelezhka": null, "obekt": null, "dogovor_sr": null, "dogovor_nu": null, "type": null, "bezplatni_": null, "podzona_nu": "-", "sf_rayon": "-"}, "geometry": {"type": "MultiPoint", "coordinates": [[23.326417653, 42.67251096]]}}, {"type": "Feature", "properties": {"id": 22124, "objectid": 30921.0, "park_txt": "Надлъжн", "zona": "Зелена зона", "mestopoloz": "ул. Св. Теодосий Търновски", "georef_201": "2018", "vid_txt_20": "Зона", "zabelezhka": null, "obekt": null, "dogovor_sr": null, "dogovor_nu": null, "type": null, "bezplatni_": null, "podzona_nu": "-", "sf_rayon": "-"}, "geometry": {"type": "MultiPoint", "coordinates": [[23.326187543, 42.672403217]]}}, {"type": "Feature", "properties": {"id": 22125, "objectid": 30922.0, "park_txt": "Надлъжн", "zona": "Зелена зона", "mestopoloz": "ул. Св. Теодосий Търновски", "georef_201": "2018", "vid_txt_20": "Зона", "zabelezhka": null, "obekt": null, "dogovor_sr": null, "dogovor_nu": null, "type": null, "bezplatni_": null, "podzona_nu": "-", "sf_rayon": "-"}, "geometry": {"type": "MultiPoint", "coordinates": [[23.326215832, 42.672353608]]}}, {"type": "Feature", "properties": {"id": 22126, "objectid": 30923.0, "park_txt": "Надлъжн", "zona": "Зелена зона", "mestopoloz": "ул. Плачковица", "georef_201": "2018", "vid_txt_20": "Зона", "zabelezhka": null, "obekt": null, "dogovor_sr": null, "dogovor_nu": null, "type": null, "bezplatni_": null, "podzona_nu": "-", "sf_rayon": "-"}, "geometry": {"type": "MultiPoint", "coordinates": [[23.326397127, 42.672266355]]}}, {"type": "Feature", "properties": {"id": 22127, "objectid": 30924.0, "park_txt": "Надлъжн", "zona": "Зелена зона", "mestopoloz": "ул. Плачковица", "georef_201": "2018", "vid_txt_20": "Зона", "zabelezhka": null, "obekt": null, "dogovor_sr": null, "dogovor_nu": null, "type": null, "bezplatni_": null, "podzona_nu": "-", "sf_rayon": "-"}, "geometry": {"type": "MultiPoint", "coordinates": [[23.32639941, 42.672312931]]}}, {"type": "Feature", "properties": {"id": 22128, "objectid": 30925.0, "park_txt": "Надлъжн", "zona": "Зелена зона", "mestopoloz": "ул. Плачковица", "georef_201": "2018", "vid_txt_20": "Служебен", "zabelezhka": "-", "obekt": "-", "dogovor_sr": "-", "dogovor_nu": "-", "type": "-", "bezplatni_": "-", "podzona_nu": "-", "sf_rayon": "-"}, "geometry": {"type": "MultiPoint", "coordinates": [[23.326401979, 42.672365389]]}}, {"type": "Feature", "properties": {"id": 22129, "objectid": 30926.0, "park_txt": "Надлъжн", "zona": "Зелена зона", "mestopoloz": "ул. Плачковица", "georef_201": "2018", "vid_txt_20": "Зона", "zabelezhka": null, "obekt": null, "dogovor_sr": null, "dogovor_nu": null, "type": null, "bezplatni_": null, "podzona_nu": "-", "sf_rayon": "-"}, "geometry": {"type": "MultiPoint", "coordinates": [[23.326389233, 42.672167883]]}}, {"type": "Feature", "properties": {"id": 22130, "objectid": 30927.0, "park_txt": "Надлъжн", "zona": "Зелена зона", "mestopoloz": "ул. Плачковица", "georef_201": "2018", "vid_txt_20": "Зона", "zabelezhka": null, "obekt": null, "dogovor_sr": null, "dogovor_nu": null, "type": null, "bezplatni_": null, "podzona_nu": "-", "sf_rayon": "-"}, "geometry": {"type": "MultiPoint", "coordinates": [[23.326393176, 42.67221489]]}}, {"type": "Feature", "properties": {"id": 22131, "objectid": 30928.0, "park_txt": "Надлъжн", "zona": "Зелена зона", "mestopoloz": "ул. Галичица", "georef_201": "2018", "vid_txt_20": "Зона", "zabelezhka": null, "obekt": null, "dogovor_sr": null, "dogovor_nu": null, "type": null, "bezplatni_": null, "podzona_nu": "-", "sf_rayon": "-"}, "geometry": {"type": "MultiPoint", "coordinates": [[23.32620844, 42.672650309]]}}, {"type": "Feature", "properties": {"id": 22132, "objectid": 30929.0, "park_txt": "Надлъжн", "zona": "Зелена зона", "mestopoloz": "ул. Галичица", "georef_201": "2018", "vid_txt_20": "Зона", "zabelezhka": null, "obekt": null, "dogovor_sr": null, "dogovor_nu": null, "type": null, "bezplatni_": null, "podzona_nu": "-", "sf_rayon": "-"}, "geometry": {"type": "MultiPoint", "coordinates": [[23.326132311, 42.672651832]]}}, {"type": "Feature", "properties": {"id": 22133, "objectid": 30930.0, "park_txt": "Надлъжн", "zona": "Зелена зона", "mestopoloz": "ул. Галичица", "georef_201": "2018", "vid_txt_20": "Зона", "zabelezhka": null, "obekt": null, "dogovor_sr": null, "dogovor_nu": null, "type": null, "bezplatni_": null, "podzona_nu": "-", "sf_rayon": "-"}, "geometry": {"type": "MultiPoint", "coordinates": [[23.326358151, 42.672647827]]}}, {"type": "Feature", "properties": {"id": 22134, "objectid": 30931.0, "park_txt": "Надлъжн", "zona": "Зелена зона", "mestopoloz": "ул. Галичица", "georef_201": "2018", "vid_txt_20": "Зона", "zabelezhka": null, "obekt": null, "dogovor_sr": null, "dogovor_nu": null, "type": null, "bezplatni_": null, "podzona_nu": "-", "sf_rayon": "-"}, "geometry": {"type": "MultiPoint", "coordinates": [[23.326282021, 42.67264935]]}}, {"type": "Feature", "properties": {"id": 22135, "objectid": 30932.0, "park_txt": "Надлъжн", "zona": "Зелена зона", "mestopoloz": "ул. Плачковица", "georef_201": "2018", "vid_txt_20": "Зона", "zabelezhka": null, "obekt": null, "dogovor_sr": null, "dogovor_nu": null, "type": null, "bezplatni_": null, "podzona_nu": "-", "sf_rayon": "-"}, "geometry": {"type": "MultiPoint", "coordinates": [[23.326437769, 42.672703293]]}}, {"type": "Feature", "properties": {"id": 22136, "objectid": 30933.0, "park_txt": "Надлъжн", "zona": "Зелена зона", "mestopoloz": "ул. Плачковица", "georef_201": "2018", "vid_txt_20": "Зона", "zabelezhka": null, "obekt": null, "dogovor_sr": null, "dogovor_nu": null, "type": null, "bezplatni_": null, "podzona_nu": "-", "sf_rayon": "-"}, "geometry": {"type": "MultiPoint", "coordinates": [[23.326442534, 42.672755393]]}}, {"type": "Feature", "properties": {"id": 22137, "objectid": 30934.0, "park_txt": "Надлъжн", "zona": "Зелена зона", "mestopoloz": "ул. Плачковица", "georef_201": "2018", "vid_txt_20": "Зона", "zabelezhka": null, "obekt": null, "dogovor_sr": null, "dogovor_nu": null, "type": null, "bezplatni_": null, "podzona_nu": "-", "sf_rayon": "-"}, "geometry": {"type": "MultiPoint", "coordinates": [[23.3264458, 42.672813084]]}}, {"type": "Feature", "properties": {"id": 22138, "objectid": 30935.0, "park_txt": "Надлъжн", "zona": "Зелена зона", "mestopoloz": "ул. Плачковица", "georef_201": "2018", "vid_txt_20": "Зона", "zabelezhka": null, "obekt": null, "dogovor_sr": null, "dogovor_nu": null, "type": null, "bezplatni_": null, "podzona_nu": "-", "sf_rayon": "-"}, "geometry": {"type": "MultiPoint", "coordinates": [[23.326450565, 42.672865185]]}}, {"type": "Feature", "properties": {"id": 22139, "objectid": 30936.0, "park_txt": "Надлъжн", "zona": "Зелена зона", "mestopoloz": "ул. Плачковица", "georef_201": "2018", "vid_txt_20": "Инвалид", "zabelezhka": "-", "obekt": "-", "dogovor_sr": "-", "dogovor_nu": "-", "type": "-", "bezplatni_": "-", "podzona_nu": "-", "sf_rayon": "-"}, "geometry": {"type": "MultiPoint", "coordinates": [[23.326273118, 42.673624451]]}}, {"type": "Feature", "properties": {"id": 22140, "objectid": 30937.0, "park_txt": "Надлъжн", "zona": "Зелена зона", "mestopoloz": "ул. Плачковица", "georef_201": "2018", "vid_txt_20": "Зона", "zabelezhka": null, "obekt": null, "dogovor_sr": null, "dogovor_nu": null, "type": null, "bezplatni_": null, "podzona_nu": "-", "sf_rayon": "-"}, "geometry": {"type": "MultiPoint", "coordinates": [[23.326344159, 42.673363874]]}}, {"type": "Feature", "properties": {"id": 22141, "objectid": 30938.0, "park_txt": "Надлъжн", "zona": "Зелена зона", "mestopoloz": "ул. Плачковица", "georef_201": "2018", "vid_txt_20": "Зона", "zabelezhka": null, "obekt": null, "dogovor_sr": null, "dogovor_nu": null, "type": null, "bezplatni_": null, "podzona_nu": "-", "sf_rayon": "-"}, "geometry": {"type": "MultiPoint", "coordinates": [[23.32637264, 42.673259406]]}}, {"type": "Feature", "properties": {"id": 22142, "objectid": 30939.0, "park_txt": "Надлъжн", "zona": "Зелена зона", "mestopoloz": "ул. Плачковица", "georef_201": "2018", "vid_txt_20": "Зона", "zabelezhka": null, "obekt": null, "dogovor_sr": null, "dogovor_nu": null, "type": null, "bezplatni_": null, "podzona_nu": "-", "sf_rayon": "-"}, "geometry": {"type": "MultiPoint", "coordinates": [[23.326357484, 42.673314999]]}}, {"type": "Feature", "properties": {"id": 22143, "objectid": 30940.0, "park_txt": "Надлъжн", "zona": "Зелена зона", "mestopoloz": "ул. Плачковица", "georef_201": "2018", "vid_txt_20": "Зона", "zabelezhka": null, "obekt": null, "dogovor_sr": null, "dogovor_nu": null, "type": null, "bezplatni_": null, "podzona_nu": "-", "sf_rayon": "-"}, "geometry": {"type": "MultiPoint", "coordinates": [[23.326386089, 42.673210074]]}}, {"type": "Feature", "properties": {"id": 22144, "objectid": 30941.0, "park_txt": "Надлъжн", "zona": "Зелена зона", "mestopoloz": "ул. Плачковица", "georef_201": "2018", "vid_txt_20": "Зона", "zabelezhka": null, "obekt": null, "dogovor_sr": null, "dogovor_nu": null, "type": null, "bezplatni_": null, "podzona_nu": "-", "sf_rayon": "-"}, "geometry": {"type": "MultiPoint", "coordinates": [[23.326414528, 42.67310576]]}}, {"type": "Feature", "properties": {"id": 22145, "objectid": 30942.0, "park_txt": "Надлъжн", "zona": "Зелена зона", "mestopoloz": "ул. Плачковица", "georef_201": "2018", "vid_txt_20": "Зона", "zabelezhka": null, "obekt": null, "dogovor_sr": null, "dogovor_nu": null, "type": null, "bezplatni_": null, "podzona_nu": "-", "sf_rayon": "-"}, "geometry": {"type": "MultiPoint", "coordinates": [[23.326399566, 42.67316064]]}}, {"type": "Feature", "properties": {"id": 22146, "objectid": 30943.0, "park_txt": "Надлъжн", "zona": "Зелена зона", "mestopoloz": "ул. Плачковица", "georef_201": "2018", "vid_txt_20": "Инвалид", "zabelezhka": "-", "obekt": "-", "dogovor_sr": "-", "dogovor_nu": "-", "type": "-", "bezplatni_": "-", "podzona_nu": "-", "sf_rayon": "-"}, "geometry": {"type": "MultiPoint", "coordinates": [[23.326220166, 42.670228562]]}}, {"type": "Feature", "properties": {"id": 22147, "objectid": 30944.0, "park_txt": "Надлъжн", "zona": "Зелена зона", "mestopoloz": "ул. Плачковица", "georef_201": "2018", "vid_txt_20": "Зона", "zabelezhka": null, "obekt": null, "dogovor_sr": null, "dogovor_nu": null, "type": null, "bezplatni_": null, "podzona_nu": "-", "sf_rayon": "-"}, "geometry": {"type": "MultiPoint", "coordinates": [[23.32620843, 42.670092195]]}}, {"type": "Feature", "properties": {"id": 22148, "objectid": 30945.0, "park_txt": "Надлъжн", "zona": "Зелена зона", "mestopoloz": "ул. Плачковица", "georef_201": "2018", "vid_txt_20": "Зона", "zabelezhka": null, "obekt": null, "dogovor_sr": null, "dogovor_nu": null, "type": null, "bezplatni_": null, "podzona_nu": "-", "sf_rayon": "-"}, "geometry": {"type": "MultiPoint", "coordinates": [[23.32620375, 42.670035603]]}}, {"type": "Feature", "properties": {"id": 22302, "objectid": 31135.0, "park_txt": "Надлъжн", "zona": "Зелена зона", "mestopoloz": "ул. Кричим", "georef_201": "2018", "vid_txt_20": "Зона", "zabelezhka": null, "obekt": null, "dogovor_sr": null, "dogovor_nu": null, "type": null, "bezplatni_": null, "podzona_nu": "-", "sf_rayon": "-"}, "geometry": {"type": "MultiPoint", "coordinates": [[23.328143711, 42.670234304]]}}, {"type": "Feature", "properties": {"id": 22303, "objectid": 31136.0, "park_txt": "Надлъжн", "zona": "Зелена зона", "mestopoloz": "ул. Кричим", "georef_201": "2018", "vid_txt_20": "Зона", "zabelezhka": null, "obekt": null, "dogovor_sr": null, "dogovor_nu": null, "type": null, "bezplatni_": null, "podzona_nu": "-", "sf_rayon": "-"}, "geometry": {"type": "MultiPoint", "coordinates": [[23.328213509, 42.670230176]]}}, {"type": "Feature", "properties": {"id": 22304, "objectid": 31137.0, "park_txt": "Надлъжн", "zona": "Зелена зона", "mestopoloz": "ул. Кричим", "georef_201": "2018", "vid_txt_20": "Зона", "zabelezhka": null, "obekt": null, "dogovor_sr": null, "dogovor_nu": null, "type": null, "bezplatni_": null, "podzona_nu": "-", "sf_rayon": "-"}, "geometry": {"type": "MultiPoint", "coordinates": [[23.328002994, 42.670242626]]}}, {"type": "Feature", "properties": {"id": 22305, "objectid": 31138.0, "park_txt": "Надлъжн", "zona": "Зелена зона", "mestopoloz": "ул. Кричим", "georef_201": "2018", "vid_txt_20": "Зона", "zabelezhka": null, "obekt": null, "dogovor_sr": null, "dogovor_nu": null, "type": null, "bezplatni_": null, "podzona_nu": "-", "sf_rayon": "-"}, "geometry": {"type": "MultiPoint", "coordinates": [[23.328075644, 42.670238329]]}}, {"type": "Feature", "properties": {"id": 22306, "objectid": 31139.0, "park_txt": "Надлъжн", "zona": "Зелена зона", "mestopoloz": "ул. Кричим", "georef_201": "2018", "vid_txt_20": "Зона", "zabelezhka": null, "obekt": null, "dogovor_sr": null, "dogovor_nu": null, "type": null, "bezplatni_": null, "podzona_nu": "-", "sf_rayon": "-"}, "geometry": {"type": "MultiPoint", "coordinates": [[23.328352638, 42.670221948]]}}, {"type": "Feature", "properties": {"id": 22307, "objectid": 31140.0, "park_txt": "Надлъжн", "zona": "Зелена зона", "mestopoloz": "ул. Кричим", "georef_201": "2018", "vid_txt_20": "Зона", "zabelezhka": null, "obekt": null, "dogovor_sr": null, "dogovor_nu": null, "type": null, "bezplatni_": null, "podzona_nu": "-", "sf_rayon": "-"}, "geometry": {"type": "MultiPoint", "coordinates": [[23.328424412, 42.670217704]]}}, {"type": "Feature", "properties": {"id": 22308, "objectid": 31141.0, "park_txt": "Надлъжн", "zona": "Зелена зона", "mestopoloz": "ул. Кричим", "georef_201": "2018", "vid_txt_20": "Зона", "zabelezhka": null, "obekt": null, "dogovor_sr": null, "dogovor_nu": null, "type": null, "bezplatni_": null, "podzona_nu": "-", "sf_rayon": "-"}, "geometry": {"type": "MultiPoint", "coordinates": [[23.328285529, 42.670225917]]}}, {"type": "Feature", "properties": {"id": 22309, "objectid": 31142.0, "park_txt": "Надлъжн", "zona": "Зелена зона", "mestopoloz": "ул. Кричим", "georef_201": "2018", "vid_txt_20": "Зона", "zabelezhka": null, "obekt": null, "dogovor_sr": null, "dogovor_nu": null, "type": null, "bezplatni_": null, "podzona_nu": "-", "sf_rayon": "-"}, "geometry": {"type": "MultiPoint", "coordinates": [[23.327653425, 42.670261729]]}}, {"type": "Feature", "properties": {"id": 22310, "objectid": 31143.0, "park_txt": "Надлъжн", "zona": "Зелена зона", "mestopoloz": "ул. Кричим", "georef_201": "2018", "vid_txt_20": "Зона", "zabelezhka": null, "obekt": null, "dogovor_sr": null, "dogovor_nu": null, "type": null, "bezplatni_": null, "podzona_nu": "-", "sf_rayon": "-"}, "geometry": {"type": "MultiPoint", "coordinates": [[23.327722011, 42.670258133]]}}, {"type": "Feature", "properties": {"id": 22311, "objectid": 31144.0, "park_txt": "Надлъжн", "zona": "Зелена зона", "mestopoloz": "ул. Кричим", "georef_201": "2018", "vid_txt_20": "Зона", "zabelezhka": null, "obekt": null, "dogovor_sr": null, "dogovor_nu": null, "type": null, "bezplatni_": null, "podzona_nu": "-", "sf_rayon": "-"}, "geometry": {"type": "MultiPoint", "coordinates": [[23.327509029, 42.670269302]]}}, {"type": "Feature", "properties": {"id": 22312, "objectid": 31145.0, "park_txt": "Надлъжн", "zona": "Зелена зона", "mestopoloz": "ул. Кричим", "georef_201": "2018", "vid_txt_20": "Зона", "zabelezhka": null, "obekt": null, "dogovor_sr": null, "dogovor_nu": null, "type": null, "bezplatni_": null, "podzona_nu": "-", "sf_rayon": "-"}, "geometry": {"type": "MultiPoint", "coordinates": [[23.327582544, 42.670265447]]}}, {"type": "Feature", "properties": {"id": 22313, "objectid": 31146.0, "park_txt": "Надлъжн", "zona": "Зелена зона", "mestopoloz": "ул. Кричим", "georef_201": "2018", "vid_txt_20": "Зона", "zabelezhka": null, "obekt": null, "dogovor_sr": null, "dogovor_nu": null, "type": null, "bezplatni_": null, "podzona_nu": "-", "sf_rayon": "-"}, "geometry": {"type": "MultiPoint", "coordinates": [[23.327859301, 42.670250772]]}}, {"type": "Feature", "properties": {"id": 22314, "objectid": 31147.0, "park_txt": "Надлъжн", "zona": "Зелена зона", "mestopoloz": "ул. Кричим", "georef_201": "2018", "vid_txt_20": "Зона", "zabelezhka": null, "obekt": null, "dogovor_sr": null, "dogovor_nu": null, "type": null, "bezplatni_": null, "podzona_nu": "-", "sf_rayon": "-"}, "geometry": {"type": "MultiPoint", "coordinates": [[23.327931076, 42.670246528]]}}, {"type": "Feature", "properties": {"id": 22315, "objectid": 31148.0, "park_txt": "Надлъжн", "zona": "Зелена зона", "mestopoloz": "ул. Кричим", "georef_201": "2018", "vid_txt_20": "Зона", "zabelezhka": null, "obekt": null, "dogovor_sr": null, "dogovor_nu": null, "type": null, "bezplatni_": null, "podzona_nu": "-", "sf_rayon": "-"}, "geometry": {"type": "MultiPoint", "coordinates": [[23.327793178, 42.670254327]]}}, {"type": "Feature", "properties": {"id": 22316, "objectid": 31149.0, "park_txt": "Надлъжн", "zona": "Зелена зона", "mestopoloz": "ул. Кричим", "georef_201": "2018", "vid_txt_20": "Зона", "zabelezhka": null, "obekt": null, "dogovor_sr": null, "dogovor_nu": null, "type": null, "bezplatni_": null, "podzona_nu": "-", "sf_rayon": "-"}, "geometry": {"type": "MultiPoint", "coordinates": [[23.327228635, 42.670283848]]}}, {"type": "Feature", "properties": {"id": 22317, "objectid": 31150.0, "park_txt": "Надлъжн", "zona": "Зелена зона", "mestopoloz": "ул. Кричим", "georef_201": "2018", "vid_txt_20": "Зона", "zabelezhka": null, "obekt": null, "dogovor_sr": null, "dogovor_nu": null, "type": null, "bezplatni_": null, "podzona_nu": "-", "sf_rayon": "-"}, "geometry": {"type": "MultiPoint", "coordinates": [[23.32729842, 42.670280347]]}}, {"type": "Feature", "properties": {"id": 22318, "objectid": 31151.0, "park_txt": "Надлъжн", "zona": "Зелена зона", "mestopoloz": "ул. Кричим", "georef_201": "2018", "vid_txt_20": "Зона", "zabelezhka": null, "obekt": null, "dogovor_sr": null, "dogovor_nu": null, "type": null, "bezplatni_": null, "podzona_nu": "-", "sf_rayon": "-"}, "geometry": {"type": "MultiPoint", "coordinates": [[23.327090506, 42.670291249]]}}, {"type": "Feature", "properties": {"id": 22319, "objectid": 31152.0, "park_txt": "Надлъжн", "zona": "Зелена зона", "mestopoloz": "ул. Кричим", "georef_201": "2018", "vid_txt_20": "Зона", "zabelezhka": null, "obekt": null, "dogovor_sr": null, "dogovor_nu": null, "type": null, "bezplatni_": null, "podzona_nu": "-", "sf_rayon": "-"}, "geometry": {"type": "MultiPoint", "coordinates": [[23.327160229, 42.670287594]]}}, {"type": "Feature", "properties": {"id": 22320, "objectid": 31153.0, "park_txt": "Надлъжн", "zona": "Зелена зона", "mestopoloz": "ул. Кричим", "georef_201": "2018", "vid_txt_20": "Зона", "zabelezhka": null, "obekt": null, "dogovor_sr": null, "dogovor_nu": null, "type": null, "bezplatni_": null, "podzona_nu": "-", "sf_rayon": "-"}, "geometry": {"type": "MultiPoint", "coordinates": [[23.327437447, 42.670273056]]}}, {"type": "Feature", "properties": {"id": 22321, "objectid": 31154.0, "park_txt": "Надлъжн", "zona": "Зелена зона", "mestopoloz": "ул. Кричим", "georef_201": "2018", "vid_txt_20": "Зона", "zabelezhka": null, "obekt": null, "dogovor_sr": null, "dogovor_nu": null, "type": null, "bezplatni_": null, "podzona_nu": "-", "sf_rayon": "-"}, "geometry": {"type": "MultiPoint", "coordinates": [[23.327370866, 42.670276548]]}}, {"type": "Feature", "properties": {"id": 22322, "objectid": 31159.0, "park_txt": "Надлъжн", "zona": "Зелена зона", "mestopoloz": "ул. Кричим", "georef_201": "2018", "vid_txt_20": "Зона", "zabelezhka": null, "obekt": null, "dogovor_sr": null, "dogovor_nu": null, "type": null, "bezplatni_": null, "podzona_nu": "-", "sf_rayon": "-"}, "geometry": {"type": "MultiPoint", "coordinates": [[23.326943816, 42.670298942]]}}, {"type": "Feature", "properties": {"id": 22323, "objectid": 31160.0, "park_txt": "Надлъжн", "zona": "Зелена зона", "mestopoloz": "ул. Кричим", "georef_201": "2018", "vid_txt_20": "Зона", "zabelezhka": null, "obekt": null, "dogovor_sr": null, "dogovor_nu": null, "type": null, "bezplatni_": null, "podzona_nu": "-", "sf_rayon": "-"}, "geometry": {"type": "MultiPoint", "coordinates": [[23.327015591, 42.670295177]]}}, {"type": "Feature", "properties": {"id": 22324, "objectid": 31161.0, "park_txt": "Надлъжн", "zona": "Зелена зона", "mestopoloz": "ул. Кричим", "georef_201": "2018", "vid_txt_20": "Инвалид", "zabelezhka": "-", "obekt": "-", "dogovor_sr": "-", "dogovor_nu": "-", "type": "-", "bezplatni_": "-", "podzona_nu": "-", "sf_rayon": "-"}, "geometry": {"type": "MultiPoint", "coordinates": [[23.326877496, 42.670302419]]}}, {"type": "Feature", "properties": {"id": 22325, "objectid": 31162.0, "park_txt": "Надлъжн", "zona": "Зелена зона", "mestopoloz": "ул. Бигла", "georef_201": "2018", "vid_txt_20": "Инвалид", "zabelezhka": "-", "obekt": "-", "dogovor_sr": "-", "dogovor_nu": "-", "type": "-", "bezplatni_": "-", "podzona_nu": "-", "sf_rayon": "-"}, "geometry": {"type": "MultiPoint", "coordinates": [[23.326904761, 42.671055148]]}}, {"type": "Feature", "properties": {"id": 22326, "objectid": 31163.0, "park_txt": "Надлъжн", "zona": "Зелена зона", "mestopoloz": "ул. Бигла", "georef_201": "2018", "vid_txt_20": "Зона", "zabelezhka": null, "obekt": null, "dogovor_sr": null, "dogovor_nu": null, "type": null, "bezplatni_": null, "podzona_nu": "-", "sf_rayon": "-"}, "geometry": {"type": "MultiPoint", "coordinates": [[23.326518922, 42.671079196]]}}, {"type": "Feature", "properties": {"id": 22327, "objectid": 31164.0, "park_txt": "Надлъжн", "zona": "Зелена зона", "mestopoloz": "ул. Бигла", "georef_201": "2018", "vid_txt_20": "Зона", "zabelezhka": null, "obekt": null, "dogovor_sr": null, "dogovor_nu": null, "type": null, "bezplatni_": null, "podzona_nu": "-", "sf_rayon": "-"}, "geometry": {"type": "MultiPoint", "coordinates": [[23.326593455, 42.6710745]]}}, {"type": "Feature", "properties": {"id": 22328, "objectid": 31165.0, "park_txt": "Надлъжн", "zona": "Зелена зона", "mestopoloz": "ул. Бигла", "georef_201": "2018", "vid_txt_20": "Зона", "zabelezhka": null, "obekt": null, "dogovor_sr": null, "dogovor_nu": null, "type": null, "bezplatni_": null, "podzona_nu": "-", "sf_rayon": "-"}, "geometry": {"type": "MultiPoint", "coordinates": [[23.326666808, 42.671069879]]}}, {"type": "Feature", "properties": {"id": 22329, "objectid": 31166.0, "park_txt": "Надлъжн", "zona": "Зелена зона", "mestopoloz": "ул. Бигла", "georef_201": "2018", "vid_txt_20": "Зона", "zabelezhka": null, "obekt": null, "dogovor_sr": null, "dogovor_nu": null, "type": null, "bezplatni_": null, "podzona_nu": "-", "sf_rayon": "-"}, "geometry": {"type": "MultiPoint", "coordinates": [[23.326740905, 42.671065211]]}}, {"type": "Feature", "properties": {"id": 22330, "objectid": 31167.0, "park_txt": "Надлъжн", "zona": "Зелена зона", "mestopoloz": "ул. Бигла", "georef_201": "2018", "vid_txt_20": "Зона", "zabelezhka": null, "obekt": null, "dogovor_sr": null, "dogovor_nu": null, "type": null, "bezplatni_": null, "podzona_nu": "-", "sf_rayon": "-"}, "geometry": {"type": "MultiPoint", "coordinates": [[23.32681757, 42.671060382]]}}, {"type": "Feature", "properties": {"id": 22331, "objectid": 31168.0, "park_txt": "Надлъжн", "zona": "Зелена зона", "mestopoloz": "ул. Бигла", "georef_201": "2018", "vid_txt_20": "Зона", "zabelezhka": null, "obekt": null, "dogovor_sr": null, "dogovor_nu": null, "type": null, "bezplatni_": null, "podzona_nu": "-", "sf_rayon": "-"}, "geometry": {"type": "MultiPoint", "coordinates": [[23.326448848, 42.671083048]]}}, {"type": "Feature", "properties": {"id": 22332, "objectid": 31169.0, "park_txt": "Надлъжн", "zona": "Зелена зона", "mestopoloz": "ул. Бигла", "georef_201": "2018", "vid_txt_20": "Зона", "zabelezhka": null, "obekt": null, "dogovor_sr": null, "dogovor_nu": null, "type": null, "bezplatni_": null, "podzona_nu": "-", "sf_rayon": "-"}, "geometry": {"type": "MultiPoint", "coordinates": [[23.327263032, 42.671032422]]}}, {"type": "Feature", "properties": {"id": 22333, "objectid": 31170.0, "park_txt": "Надлъжн", "zona": "Зелена зона", "mestopoloz": "ул. Бигла", "georef_201": "2018", "vid_txt_20": "Зона", "zabelezhka": null, "obekt": null, "dogovor_sr": null, "dogovor_nu": null, "type": null, "bezplatni_": null, "podzona_nu": "-", "sf_rayon": "-"}, "geometry": {"type": "MultiPoint", "coordinates": [[23.327337565, 42.671027726]]}}, {"type": "Feature", "properties": {"id": 22334, "objectid": 31171.0, "park_txt": "Надлъжн", "zona": "Зелена зона", "mestopoloz": "ул. Бигла", "georef_201": "2018", "vid_txt_20": "Зона", "zabelezhka": null, "obekt": null, "dogovor_sr": null, "dogovor_nu": null, "type": null, "bezplatni_": null, "podzona_nu": "-", "sf_rayon": "-"}, "geometry": {"type": "MultiPoint", "coordinates": [[23.327410918, 42.671023105]]}}, {"type": "Feature", "properties": {"id": 22335, "objectid": 31172.0, "park_txt": "Надлъжн", "zona": "Зелена зона", "mestopoloz": "ул. Бигла", "georef_201": "2018", "vid_txt_20": "Зона", "zabelezhka": null, "obekt": null, "dogovor_sr": null, "dogovor_nu": null, "type": null, "bezplatni_": null, "podzona_nu": "-", "sf_rayon": "-"}, "geometry": {"type": "MultiPoint", "coordinates": [[23.327485015, 42.671018436]]}}, {"type": "Feature", "properties": {"id": 22336, "objectid": 31173.0, "park_txt": "Надлъжн", "zona": "Зелена зона", "mestopoloz": "ул. Бигла", "georef_201": "2018", "vid_txt_20": "Зона", "zabelezhka": null, "obekt": null, "dogovor_sr": null, "dogovor_nu": null, "type": null, "bezplatni_": null, "podzona_nu": "-", "sf_rayon": "-"}, "geometry": {"type": "MultiPoint", "coordinates": [[23.327192959, 42.671036275]]}}, {"type": "Feature", "properties": {"id": 22337, "objectid": 31174.0, "park_txt": "Надлъжн", "zona": "Зелена зона", "mestopoloz": "ул. Бигла", "georef_201": "2018", "vid_txt_20": "Зона", "zabelezhka": null, "obekt": null, "dogovor_sr": null, "dogovor_nu": null, "type": null, "bezplatni_": null, "podzona_nu": "-", "sf_rayon": "-"}, "geometry": {"type": "MultiPoint", "coordinates": [[23.327691856, 42.671004599]]}}, {"type": "Feature", "properties": {"id": 22338, "objectid": 31175.0, "park_txt": "Надлъжн", "zona": "Зелена зона", "mestopoloz": "ул. Бигла", "georef_201": "2018", "vid_txt_20": "Зона", "zabelezhka": null, "obekt": null, "dogovor_sr": null, "dogovor_nu": null, "type": null, "bezplatni_": null, "podzona_nu": "-", "sf_rayon": "-"}, "geometry": {"type": "MultiPoint", "coordinates": [[23.328286617, 42.670966409]]}}, {"type": "Feature", "properties": {"id": 22339, "objectid": 31176.0, "park_txt": "Надлъжн", "zona": "Зелена зона", "mestopoloz": "ул. Бигла", "georef_201": "2018", "vid_txt_20": "Зона", "zabelezhka": null, "obekt": null, "dogovor_sr": null, "dogovor_nu": null, "type": null, "bezplatni_": null, "podzona_nu": "-", "sf_rayon": "-"}, "geometry": {"type": "MultiPoint", "coordinates": [[23.32836115, 42.670961713]]}}, {"type": "Feature", "properties": {"id": 22340, "objectid": 31177.0, "park_txt": "Надлъжн", "zona": "Зелена зона", "mestopoloz": "ул. Бигла", "georef_201": "2018", "vid_txt_20": "Зона", "zabelezhka": null, "obekt": null, "dogovor_sr": null, "dogovor_nu": null, "type": null, "bezplatni_": null, "podzona_nu": "-", "sf_rayon": "-"}, "geometry": {"type": "MultiPoint", "coordinates": [[23.328434503, 42.670957091]]}}, {"type": "Feature", "properties": {"id": 22341, "objectid": 31178.0, "park_txt": "Надлъжн", "zona": "Зелена зона", "mestopoloz": "ул. Бигла", "georef_201": "2018", "vid_txt_20": "Зона", "zabelezhka": null, "obekt": null, "dogovor_sr": null, "dogovor_nu": null, "type": null, "bezplatni_": null, "podzona_nu": "-", "sf_rayon": "-"}, "geometry": {"type": "MultiPoint", "coordinates": [[23.3285086, 42.670952421]]}}, {"type": "Feature", "properties": {"id": 22342, "objectid": 31179.0, "park_txt": "Надлъжн", "zona": "Зелена зона", "mestopoloz": "ул. Бигла", "georef_201": "2018", "vid_txt_20": "Зона", "zabelezhka": null, "obekt": null, "dogovor_sr": null, "dogovor_nu": null, "type": null, "bezplatni_": null, "podzona_nu": "-", "sf_rayon": "-"}, "geometry": {"type": "MultiPoint", "coordinates": [[23.328216544, 42.670970262]]}}, {"type": "Feature", "properties": {"id": 22343, "objectid": 31182.0, "park_txt": "Надлъжн", "zona": "Зелена зона", "mestopoloz": "ул. Якубица", "georef_201": "2018", "vid_txt_20": "Зона", "zabelezhka": null, "obekt": null, "dogovor_sr": null, "dogovor_nu": null, "type": null, "bezplatni_": null, "podzona_nu": "-", "sf_rayon": "-"}, "geometry": {"type": "MultiPoint", "coordinates": [[23.328688448, 42.671143596]]}}, {"type": "Feature", "properties": {"id": 22344, "objectid": 31183.0, "park_txt": "Надлъжн", "zona": "Зелена зона", "mestopoloz": "ул. Якубица", "georef_201": "2018", "vid_txt_20": "Зона", "zabelezhka": null, "obekt": null, "dogovor_sr": null, "dogovor_nu": null, "type": null, "bezplatni_": null, "podzona_nu": "-", "sf_rayon": "-"}, "geometry": {"type": "MultiPoint", "coordinates": [[23.328680067, 42.671090337]]}}, {"type": "Feature", "properties": {"id": 22345, "objectid": 31184.0, "park_txt": "Надлъжн", "zona": "Зелена зона", "mestopoloz": "ул. Якубица", "georef_201": "2018", "vid_txt_20": "Зона", "zabelezhka": null, "obekt": null, "dogovor_sr": null, "dogovor_nu": null, "type": null, "bezplatni_": null, "podzona_nu": "-", "sf_rayon": "-"}, "geometry": {"type": "MultiPoint", "coordinates": [[23.328672054, 42.671039412]]}}, {"type": "Feature", "properties": {"id": 22346, "objectid": 31185.0, "park_txt": "Надлъжн", "zona": "Зелена зона", "mestopoloz": "ул. Якубица", "georef_201": "2018", "vid_txt_20": "Зона", "zabelezhka": null, "obekt": null, "dogovor_sr": null, "dogovor_nu": null, "type": null, "bezplatni_": null, "podzona_nu": "-", "sf_rayon": "-"}, "geometry": {"type": "MultiPoint", "coordinates": [[23.328714261, 42.671307646]]}}, {"type": "Feature", "properties": {"id": 22347, "objectid": 31186.0, "park_txt": "Надлъжн", "zona": "Зелена зона", "mestopoloz": "ул. Якубица", "georef_201": "2018", "vid_txt_20": "Зона", "zabelezhka": null, "obekt": null, "dogovor_sr": null, "dogovor_nu": null, "type": null, "bezplatni_": null, "podzona_nu": "-", "sf_rayon": "-"}, "geometry": {"type": "MultiPoint", "coordinates": [[23.328705881, 42.671254386]]}}, {"type": "Feature", "properties": {"id": 22348, "objectid": 31187.0, "park_txt": "Надлъжн", "zona": "Зелена зона", "mestopoloz": "ул. Якубица", "georef_201": "2018", "vid_txt_20": "Зона", "zabelezhka": null, "obekt": null, "dogovor_sr": null, "dogovor_nu": null, "type": null, "bezplatni_": null, "podzona_nu": "-", "sf_rayon": "-"}, "geometry": {"type": "MultiPoint", "coordinates": [[23.328752025, 42.671547637]]}}, {"type": "Feature", "properties": {"id": 22349, "objectid": 31188.0, "park_txt": "Надлъжн", "zona": "Зелена зона", "mestopoloz": "ул. Якубица", "georef_201": "2018", "vid_txt_20": "Зона", "zabelezhka": null, "obekt": null, "dogovor_sr": null, "dogovor_nu": null, "type": null, "bezplatni_": null, "podzona_nu": "-", "sf_rayon": "-"}, "geometry": {"type": "MultiPoint", "coordinates": [[23.328743644, 42.671494377]]}}, {"type": "Feature", "properties": {"id": 22350, "objectid": 31189.0, "park_txt": "Надлъжн", "zona": "Зелена зона", "mestopoloz": "ул. Якубица", "georef_201": "2018", "vid_txt_20": "Зона", "zabelezhka": null, "obekt": null, "dogovor_sr": null, "dogovor_nu": null, "type": null, "bezplatni_": null, "podzona_nu": "-", "sf_rayon": "-"}, "geometry": {"type": "MultiPoint", "coordinates": [[23.328735631, 42.671443452]]}}, {"type": "Feature", "properties": {"id": 22351, "objectid": 31190.0, "park_txt": "Надлъжн", "zona": "Зелена зона", "mestopoloz": "ул. Якубица", "georef_201": "2018", "vid_txt_20": "Зона", "zabelezhka": null, "obekt": null, "dogovor_sr": null, "dogovor_nu": null, "type": null, "bezplatni_": null, "podzona_nu": "-", "sf_rayon": "-"}, "geometry": {"type": "MultiPoint", "coordinates": [[23.328786203, 42.671764839]]}}, {"type": "Feature", "properties": {"id": 22352, "objectid": 31191.0, "park_txt": "Надлъжн", "zona": "Зелена зона", "mestopoloz": "ул. Якубица", "georef_201": "2018", "vid_txt_20": "Зона", "zabelezhka": null, "obekt": null, "dogovor_sr": null, "dogovor_nu": null, "type": null, "bezplatni_": null, "podzona_nu": "-", "sf_rayon": "-"}, "geometry": {"type": "MultiPoint", "coordinates": [[23.328777822, 42.671711579]]}}, {"type": "Feature", "properties": {"id": 22353, "objectid": 31192.0, "park_txt": "Надлъжн", "zona": "Зелена зона", "mestopoloz": "ул. Якубица", "georef_201": "2018", "vid_txt_20": "Зона", "zabelezhka": null, "obekt": null, "dogovor_sr": null, "dogovor_nu": null, "type": null, "bezplatni_": null, "podzona_nu": "-", "sf_rayon": "-"}, "geometry": {"type": "MultiPoint", "coordinates": [[23.328769808, 42.671660654]]}}, {"type": "Feature", "properties": {"id": 22354, "objectid": 31193.0, "park_txt": "Надлъжн", "zona": "Зелена зона", "mestopoloz": "ул. Якубица", "georef_201": "2018", "vid_txt_20": "Зона", "zabelezhka": null, "obekt": null, "dogovor_sr": null, "dogovor_nu": null, "type": null, "bezplatni_": null, "podzona_nu": "-", "sf_rayon": "-"}, "geometry": {"type": "MultiPoint", "coordinates": [[23.328649043, 42.670882811]]}}, {"type": "Feature", "properties": {"id": 22355, "objectid": 31194.0, "park_txt": "Надлъжн", "zona": "Зелена зона", "mestopoloz": "ул. Якубица", "georef_201": "2018", "vid_txt_20": "Зона", "zabelezhka": null, "obekt": null, "dogovor_sr": null, "dogovor_nu": null, "type": null, "bezplatni_": null, "podzona_nu": "-", "sf_rayon": "-"}, "geometry": {"type": "MultiPoint", "coordinates": [[23.328640662, 42.670829551]]}}, {"type": "Feature", "properties": {"id": 22356, "objectid": 31195.0, "park_txt": "Надлъжн", "zona": "Зелена зона", "mestopoloz": "ул. Якубица", "georef_201": "2018", "vid_txt_20": "Зона", "zabelezhka": null, "obekt": null, "dogovor_sr": null, "dogovor_nu": null, "type": null, "bezplatni_": null, "podzona_nu": "-", "sf_rayon": "-"}, "geometry": {"type": "MultiPoint", "coordinates": [[23.328632649, 42.670778627]]}}, {"type": "Feature", "properties": {"id": 22357, "objectid": 31196.0, "park_txt": "Надлъжн", "zona": "Зелена зона", "mestopoloz": "ул. Якубица", "georef_201": "2018", "vid_txt_20": "Зона", "zabelezhka": null, "obekt": null, "dogovor_sr": null, "dogovor_nu": null, "type": null, "bezplatni_": null, "podzona_nu": "-", "sf_rayon": "-"}, "geometry": {"type": "MultiPoint", "coordinates": [[23.328623059, 42.670725637]]}}, {"type": "Feature", "properties": {"id": 22358, "objectid": 31197.0, "park_txt": "Надлъжн", "zona": "Зелена зона", "mestopoloz": "ул. Якубица", "georef_201": "2018", "vid_txt_20": "Зона", "zabelezhka": null, "obekt": null, "dogovor_sr": null, "dogovor_nu": null, "type": null, "bezplatni_": null, "podzona_nu": "-", "sf_rayon": "-"}, "geometry": {"type": "MultiPoint", "coordinates": [[23.328614678, 42.670672377]]}}, {"type": "Feature", "properties": {"id": 22359, "objectid": 31198.0, "park_txt": "Надлъжн", "zona": "Зелена зона", "mestopoloz": "ул. Якубица", "georef_201": "2018", "vid_txt_20": "Зона", "zabelezhka": null, "obekt": null, "dogovor_sr": null, "dogovor_nu": null, "type": null, "bezplatni_": null, "podzona_nu": "-", "sf_rayon": "-"}, "geometry": {"type": "MultiPoint", "coordinates": [[23.328606665, 42.670621452]]}}, {"type": "Feature", "properties": {"id": 22360, "objectid": 31199.0, "park_txt": "Надлъжн", "zona": "Зелена зона", "mestopoloz": "ул. Якубица", "georef_201": "2018", "vid_txt_20": "Зона", "zabelezhka": null, "obekt": null, "dogovor_sr": null, "dogovor_nu": null, "type": null, "bezplatni_": null, "podzona_nu": "-", "sf_rayon": "-"}, "geometry": {"type": "MultiPoint", "coordinates": [[23.328597822, 42.670569429]]}}, {"type": "Feature", "properties": {"id": 22361, "objectid": 31200.0, "park_txt": "Надлъжн", "zona": "Зелена зона", "mestopoloz": "ул. Якубица", "georef_201": "2018", "vid_txt_20": "Зона", "zabelezhka": null, "obekt": null, "dogovor_sr": null, "dogovor_nu": null, "type": null, "bezplatni_": null, "podzona_nu": "-", "sf_rayon": "-"}, "geometry": {"type": "MultiPoint", "coordinates": [[23.328589442, 42.670516169]]}}, {"type": "Feature", "properties": {"id": 22362, "objectid": 31201.0, "park_txt": "Надлъжн", "zona": "Зелена зона", "mestopoloz": "ул. Якубица", "georef_201": "2018", "vid_txt_20": "Инвалид", "zabelezhka": "-", "obekt": "-", "dogovor_sr": "-", "dogovor_nu": "-", "type": "-", "bezplatni_": "-", "podzona_nu": "-", "sf_rayon": "-"}, "geometry": {"type": "MultiPoint", "coordinates": [[23.328564304, 42.670359491]]}}, {"type": "Feature", "properties": {"id": 22363, "objectid": 31202.0, "park_txt": "Надлъжн", "zona": "Зелена зона", "mestopoloz": "ул. Якубица", "georef_201": "2018", "vid_txt_20": "Зона", "zabelezhka": null, "obekt": null, "dogovor_sr": null, "dogovor_nu": null, "type": null, "bezplatni_": null, "podzona_nu": "-", "sf_rayon": "-"}, "geometry": {"type": "MultiPoint", "coordinates": [[23.32852939, 42.670142044]]}}, {"type": "Feature", "properties": {"id": 22364, "objectid": 31203.0, "park_txt": "Надлъжн", "zona": "Зелена зона", "mestopoloz": "ул. Якубица", "georef_201": "2018", "vid_txt_20": "Зона", "zabelezhka": null, "obekt": null, "dogovor_sr": null, "dogovor_nu": null, "type": null, "bezplatni_": null, "podzona_nu": "-", "sf_rayon": "-"}, "geometry": {"type": "MultiPoint", "coordinates": [[23.32852101, 42.670088784]]}}, {"type": "Feature", "properties": {"id": 22365, "objectid": 31204.0, "park_txt": "Надлъжн", "zona": "Зелена зона", "mestopoloz": "ул. Якубица", "georef_201": "2018", "vid_txt_20": "Зона", "zabelezhka": null, "obekt": null, "dogovor_sr": null, "dogovor_nu": null, "type": null, "bezplatni_": null, "podzona_nu": "-", "sf_rayon": "-"}, "geometry": {"type": "MultiPoint", "coordinates": [[23.328512997, 42.670037859]]}}, {"type": "Feature", "properties": {"id": 22366, "objectid": 31205.0, "park_txt": "Надлъжн", "zona": "Зелена зона", "mestopoloz": "ул. Якубица", "georef_201": "2018", "vid_txt_20": "Зона", "zabelezhka": null, "obekt": null, "dogovor_sr": null, "dogovor_nu": null, "type": null, "bezplatni_": null, "podzona_nu": "-", "sf_rayon": "-"}, "geometry": {"type": "MultiPoint", "coordinates": [[23.328504336, 42.669985556]]}}, {"type": "Feature", "properties": {"id": 22367, "objectid": 31206.0, "park_txt": "Надлъжн", "zona": "Зелена зона", "mestopoloz": "ул. Якубица", "georef_201": "2018", "vid_txt_20": "Зона", "zabelezhka": null, "obekt": null, "dogovor_sr": null, "dogovor_nu": null, "type": null, "bezplatni_": null, "podzona_nu": "-", "sf_rayon": "-"}, "geometry": {"type": "MultiPoint", "coordinates": [[23.328496005, 42.669931654]]}}, {"type": "Feature", "properties": {"id": 22368, "objectid": 31207.0, "park_txt": "Надлъжн", "zona": "Зелена зона", "mestopoloz": "ул. Якубица", "georef_201": "2018", "vid_txt_20": "Зона", "zabelezhka": null, "obekt": null, "dogovor_sr": null, "dogovor_nu": null, "type": null, "bezplatni_": null, "podzona_nu": "-", "sf_rayon": "-"}, "geometry": {"type": "MultiPoint", "coordinates": [[23.328488183, 42.669881058]]}}, {"type": "Feature", "properties": {"id": 22381, "objectid": 31222.0, "park_txt": "Надлъжн", "zona": "Зелена зона", "mestopoloz": "ул. Кораб планина", "georef_201": "2018", "vid_txt_20": "Зона", "zabelezhka": null, "obekt": null, "dogovor_sr": null, "dogovor_nu": null, "type": null, "bezplatni_": null, "podzona_nu": "-", "sf_rayon": "-"}, "geometry": {"type": "MultiPoint", "coordinates": [[23.326507818, 42.67193206]]}}, {"type": "Feature", "properties": {"id": 22382, "objectid": 31223.0, "park_txt": "Надлъжн", "zona": "Зелена зона", "mestopoloz": "ул. Кораб планина", "georef_201": "2018", "vid_txt_20": "Зона", "zabelezhka": null, "obekt": null, "dogovor_sr": null, "dogovor_nu": null, "type": null, "bezplatni_": null, "podzona_nu": "-", "sf_rayon": "-"}, "geometry": {"type": "MultiPoint", "coordinates": [[23.326580298, 42.671929048]]}}, {"type": "Feature", "properties": {"id": 22383, "objectid": 31224.0, "park_txt": "Надлъжн", "zona": "Зелена зона", "mestopoloz": "ул. Кораб планина", "georef_201": "2018", "vid_txt_20": "Зона", "zabelezhka": null, "obekt": null, "dogovor_sr": null, "dogovor_nu": null, "type": null, "bezplatni_": null, "podzona_nu": "-", "sf_rayon": "-"}, "geometry": {"type": "MultiPoint", "coordinates": [[23.326653232, 42.671926017]]}}, {"type": "Feature", "properties": {"id": 22384, "objectid": 31225.0, "park_txt": "Надлъжн", "zona": "Зелена зона", "mestopoloz": "ул. Кораб планина", "georef_201": "2018", "vid_txt_20": "Зона", "zabelezhka": null, "obekt": null, "dogovor_sr": null, "dogovor_nu": null, "type": null, "bezplatni_": null, "podzona_nu": "-", "sf_rayon": "-"}, "geometry": {"type": "MultiPoint", "coordinates": [[23.326726029, 42.671922992]]}}, {"type": "Feature", "properties": {"id": 22385, "objectid": 31226.0, "park_txt": "Надлъжн", "zona": "Зелена зона", "mestopoloz": "ул. Кораб планина", "georef_201": "2018", "vid_txt_20": "Зона", "zabelezhka": null, "obekt": null, "dogovor_sr": null, "dogovor_nu": null, "type": null, "bezplatni_": null, "podzona_nu": "-", "sf_rayon": "-"}, "geometry": {"type": "MultiPoint", "coordinates": [[23.326798509, 42.67191998]]}}, {"type": "Feature", "properties": {"id": 22386, "objectid": 31227.0, "park_txt": "Надлъжн", "zona": "Зелена зона", "mestopoloz": "ул. Кораб планина", "georef_201": "2018", "vid_txt_20": "Зона", "zabelezhka": null, "obekt": null, "dogovor_sr": null, "dogovor_nu": null, "type": null, "bezplatni_": null, "podzona_nu": "-", "sf_rayon": "-"}, "geometry": {"type": "MultiPoint", "coordinates": [[23.326871444, 42.671916949]]}}, {"type": "Feature", "properties": {"id": 22387, "objectid": 31228.0, "park_txt": "Надлъжн", "zona": "Зелена зона", "mestopoloz": "ул. Кораб планина", "georef_201": "2018", "vid_txt_20": "Зона", "zabelezhka": null, "obekt": null, "dogovor_sr": null, "dogovor_nu": null, "type": null, "bezplatni_": null, "podzona_nu": "-", "sf_rayon": "-"}, "geometry": {"type": "MultiPoint", "coordinates": [[23.326946933, 42.671913813]]}}, {"type": "Feature", "properties": {"id": 22388, "objectid": 31229.0, "park_txt": "Надлъжн", "zona": "Зелена зона", "mestopoloz": "ул. Кораб планина", "georef_201": "2018", "vid_txt_20": "Зона", "zabelezhka": null, "obekt": null, "dogovor_sr": null, "dogovor_nu": null, "type": null, "bezplatni_": null, "podzona_nu": "-", "sf_rayon": "-"}, "geometry": {"type": "MultiPoint", "coordinates": [[23.327019413, 42.671910801]]}}, {"type": "Feature", "properties": {"id": 22389, "objectid": 31230.0, "park_txt": "Надлъжн", "zona": "Зелена зона", "mestopoloz": "ул. Кораб планина", "georef_201": "2018", "vid_txt_20": "Зона", "zabelezhka": null, "obekt": null, "dogovor_sr": null, "dogovor_nu": null, "type": null, "bezplatni_": null, "podzona_nu": "-", "sf_rayon": "-"}, "geometry": {"type": "MultiPoint", "coordinates": [[23.327207574, 42.671902981]]}}, {"type": "Feature", "properties": {"id": 22390, "objectid": 31231.0, "park_txt": "Надлъжн", "zona": "Зелена зона", "mestopoloz": "ул. Кораб планина", "georef_201": "2018", "vid_txt_20": "Зона", "zabelezhka": null, "obekt": null, "dogovor_sr": null, "dogovor_nu": null, "type": null, "bezplatni_": null, "podzona_nu": "-", "sf_rayon": "-"}, "geometry": {"type": "MultiPoint", "coordinates": [[23.327273839, 42.671900228]]}}, {"type": "Feature", "properties": {"id": 22391, "objectid": 31232.0, "park_txt": "Надлъжн", "zona": "Зелена зона", "mestopoloz": "ул. Кораб планина", "georef_201": "2018", "vid_txt_20": "Зона", "zabelezhka": null, "obekt": null, "dogovor_sr": null, "dogovor_nu": null, "type": null, "bezplatni_": null, "podzona_nu": "-", "sf_rayon": "-"}, "geometry": {"type": "MultiPoint", "coordinates": [[23.327391426, 42.671895283]]}}, {"type": "Feature", "properties": {"id": 22392, "objectid": 31233.0, "park_txt": "Надлъжн", "zona": "Зелена зона", "mestopoloz": "ул. Кораб планина", "georef_201": "2018", "vid_txt_20": "Зона", "zabelezhka": null, "obekt": null, "dogovor_sr": null, "dogovor_nu": null, "type": null, "bezplatni_": null, "podzona_nu": "-", "sf_rayon": "-"}, "geometry": {"type": "MultiPoint", "coordinates": [[23.327463906, 42.671892271]]}}, {"type": "Feature", "properties": {"id": 22393, "objectid": 31234.0, "park_txt": "Надлъжн", "zona": "Зелена зона", "mestopoloz": "ул. Кораб планина", "georef_201": "2018", "vid_txt_20": "Зона", "zabelezhka": null, "obekt": null, "dogovor_sr": null, "dogovor_nu": null, "type": null, "bezplatni_": null, "podzona_nu": "-", "sf_rayon": "-"}, "geometry": {"type": "MultiPoint", "coordinates": [[23.327536841, 42.67188924]]}}, {"type": "Feature", "properties": {"id": 22394, "objectid": 31235.0, "park_txt": "Надлъжн", "zona": "Зелена зона", "mestopoloz": "ул. Кораб планина", "georef_201": "2018", "vid_txt_20": "Зона", "zabelezhka": null, "obekt": null, "dogovor_sr": null, "dogovor_nu": null, "type": null, "bezplatni_": null, "podzona_nu": "-", "sf_rayon": "-"}, "geometry": {"type": "MultiPoint", "coordinates": [[23.327609638, 42.671886215]]}}, {"type": "Feature", "properties": {"id": 22395, "objectid": 31236.0, "park_txt": "Надлъжн", "zona": "Зелена зона", "mestopoloz": "ул. Кораб планина", "georef_201": "2018", "vid_txt_20": "Зона", "zabelezhka": null, "obekt": null, "dogovor_sr": null, "dogovor_nu": null, "type": null, "bezplatni_": null, "podzona_nu": "-", "sf_rayon": "-"}, "geometry": {"type": "MultiPoint", "coordinates": [[23.327682118, 42.671883202]]}}, {"type": "Feature", "properties": {"id": 22396, "objectid": 31237.0, "park_txt": "Надлъжн", "zona": "Зелена зона", "mestopoloz": "ул. Кораб планина", "georef_201": "2018", "vid_txt_20": "Зона", "zabelezhka": null, "obekt": null, "dogovor_sr": null, "dogovor_nu": null, "type": null, "bezplatni_": null, "podzona_nu": "-", "sf_rayon": "-"}, "geometry": {"type": "MultiPoint", "coordinates": [[23.327755052, 42.671880171]]}}, {"type": "Feature", "properties": {"id": 22397, "objectid": 31238.0, "park_txt": "Надлъжн", "zona": "Зелена зона", "mestopoloz": "ул. Кораб планина", "georef_201": "2018", "vid_txt_20": "Зона", "zabelezhka": null, "obekt": null, "dogovor_sr": null, "dogovor_nu": null, "type": null, "bezplatni_": null, "podzona_nu": "-", "sf_rayon": "-"}, "geometry": {"type": "MultiPoint", "coordinates": [[23.327830541, 42.671877034]]}}, {"type": "Feature", "properties": {"id": 22398, "objectid": 31239.0, "park_txt": "Надлъжн", "zona": "Зелена зона", "mestopoloz": "ул. Кораб планина", "georef_201": "2018", "vid_txt_20": "Зона", "zabelezhka": null, "obekt": null, "dogovor_sr": null, "dogovor_nu": null, "type": null, "bezplatni_": null, "podzona_nu": "-", "sf_rayon": "-"}, "geometry": {"type": "MultiPoint", "coordinates": [[23.327903021, 42.671874021]]}}, {"type": "Feature", "properties": {"id": 22399, "objectid": 31240.0, "park_txt": "Надлъжн", "zona": "Зелена зона", "mestopoloz": "ул. Кораб планина", "georef_201": "2018", "vid_txt_20": "Зона", "zabelezhka": null, "obekt": null, "dogovor_sr": null, "dogovor_nu": null, "type": null, "bezplatni_": null, "podzona_nu": "-", "sf_rayon": "-"}, "geometry": {"type": "MultiPoint", "coordinates": [[23.32797645, 42.671870822]]}}, {"type": "Feature", "properties": {"id": 22400, "objectid": 31241.0, "park_txt": "Надлъжн", "zona": "Зелена зона", "mestopoloz": "ул. Кораб планина", "georef_201": "2018", "vid_txt_20": "Инвалид", "zabelezhka": "-", "obekt": "-", "dogovor_sr": "-", "dogovor_nu": "-", "type": "-", "bezplatni_": "-", "podzona_nu": "-", "sf_rayon": "-"}, "geometry": {"type": "MultiPoint", "coordinates": [[23.328130386, 42.671864355]]}}, {"type": "Feature", "properties": {"id": 22401, "objectid": 31242.0, "park_txt": "Надлъжн", "zona": "Зелена зона", "mestopoloz": "ул. Кораб планина", "georef_201": "2018", "vid_txt_20": "Инвалид", "zabelezhka": "-", "obekt": "-", "dogovor_sr": "-", "dogovor_nu": "-", "type": "-", "bezplatni_": "-", "podzona_nu": "-", "sf_rayon": "-"}, "geometry": {"type": "MultiPoint", "coordinates": [[23.328964941, 42.671820012]]}}, {"type": "Feature", "properties": {"id": 22402, "objectid": 31243.0, "park_txt": "Надлъжн", "zona": "Зелена зона", "mestopoloz": "ул. Кораб планина", "georef_201": "2018", "vid_txt_20": "Зона", "zabelezhka": null, "obekt": null, "dogovor_sr": null, "dogovor_nu": null, "type": null, "bezplatni_": null, "podzona_nu": "-", "sf_rayon": "-"}, "geometry": {"type": "MultiPoint", "coordinates": [[23.329057409, 42.671811734]]}}, {"type": "Feature", "properties": {"id": 22403, "objectid": 31244.0, "park_txt": "Надлъжн", "zona": "Зелена зона", "mestopoloz": "ул. Кораб планина", "georef_201": "2018", "vid_txt_20": "Зона", "zabelezhka": null, "obekt": null, "dogovor_sr": null, "dogovor_nu": null, "type": null, "bezplatni_": null, "podzona_nu": "-", "sf_rayon": "-"}, "geometry": {"type": "MultiPoint", "coordinates": [[23.329131548, 42.671805097]]}}, {"type": "Feature", "properties": {"id": 22404, "objectid": 31245.0, "park_txt": "Надлъжн", "zona": "Зелена зона", "mestopoloz": "ул. Кораб планина", "georef_201": "2018", "vid_txt_20": "Зона", "zabelezhka": null, "obekt": null, "dogovor_sr": null, "dogovor_nu": null, "type": null, "bezplatni_": null, "podzona_nu": "-", "sf_rayon": "-"}, "geometry": {"type": "MultiPoint", "coordinates": [[23.32920388, 42.671798622]]}}, {"type": "Feature", "properties": {"id": 22405, "objectid": 31246.0, "park_txt": "Надлъжн", "zona": "Зелена зона", "mestopoloz": "ул. Кораб планина", "georef_201": "2018", "vid_txt_20": "Зона", "zabelezhka": null, "obekt": null, "dogovor_sr": null, "dogovor_nu": null, "type": null, "bezplatni_": null, "podzona_nu": "-", "sf_rayon": "-"}, "geometry": {"type": "MultiPoint", "coordinates": [[23.330071967, 42.671725879]]}}, {"type": "Feature", "properties": {"id": 22406, "objectid": 31247.0, "park_txt": "Надлъжн", "zona": "Зелена зона", "mestopoloz": "ул. Кораб планина", "georef_201": "2018", "vid_txt_20": "Зона", "zabelezhka": null, "obekt": null, "dogovor_sr": null, "dogovor_nu": null, "type": null, "bezplatni_": null, "podzona_nu": "-", "sf_rayon": "-"}, "geometry": {"type": "MultiPoint", "coordinates": [[23.330143915, 42.671719174]]}}, {"type": "Feature", "properties": {"id": 22407, "objectid": 31248.0, "park_txt": "Надлъжн", "zona": "Зелена зона", "mestopoloz": "ул. Кораб планина", "georef_201": "2018", "vid_txt_20": "Зона", "zabelezhka": null, "obekt": null, "dogovor_sr": null, "dogovor_nu": null, "type": null, "bezplatni_": null, "podzona_nu": "-", "sf_rayon": "-"}, "geometry": {"type": "MultiPoint", "coordinates": [[23.330214852, 42.671712564]]}}, {"type": "Feature", "properties": {"id": 22408, "objectid": 31249.0, "park_txt": "Надлъжн", "zona": "Зелена зона", "mestopoloz": "ул. Кораб планина", "georef_201": "2018", "vid_txt_20": "Зона", "zabelezhka": null, "obekt": null, "dogovor_sr": null, "dogovor_nu": null, "type": null, "bezplatni_": null, "podzona_nu": "-", "sf_rayon": "-"}, "geometry": {"type": "MultiPoint", "coordinates": [[23.33028639, 42.671706355]]}}, {"type": "Feature", "properties": {"id": 22409, "objectid": 31250.0, "park_txt": "Надлъжн", "zona": "Зелена зона", "mestopoloz": "ул. Кораб планина", "georef_201": "2018", "vid_txt_20": "Зона", "zabelezhka": null, "obekt": null, "dogovor_sr": null, "dogovor_nu": null, "type": null, "bezplatni_": null, "podzona_nu": "-", "sf_rayon": "-"}, "geometry": {"type": "MultiPoint", "coordinates": [[23.330361086, 42.671699206]]}}, {"type": "Feature", "properties": {"id": 22410, "objectid": 31251.0, "park_txt": "Надлъжн", "zona": "Зелена зона", "mestopoloz": "ул. Кораб планина", "georef_201": "2018", "vid_txt_20": "Зона", "zabelezhka": null, "obekt": null, "dogovor_sr": null, "dogovor_nu": null, "type": null, "bezplatni_": null, "podzona_nu": "-", "sf_rayon": "-"}, "geometry": {"type": "MultiPoint", "coordinates": [[23.330432182, 42.671692402]]}}, {"type": "Feature", "properties": {"id": 22411, "objectid": 31252.0, "park_txt": "Надлъжн", "zona": "Зелена зона", "mestopoloz": "ул. Кораб планина", "georef_201": "2018", "vid_txt_20": "Зона", "zabelezhka": null, "obekt": null, "dogovor_sr": null, "dogovor_nu": null, "type": null, "bezplatni_": null, "podzona_nu": "-", "sf_rayon": "-"}, "geometry": {"type": "MultiPoint", "coordinates": [[23.330506359, 42.671685302]]}}, {"type": "Feature", "properties": {"id": 22412, "objectid": 31253.0, "park_txt": "Надлъжн", "zona": "Зелена зона", "mestopoloz": "ул. Кораб планина", "georef_201": "2018", "vid_txt_20": "Зона", "zabelezhka": null, "obekt": null, "dogovor_sr": null, "dogovor_nu": null, "type": null, "bezplatni_": null, "podzona_nu": "-", "sf_rayon": "-"}, "geometry": {"type": "MultiPoint", "coordinates": [[23.330579235, 42.671678328]]}}, {"type": "Feature", "properties": {"id": 22413, "objectid": 31254.0, "park_txt": "Надлъжн", "zona": "Зелена зона", "mestopoloz": "ул. Кораб планина", "georef_201": "2018", "vid_txt_20": "Зона", "zabelezhka": null, "obekt": null, "dogovor_sr": null, "dogovor_nu": null, "type": null, "bezplatni_": null, "podzona_nu": "-", "sf_rayon": "-"}, "geometry": {"type": "MultiPoint", "coordinates": [[23.330650527, 42.671673296]]}}, {"type": "Feature", "properties": {"id": 22414, "objectid": 31255.0, "park_txt": "Надлъжн", "zona": "Зелена зона", "mestopoloz": "ул. Кораб планина", "georef_201": "2018", "vid_txt_20": "Зона", "zabelezhka": null, "obekt": null, "dogovor_sr": null, "dogovor_nu": null, "type": null, "bezplatni_": null, "podzona_nu": "-", "sf_rayon": "-"}, "geometry": {"type": "MultiPoint", "coordinates": [[23.329858015, 42.67174605]]}}, {"type": "Feature", "properties": {"id": 22415, "objectid": 31256.0, "park_txt": "Надлъжн", "zona": "Зелена зона", "mestopoloz": "ул. Кораб планина", "georef_201": "2018", "vid_txt_20": "Зона", "zabelezhka": null, "obekt": null, "dogovor_sr": null, "dogovor_nu": null, "type": null, "bezplatni_": null, "podzona_nu": "-", "sf_rayon": "-"}, "geometry": {"type": "MultiPoint", "coordinates": [[23.329929963, 42.671739345]]}}, {"type": "Feature", "properties": {"id": 22416, "objectid": 31257.0, "park_txt": "Надлъжн", "zona": "Зелена зона", "mestopoloz": "ул. Кораб планина", "georef_201": "2018", "vid_txt_20": "Зона", "zabelezhka": null, "obekt": null, "dogovor_sr": null, "dogovor_nu": null, "type": null, "bezplatni_": null, "podzona_nu": "-", "sf_rayon": "-"}, "geometry": {"type": "MultiPoint", "coordinates": [[23.3300009, 42.671732735]]}}, {"type": "Feature", "properties": {"id": 22417, "objectid": 31258.0, "park_txt": "Надлъжн", "zona": "Зелена зона", "mestopoloz": "ул. Кораб планина 52 ет.4 ап.8", "georef_201": "2018", "vid_txt_20": "ПИМ", "zabelezhka": "-", "obekt": "-", "dogovor_sr": "-", "dogovor_nu": "-", "type": "-", "bezplatni_": "-", "podzona_nu": "-", "sf_rayon": "-"}, "geometry": {"type": "MultiPoint", "coordinates": [[23.329786956, 42.671752742]]}}, {"type": "Feature", "properties": {"id": 22418, "objectid": 31259.0, "park_txt": "Надлъжн", "zona": "Зелена зона", "mestopoloz": "ул. Галичица", "georef_201": "2018", "vid_txt_20": "Зона", "zabelezhka": null, "obekt": null, "dogovor_sr": null, "dogovor_nu": null, "type": null, "bezplatni_": null, "podzona_nu": "-", "sf_rayon": "-"}, "geometry": {"type": "MultiPoint", "coordinates": [[23.326734426, 42.672641696]]}}, {"type": "Feature", "properties": {"id": 22419, "objectid": 31260.0, "park_txt": "Надлъжн", "zona": "Зелена зона", "mestopoloz": "ул. Галичица", "georef_201": "2018", "vid_txt_20": "Зона", "zabelezhka": null, "obekt": null, "dogovor_sr": null, "dogovor_nu": null, "type": null, "bezplatni_": null, "podzona_nu": "-", "sf_rayon": "-"}, "geometry": {"type": "MultiPoint", "coordinates": [[23.326658297, 42.67264322]]}}, {"type": "Feature", "properties": {"id": 22420, "objectid": 31261.0, "park_txt": "Надлъжн", "zona": "Зелена зона", "mestopoloz": "ул. Галичица", "georef_201": "2018", "vid_txt_20": "Инвалид", "zabelezhka": "-", "obekt": "-", "dogovor_sr": "-", "dogovor_nu": "-", "type": "-", "bezplatni_": "-", "podzona_nu": "-", "sf_rayon": "-"}, "geometry": {"type": "MultiPoint", "coordinates": [[23.326884137, 42.672639214]]}}, {"type": "Feature", "properties": {"id": 22421, "objectid": 31263.0, "park_txt": "Надлъжн", "zona": "Зелена зона", "mestopoloz": "ул. Галичица", "georef_201": "2018", "vid_txt_20": "Зона", "zabelezhka": null, "obekt": null, "dogovor_sr": null, "dogovor_nu": null, "type": null, "bezplatni_": null, "podzona_nu": "-", "sf_rayon": "-"}, "geometry": {"type": "MultiPoint", "coordinates": [[23.328613943, 42.67260761]]}}, {"type": "Feature", "properties": {"id": 22422, "objectid": 31264.0, "park_txt": "Надлъжн", "zona": "Зелена зона", "mestopoloz": "ул. Галичица", "georef_201": "2018", "vid_txt_20": "Зона", "zabelezhka": null, "obekt": null, "dogovor_sr": null, "dogovor_nu": null, "type": null, "bezplatni_": null, "podzona_nu": "-", "sf_rayon": "-"}, "geometry": {"type": "MultiPoint", "coordinates": [[23.328537814, 42.672609135]]}}, {"type": "Feature", "properties": {"id": 22423, "objectid": 31265.0, "park_txt": "Надлъжн", "zona": "Зелена зона", "mestopoloz": "ул. Галичица", "georef_201": "2018", "vid_txt_20": "Инвалид", "zabelezhka": "-", "obekt": "-", "dogovor_sr": "-", "dogovor_nu": "-", "type": "-", "bezplatni_": "-", "podzona_nu": "-", "sf_rayon": "-"}, "geometry": {"type": "MultiPoint", "coordinates": [[23.328763653, 42.672605125]]}}, {"type": "Feature", "properties": {"id": 22424, "objectid": 31266.0, "park_txt": "Надлъжн", "zona": "Зелена зона", "mestopoloz": "ул. Галичица", "georef_201": "2018", "vid_txt_20": "Зона", "zabelezhka": null, "obekt": null, "dogovor_sr": null, "dogovor_nu": null, "type": null, "bezplatni_": null, "podzona_nu": "-", "sf_rayon": "-"}, "geometry": {"type": "MultiPoint", "coordinates": [[23.328687524, 42.67260665]]}}, {"type": "Feature", "properties": {"id": 22425, "objectid": 31267.0, "park_txt": "Надлъжн", "zona": "Зелена зона", "mestopoloz": "ул. Галичица", "georef_201": "2018", "vid_txt_20": "Зона", "zabelezhka": null, "obekt": null, "dogovor_sr": null, "dogovor_nu": null, "type": null, "bezplatni_": null, "podzona_nu": "-", "sf_rayon": "-"}, "geometry": {"type": "MultiPoint", "coordinates": [[23.328311134, 42.672613272]]}}, {"type": "Feature", "properties": {"id": 22426, "objectid": 31268.0, "park_txt": "Надлъжн", "zona": "Зелена зона", "mestopoloz": "ул. Галичица", "georef_201": "2018", "vid_txt_20": "Зона", "zabelezhka": null, "obekt": null, "dogovor_sr": null, "dogovor_nu": null, "type": null, "bezplatni_": null, "podzona_nu": "-", "sf_rayon": "-"}, "geometry": {"type": "MultiPoint", "coordinates": [[23.328235005, 42.672614796]]}}, {"type": "Feature", "properties": {"id": 22427, "objectid": 31269.0, "park_txt": "Надлъжн", "zona": "Зелена зона", "mestopoloz": "ул. Галичица", "georef_201": "2018", "vid_txt_20": "Зона", "zabelezhka": null, "obekt": null, "dogovor_sr": null, "dogovor_nu": null, "type": null, "bezplatni_": null, "podzona_nu": "-", "sf_rayon": "-"}, "geometry": {"type": "MultiPoint", "coordinates": [[23.328460845, 42.672610787]]}}, {"type": "Feature", "properties": {"id": 22428, "objectid": 31270.0, "park_txt": "Надлъжн", "zona": "Зелена зона", "mestopoloz": "ул. Галичица", "georef_201": "2018", "vid_txt_20": "Зона", "zabelezhka": null, "obekt": null, "dogovor_sr": null, "dogovor_nu": null, "type": null, "bezplatni_": null, "podzona_nu": "-", "sf_rayon": "-"}, "geometry": {"type": "MultiPoint", "coordinates": [[23.328384716, 42.672612312]]}}, {"type": "Feature", "properties": {"id": 22429, "objectid": 31271.0, "park_txt": "Надлъжн", "zona": "Зелена зона", "mestopoloz": "ул. Галичица", "georef_201": "2018", "vid_txt_20": "Зона", "zabelezhka": null, "obekt": null, "dogovor_sr": null, "dogovor_nu": null, "type": null, "bezplatni_": null, "podzona_nu": "-", "sf_rayon": "-"}, "geometry": {"type": "MultiPoint", "coordinates": [[23.327883208, 42.672621428]]}}, {"type": "Feature", "properties": {"id": 22430, "objectid": 31272.0, "park_txt": "Надлъжн", "zona": "Зелена зона", "mestopoloz": "ул. Галичица", "georef_201": "2018", "vid_txt_20": "Зона", "zabelezhka": null, "obekt": null, "dogovor_sr": null, "dogovor_nu": null, "type": null, "bezplatni_": null, "podzona_nu": "-", "sf_rayon": "-"}, "geometry": {"type": "MultiPoint", "coordinates": [[23.327807079, 42.672622953]]}}, {"type": "Feature", "properties": {"id": 22431, "objectid": 31273.0, "park_txt": "Надлъжн", "zona": "Зелена зона", "mestopoloz": "ул. Галичица", "georef_201": "2018", "vid_txt_20": "Зона", "zabelezhka": null, "obekt": null, "dogovor_sr": null, "dogovor_nu": null, "type": null, "bezplatni_": null, "podzona_nu": "-", "sf_rayon": "-"}, "geometry": {"type": "MultiPoint", "coordinates": [[23.328106889, 42.672617405]]}}, {"type": "Feature", "properties": {"id": 22432, "objectid": 31274.0, "park_txt": "Надлъжн", "zona": "Зелена зона", "mestopoloz": "ул. Галичица", "georef_201": "2018", "vid_txt_20": "Зона", "zabelezhka": null, "obekt": null, "dogovor_sr": null, "dogovor_nu": null, "type": null, "bezplatni_": null, "podzona_nu": "-", "sf_rayon": "-"}, "geometry": {"type": "MultiPoint", "coordinates": [[23.328030759, 42.672618929]]}}, {"type": "Feature", "properties": {"id": 22433, "objectid": 31275.0, "park_txt": "Надлъжн", "zona": "Зелена зона", "mestopoloz": "ул. Галичица", "georef_201": "2018", "vid_txt_20": "Зона", "zabelezhka": null, "obekt": null, "dogovor_sr": null, "dogovor_nu": null, "type": null, "bezplatni_": null, "podzona_nu": "-", "sf_rayon": "-"}, "geometry": {"type": "MultiPoint", "coordinates": [[23.327575745, 42.672626873]]}}, {"type": "Feature", "properties": {"id": 22434, "objectid": 31276.0, "park_txt": "Надлъжн", "zona": "Зелена зона", "mestopoloz": "ул. Галичица", "georef_201": "2018", "vid_txt_20": "Зона", "zabelezhka": null, "obekt": null, "dogovor_sr": null, "dogovor_nu": null, "type": null, "bezplatni_": null, "podzona_nu": "-", "sf_rayon": "-"}, "geometry": {"type": "MultiPoint", "coordinates": [[23.327499615, 42.672628398]]}}, {"type": "Feature", "properties": {"id": 22435, "objectid": 31277.0, "park_txt": "Надлъжн", "zona": "Зелена зона", "mestopoloz": "ул. Галичица", "georef_201": "2018", "vid_txt_20": "Зона", "zabelezhka": null, "obekt": null, "dogovor_sr": null, "dogovor_nu": null, "type": null, "bezplatni_": null, "podzona_nu": "-", "sf_rayon": "-"}, "geometry": {"type": "MultiPoint", "coordinates": [[23.327649326, 42.672625914]]}}, {"type": "Feature", "properties": {"id": 22436, "objectid": 31278.0, "park_txt": "Надлъжн", "zona": "Зелена зона", "mestopoloz": "ул. Минзухар", "georef_201": "2018", "vid_txt_20": "Зона", "zabelezhka": null, "obekt": null, "dogovor_sr": null, "dogovor_nu": null, "type": null, "bezplatni_": null, "podzona_nu": "-", "sf_rayon": "-"}, "geometry": {"type": "MultiPoint", "coordinates": [[23.326941904, 42.673050306]]}}, {"type": "Feature", "properties": {"id": 22437, "objectid": 31279.0, "park_txt": "Надлъжн", "zona": "Зелена зона", "mestopoloz": "ул. Минзухар", "georef_201": "2018", "vid_txt_20": "Зона", "zabelezhka": null, "obekt": null, "dogovor_sr": null, "dogovor_nu": null, "type": null, "bezplatni_": null, "podzona_nu": "-", "sf_rayon": "-"}, "geometry": {"type": "MultiPoint", "coordinates": [[23.326870715, 42.673036173]]}}, {"type": "Feature", "properties": {"id": 22438, "objectid": 31280.0, "park_txt": "Надлъжн", "zona": "Зелена зона", "mestopoloz": "ул. Минзухар", "georef_201": "2018", "vid_txt_20": "Зона", "zabelezhka": null, "obekt": null, "dogovor_sr": null, "dogovor_nu": null, "type": null, "bezplatni_": null, "podzona_nu": "-", "sf_rayon": "-"}, "geometry": {"type": "MultiPoint", "coordinates": [[23.32708007, 42.673077813]]}}, {"type": "Feature", "properties": {"id": 22439, "objectid": 31281.0, "park_txt": "Надлъжн", "zona": "Зелена зона", "mestopoloz": "ул. Минзухар", "georef_201": "2018", "vid_txt_20": "Зона", "zabelezhka": null, "obekt": null, "dogovor_sr": null, "dogovor_nu": null, "type": null, "bezplatni_": null, "podzona_nu": "-", "sf_rayon": "-"}, "geometry": {"type": "MultiPoint", "coordinates": [[23.327008882, 42.673063679]]}}, {"type": "Feature", "properties": {"id": 22440, "objectid": 31282.0, "park_txt": "Надлъжн", "zona": "Зелена зона", "mestopoloz": "ул. Минзухар", "georef_201": "2018", "vid_txt_20": "Зона", "zabelezhka": null, "obekt": null, "dogovor_sr": null, "dogovor_nu": null, "type": null, "bezplatni_": null, "podzona_nu": "-", "sf_rayon": "-"}, "geometry": {"type": "MultiPoint", "coordinates": [[23.327223434, 42.673106478]]}}, {"type": "Feature", "properties": {"id": 22441, "objectid": 31283.0, "park_txt": "Надлъжн", "zona": "Зелена зона", "mestopoloz": "ул. Минзухар", "georef_201": "2018", "vid_txt_20": "Зона", "zabelezhka": null, "obekt": null, "dogovor_sr": null, "dogovor_nu": null, "type": null, "bezplatni_": null, "podzona_nu": "-", "sf_rayon": "-"}, "geometry": {"type": "MultiPoint", "coordinates": [[23.327152246, 42.673092345]]}}, {"type": "Feature", "properties": {"id": 22442, "objectid": 31284.0, "park_txt": "Надлъжн", "zona": "Зелена зона", "mestopoloz": "ул. Минзухар", "georef_201": "2018", "vid_txt_20": "Зона", "zabelezhka": null, "obekt": null, "dogovor_sr": null, "dogovor_nu": null, "type": null, "bezplatni_": null, "podzona_nu": "-", "sf_rayon": "-"}, "geometry": {"type": "MultiPoint", "coordinates": [[23.327361601, 42.673133984]]}}, {"type": "Feature", "properties": {"id": 22443, "objectid": 31285.0, "park_txt": "Надлъжн", "zona": "Зелена зона", "mestopoloz": "ул. Минзухар", "georef_201": "2018", "vid_txt_20": "Зона", "zabelezhka": null, "obekt": null, "dogovor_sr": null, "dogovor_nu": null, "type": null, "bezplatni_": null, "podzona_nu": "-", "sf_rayon": "-"}, "geometry": {"type": "MultiPoint", "coordinates": [[23.327290412, 42.673119851]]}}, {"type": "Feature", "properties": {"id": 22444, "objectid": 31286.0, "park_txt": "Надлъжн", "zona": "Зелена зона", "mestopoloz": "ул. Минзухар", "georef_201": "2018", "vid_txt_20": "Инвалид", "zabelezhka": "-", "obekt": "-", "dogovor_sr": "-", "dogovor_nu": "-", "type": "-", "bezplatni_": "-", "podzona_nu": "-", "sf_rayon": "-"}, "geometry": {"type": "MultiPoint", "coordinates": [[23.327442833, 42.67315045]]}}, {"type": "Feature", "properties": {"id": 22445, "objectid": 31287.0, "park_txt": "Надлъжн", "zona": "Зелена зона", "mestopoloz": "ул. Минзухар", "georef_201": "2018", "vid_txt_20": "Зона", "zabelezhka": null, "obekt": null, "dogovor_sr": null, "dogovor_nu": null, "type": null, "bezplatni_": null, "podzona_nu": "-", "sf_rayon": "-"}, "geometry": {"type": "MultiPoint", "coordinates": [[23.327855507, 42.673231646]]}}, {"type": "Feature", "properties": {"id": 22446, "objectid": 31288.0, "park_txt": "Надлъжн", "zona": "Зелена зона", "mestopoloz": "ул. Минзухар", "georef_201": "2018", "vid_txt_20": "Зона", "zabelezhka": null, "obekt": null, "dogovor_sr": null, "dogovor_nu": null, "type": null, "bezplatni_": null, "podzona_nu": "-", "sf_rayon": "-"}, "geometry": {"type": "MultiPoint", "coordinates": [[23.327784319, 42.673217513]]}}, {"type": "Feature", "properties": {"id": 22447, "objectid": 31289.0, "park_txt": "Надлъжн", "zona": "Зелена зона", "mestopoloz": "ул. Минзухар", "georef_201": "2018", "vid_txt_20": "Зона", "zabelezhka": null, "obekt": null, "dogovor_sr": null, "dogovor_nu": null, "type": null, "bezplatni_": null, "podzona_nu": "-", "sf_rayon": "-"}, "geometry": {"type": "MultiPoint", "coordinates": [[23.328059566, 42.673271811]]}}, {"type": "Feature", "properties": {"id": 22448, "objectid": 31290.0, "park_txt": "Надлъжн", "zona": "Зелена зона", "mestopoloz": "ул. Минзухар", "georef_201": "2018", "vid_txt_20": "Зона", "zabelezhka": null, "obekt": null, "dogovor_sr": null, "dogovor_nu": null, "type": null, "bezplatni_": null, "podzona_nu": "-", "sf_rayon": "-"}, "geometry": {"type": "MultiPoint", "coordinates": [[23.327988377, 42.673257678]]}}, {"type": "Feature", "properties": {"id": 22449, "objectid": 31291.0, "park_txt": "Надлъжн", "zona": "Зелена зона", "mestopoloz": "ул. Минзухар", "georef_201": "2018", "vid_txt_20": "Зона", "zabelezhka": null, "obekt": null, "dogovor_sr": null, "dogovor_nu": null, "type": null, "bezplatni_": null, "podzona_nu": "-", "sf_rayon": "-"}, "geometry": {"type": "MultiPoint", "coordinates": [[23.32832804, 42.673324379]]}}, {"type": "Feature", "properties": {"id": 22450, "objectid": 31292.0, "park_txt": "Надлъжн", "zona": "Зелена зона", "mestopoloz": "ул. Минзухар", "georef_201": "2018", "vid_txt_20": "Зона", "zabelezhka": null, "obekt": null, "dogovor_sr": null, "dogovor_nu": null, "type": null, "bezplatni_": null, "podzona_nu": "-", "sf_rayon": "-"}, "geometry": {"type": "MultiPoint", "coordinates": [[23.32819599, 42.673298576]]}}, {"type": "Feature", "properties": {"id": 22451, "objectid": 31293.0, "park_txt": "Надлъжн", "zona": "Зелена зона", "mestopoloz": "ул. Минзухар", "georef_201": "2018", "vid_txt_20": "Зона", "zabelezhka": null, "obekt": null, "dogovor_sr": null, "dogovor_nu": null, "type": null, "bezplatni_": null, "podzona_nu": "-", "sf_rayon": "-"}, "geometry": {"type": "MultiPoint", "coordinates": [[23.328466208, 42.673351884]]}}, {"type": "Feature", "properties": {"id": 22452, "objectid": 31294.0, "park_txt": "Надлъжн", "zona": "Зелена зона", "mestopoloz": "ул. Минзухар", "georef_201": "2018", "vid_txt_20": "Зона", "zabelezhka": null, "obekt": null, "dogovor_sr": null, "dogovor_nu": null, "type": null, "bezplatni_": null, "podzona_nu": "-", "sf_rayon": "-"}, "geometry": {"type": "MultiPoint", "coordinates": [[23.328395019, 42.673337752]]}}, {"type": "Feature", "properties": {"id": 22453, "objectid": 31295.0, "park_txt": "Надлъжн", "zona": "Зелена зона", "mestopoloz": "ул. Минзухар", "georef_201": "2018", "vid_txt_20": "Зона", "zabelezhka": null, "obekt": null, "dogovor_sr": null, "dogovor_nu": null, "type": null, "bezplatni_": null, "podzona_nu": "-", "sf_rayon": "-"}, "geometry": {"type": "MultiPoint", "coordinates": [[23.327717903, 42.673204517]]}}, {"type": "Feature", "properties": {"id": 22454, "objectid": 31296.0, "park_txt": "Надлъжн", "zona": "Зелена зона", "mestopoloz": "ул. Якубица", "georef_201": "2018", "vid_txt_20": "Зона", "zabelezhka": null, "obekt": null, "dogovor_sr": null, "dogovor_nu": null, "type": null, "bezplatni_": null, "podzona_nu": "-", "sf_rayon": "-"}, "geometry": {"type": "MultiPoint", "coordinates": [[23.328279927, 42.674211666]]}}, {"type": "Feature", "properties": {"id": 22455, "objectid": 31297.0, "park_txt": "Надлъжн", "zona": "Зелена зона", "mestopoloz": "ул. Якубица", "georef_201": "2018", "vid_txt_20": "Зона", "zabelezhka": null, "obekt": null, "dogovor_sr": null, "dogovor_nu": null, "type": null, "bezplatni_": null, "podzona_nu": "-", "sf_rayon": "-"}, "geometry": {"type": "MultiPoint", "coordinates": [[23.328303228, 42.674161834]]}}, {"type": "Feature", "properties": {"id": 22456, "objectid": 31298.0, "park_txt": "Надлъжн", "zona": "Зелена зона", "mestopoloz": "ул. Якубица", "georef_201": "2018", "vid_txt_20": "Зона", "zabelezhka": null, "obekt": null, "dogovor_sr": null, "dogovor_nu": null, "type": null, "bezplatni_": null, "podzona_nu": "-", "sf_rayon": "-"}, "geometry": {"type": "MultiPoint", "coordinates": [[23.328326508, 42.674112044]]}}, {"type": "Feature", "properties": {"id": 22457, "objectid": 31299.0, "park_txt": "Надлъжн", "zona": "Зелена зона", "mestopoloz": "ул. Якубица", "georef_201": "2018", "vid_txt_20": "Зона", "zabelezhka": null, "obekt": null, "dogovor_sr": null, "dogovor_nu": null, "type": null, "bezplatni_": null, "podzona_nu": "-", "sf_rayon": "-"}, "geometry": {"type": "MultiPoint", "coordinates": [[23.32834866, 42.674064668]]}}, {"type": "Feature", "properties": {"id": 22458, "objectid": 31300.0, "park_txt": "Надлъжн", "zona": "Зелена зона", "mestopoloz": "ул. Якубица", "georef_201": "2018", "vid_txt_20": "Зона", "zabelezhka": null, "obekt": null, "dogovor_sr": null, "dogovor_nu": null, "type": null, "bezplatni_": null, "podzona_nu": "-", "sf_rayon": "-"}, "geometry": {"type": "MultiPoint", "coordinates": [[23.328394653, 42.673966298]]}}, {"type": "Feature", "properties": {"id": 22459, "objectid": 31301.0, "park_txt": "Надлъжн", "zona": "Зелена зона", "mestopoloz": "ул. Якубица", "georef_201": "2018", "vid_txt_20": "Зона", "zabelezhka": null, "obekt": null, "dogovor_sr": null, "dogovor_nu": null, "type": null, "bezplatni_": null, "podzona_nu": "-", "sf_rayon": "-"}, "geometry": {"type": "MultiPoint", "coordinates": [[23.328417953, 42.673916465]]}}, {"type": "Feature", "properties": {"id": 22460, "objectid": 31302.0, "park_txt": "Надлъжн", "zona": "Зелена зона", "mestopoloz": "ул. Якубица", "georef_201": "2018", "vid_txt_20": "Зона", "zabelezhka": null, "obekt": null, "dogovor_sr": null, "dogovor_nu": null, "type": null, "bezplatni_": null, "podzona_nu": "-", "sf_rayon": "-"}, "geometry": {"type": "MultiPoint", "coordinates": [[23.328441233, 42.673866676]]}}, {"type": "Feature", "properties": {"id": 22461, "objectid": 31303.0, "park_txt": "Надлъжн", "zona": "Зелена зона", "mestopoloz": "ул. Якубица 2А", "georef_201": "2018", "vid_txt_20": "Служебен", "zabelezhka": "-", "obekt": "-", "dogovor_sr": "-", "dogovor_nu": "-", "type": "-", "bezplatni_": "-", "podzona_nu": "-", "sf_rayon": "-"}, "geometry": {"type": "MultiPoint", "coordinates": [[23.328463384, 42.6738193]]}}, {"type": "Feature", "properties": {"id": 22462, "objectid": 31304.0, "park_txt": "Надлъжн", "zona": "Зелена зона", "mestopoloz": "ул. Якубица", "georef_201": "2018", "vid_txt_20": "Зона", "zabelezhka": null, "obekt": null, "dogovor_sr": null, "dogovor_nu": null, "type": null, "bezplatni_": null, "podzona_nu": "-", "sf_rayon": "-"}, "geometry": {"type": "MultiPoint", "coordinates": [[23.32855727, 42.673610081]]}}, {"type": "Feature", "properties": {"id": 22463, "objectid": 31305.0, "park_txt": "Надлъжн", "zona": "Зелена зона", "mestopoloz": "ул. Якубица", "georef_201": "2018", "vid_txt_20": "Зона", "zabelezhka": null, "obekt": null, "dogovor_sr": null, "dogovor_nu": null, "type": null, "bezplatni_": null, "podzona_nu": "-", "sf_rayon": "-"}, "geometry": {"type": "MultiPoint", "coordinates": [[23.328580081, 42.673559581]]}}, {"type": "Feature", "properties": {"id": 22464, "objectid": 31306.0, "park_txt": "Надлъжн", "zona": "Зелена зона", "mestopoloz": "ул. Якубица", "georef_201": "2018", "vid_txt_20": "Зона", "zabelezhka": null, "obekt": null, "dogovor_sr": null, "dogovor_nu": null, "type": null, "bezplatni_": null, "podzona_nu": "-", "sf_rayon": "-"}, "geometry": {"type": "MultiPoint", "coordinates": [[23.328601728, 42.673511573]]}}, {"type": "Feature", "properties": {"id": 22465, "objectid": 31307.0, "park_txt": "Надлъжн", "zona": "Зелена зона", "mestopoloz": "ул. Якубица", "georef_201": "2018", "vid_txt_20": "Зона", "zabelezhka": null, "obekt": null, "dogovor_sr": null, "dogovor_nu": null, "type": null, "bezplatni_": null, "podzona_nu": "-", "sf_rayon": "-"}, "geometry": {"type": "MultiPoint", "coordinates": [[23.328703609, 42.673283094]]}}, {"type": "Feature", "properties": {"id": 22466, "objectid": 31308.0, "park_txt": "Надлъжн", "zona": "Зелена зона", "mestopoloz": "ул. Якубица", "georef_201": "2018", "vid_txt_20": "Зона", "zabelezhka": null, "obekt": null, "dogovor_sr": null, "dogovor_nu": null, "type": null, "bezplatni_": null, "podzona_nu": "-", "sf_rayon": "-"}, "geometry": {"type": "MultiPoint", "coordinates": [[23.328725243, 42.673234283]]}}, {"type": "Feature", "properties": {"id": 22467, "objectid": 31309.0, "park_txt": "Надлъжн", "zona": "Зелена зона", "mestopoloz": "ул. Якубица", "georef_201": "2018", "vid_txt_20": "Зона", "zabelezhka": null, "obekt": null, "dogovor_sr": null, "dogovor_nu": null, "type": null, "bezplatni_": null, "podzona_nu": "-", "sf_rayon": "-"}, "geometry": {"type": "MultiPoint", "coordinates": [[23.328778229, 42.673088644]]}}, {"type": "Feature", "properties": {"id": 22468, "objectid": 31310.0, "park_txt": "Надлъжн", "zona": "Зелена зона", "mestopoloz": "ул. Якубица", "georef_201": "2018", "vid_txt_20": "Зона", "zabelezhka": null, "obekt": null, "dogovor_sr": null, "dogovor_nu": null, "type": null, "bezplatni_": null, "podzona_nu": "-", "sf_rayon": "-"}, "geometry": {"type": "MultiPoint", "coordinates": [[23.32879569, 42.673037634]]}}, {"type": "Feature", "properties": {"id": 22469, "objectid": 31311.0, "park_txt": "Надлъжн", "zona": "Зелена зона", "mestopoloz": "ул. Якубица", "georef_201": "2018", "vid_txt_20": "Зона", "zabelezhka": null, "obekt": null, "dogovor_sr": null, "dogovor_nu": null, "type": null, "bezplatni_": null, "podzona_nu": "-", "sf_rayon": "-"}, "geometry": {"type": "MultiPoint", "coordinates": [[23.32880933, 42.672987368]]}}, {"type": "Feature", "properties": {"id": 22470, "objectid": 31312.0, "park_txt": "Надлъжн", "zona": "Зелена зона", "mestopoloz": "ул. Якубица", "georef_201": "2018", "vid_txt_20": "Зона", "zabelezhka": null, "obekt": null, "dogovor_sr": null, "dogovor_nu": null, "type": null, "bezplatni_": null, "podzona_nu": "-", "sf_rayon": "-"}, "geometry": {"type": "MultiPoint", "coordinates": [[23.328821541, 42.672937993]]}}, {"type": "Feature", "properties": {"id": 22471, "objectid": 31313.0, "park_txt": "Надлъжн", "zona": "Зелена зона", "mestopoloz": "ул. Якубица", "georef_201": "2018", "vid_txt_20": "Зона", "zabelezhka": null, "obekt": null, "dogovor_sr": null, "dogovor_nu": null, "type": null, "bezplatni_": null, "podzona_nu": "-", "sf_rayon": "-"}, "geometry": {"type": "MultiPoint", "coordinates": [[23.328833099, 42.672885888]]}}, {"type": "Feature", "properties": {"id": 22472, "objectid": 31317.0, "park_txt": "Надлъжн", "zona": "Зелена зона", "mestopoloz": "ул. Якубица", "georef_201": "2018", "vid_txt_20": "Зона", "zabelezhka": null, "obekt": null, "dogovor_sr": null, "dogovor_nu": null, "type": null, "bezplatni_": null, "podzona_nu": "-", "sf_rayon": "-"}, "geometry": {"type": "MultiPoint", "coordinates": [[23.328833307, 42.672058936]]}}, {"type": "Feature", "properties": {"id": 22473, "objectid": 31318.0, "park_txt": "Надлъжн", "zona": "Зелена зона", "mestopoloz": "ул. Якубица", "georef_201": "2018", "vid_txt_20": "Зона", "zabelezhka": null, "obekt": null, "dogovor_sr": null, "dogovor_nu": null, "type": null, "bezplatni_": null, "podzona_nu": "-", "sf_rayon": "-"}, "geometry": {"type": "MultiPoint", "coordinates": [[23.328824926, 42.672005676]]}}, {"type": "Feature", "properties": {"id": 22474, "objectid": 31319.0, "park_txt": "Надлъжн", "zona": "Зелена зона", "mestopoloz": "ул. Якубица", "georef_201": "2018", "vid_txt_20": "Зона", "zabelezhka": null, "obekt": null, "dogovor_sr": null, "dogovor_nu": null, "type": null, "bezplatni_": null, "podzona_nu": "-", "sf_rayon": "-"}, "geometry": {"type": "MultiPoint", "coordinates": [[23.328816913, 42.671954751]]}}, {"type": "Feature", "properties": {"id": 22475, "objectid": 31320.0, "park_txt": "Надлъжн", "zona": "Зелена зона", "mestopoloz": "ул. Якубица", "georef_201": "2018", "vid_txt_20": "Инвалид", "zabelezhka": "-", "obekt": "-", "dogovor_sr": "-", "dogovor_nu": "-", "type": "-", "bezplatni_": "-", "podzona_nu": "-", "sf_rayon": "-"}, "geometry": {"type": "MultiPoint", "coordinates": [[23.328857301, 42.672213183]]}}, {"type": "Feature", "properties": {"id": 22476, "objectid": 31322.0, "park_txt": "Надлъжн", "zona": "Зелена зона", "mestopoloz": "ул. Якубица", "georef_201": "2018", "vid_txt_20": "Зона", "zabelezhka": null, "obekt": null, "dogovor_sr": null, "dogovor_nu": null, "type": null, "bezplatni_": null, "podzona_nu": "-", "sf_rayon": "-"}, "geometry": {"type": "MultiPoint", "coordinates": [[23.328840907, 42.672108999]]}}, {"type": "Feature", "properties": {"id": 22477, "objectid": 31323.0, "park_txt": "Надлъжн", "zona": "Зелена зона", "mestopoloz": "ул. Якубица", "georef_201": "2018", "vid_txt_20": "Зона", "zabelezhka": null, "obekt": null, "dogovor_sr": null, "dogovor_nu": null, "type": null, "bezplatni_": null, "podzona_nu": "-", "sf_rayon": "-"}, "geometry": {"type": "MultiPoint", "coordinates": [[23.328869955, 42.672322881]]}}, {"type": "Feature", "properties": {"id": 22478, "objectid": 31325.0, "park_txt": "Надлъжн", "zona": "Зелена зона", "mestopoloz": "ул. Якубица", "georef_201": "2018", "vid_txt_20": "Зона", "zabelezhka": null, "obekt": null, "dogovor_sr": null, "dogovor_nu": null, "type": null, "bezplatni_": null, "podzona_nu": "-", "sf_rayon": "-"}, "geometry": {"type": "MultiPoint", "coordinates": [[23.328877249, 42.672426705]]}}, {"type": "Feature", "properties": {"id": 22479, "objectid": 31326.0, "park_txt": "Надлъжн", "zona": "Зелена зона", "mestopoloz": "ул. Якубица", "georef_201": "2018", "vid_txt_20": "Зона", "zabelezhka": null, "obekt": null, "dogovor_sr": null, "dogovor_nu": null, "type": null, "bezplatni_": null, "podzona_nu": "-", "sf_rayon": "-"}, "geometry": {"type": "MultiPoint", "coordinates": [[23.328873628, 42.672375162]]}}, {"type": "Feature", "properties": {"id": 22480, "objectid": 31327.0, "park_txt": "Надлъжн", "zona": "Зелена зона", "mestopoloz": "ул. Галичица", "georef_201": "2018", "vid_txt_20": "Зона", "zabelezhka": null, "obekt": null, "dogovor_sr": null, "dogovor_nu": null, "type": null, "bezplatni_": null, "podzona_nu": "-", "sf_rayon": "-"}, "geometry": {"type": "MultiPoint", "coordinates": [[23.330668502, 42.672486696]]}}, {"type": "Feature", "properties": {"id": 22481, "objectid": 31328.0, "park_txt": "Надлъжн", "zona": "Зелена зона", "mestopoloz": "ул. Галичица", "georef_201": "2018", "vid_txt_20": "Зона", "zabelezhka": null, "obekt": null, "dogovor_sr": null, "dogovor_nu": null, "type": null, "bezplatni_": null, "podzona_nu": "-", "sf_rayon": "-"}, "geometry": {"type": "MultiPoint", "coordinates": [[23.330593438, 42.672491424]]}}, {"type": "Feature", "properties": {"id": 22482, "objectid": 31329.0, "park_txt": "Надлъжн", "zona": "Зелена зона", "mestopoloz": "ул. Галичица", "georef_201": "2018", "vid_txt_20": "Зона", "zabelezhka": null, "obekt": null, "dogovor_sr": null, "dogovor_nu": null, "type": null, "bezplatni_": null, "podzona_nu": "-", "sf_rayon": "-"}, "geometry": {"type": "MultiPoint", "coordinates": [[23.330741859, 42.672482074]]}}, {"type": "Feature", "properties": {"id": 22483, "objectid": 31334.0, "park_txt": "Надлъжн", "zona": "Зелена зона", "mestopoloz": "ул. Галичица", "georef_201": "2018", "vid_txt_20": "Инвалид", "zabelezhka": "-", "obekt": "-", "dogovor_sr": "-", "dogovor_nu": "-", "type": "-", "bezplatni_": "-", "podzona_nu": "-", "sf_rayon": "-"}, "geometry": {"type": "MultiPoint", "coordinates": [[23.330823106, 42.672476955]]}}, {"type": "Feature", "properties": {"id": 22484, "objectid": 31335.0, "park_txt": "Надлъжн", "zona": "Зелена зона", "mestopoloz": "ул. Галичица", "georef_201": "2018", "vid_txt_20": "Зона", "zabelezhka": null, "obekt": null, "dogovor_sr": null, "dogovor_nu": null, "type": null, "bezplatni_": null, "podzona_nu": "-", "sf_rayon": "-"}, "geometry": {"type": "MultiPoint", "coordinates": [[23.330411662, 42.672503255]]}}, {"type": "Feature", "properties": {"id": 22485, "objectid": 31336.0, "park_txt": "Надлъжн", "zona": "Зелена зона", "mestopoloz": "ул. Галичица", "georef_201": "2018", "vid_txt_20": "Зона", "zabelezhka": null, "obekt": null, "dogovor_sr": null, "dogovor_nu": null, "type": null, "bezplatni_": null, "podzona_nu": "-", "sf_rayon": "-"}, "geometry": {"type": "MultiPoint", "coordinates": [[23.330264465, 42.672513132]]}}, {"type": "Feature", "properties": {"id": 22486, "objectid": 31337.0, "park_txt": "Надлъжн", "zona": "Зелена зона", "mestopoloz": "ул. Галичица", "georef_201": "2018", "vid_txt_20": "Зона", "zabelezhka": null, "obekt": null, "dogovor_sr": null, "dogovor_nu": null, "type": null, "bezplatni_": null, "podzona_nu": "-", "sf_rayon": "-"}, "geometry": {"type": "MultiPoint", "coordinates": [[23.33048502, 42.672498634]]}}, {"type": "Feature", "properties": {"id": 22487, "objectid": 31338.0, "park_txt": "Надлъжн", "zona": "Зелена зона", "mestopoloz": "ул. Галичица", "georef_201": "2018", "vid_txt_20": "Зона", "zabelezhka": null, "obekt": null, "dogovor_sr": null, "dogovor_nu": null, "type": null, "bezplatni_": null, "podzona_nu": "-", "sf_rayon": "-"}, "geometry": {"type": "MultiPoint", "coordinates": [[23.330336599, 42.672507984]]}}, {"type": "Feature", "properties": {"id": 22488, "objectid": 31339.0, "park_txt": "Надлъжн", "zona": "Зелена зона", "mestopoloz": "ул. Галичица", "georef_201": "2018", "vid_txt_20": "Дипломатически", "zabelezhka": "-", "obekt": "-", "dogovor_sr": "-", "dogovor_nu": "-", "type": "-", "bezplatni_": "-", "podzona_nu": "-", "sf_rayon": "-"}, "geometry": {"type": "MultiPoint", "coordinates": [[23.330119216, 42.672523025]]}}, {"type": "Feature", "properties": {"id": 22489, "objectid": 31340.0, "park_txt": "Надлъжн", "zona": "Зелена зона", "mestopoloz": "ул. Галичица", "georef_201": "2018", "vid_txt_20": "Дипломатически", "zabelezhka": "-", "obekt": "-", "dogovor_sr": "-", "dogovor_nu": "-", "type": "-", "bezplatni_": "-", "podzona_nu": "-", "sf_rayon": "-"}, "geometry": {"type": "MultiPoint", "coordinates": [[23.33019135, 42.672517877]]}}, {"type": "Feature", "properties": {"id": 22490, "objectid": 31341.0, "park_txt": "Надлъжн", "zona": "Зелена зона", "mestopoloz": "ул. Галичица", "georef_201": "2018", "vid_txt_20": "Зона", "zabelezhka": null, "obekt": null, "dogovor_sr": null, "dogovor_nu": null, "type": null, "bezplatni_": null, "podzona_nu": "-", "sf_rayon": "-"}, "geometry": {"type": "MultiPoint", "coordinates": [[23.32977748, 42.672545732]]}}, {"type": "Feature", "properties": {"id": 22491, "objectid": 31342.0, "park_txt": "Надлъжн", "zona": "Зелена зона", "mestopoloz": "ул. Галичица", "georef_201": "2018", "vid_txt_20": "Зона", "zabelezhka": null, "obekt": null, "dogovor_sr": null, "dogovor_nu": null, "type": null, "bezplatni_": null, "podzona_nu": "-", "sf_rayon": "-"}, "geometry": {"type": "MultiPoint", "coordinates": [[23.329629644, 42.672555752]]}}, {"type": "Feature", "properties": {"id": 22492, "objectid": 31343.0, "park_txt": "Надлъжн", "zona": "Зелена зона", "mestopoloz": "ул. Галичица", "georef_201": "2018", "vid_txt_20": "Зона", "zabelezhka": null, "obekt": null, "dogovor_sr": null, "dogovor_nu": null, "type": null, "bezplatni_": null, "podzona_nu": "-", "sf_rayon": "-"}, "geometry": {"type": "MultiPoint", "coordinates": [[23.329850955, 42.672540815]]}}, {"type": "Feature", "properties": {"id": 22493, "objectid": 31344.0, "park_txt": "Надлъжн", "zona": "Зелена зона", "mestopoloz": "ул. Галичица", "georef_201": "2018", "vid_txt_20": "Зона", "zabelezhka": null, "obekt": null, "dogovor_sr": null, "dogovor_nu": null, "type": null, "bezplatni_": null, "podzona_nu": "-", "sf_rayon": "-"}, "geometry": {"type": "MultiPoint", "coordinates": [[23.32970235, 42.672550759]]}}, {"type": "Feature", "properties": {"id": 22494, "objectid": 31345.0, "park_txt": "Надлъжн", "zona": "Зелена зона", "mestopoloz": "ул. Галичица", "georef_201": "2018", "vid_txt_20": "Зона", "zabelezhka": null, "obekt": null, "dogovor_sr": null, "dogovor_nu": null, "type": null, "bezplatni_": null, "podzona_nu": "-", "sf_rayon": "-"}, "geometry": {"type": "MultiPoint", "coordinates": [[23.329557043, 42.672560784]]}}, {"type": "Feature", "properties": {"id": 22495, "objectid": 31346.0, "park_txt": "Надлъжн", "zona": "Зелена зона", "mestopoloz": "ул. Галичица", "georef_201": "2018", "vid_txt_20": "Зона", "zabelezhka": null, "obekt": null, "dogovor_sr": null, "dogovor_nu": null, "type": null, "bezplatni_": null, "podzona_nu": "-", "sf_rayon": "-"}, "geometry": {"type": "MultiPoint", "coordinates": [[23.329408729, 42.672571064]]}}, {"type": "Feature", "properties": {"id": 22496, "objectid": 31348.0, "park_txt": "Надлъжн", "zona": "Зелена зона", "mestopoloz": "ул. Галичица", "georef_201": "2018", "vid_txt_20": "Зона", "zabelezhka": null, "obekt": null, "dogovor_sr": null, "dogovor_nu": null, "type": null, "bezplatni_": null, "podzona_nu": "-", "sf_rayon": "-"}, "geometry": {"type": "MultiPoint", "coordinates": [[23.329483117, 42.672565908]]}}, {"type": "Feature", "properties": {"id": 22497, "objectid": 31349.0, "park_txt": "Надлъжн", "zona": "Зелена зона", "mestopoloz": "ул. Галичица", "georef_201": "2018", "vid_txt_20": "Зона", "zabelezhka": null, "obekt": null, "dogovor_sr": null, "dogovor_nu": null, "type": null, "bezplatni_": null, "podzona_nu": "-", "sf_rayon": "-"}, "geometry": {"type": "MultiPoint", "coordinates": [[23.329335472, 42.672576141]]}}, {"type": "Feature", "properties": {"id": 22498, "objectid": 31351.0, "park_txt": "Надлъжн", "zona": "Зелена зона", "mestopoloz": "ул. Галичица", "georef_201": "2018", "vid_txt_20": "Инвалид", "zabelezhka": "-", "obekt": "-", "dogovor_sr": "-", "dogovor_nu": "-", "type": "-", "bezplatni_": "-", "podzona_nu": "-", "sf_rayon": "-"}, "geometry": {"type": "MultiPoint", "coordinates": [[23.329040919, 42.672594377]]}}, {"type": "Feature", "properties": {"id": 22499, "objectid": 31379.0, "park_txt": "Надлъжн", "zona": "Зелена зона", "mestopoloz": "ул. Галичица", "georef_201": "2018", "vid_txt_20": "Зона", "zabelezhka": null, "obekt": null, "dogovor_sr": null, "dogovor_nu": null, "type": null, "bezplatni_": null, "podzona_nu": "-", "sf_rayon": "-"}, "geometry": {"type": "MultiPoint", "coordinates": [[23.33231736, 42.672382051]]}}, {"type": "Feature", "properties": {"id": 22500, "objectid": 31380.0, "park_txt": "Надлъжн", "zona": "Зелена зона", "mestopoloz": "ул. Галичица", "georef_201": "2018", "vid_txt_20": "Зона", "zabelezhka": null, "obekt": null, "dogovor_sr": null, "dogovor_nu": null, "type": null, "bezplatni_": null, "podzona_nu": "-", "sf_rayon": "-"}, "geometry": {"type": "MultiPoint", "coordinates": [[23.332170164, 42.672391931]]}}, {"type": "Feature", "properties": {"id": 22501, "objectid": 31382.0, "park_txt": "Надлъжн", "zona": "Зелена зона", "mestopoloz": "ул. Галичица", "georef_201": "2018", "vid_txt_20": "Зона", "zabelezhka": null, "obekt": null, "dogovor_sr": null, "dogovor_nu": null, "type": null, "bezplatni_": null, "podzona_nu": "-", "sf_rayon": "-"}, "geometry": {"type": "MultiPoint", "coordinates": [[23.332242298, 42.672386781]]}}, {"type": "Feature", "properties": {"id": 22502, "objectid": 31383.0, "park_txt": "Надлъжн", "zona": "Зелена зона", "mestopoloz": "ул. Галичица", "georef_201": "2018", "vid_txt_20": "Зона", "zabelezhka": null, "obekt": null, "dogovor_sr": null, "dogovor_nu": null, "type": null, "bezplatni_": null, "podzona_nu": "-", "sf_rayon": "-"}, "geometry": {"type": "MultiPoint", "coordinates": [[23.332024914, 42.672401826]]}}, {"type": "Feature", "properties": {"id": 22503, "objectid": 31384.0, "park_txt": "Надлъжн", "zona": "Зелена зона", "mestopoloz": "ул. Галичица", "georef_201": "2018", "vid_txt_20": "Зона", "zabelezhka": null, "obekt": null, "dogovor_sr": null, "dogovor_nu": null, "type": null, "bezplatni_": null, "podzona_nu": "-", "sf_rayon": "-"}, "geometry": {"type": "MultiPoint", "coordinates": [[23.332097049, 42.672396676]]}}, {"type": "Feature", "properties": {"id": 22504, "objectid": 31385.0, "park_txt": "Надлъжн", "zona": "Зелена зона", "mestopoloz": "ул. Галичица", "georef_201": "2018", "vid_txt_20": "Зона", "zabelezhka": null, "obekt": null, "dogovor_sr": null, "dogovor_nu": null, "type": null, "bezplatni_": null, "podzona_nu": "-", "sf_rayon": "-"}, "geometry": {"type": "MultiPoint", "coordinates": [[23.331952564, 42.672405655]]}}, {"type": "Feature", "properties": {"id": 22505, "objectid": 31386.0, "park_txt": "Надлъжн", "zona": "Зелена зона", "mestopoloz": "ул. Галичица", "georef_201": "2018", "vid_txt_20": "Зона", "zabelezhka": null, "obekt": null, "dogovor_sr": null, "dogovor_nu": null, "type": null, "bezplatni_": null, "podzona_nu": "-", "sf_rayon": "-"}, "geometry": {"type": "MultiPoint", "coordinates": [[23.331807316, 42.67241555]]}}, {"type": "Feature", "properties": {"id": 22506, "objectid": 31387.0, "park_txt": "Надлъжн", "zona": "Зелена зона", "mestopoloz": "ул. Галичица", "georef_201": "2018", "vid_txt_20": "Зона", "zabelezhka": null, "obekt": null, "dogovor_sr": null, "dogovor_nu": null, "type": null, "bezplatni_": null, "podzona_nu": "-", "sf_rayon": "-"}, "geometry": {"type": "MultiPoint", "coordinates": [[23.33187945, 42.6724104]]}}, {"type": "Feature", "properties": {"id": 22507, "objectid": 31388.0, "park_txt": "Надлъжн", "zona": "Зелена зона", "mestopoloz": "ул. Галичица", "georef_201": "2018", "vid_txt_20": "Зона", "zabelezhka": null, "obekt": null, "dogovor_sr": null, "dogovor_nu": null, "type": null, "bezplatni_": null, "podzona_nu": "-", "sf_rayon": "-"}, "geometry": {"type": "MultiPoint", "coordinates": [[23.331290287, 42.672449349]]}}, {"type": "Feature", "properties": {"id": 22508, "objectid": 31389.0, "park_txt": "Надлъжн", "zona": "Зелена зона", "mestopoloz": "ул. Галичица", "georef_201": "2018", "vid_txt_20": "Зона", "zabelezhka": null, "obekt": null, "dogovor_sr": null, "dogovor_nu": null, "type": null, "bezplatni_": null, "podzona_nu": "-", "sf_rayon": "-"}, "geometry": {"type": "MultiPoint", "coordinates": [[23.33114309, 42.672459227]]}}, {"type": "Feature", "properties": {"id": 22509, "objectid": 31390.0, "park_txt": "Надлъжн", "zona": "Зелена зона", "mestopoloz": "ул. Галичица", "georef_201": "2018", "vid_txt_20": "Зона", "zabelezhka": null, "obekt": null, "dogovor_sr": null, "dogovor_nu": null, "type": null, "bezplatni_": null, "podzona_nu": "-", "sf_rayon": "-"}, "geometry": {"type": "MultiPoint", "coordinates": [[23.331363645, 42.672444727]]}}, {"type": "Feature", "properties": {"id": 22510, "objectid": 31391.0, "park_txt": "Надлъжн", "zona": "Зелена зона", "mestopoloz": "ул. Галичица", "georef_201": "2018", "vid_txt_20": "Зона", "zabelezhka": null, "obekt": null, "dogovor_sr": null, "dogovor_nu": null, "type": null, "bezplatni_": null, "podzona_nu": "-", "sf_rayon": "-"}, "geometry": {"type": "MultiPoint", "coordinates": [[23.331215224, 42.672454078]]}}, {"type": "Feature", "properties": {"id": 22511, "objectid": 31392.0, "park_txt": "Надлъжн", "zona": "Зелена зона", "mestopoloz": "ул. Галичица", "georef_201": "2018", "vid_txt_20": "Зона", "zabelezhka": null, "obekt": null, "dogovor_sr": null, "dogovor_nu": null, "type": null, "bezplatni_": null, "podzona_nu": "-", "sf_rayon": "-"}, "geometry": {"type": "MultiPoint", "coordinates": [[23.331069976, 42.672463972]]}}, {"type": "Feature", "properties": {"id": 22512, "objectid": 31393.0, "park_txt": "Надлъжн", "zona": "Зелена зона", "mestopoloz": "ул. Галичица", "georef_201": "2018", "vid_txt_20": "Зона", "zabelezhka": null, "obekt": null, "dogovor_sr": null, "dogovor_nu": null, "type": null, "bezplatni_": null, "podzona_nu": "-", "sf_rayon": "-"}, "geometry": {"type": "MultiPoint", "coordinates": [[23.333109709, 42.672329346]]}}, {"type": "Feature", "properties": {"id": 22513, "objectid": 31394.0, "park_txt": "Надлъжн", "zona": "Зелена зона", "mestopoloz": "ул. Галичица", "georef_201": "2018", "vid_txt_20": "Зона", "zabelezhka": null, "obekt": null, "dogovor_sr": null, "dogovor_nu": null, "type": null, "bezplatni_": null, "podzona_nu": "-", "sf_rayon": "-"}, "geometry": {"type": "MultiPoint", "coordinates": [[23.332962511, 42.672339227]]}}, {"type": "Feature", "properties": {"id": 22514, "objectid": 31395.0, "park_txt": "Надлъжн", "zona": "Зелена зона", "mestopoloz": "ул. Галичица", "georef_201": "2018", "vid_txt_20": "Зона", "zabelezhka": null, "obekt": null, "dogovor_sr": null, "dogovor_nu": null, "type": null, "bezplatni_": null, "podzona_nu": "-", "sf_rayon": "-"}, "geometry": {"type": "MultiPoint", "coordinates": [[23.333034644, 42.672334076]]}}, {"type": "Feature", "properties": {"id": 22515, "objectid": 31396.0, "park_txt": "Надлъжн", "zona": "Зелена зона", "mestopoloz": "ул. Галичица", "georef_201": "2018", "vid_txt_20": "Зона", "zabelezhka": null, "obekt": null, "dogovor_sr": null, "dogovor_nu": null, "type": null, "bezplatni_": null, "podzona_nu": "-", "sf_rayon": "-"}, "geometry": {"type": "MultiPoint", "coordinates": [[23.332817264, 42.672349123]]}}, {"type": "Feature", "properties": {"id": 22516, "objectid": 31397.0, "park_txt": "Надлъжн", "zona": "Зелена зона", "mestopoloz": "ул. Галичица", "georef_201": "2018", "vid_txt_20": "Зона", "zabelezhka": null, "obekt": null, "dogovor_sr": null, "dogovor_nu": null, "type": null, "bezplatni_": null, "podzona_nu": "-", "sf_rayon": "-"}, "geometry": {"type": "MultiPoint", "coordinates": [[23.332889398, 42.672343973]]}}, {"type": "Feature", "properties": {"id": 22517, "objectid": 31398.0, "park_txt": "Надлъжн", "zona": "Зелена зона", "mestopoloz": "ул. Галичица", "georef_201": "2018", "vid_txt_20": "Зона", "zabelezhka": null, "obekt": null, "dogovor_sr": null, "dogovor_nu": null, "type": null, "bezplatni_": null, "podzona_nu": "-", "sf_rayon": "-"}, "geometry": {"type": "MultiPoint", "coordinates": [[23.332744911, 42.672352952]]}}, {"type": "Feature", "properties": {"id": 22518, "objectid": 31399.0, "park_txt": "Надлъжн", "zona": "Зелена зона", "mestopoloz": "ул. Галичица", "georef_201": "2018", "vid_txt_20": "Зона", "zabelezhka": null, "obekt": null, "dogovor_sr": null, "dogovor_nu": null, "type": null, "bezplatni_": null, "podzona_nu": "-", "sf_rayon": "-"}, "geometry": {"type": "MultiPoint", "coordinates": [[23.332599663, 42.672362848]]}}, {"type": "Feature", "properties": {"id": 22519, "objectid": 31400.0, "park_txt": "Надлъжн", "zona": "Зелена зона", "mestopoloz": "ул. Галичица", "georef_201": "2018", "vid_txt_20": "Зона", "zabelezhka": null, "obekt": null, "dogovor_sr": null, "dogovor_nu": null, "type": null, "bezplatni_": null, "podzona_nu": "-", "sf_rayon": "-"}, "geometry": {"type": "MultiPoint", "coordinates": [[23.332671797, 42.672357698]]}}, {"type": "Feature", "properties": {"id": 22520, "objectid": 31401.0, "park_txt": "Надлъжн", "zona": "Зелена зона", "mestopoloz": "ул. Галичица", "georef_201": "2018", "vid_txt_20": "Инвалид", "zabelezhka": "-", "obekt": "-", "dogovor_sr": "-", "dogovor_nu": "-", "type": "-", "bezplatni_": "-", "podzona_nu": "-", "sf_rayon": "-"}, "geometry": {"type": "MultiPoint", "coordinates": [[23.333174573, 42.672325633]]}}, {"type": "Feature", "properties": {"id": 22521, "objectid": 31402.0, "park_txt": "Надлъжн", "zona": "Зелена зона", "mestopoloz": "ул. Бабуна планина", "georef_201": "2018", "vid_txt_20": "Зона", "zabelezhka": null, "obekt": null, "dogovor_sr": null, "dogovor_nu": null, "type": null, "bezplatni_": null, "podzona_nu": "-", "sf_rayon": "-"}, "geometry": {"type": "MultiPoint", "coordinates": [[23.330818181, 42.671890143]]}}, {"type": "Feature", "properties": {"id": 22522, "objectid": 31403.0, "park_txt": "Надлъжн", "zona": "Зелена зона", "mestopoloz": "ул. Бабуна планина", "georef_201": "2018", "vid_txt_20": "Зона", "zabelezhka": null, "obekt": null, "dogovor_sr": null, "dogovor_nu": null, "type": null, "bezplatni_": null, "podzona_nu": "-", "sf_rayon": "-"}, "geometry": {"type": "MultiPoint", "coordinates": [[23.330806301, 42.671838292]]}}, {"type": "Feature", "properties": {"id": 22523, "objectid": 31404.0, "park_txt": "Надлъжн", "zona": "Зелена зона", "mestopoloz": "ул. Бабуна планина", "georef_201": "2018", "vid_txt_20": "Зона", "zabelezhka": null, "obekt": null, "dogovor_sr": null, "dogovor_nu": null, "type": null, "bezplatni_": null, "podzona_nu": "-", "sf_rayon": "-"}, "geometry": {"type": "MultiPoint", "coordinates": [[23.330794031, 42.671785447]]}}, {"type": "Feature", "properties": {"id": 22524, "objectid": 31406.0, "park_txt": "Надлъжн", "zona": "Зелена зона", "mestopoloz": "ул. Бабуна планина", "georef_201": "2018", "vid_txt_20": "Зона", "zabelezhka": null, "obekt": null, "dogovor_sr": null, "dogovor_nu": null, "type": null, "bezplatni_": null, "podzona_nu": "-", "sf_rayon": "-"}, "geometry": {"type": "MultiPoint", "coordinates": [[23.33086531, 42.672139215]]}}, {"type": "Feature", "properties": {"id": 22525, "objectid": 31407.0, "park_txt": "Надлъжн", "zona": "Зелена зона", "mestopoloz": "ул. Бабуна планина", "georef_201": "2018", "vid_txt_20": "Зона", "zabelezhka": null, "obekt": null, "dogovor_sr": null, "dogovor_nu": null, "type": null, "bezplatni_": null, "podzona_nu": "-", "sf_rayon": "-"}, "geometry": {"type": "MultiPoint", "coordinates": [[23.330895067, 42.672296472]]}}, {"type": "Feature", "properties": {"id": 22526, "objectid": 31408.0, "park_txt": "Надлъжн", "zona": "Зелена зона", "mestopoloz": "ул. Бабуна планина", "georef_201": "2018", "vid_txt_20": "Зона", "zabelezhka": null, "obekt": null, "dogovor_sr": null, "dogovor_nu": null, "type": null, "bezplatni_": null, "podzona_nu": "-", "sf_rayon": "-"}, "geometry": {"type": "MultiPoint", "coordinates": [[23.330885083, 42.672243713]]}}, {"type": "Feature", "properties": {"id": 22527, "objectid": 31409.0, "park_txt": "Надлъжн", "zona": "Зелена зона", "mestopoloz": "ул. Бабуна планина", "georef_201": "2018", "vid_txt_20": "Зона", "zabelezhka": null, "obekt": null, "dogovor_sr": null, "dogovor_nu": null, "type": null, "bezplatni_": null, "podzona_nu": "-", "sf_rayon": "-"}, "geometry": {"type": "MultiPoint", "coordinates": [[23.330875501, 42.672193076]]}}, {"type": "Feature", "properties": {"id": 22528, "objectid": 31410.0, "park_txt": "Надлъжн", "zona": "Зелена зона", "mestopoloz": "ул. Бабуна планина", "georef_201": "2018", "vid_txt_20": "Зона", "zabelezhka": null, "obekt": null, "dogovor_sr": null, "dogovor_nu": null, "type": null, "bezplatni_": null, "podzona_nu": "-", "sf_rayon": "-"}, "geometry": {"type": "MultiPoint", "coordinates": [[23.330904954, 42.672348725]]}}, {"type": "Feature", "properties": {"id": 22529, "objectid": 31411.0, "park_txt": "Надлъжн", "zona": "Зелена зона", "mestopoloz": "ул. Бабуна планина", "georef_201": "2018", "vid_txt_20": "Зона", "zabelezhka": null, "obekt": null, "dogovor_sr": null, "dogovor_nu": null, "type": null, "bezplatni_": null, "podzona_nu": "-", "sf_rayon": "-"}, "geometry": {"type": "MultiPoint", "coordinates": [[23.330689886, 42.671252563]]}}, {"type": "Feature", "properties": {"id": 22530, "objectid": 31412.0, "park_txt": "Надлъжн", "zona": "Зелена зона", "mestopoloz": "ул. Бабуна планина", "georef_201": "2018", "vid_txt_20": "Зона", "zabelezhka": null, "obekt": null, "dogovor_sr": null, "dogovor_nu": null, "type": null, "bezplatni_": null, "podzona_nu": "-", "sf_rayon": "-"}, "geometry": {"type": "MultiPoint", "coordinates": [[23.330680041, 42.671200085]]}}, {"type": "Feature", "properties": {"id": 22531, "objectid": 31413.0, "park_txt": "Надлъжн", "zona": "Зелена зона", "mestopoloz": "ул. Бабуна планина", "georef_201": "2018", "vid_txt_20": "Зона", "zabelezhka": null, "obekt": null, "dogovor_sr": null, "dogovor_nu": null, "type": null, "bezplatni_": null, "podzona_nu": "-", "sf_rayon": "-"}, "geometry": {"type": "MultiPoint", "coordinates": [[23.330669862, 42.671146913]]}}, {"type": "Feature", "properties": {"id": 22532, "objectid": 31415.0, "park_txt": "Надлъжн", "zona": "Зелена зона", "mestopoloz": "ул. Бабуна планина", "georef_201": "2018", "vid_txt_20": "Зона", "zabelezhka": null, "obekt": null, "dogovor_sr": null, "dogovor_nu": null, "type": null, "bezplatni_": null, "podzona_nu": "-", "sf_rayon": "-"}, "geometry": {"type": "MultiPoint", "coordinates": [[23.330743794, 42.671517109]]}}, {"type": "Feature", "properties": {"id": 22533, "objectid": 31416.0, "park_txt": "Надлъжн", "zona": "Зелена зона", "mestopoloz": "ул. Бабуна планина", "georef_201": "2018", "vid_txt_20": "Зона", "zabelezhka": null, "obekt": null, "dogovor_sr": null, "dogovor_nu": null, "type": null, "bezplatni_": null, "podzona_nu": "-", "sf_rayon": "-"}, "geometry": {"type": "MultiPoint", "coordinates": [[23.330735425, 42.671468758]]}}, {"type": "Feature", "properties": {"id": 22534, "objectid": 31417.0, "park_txt": "Надлъжн", "zona": "Зелена зона", "mestopoloz": "ул. Бабуна планина", "georef_201": "2018", "vid_txt_20": "Зона", "zabelezhka": null, "obekt": null, "dogovor_sr": null, "dogovor_nu": null, "type": null, "bezplatni_": null, "podzona_nu": "-", "sf_rayon": "-"}, "geometry": {"type": "MultiPoint", "coordinates": [[23.330725972, 42.671418199]]}}, {"type": "Feature", "properties": {"id": 22535, "objectid": 31418.0, "park_txt": "Надлъжн", "zona": "Зелена зона", "mestopoloz": "ул. Бабуна планина", "georef_201": "2018", "vid_txt_20": "Зона", "zabelezhka": null, "obekt": null, "dogovor_sr": null, "dogovor_nu": null, "type": null, "bezplatni_": null, "podzona_nu": "-", "sf_rayon": "-"}, "geometry": {"type": "MultiPoint", "coordinates": [[23.330753321, 42.671571847]]}}, {"type": "Feature", "properties": {"id": 22536, "objectid": 31419.0, "park_txt": "Надлъжн", "zona": "Зелена зона", "mestopoloz": "ул. Бабуна планина", "georef_201": "2018", "vid_txt_20": "Зона", "zabelezhka": null, "obekt": null, "dogovor_sr": null, "dogovor_nu": null, "type": null, "bezplatni_": null, "podzona_nu": "-", "sf_rayon": "-"}, "geometry": {"type": "MultiPoint", "coordinates": [[23.330639459, 42.670977899]]}}, {"type": "Feature", "properties": {"id": 22537, "objectid": 31420.0, "park_txt": "Надлъжн", "zona": "Зелена зона", "mestopoloz": "ул. Бабуна планина", "georef_201": "2018", "vid_txt_20": "Зона", "zabelezhka": null, "obekt": null, "dogovor_sr": null, "dogovor_nu": null, "type": null, "bezplatni_": null, "podzona_nu": "-", "sf_rayon": "-"}, "geometry": {"type": "MultiPoint", "coordinates": [[23.33062928, 42.670924728]]}}, {"type": "Feature", "properties": {"id": 22538, "objectid": 31436.0, "park_txt": "Надлъжн", "zona": "Зелена зона", "mestopoloz": "ул. Кораб планина", "georef_201": "2018", "vid_txt_20": "Зона", "zabelezhka": null, "obekt": null, "dogovor_sr": null, "dogovor_nu": null, "type": null, "bezplatni_": null, "podzona_nu": "-", "sf_rayon": "-"}, "geometry": {"type": "MultiPoint", "coordinates": [[23.331326159, 42.671611356]]}}, {"type": "Feature", "properties": {"id": 22539, "objectid": 31437.0, "park_txt": "Надлъжн", "zona": "Зелена зона", "mestopoloz": "ул. Кораб планина", "georef_201": "2018", "vid_txt_20": "Зона", "zabelezhka": null, "obekt": null, "dogovor_sr": null, "dogovor_nu": null, "type": null, "bezplatni_": null, "podzona_nu": "-", "sf_rayon": "-"}, "geometry": {"type": "MultiPoint", "coordinates": [[23.331401132, 42.671604853]]}}, {"type": "Feature", "properties": {"id": 22540, "objectid": 31438.0, "park_txt": "Надлъжн", "zona": "Зелена зона", "mestopoloz": "ул. Кораб планина", "georef_201": "2018", "vid_txt_20": "Зона", "zabelezhka": null, "obekt": null, "dogovor_sr": null, "dogovor_nu": null, "type": null, "bezplatni_": null, "podzona_nu": "-", "sf_rayon": "-"}, "geometry": {"type": "MultiPoint", "coordinates": [[23.331473503, 42.671598575]]}}, {"type": "Feature", "properties": {"id": 22541, "objectid": 31439.0, "park_txt": "Надлъжн", "zona": "Зелена зона", "mestopoloz": "ул. Кораб планина", "georef_201": "2018", "vid_txt_20": "Зона", "zabelezhka": null, "obekt": null, "dogovor_sr": null, "dogovor_nu": null, "type": null, "bezplatni_": null, "podzona_nu": "-", "sf_rayon": "-"}, "geometry": {"type": "MultiPoint", "coordinates": [[23.331547361, 42.671592168]]}}, {"type": "Feature", "properties": {"id": 22542, "objectid": 31440.0, "park_txt": "Надлъжн", "zona": "Зелена зона", "mestopoloz": "ул. Кораб планина", "georef_201": "2018", "vid_txt_20": "Зона", "zabelezhka": null, "obekt": null, "dogovor_sr": null, "dogovor_nu": null, "type": null, "bezplatni_": null, "podzona_nu": "-", "sf_rayon": "-"}, "geometry": {"type": "MultiPoint", "coordinates": [[23.331620177, 42.671585851]]}}, {"type": "Feature", "properties": {"id": 22543, "objectid": 31441.0, "park_txt": "Надлъжн", "zona": "Зелена зона", "mestopoloz": "ул. Кораб планина", "georef_201": "2018", "vid_txt_20": "Зона", "zabelezhka": null, "obekt": null, "dogovor_sr": null, "dogovor_nu": null, "type": null, "bezplatni_": null, "podzona_nu": "-", "sf_rayon": "-"}, "geometry": {"type": "MultiPoint", "coordinates": [[23.331691041, 42.671579704]]}}, {"type": "Feature", "properties": {"id": 22544, "objectid": 31442.0, "park_txt": "Надлъжн", "zona": "Зелена зона", "mestopoloz": "ул. Кораб планина", "georef_201": "2018", "vid_txt_20": "Зона", "zabelezhka": null, "obekt": null, "dogovor_sr": null, "dogovor_nu": null, "type": null, "bezplatni_": null, "podzona_nu": "-", "sf_rayon": "-"}, "geometry": {"type": "MultiPoint", "coordinates": [[23.330947979, 42.671644497]]}}, {"type": "Feature", "properties": {"id": 22545, "objectid": 31443.0, "park_txt": "Надлъжн", "zona": "Зелена зона", "mestopoloz": "ул. Кораб планина", "georef_201": "2018", "vid_txt_20": "Зона", "zabelezhka": null, "obekt": null, "dogovor_sr": null, "dogovor_nu": null, "type": null, "bezplatni_": null, "podzona_nu": "-", "sf_rayon": "-"}, "geometry": {"type": "MultiPoint", "coordinates": [[23.331022675, 42.671637347]]}}, {"type": "Feature", "properties": {"id": 22546, "objectid": 31444.0, "park_txt": "Надлъжн", "zona": "Зелена зона", "mestopoloz": "ул. Кораб планина", "georef_201": "2018", "vid_txt_20": "Инвалид", "zabelezhka": "-", "obekt": "-", "dogovor_sr": "-", "dogovor_nu": "-", "type": "-", "bezplatni_": "-", "podzona_nu": "-", "sf_rayon": "-"}, "geometry": {"type": "MultiPoint", "coordinates": [[23.33115937, 42.671625824]]}}, {"type": "Feature", "properties": {"id": 22547, "objectid": 31445.0, "park_txt": "Надлъжн", "zona": "Зелена зона", "mestopoloz": "ул. Кораб планина", "georef_201": "2018", "vid_txt_20": "Зона", "zabelezhka": null, "obekt": null, "dogovor_sr": null, "dogovor_nu": null, "type": null, "bezplatni_": null, "podzona_nu": "-", "sf_rayon": "-"}, "geometry": {"type": "MultiPoint", "coordinates": [[23.331904727, 42.671559914]]}}, {"type": "Feature", "properties": {"id": 22548, "objectid": 31446.0, "park_txt": "Надлъжн", "zona": "Зелена зона", "mestopoloz": "ул. Кораб планина", "georef_201": "2018", "vid_txt_20": "Зона", "zabelezhka": null, "obekt": null, "dogovor_sr": null, "dogovor_nu": null, "type": null, "bezplatni_": null, "podzona_nu": "-", "sf_rayon": "-"}, "geometry": {"type": "MultiPoint", "coordinates": [[23.331977098, 42.671553636]]}}, {"type": "Feature", "properties": {"id": 22549, "objectid": 31447.0, "park_txt": "Надлъжн", "zona": "Зелена зона", "mestopoloz": "ул. Кораб планина", "georef_201": "2018", "vid_txt_20": "Зона", "zabelezhka": null, "obekt": null, "dogovor_sr": null, "dogovor_nu": null, "type": null, "bezplatni_": null, "podzona_nu": "-", "sf_rayon": "-"}, "geometry": {"type": "MultiPoint", "coordinates": [[23.332050956, 42.671547229]]}}, {"type": "Feature", "properties": {"id": 22550, "objectid": 31448.0, "park_txt": "Надлъжн", "zona": "Зелена зона", "mestopoloz": "ул. Кораб планина", "georef_201": "2018", "vid_txt_20": "Зона", "zabelezhka": null, "obekt": null, "dogovor_sr": null, "dogovor_nu": null, "type": null, "bezplatni_": null, "podzona_nu": "-", "sf_rayon": "-"}, "geometry": {"type": "MultiPoint", "coordinates": [[23.332123771, 42.671540912]]}}, {"type": "Feature", "properties": {"id": 22551, "objectid": 31449.0, "park_txt": "Надлъжн", "zona": "Зелена зона", "mestopoloz": "ул. Кораб планина", "georef_201": "2018", "vid_txt_20": "Зона", "zabelezhka": null, "obekt": null, "dogovor_sr": null, "dogovor_nu": null, "type": null, "bezplatni_": null, "podzona_nu": "-", "sf_rayon": "-"}, "geometry": {"type": "MultiPoint", "coordinates": [[23.332194635, 42.671534764]]}}, {"type": "Feature", "properties": {"id": 22552, "objectid": 31450.0, "park_txt": "Надлъжн", "zona": "Зелена зона", "mestopoloz": "ул. Кораб планина", "georef_201": "2018", "vid_txt_20": "Зона", "zabelezhka": null, "obekt": null, "dogovor_sr": null, "dogovor_nu": null, "type": null, "bezplatni_": null, "podzona_nu": "-", "sf_rayon": "-"}, "geometry": {"type": "MultiPoint", "coordinates": [[23.332273441, 42.671527827]]}}, {"type": "Feature", "properties": {"id": 22553, "objectid": 31451.0, "park_txt": "Надлъжн", "zona": "Зелена зона", "mestopoloz": "ул. Кораб планина", "georef_201": "2018", "vid_txt_20": "Зона", "zabelezhka": null, "obekt": null, "dogovor_sr": null, "dogovor_nu": null, "type": null, "bezplatni_": null, "podzona_nu": "-", "sf_rayon": "-"}, "geometry": {"type": "MultiPoint", "coordinates": [[23.332345682, 42.671521367]]}}, {"type": "Feature", "properties": {"id": 22554, "objectid": 31452.0, "park_txt": "Надлъжн", "zona": "Зелена зона", "mestopoloz": "ул. Кораб планина", "georef_201": "2018", "vid_txt_20": "Инвалид", "zabelezhka": "-", "obekt": "-", "dogovor_sr": "-", "dogovor_nu": "-", "type": "-", "bezplatni_": "-", "podzona_nu": "-", "sf_rayon": "-"}, "geometry": {"type": "MultiPoint", "coordinates": [[23.332416258, 42.671514826]]}}, {"type": "Feature", "properties": {"id": 22555, "objectid": 31453.0, "park_txt": "Надлъжн", "zona": "Зелена зона", "mestopoloz": "ул. Кораб планина бл. 66А вх.А ет.5 ап.12", "georef_201": "2018", "vid_txt_20": "ПИМ", "zabelezhka": "-", "obekt": "-", "dogovor_sr": "-", "dogovor_nu": "-", "type": "-", "bezplatni_": "-", "podzona_nu": "-", "sf_rayon": "-"}, "geometry": {"type": "MultiPoint", "coordinates": [[23.332491217, 42.671507879]]}}, {"type": "Feature", "properties": {"id": 22556, "objectid": 31455.0, "park_txt": "Надлъжн", "zona": "Зелена зона", "mestopoloz": "ул. Кораб планина", "georef_201": "2018", "vid_txt_20": "Зона", "zabelezhka": null, "obekt": null, "dogovor_sr": null, "dogovor_nu": null, "type": null, "bezplatni_": null, "podzona_nu": "-", "sf_rayon": "-"}, "geometry": {"type": "MultiPoint", "coordinates": [[23.332646765, 42.67149303]]}}, {"type": "Feature", "properties": {"id": 22557, "objectid": 31456.0, "park_txt": "Надлъжн", "zona": "Зелена зона", "mestopoloz": "ул. Кораб планина", "georef_201": "2018", "vid_txt_20": "Зона", "zabelezhka": null, "obekt": null, "dogovor_sr": null, "dogovor_nu": null, "type": null, "bezplatni_": null, "podzona_nu": "-", "sf_rayon": "-"}, "geometry": {"type": "MultiPoint", "coordinates": [[23.332723239, 42.671486374]]}}, {"type": "Feature", "properties": {"id": 22558, "objectid": 31457.0, "park_txt": "Надлъжн", "zona": "Зелена зона", "mestopoloz": "ул. Кораб планина", "georef_201": "2018", "vid_txt_20": "Зона", "zabelezhka": null, "obekt": null, "dogovor_sr": null, "dogovor_nu": null, "type": null, "bezplatni_": null, "podzona_nu": "-", "sf_rayon": "-"}, "geometry": {"type": "MultiPoint", "coordinates": [[23.332795023, 42.671479722]]}}, {"type": "Feature", "properties": {"id": 22559, "objectid": 31458.0, "park_txt": "Надлъжн", "zona": "Зелена зона", "mestopoloz": "ул. Бигла", "georef_201": "2018", "vid_txt_20": "Зона", "zabelezhka": null, "obekt": null, "dogovor_sr": null, "dogovor_nu": null, "type": null, "bezplatni_": null, "podzona_nu": "-", "sf_rayon": "-"}, "geometry": {"type": "MultiPoint", "coordinates": [[23.32889143, 42.670927433]]}}, {"type": "Feature", "properties": {"id": 22560, "objectid": 31462.0, "park_txt": "Надлъжн", "zona": "Зелена зона", "mestopoloz": "ул. Бигла", "georef_201": "2018", "vid_txt_20": "Зона", "zabelezhka": null, "obekt": null, "dogovor_sr": null, "dogovor_nu": null, "type": null, "bezplatni_": null, "podzona_nu": "-", "sf_rayon": "-"}, "geometry": {"type": "MultiPoint", "coordinates": [[23.32882085, 42.670931929]]}}, {"type": "Feature", "properties": {"id": 22561, "objectid": 31463.0, "park_txt": "Надлъжн", "zona": "Зелена зона", "mestopoloz": "ул. Бигла", "georef_201": "2018", "vid_txt_20": "Зона", "zabelezhka": null, "obekt": null, "dogovor_sr": null, "dogovor_nu": null, "type": null, "bezplatni_": null, "podzona_nu": "-", "sf_rayon": "-"}, "geometry": {"type": "MultiPoint", "coordinates": [[23.329147249, 42.670911139]]}}, {"type": "Feature", "properties": {"id": 22562, "objectid": 31464.0, "park_txt": "Надлъжн", "zona": "Зелена зона", "mestopoloz": "ул. Бигла", "georef_201": "2018", "vid_txt_20": "Зона", "zabelezhka": null, "obekt": null, "dogovor_sr": null, "dogovor_nu": null, "type": null, "bezplatni_": null, "podzona_nu": "-", "sf_rayon": "-"}, "geometry": {"type": "MultiPoint", "coordinates": [[23.329076668, 42.670915635]]}}, {"type": "Feature", "properties": {"id": 22563, "objectid": 31465.0, "park_txt": "Надлъжн", "zona": "Зелена зона", "mestopoloz": "ул. Бигла", "georef_201": "2018", "vid_txt_20": "Зона", "zabelezhka": null, "obekt": null, "dogovor_sr": null, "dogovor_nu": null, "type": null, "bezplatni_": null, "podzona_nu": "-", "sf_rayon": "-"}, "geometry": {"type": "MultiPoint", "coordinates": [[23.329218668, 42.670906591]]}}, {"type": "Feature", "properties": {"id": 22564, "objectid": 31466.0, "park_txt": "Надлъжн", "zona": "Зелена зона", "mestopoloz": "ул. Бигла", "georef_201": "2018", "vid_txt_20": "Инвалид", "zabelezhka": "-", "obekt": "-", "dogovor_sr": "-", "dogovor_nu": "-", "type": "-", "bezplatni_": "-", "podzona_nu": "-", "sf_rayon": "-"}, "geometry": {"type": "MultiPoint", "coordinates": [[23.329372625, 42.670895242]]}}, {"type": "Feature", "properties": {"id": 22565, "objectid": 31467.0, "park_txt": "Надлъжн", "zona": "Зелена зона", "mestopoloz": "ул. Бигла", "georef_201": "2018", "vid_txt_20": "Зона", "zabelezhka": null, "obekt": null, "dogovor_sr": null, "dogovor_nu": null, "type": null, "bezplatni_": null, "podzona_nu": "-", "sf_rayon": "-"}, "geometry": {"type": "MultiPoint", "coordinates": [[23.329522257, 42.670884445]]}}, {"type": "Feature", "properties": {"id": 22566, "objectid": 31468.0, "park_txt": "Надлъжн", "zona": "Зелена зона", "mestopoloz": "ул. Бигла", "georef_201": "2018", "vid_txt_20": "Зона", "zabelezhka": null, "obekt": null, "dogovor_sr": null, "dogovor_nu": null, "type": null, "bezplatni_": null, "podzona_nu": "-", "sf_rayon": "-"}, "geometry": {"type": "MultiPoint", "coordinates": [[23.329451469, 42.670889552]]}}, {"type": "Feature", "properties": {"id": 22567, "objectid": 31469.0, "park_txt": "Надлъжн", "zona": "Зелена зона", "mestopoloz": "ул. Бигла", "georef_201": "2018", "vid_txt_20": "Зона", "zabelezhka": null, "obekt": null, "dogovor_sr": null, "dogovor_nu": null, "type": null, "bezplatni_": null, "podzona_nu": "-", "sf_rayon": "-"}, "geometry": {"type": "MultiPoint", "coordinates": [[23.32959338, 42.670879313]]}}, {"type": "Feature", "properties": {"id": 22568, "objectid": 31470.0, "park_txt": "Надлъжн", "zona": "Зелена зона", "mestopoloz": "ул. Бигла", "georef_201": "2018", "vid_txt_20": "Зона", "zabelezhka": null, "obekt": null, "dogovor_sr": null, "dogovor_nu": null, "type": null, "bezplatni_": null, "podzona_nu": "-", "sf_rayon": "-"}, "geometry": {"type": "MultiPoint", "coordinates": [[23.329732759, 42.670869257]]}}, {"type": "Feature", "properties": {"id": 22569, "objectid": 31471.0, "park_txt": "Надлъжн", "zona": "Зелена зона", "mestopoloz": "ул. Бигла", "georef_201": "2018", "vid_txt_20": "Зона", "zabelezhka": null, "obekt": null, "dogovor_sr": null, "dogovor_nu": null, "type": null, "bezplatni_": null, "podzona_nu": "-", "sf_rayon": "-"}, "geometry": {"type": "MultiPoint", "coordinates": [[23.32966204, 42.670874359]]}}, {"type": "Feature", "properties": {"id": 22570, "objectid": 31472.0, "park_txt": "Надлъжн", "zona": "Зелена зона", "mestopoloz": "ул. Бигла", "georef_201": "2018", "vid_txt_20": "Зона", "zabelezhka": null, "obekt": null, "dogovor_sr": null, "dogovor_nu": null, "type": null, "bezplatni_": null, "podzona_nu": "-", "sf_rayon": "-"}, "geometry": {"type": "MultiPoint", "coordinates": [[23.329804027, 42.670864115]]}}, {"type": "Feature", "properties": {"id": 22571, "objectid": 31473.0, "park_txt": "Надлъжн", "zona": "Зелена зона", "mestopoloz": "ул. Бигла", "georef_201": "2018", "vid_txt_20": "Зона", "zabelezhka": null, "obekt": null, "dogovor_sr": null, "dogovor_nu": null, "type": null, "bezplatni_": null, "podzona_nu": "-", "sf_rayon": "-"}, "geometry": {"type": "MultiPoint", "coordinates": [[23.329945471, 42.670855021]]}}, {"type": "Feature", "properties": {"id": 22572, "objectid": 31474.0, "park_txt": "Надлъжн", "zona": "Зелена зона", "mestopoloz": "ул. Бигла", "georef_201": "2018", "vid_txt_20": "Зона", "zabelezhka": null, "obekt": null, "dogovor_sr": null, "dogovor_nu": null, "type": null, "bezplatni_": null, "podzona_nu": "-", "sf_rayon": "-"}, "geometry": {"type": "MultiPoint", "coordinates": [[23.32987489, 42.670859518]]}}, {"type": "Feature", "properties": {"id": 22573, "objectid": 31475.0, "park_txt": "Надлъжн", "zona": "Зелена зона", "mestopoloz": "ул. Бигла", "georef_201": "2018", "vid_txt_20": "Зона", "zabelezhka": null, "obekt": null, "dogovor_sr": null, "dogovor_nu": null, "type": null, "bezplatni_": null, "podzona_nu": "-", "sf_rayon": "-"}, "geometry": {"type": "MultiPoint", "coordinates": [[23.330154493, 42.670842602]]}}, {"type": "Feature", "properties": {"id": 22574, "objectid": 31476.0, "park_txt": "Надлъжн", "zona": "Зелена зона", "mestopoloz": "ул. Бигла", "georef_201": "2018", "vid_txt_20": "Зона", "zabelezhka": null, "obekt": null, "dogovor_sr": null, "dogovor_nu": null, "type": null, "bezplatni_": null, "podzona_nu": "-", "sf_rayon": "-"}, "geometry": {"type": "MultiPoint", "coordinates": [[23.330293871, 42.670832546]]}}, {"type": "Feature", "properties": {"id": 22575, "objectid": 31477.0, "park_txt": "Надлъжн", "zona": "Зелена зона", "mestopoloz": "ул. Бигла", "georef_201": "2018", "vid_txt_20": "Зона", "zabelezhka": null, "obekt": null, "dogovor_sr": null, "dogovor_nu": null, "type": null, "bezplatni_": null, "podzona_nu": "-", "sf_rayon": "-"}, "geometry": {"type": "MultiPoint", "coordinates": [[23.330223152, 42.670837649]]}}, {"type": "Feature", "properties": {"id": 22576, "objectid": 31478.0, "park_txt": "Надлъжн", "zona": "Зелена зона", "mestopoloz": "ул. Бигла", "georef_201": "2018", "vid_txt_20": "Зона", "zabelezhka": null, "obekt": null, "dogovor_sr": null, "dogovor_nu": null, "type": null, "bezplatni_": null, "podzona_nu": "-", "sf_rayon": "-"}, "geometry": {"type": "MultiPoint", "coordinates": [[23.330365139, 42.670827403]]}}, {"type": "Feature", "properties": {"id": 22577, "objectid": 31479.0, "park_txt": "Надлъжн", "zona": "Зелена зона", "mestopoloz": "ул. Бигла", "georef_201": "2018", "vid_txt_20": "Инвалид", "zabelezhka": "-", "obekt": "-", "dogovor_sr": "-", "dogovor_nu": "-", "type": "-", "bezplatni_": "-", "podzona_nu": "-", "sf_rayon": "-"}, "geometry": {"type": "MultiPoint", "coordinates": [[23.330506583, 42.670818309]]}}, {"type": "Feature", "properties": {"id": 22578, "objectid": 31480.0, "park_txt": "Надлъжн", "zona": "Зелена зона", "mestopoloz": "ул. Бигла", "georef_201": "2018", "vid_txt_20": "Зона", "zabelezhka": null, "obekt": null, "dogovor_sr": null, "dogovor_nu": null, "type": null, "bezplatni_": null, "podzona_nu": "-", "sf_rayon": "-"}, "geometry": {"type": "MultiPoint", "coordinates": [[23.330436002, 42.670822806]]}}, {"type": "Feature", "properties": {"id": 22579, "objectid": 31481.0, "park_txt": "Надлъжн", "zona": "Зелена зона", "mestopoloz": "ул. Бигла", "georef_201": "2018", "vid_txt_20": "Зона", "zabelezhka": null, "obekt": null, "dogovor_sr": null, "dogovor_nu": null, "type": null, "bezplatni_": null, "podzona_nu": "-", "sf_rayon": "-"}, "geometry": {"type": "MultiPoint", "coordinates": [[23.330780811, 42.670801856]]}}, {"type": "Feature", "properties": {"id": 22580, "objectid": 31482.0, "park_txt": "Надлъжн", "zona": "Зелена зона", "mestopoloz": "ул. Бигла", "georef_201": "2018", "vid_txt_20": "Зона", "zabelezhka": null, "obekt": null, "dogovor_sr": null, "dogovor_nu": null, "type": null, "bezplatni_": null, "podzona_nu": "-", "sf_rayon": "-"}, "geometry": {"type": "MultiPoint", "coordinates": [[23.330710024, 42.670806964]]}}, {"type": "Feature", "properties": {"id": 22581, "objectid": 31483.0, "park_txt": "Надлъжн", "zona": "Зелена зона", "mestopoloz": "ул. Бигла", "georef_201": "2018", "vid_txt_20": "Зона", "zabelezhka": null, "obekt": null, "dogovor_sr": null, "dogovor_nu": null, "type": null, "bezplatni_": null, "podzona_nu": "-", "sf_rayon": "-"}, "geometry": {"type": "MultiPoint", "coordinates": [[23.330851934, 42.670796723]]}}, {"type": "Feature", "properties": {"id": 22582, "objectid": 31484.0, "park_txt": "Надлъжн", "zona": "Зелена зона", "mestopoloz": "ул. Бигла", "georef_201": "2018", "vid_txt_20": "Зона", "zabelezhka": null, "obekt": null, "dogovor_sr": null, "dogovor_nu": null, "type": null, "bezplatni_": null, "podzona_nu": "-", "sf_rayon": "-"}, "geometry": {"type": "MultiPoint", "coordinates": [[23.330991312, 42.670786665]]}}, {"type": "Feature", "properties": {"id": 22583, "objectid": 31485.0, "park_txt": "Надлъжн", "zona": "Зелена зона", "mestopoloz": "ул. Бигла", "georef_201": "2018", "vid_txt_20": "Зона", "zabelezhka": null, "obekt": null, "dogovor_sr": null, "dogovor_nu": null, "type": null, "bezplatni_": null, "podzona_nu": "-", "sf_rayon": "-"}, "geometry": {"type": "MultiPoint", "coordinates": [[23.330920593, 42.670791769]]}}, {"type": "Feature", "properties": {"id": 22584, "objectid": 31486.0, "park_txt": "Надлъжн", "zona": "Зелена зона", "mestopoloz": "ул. Бигла", "georef_201": "2018", "vid_txt_20": "Зона", "zabelezhka": null, "obekt": null, "dogovor_sr": null, "dogovor_nu": null, "type": null, "bezplatni_": null, "podzona_nu": "-", "sf_rayon": "-"}, "geometry": {"type": "MultiPoint", "coordinates": [[23.33106258, 42.670781523]]}}, {"type": "Feature", "properties": {"id": 22585, "objectid": 31487.0, "park_txt": "Надлъжн", "zona": "Зелена зона", "mestopoloz": "ул. Бигла", "georef_201": "2018", "vid_txt_20": "Зона", "zabelezhka": null, "obekt": null, "dogovor_sr": null, "dogovor_nu": null, "type": null, "bezplatni_": null, "podzona_nu": "-", "sf_rayon": "-"}, "geometry": {"type": "MultiPoint", "coordinates": [[23.331204024, 42.670772428]]}}, {"type": "Feature", "properties": {"id": 22586, "objectid": 31488.0, "park_txt": "Надлъжн", "zona": "Зелена зона", "mestopoloz": "ул. Бигла", "georef_201": "2018", "vid_txt_20": "Зона", "zabelezhka": null, "obekt": null, "dogovor_sr": null, "dogovor_nu": null, "type": null, "bezplatni_": null, "podzona_nu": "-", "sf_rayon": "-"}, "geometry": {"type": "MultiPoint", "coordinates": [[23.331133444, 42.670776925]]}}, {"type": "Feature", "properties": {"id": 22587, "objectid": 31489.0, "park_txt": "Надлъжн", "zona": "Зелена зона", "mestopoloz": "ул. Бигла", "georef_201": "2018", "vid_txt_20": "Зона", "zabelezhka": null, "obekt": null, "dogovor_sr": null, "dogovor_nu": null, "type": null, "bezplatni_": null, "podzona_nu": "-", "sf_rayon": "-"}, "geometry": {"type": "MultiPoint", "coordinates": [[23.331272945, 42.670768313]]}}, {"type": "Feature", "properties": {"id": 22588, "objectid": 31490.0, "park_txt": "Надлъжн", "zona": "Зелена зона", "mestopoloz": "ул. Бигла", "georef_201": "2018", "vid_txt_20": "Зона", "zabelezhka": null, "obekt": null, "dogovor_sr": null, "dogovor_nu": null, "type": null, "bezplatni_": null, "podzona_nu": "-", "sf_rayon": "-"}, "geometry": {"type": "MultiPoint", "coordinates": [[23.332085297, 42.670712668]]}}, {"type": "Feature", "properties": {"id": 22589, "objectid": 31491.0, "park_txt": "Надлъжн", "zona": "Зелена зона", "mestopoloz": "ул. Бигла", "georef_201": "2018", "vid_txt_20": "Зона", "zabelezhka": null, "obekt": null, "dogovor_sr": null, "dogovor_nu": null, "type": null, "bezplatni_": null, "podzona_nu": "-", "sf_rayon": "-"}, "geometry": {"type": "MultiPoint", "coordinates": [[23.332014578, 42.670717772]]}}, {"type": "Feature", "properties": {"id": 22590, "objectid": 31492.0, "park_txt": "Надлъжн", "zona": "Зелена зона", "mestopoloz": "ул. Бигла", "georef_201": "2018", "vid_txt_20": "Зона", "zabelezhka": null, "obekt": null, "dogovor_sr": null, "dogovor_nu": null, "type": null, "bezplatni_": null, "podzona_nu": "-", "sf_rayon": "-"}, "geometry": {"type": "MultiPoint", "coordinates": [[23.332156565, 42.670707525]]}}, {"type": "Feature", "properties": {"id": 22591, "objectid": 31493.0, "park_txt": "Надлъжн", "zona": "Зелена зона", "mestopoloz": "ул. Бигла", "georef_201": "2018", "vid_txt_20": "Зона", "zabelezhka": null, "obekt": null, "dogovor_sr": null, "dogovor_nu": null, "type": null, "bezplatni_": null, "podzona_nu": "-", "sf_rayon": "-"}, "geometry": {"type": "MultiPoint", "coordinates": [[23.332298009, 42.670698428]]}}, {"type": "Feature", "properties": {"id": 22592, "objectid": 31494.0, "park_txt": "Надлъжн", "zona": "Зелена зона", "mestopoloz": "ул. Бигла", "georef_201": "2018", "vid_txt_20": "Зона", "zabelezhka": null, "obekt": null, "dogovor_sr": null, "dogovor_nu": null, "type": null, "bezplatni_": null, "podzona_nu": "-", "sf_rayon": "-"}, "geometry": {"type": "MultiPoint", "coordinates": [[23.332227428, 42.670702927]]}}, {"type": "Feature", "properties": {"id": 22593, "objectid": 31495.0, "park_txt": "Надлъжн", "zona": "Зелена зона", "mestopoloz": "ул. Бигла", "georef_201": "2018", "vid_txt_20": "Инвалид", "zabelezhka": "-", "obekt": "-", "dogovor_sr": "-", "dogovor_nu": "-", "type": "-", "bezplatni_": "-", "podzona_nu": "-", "sf_rayon": "-"}, "geometry": {"type": "MultiPoint", "coordinates": [[23.332366929, 42.670694313]]}}, {"type": "Feature", "properties": {"id": 22594, "objectid": 31496.0, "park_txt": "Напречн", "zona": "Зелена зона", "mestopoloz": "междублоково при ул. Златовръх", "georef_201": "2018", "vid_txt_20": "Зона", "zabelezhka": null, "obekt": null, "dogovor_sr": null, "dogovor_nu": null, "type": null, "bezplatni_": null, "podzona_nu": "-", "sf_rayon": "-"}, "geometry": {"type": "MultiPoint", "coordinates": [[23.332537033, 42.672030018]]}}, {"type": "Feature", "properties": {"id": 22595, "objectid": 31497.0, "park_txt": "Напречн", "zona": "Зелена зона", "mestopoloz": "междублоково при ул. Златовръх", "georef_201": "2018", "vid_txt_20": "Зона", "zabelezhka": null, "obekt": null, "dogovor_sr": null, "dogovor_nu": null, "type": null, "bezplatni_": null, "podzona_nu": "-", "sf_rayon": "-"}, "geometry": {"type": "MultiPoint", "coordinates": [[23.332565479, 42.672029405]]}}, {"type": "Feature", "properties": {"id": 22596, "objectid": 31498.0, "park_txt": "Напречн", "zona": "Зелена зона", "mestopoloz": "междублоково при ул. Златовръх", "georef_201": "2018", "vid_txt_20": "Зона", "zabelezhka": null, "obekt": null, "dogovor_sr": null, "dogovor_nu": null, "type": null, "bezplatni_": null, "podzona_nu": "-", "sf_rayon": "-"}, "geometry": {"type": "MultiPoint", "coordinates": [[23.33259137, 42.672028329]]}}, {"type": "Feature", "properties": {"id": 22597, "objectid": 31499.0, "park_txt": "Напречн", "zona": "Зелена зона", "mestopoloz": "междублоково при ул. Златовръх", "georef_201": "2018", "vid_txt_20": "Зона", "zabelezhka": null, "obekt": null, "dogovor_sr": null, "dogovor_nu": null, "type": null, "bezplatni_": null, "podzona_nu": "-", "sf_rayon": "-"}, "geometry": {"type": "MultiPoint", "coordinates": [[23.332619816, 42.672027717]]}}, {"type": "Feature", "properties": {"id": 22598, "objectid": 31500.0, "park_txt": "Напречн", "zona": "Зелена зона", "mestopoloz": "междублоково при ул. Златовръх", "georef_201": "2018", "vid_txt_20": "Зона", "zabelezhka": null, "obekt": null, "dogovor_sr": null, "dogovor_nu": null, "type": null, "bezplatni_": null, "podzona_nu": "-", "sf_rayon": "-"}, "geometry": {"type": "MultiPoint", "coordinates": [[23.332648319, 42.672026152]]}}, {"type": "Feature", "properties": {"id": 22599, "objectid": 31501.0, "park_txt": "Напречн", "zona": "Зелена зона", "mestopoloz": "междублоково при ул. Златовръх", "georef_201": "2018", "vid_txt_20": "Зона", "zabelezhka": null, "obekt": null, "dogovor_sr": null, "dogovor_nu": null, "type": null, "bezplatni_": null, "podzona_nu": "-", "sf_rayon": "-"}, "geometry": {"type": "MultiPoint", "coordinates": [[23.332676765, 42.67202554]]}}, {"type": "Feature", "properties": {"id": 22600, "objectid": 31502.0, "park_txt": "Напречн", "zona": "Зелена зона", "mestopoloz": "междублоково при ул. Златовръх", "georef_201": "2018", "vid_txt_20": "Зона", "zabelezhka": null, "obekt": null, "dogovor_sr": null, "dogovor_nu": null, "type": null, "bezplatni_": null, "podzona_nu": "-", "sf_rayon": "-"}, "geometry": {"type": "MultiPoint", "coordinates": [[23.332702656, 42.672024464]]}}, {"type": "Feature", "properties": {"id": 22601, "objectid": 31503.0, "park_txt": "Напречн", "zona": "Зелена зона", "mestopoloz": "междублоково при ул. Златовръх", "georef_201": "2018", "vid_txt_20": "Зона", "zabelezhka": null, "obekt": null, "dogovor_sr": null, "dogovor_nu": null, "type": null, "bezplatni_": null, "podzona_nu": "-", "sf_rayon": "-"}, "geometry": {"type": "MultiPoint", "coordinates": [[23.332730877, 42.672023272]]}}, {"type": "Feature", "properties": {"id": 22602, "objectid": 31504.0, "park_txt": "Напречн", "zona": "Зелена зона", "mestopoloz": "междублоково при ул. Златовръх", "georef_201": "2018", "vid_txt_20": "Зона", "zabelezhka": null, "obekt": null, "dogovor_sr": null, "dogovor_nu": null, "type": null, "bezplatni_": null, "podzona_nu": "-", "sf_rayon": "-"}, "geometry": {"type": "MultiPoint", "coordinates": [[23.33275938, 42.672021708]]}}, {"type": "Feature", "properties": {"id": 22603, "objectid": 31505.0, "park_txt": "Напречн", "zona": "Зелена зона", "mestopoloz": "междублоково при ул. Златовръх", "georef_201": "2018", "vid_txt_20": "Зона", "zabelezhka": null, "obekt": null, "dogovor_sr": null, "dogovor_nu": null, "type": null, "bezplatni_": null, "podzona_nu": "-", "sf_rayon": "-"}, "geometry": {"type": "MultiPoint", "coordinates": [[23.332787826, 42.672021096]]}}, {"type": "Feature", "properties": {"id": 22604, "objectid": 31506.0, "park_txt": "Напречн", "zona": "Зелена зона", "mestopoloz": "междублоково при ул. Златовръх", "georef_201": "2018", "vid_txt_20": "Зона", "zabelezhka": null, "obekt": null, "dogovor_sr": null, "dogovor_nu": null, "type": null, "bezplatni_": null, "podzona_nu": "-", "sf_rayon": "-"}, "geometry": {"type": "MultiPoint", "coordinates": [[23.332813717, 42.672020019]]}}, {"type": "Feature", "properties": {"id": 22605, "objectid": 31518.0, "park_txt": "Напречн", "zona": "Зелена зона", "mestopoloz": "междублоково при ул. Златовръх", "georef_201": "2018", "vid_txt_20": "Зона", "zabelezhka": null, "obekt": null, "dogovor_sr": null, "dogovor_nu": null, "type": null, "bezplatni_": null, "podzona_nu": "-", "sf_rayon": "-"}, "geometry": {"type": "MultiPoint", "coordinates": [[23.332838146, 42.672019659]]}}, {"type": "Feature", "properties": {"id": 22606, "objectid": 31519.0, "park_txt": "Напречн", "zona": "Зелена зона", "mestopoloz": "междублоково при ул. Златовръх", "georef_201": "2018", "vid_txt_20": "Зона", "zabelezhka": null, "obekt": null, "dogovor_sr": null, "dogovor_nu": null, "type": null, "bezplatni_": null, "podzona_nu": "-", "sf_rayon": "-"}, "geometry": {"type": "MultiPoint", "coordinates": [[23.332467148, 42.67196679]]}}, {"type": "Feature", "properties": {"id": 22607, "objectid": 31520.0, "park_txt": "Напречн", "zona": "Зелена зона", "mestopoloz": "междублоково при ул. Златовръх", "georef_201": "2018", "vid_txt_20": "Зона", "zabelezhka": null, "obekt": null, "dogovor_sr": null, "dogovor_nu": null, "type": null, "bezplatni_": null, "podzona_nu": "-", "sf_rayon": "-"}, "geometry": {"type": "MultiPoint", "coordinates": [[23.332495593, 42.671966177]]}}, {"type": "Feature", "properties": {"id": 22608, "objectid": 31521.0, "park_txt": "Напречн", "zona": "Зелена зона", "mestopoloz": "междублоково при ул. Златовръх", "georef_201": "2018", "vid_txt_20": "Зона", "zabelezhka": null, "obekt": null, "dogovor_sr": null, "dogovor_nu": null, "type": null, "bezplatni_": null, "podzona_nu": "-", "sf_rayon": "-"}, "geometry": {"type": "MultiPoint", "coordinates": [[23.332521484, 42.671965101]]}}, {"type": "Feature", "properties": {"id": 22609, "objectid": 31522.0, "park_txt": "Напречн", "zona": "Зелена зона", "mestopoloz": "междублоково при ул. Златовръх", "georef_201": "2018", "vid_txt_20": "Зона", "zabelezhka": null, "obekt": null, "dogovor_sr": null, "dogovor_nu": null, "type": null, "bezplatni_": null, "podzona_nu": "-", "sf_rayon": "-"}, "geometry": {"type": "MultiPoint", "coordinates": [[23.33254993, 42.671964489]]}}, {"type": "Feature", "properties": {"id": 22610, "objectid": 31523.0, "park_txt": "Напречн", "zona": "Зелена зона", "mestopoloz": "междублоково при ул. Златовръх", "georef_201": "2018", "vid_txt_20": "Зона", "zabelezhka": null, "obekt": null, "dogovor_sr": null, "dogovor_nu": null, "type": null, "bezplatni_": null, "podzona_nu": "-", "sf_rayon": "-"}, "geometry": {"type": "MultiPoint", "coordinates": [[23.332578433, 42.671962924]]}}, {"type": "Feature", "properties": {"id": 22611, "objectid": 31524.0, "park_txt": "Напречн", "zona": "Зелена зона", "mestopoloz": "междублоково при ул. Златовръх", "georef_201": "2018", "vid_txt_20": "Зона", "zabelezhka": null, "obekt": null, "dogovor_sr": null, "dogovor_nu": null, "type": null, "bezplatni_": null, "podzona_nu": "-", "sf_rayon": "-"}, "geometry": {"type": "MultiPoint", "coordinates": [[23.332606879, 42.671962312]]}}, {"type": "Feature", "properties": {"id": 22612, "objectid": 31525.0, "park_txt": "Напречн", "zona": "Зелена зона", "mestopoloz": "междублоково при ул. Златовръх", "georef_201": "2018", "vid_txt_20": "Зона", "zabelezhka": null, "obekt": null, "dogovor_sr": null, "dogovor_nu": null, "type": null, "bezplatni_": null, "podzona_nu": "-", "sf_rayon": "-"}, "geometry": {"type": "MultiPoint", "coordinates": [[23.33263277, 42.671961236]]}}, {"type": "Feature", "properties": {"id": 22613, "objectid": 31526.0, "park_txt": "Напречн", "zona": "Зелена зона", "mestopoloz": "междублоково при ул. Златовръх", "georef_201": "2018", "vid_txt_20": "Зона", "zabelezhka": null, "obekt": null, "dogovor_sr": null, "dogovor_nu": null, "type": null, "bezplatni_": null, "podzona_nu": "-", "sf_rayon": "-"}, "geometry": {"type": "MultiPoint", "coordinates": [[23.332660991, 42.671960044]]}}, {"type": "Feature", "properties": {"id": 22614, "objectid": 31527.0, "park_txt": "Напречн", "zona": "Зелена зона", "mestopoloz": "междублоково при ул. Златовръх", "georef_201": "2018", "vid_txt_20": "Зона", "zabelezhka": null, "obekt": null, "dogovor_sr": null, "dogovor_nu": null, "type": null, "bezplatni_": null, "podzona_nu": "-", "sf_rayon": "-"}, "geometry": {"type": "MultiPoint", "coordinates": [[23.332689494, 42.67195848]]}}, {"type": "Feature", "properties": {"id": 22615, "objectid": 31528.0, "park_txt": "Напречн", "zona": "Зелена зона", "mestopoloz": "междублоково при ул. Златовръх", "georef_201": "2018", "vid_txt_20": "Зона", "zabelezhka": null, "obekt": null, "dogovor_sr": null, "dogovor_nu": null, "type": null, "bezplatni_": null, "podzona_nu": "-", "sf_rayon": "-"}, "geometry": {"type": "MultiPoint", "coordinates": [[23.33271794, 42.671957868]]}}, {"type": "Feature", "properties": {"id": 22616, "objectid": 31529.0, "park_txt": "Напречн", "zona": "Зелена зона", "mestopoloz": "междублоково при ул. Златовръх", "georef_201": "2018", "vid_txt_20": "Зона", "zabelezhka": null, "obekt": null, "dogovor_sr": null, "dogovor_nu": null, "type": null, "bezplatni_": null, "podzona_nu": "-", "sf_rayon": "-"}, "geometry": {"type": "MultiPoint", "coordinates": [[23.332743831, 42.671956792]]}}, {"type": "Feature", "properties": {"id": 22617, "objectid": 31530.0, "park_txt": "Напречн", "zona": "Зелена зона", "mestopoloz": "междублоково при ул. Златовръх", "georef_201": "2018", "vid_txt_20": "Зона", "zabelezhka": null, "obekt": null, "dogovor_sr": null, "dogovor_nu": null, "type": null, "bezplatni_": null, "podzona_nu": "-", "sf_rayon": "-"}, "geometry": {"type": "MultiPoint", "coordinates": [[23.33276826, 42.671956431]]}}, {"type": "Feature", "properties": {"id": 22618, "objectid": 31531.0, "park_txt": "Напречн", "zona": "Зелена зона", "mestopoloz": "междублоково при ул. Златовръх", "georef_201": "2018", "vid_txt_20": "Зона", "zabelezhka": null, "obekt": null, "dogovor_sr": null, "dogovor_nu": null, "type": null, "bezplatni_": null, "podzona_nu": "-", "sf_rayon": "-"}, "geometry": {"type": "MultiPoint", "coordinates": [[23.332188109, 42.671977283]]}}, {"type": "Feature", "properties": {"id": 22619, "objectid": 31532.0, "park_txt": "Напречн", "zona": "Зелена зона", "mestopoloz": "междублоково при ул. Златовръх", "georef_201": "2018", "vid_txt_20": "Зона", "zabelezhka": null, "obekt": null, "dogovor_sr": null, "dogovor_nu": null, "type": null, "bezplatni_": null, "podzona_nu": "-", "sf_rayon": "-"}, "geometry": {"type": "MultiPoint", "coordinates": [[23.332216555, 42.671976671]]}}, {"type": "Feature", "properties": {"id": 22620, "objectid": 31533.0, "park_txt": "Напречн", "zona": "Зелена зона", "mestopoloz": "междублоково при ул. Златовръх", "georef_201": "2018", "vid_txt_20": "Зона", "zabelezhka": null, "obekt": null, "dogovor_sr": null, "dogovor_nu": null, "type": null, "bezplatni_": null, "podzona_nu": "-", "sf_rayon": "-"}, "geometry": {"type": "MultiPoint", "coordinates": [[23.332242446, 42.671975595]]}}, {"type": "Feature", "properties": {"id": 22621, "objectid": 31534.0, "park_txt": "Напречн", "zona": "Зелена зона", "mestopoloz": "междублоково при ул. Златовръх", "georef_201": "2018", "vid_txt_20": "Зона", "zabelezhka": null, "obekt": null, "dogovor_sr": null, "dogovor_nu": null, "type": null, "bezplatni_": null, "podzona_nu": "-", "sf_rayon": "-"}, "geometry": {"type": "MultiPoint", "coordinates": [[23.332270892, 42.671974982]]}}, {"type": "Feature", "properties": {"id": 22622, "objectid": 31535.0, "park_txt": "Напречн", "zona": "Зелена зона", "mestopoloz": "междублоково при ул. Златовръх", "georef_201": "2018", "vid_txt_20": "Зона", "zabelezhka": null, "obekt": null, "dogovor_sr": null, "dogovor_nu": null, "type": null, "bezplatni_": null, "podzona_nu": "-", "sf_rayon": "-"}, "geometry": {"type": "MultiPoint", "coordinates": [[23.332299395, 42.671973418]]}}, {"type": "Feature", "properties": {"id": 22623, "objectid": 31536.0, "park_txt": "Напречн", "zona": "Зелена зона", "mestopoloz": "междублоково при ул. Златовръх", "georef_201": "2018", "vid_txt_20": "Зона", "zabelezhka": null, "obekt": null, "dogovor_sr": null, "dogovor_nu": null, "type": null, "bezplatni_": null, "podzona_nu": "-", "sf_rayon": "-"}, "geometry": {"type": "MultiPoint", "coordinates": [[23.33232784, 42.671972806]]}}, {"type": "Feature", "properties": {"id": 22624, "objectid": 31537.0, "park_txt": "Напречн", "zona": "Зелена зона", "mestopoloz": "междублоково при ул. Златовръх", "georef_201": "2018", "vid_txt_20": "Зона", "zabelezhka": null, "obekt": null, "dogovor_sr": null, "dogovor_nu": null, "type": null, "bezplatni_": null, "podzona_nu": "-", "sf_rayon": "-"}, "geometry": {"type": "MultiPoint", "coordinates": [[23.332353732, 42.67197173]]}}, {"type": "Feature", "properties": {"id": 22625, "objectid": 31538.0, "park_txt": "Напречн", "zona": "Зелена зона", "mestopoloz": "междублоково при ул. Златовръх", "georef_201": "2018", "vid_txt_20": "Зона", "zabelezhka": null, "obekt": null, "dogovor_sr": null, "dogovor_nu": null, "type": null, "bezplatni_": null, "podzona_nu": "-", "sf_rayon": "-"}, "geometry": {"type": "MultiPoint", "coordinates": [[23.332381953, 42.671970538]]}}, {"type": "Feature", "properties": {"id": 22626, "objectid": 31539.0, "park_txt": "Напречн", "zona": "Зелена зона", "mestopoloz": "междублоково при ул. Златовръх", "georef_201": "2018", "vid_txt_20": "Зона", "zabelezhka": null, "obekt": null, "dogovor_sr": null, "dogovor_nu": null, "type": null, "bezplatni_": null, "podzona_nu": "-", "sf_rayon": "-"}, "geometry": {"type": "MultiPoint", "coordinates": [[23.332410456, 42.671968974]]}}, {"type": "Feature", "properties": {"id": 22627, "objectid": 31540.0, "park_txt": "Напречн", "zona": "Зелена зона", "mestopoloz": "междублоково при ул. Златовръх", "georef_201": "2018", "vid_txt_20": "Зона", "zabelezhka": null, "obekt": null, "dogovor_sr": null, "dogovor_nu": null, "type": null, "bezplatni_": null, "podzona_nu": "-", "sf_rayon": "-"}, "geometry": {"type": "MultiPoint", "coordinates": [[23.332438902, 42.671968362]]}}, {"type": "Feature", "properties": {"id": 22628, "objectid": 31541.0, "park_txt": "Надлъжн", "zona": "Зелена зона", "mestopoloz": "междублоково при ул. Златовръх", "georef_201": "2018", "vid_txt_20": "Зона", "zabelezhka": null, "obekt": null, "dogovor_sr": null, "dogovor_nu": null, "type": null, "bezplatni_": null, "podzona_nu": "-", "sf_rayon": "-"}, "geometry": {"type": "MultiPoint", "coordinates": [[23.332409467, 42.672037889]]}}, {"type": "Feature", "properties": {"id": 22629, "objectid": 31542.0, "park_txt": "Надлъжн", "zona": "Зелена зона", "mestopoloz": "междублоково при ул. Златовръх", "georef_201": "2018", "vid_txt_20": "Зона", "zabelezhka": null, "obekt": null, "dogovor_sr": null, "dogovor_nu": null, "type": null, "bezplatni_": null, "podzona_nu": "-", "sf_rayon": "-"}, "geometry": {"type": "MultiPoint", "coordinates": [[23.332262272, 42.672047769]]}}, {"type": "Feature", "properties": {"id": 22630, "objectid": 31543.0, "park_txt": "Надлъжн", "zona": "Зелена зона", "mestopoloz": "междублоково при ул. Златовръх", "georef_201": "2018", "vid_txt_20": "Зона", "zabelezhka": null, "obekt": null, "dogovor_sr": null, "dogovor_nu": null, "type": null, "bezplatni_": null, "podzona_nu": "-", "sf_rayon": "-"}, "geometry": {"type": "MultiPoint", "coordinates": [[23.332334405, 42.672042619]]}}, {"type": "Feature", "properties": {"id": 22631, "objectid": 31544.0, "park_txt": "Надлъжн", "zona": "Зелена зона", "mestopoloz": "междублоково при ул. Златовръх", "georef_201": "2018", "vid_txt_20": "Зона", "zabelezhka": null, "obekt": null, "dogovor_sr": null, "dogovor_nu": null, "type": null, "bezplatni_": null, "podzona_nu": "-", "sf_rayon": "-"}, "geometry": {"type": "MultiPoint", "coordinates": [[23.332189158, 42.672052514]]}}, {"type": "Feature", "properties": {"id": 22632, "objectid": 31545.0, "park_txt": "Надлъжн", "zona": "Зелена зона", "mestopoloz": "ул. Кричим", "georef_201": "2018", "vid_txt_20": "Зона", "zabelezhka": null, "obekt": null, "dogovor_sr": null, "dogovor_nu": null, "type": null, "bezplatni_": null, "podzona_nu": "-", "sf_rayon": "-"}, "geometry": {"type": "MultiPoint", "coordinates": [[23.329946457, 42.670125199]]}}, {"type": "Feature", "properties": {"id": 22633, "objectid": 31546.0, "park_txt": "Надлъжн", "zona": "Зелена зона", "mestopoloz": "ул. Кричим", "georef_201": "2018", "vid_txt_20": "Зона", "zabelezhka": null, "obekt": null, "dogovor_sr": null, "dogovor_nu": null, "type": null, "bezplatni_": null, "podzona_nu": "-", "sf_rayon": "-"}, "geometry": {"type": "MultiPoint", "coordinates": [[23.330016577, 42.67012147]]}}, {"type": "Feature", "properties": {"id": 22634, "objectid": 31547.0, "park_txt": "Надлъжн", "zona": "Зелена зона", "mestopoloz": "ул. Кричим", "georef_201": "2018", "vid_txt_20": "Зона", "zabelezhka": null, "obekt": null, "dogovor_sr": null, "dogovor_nu": null, "type": null, "bezplatni_": null, "podzona_nu": "-", "sf_rayon": "-"}, "geometry": {"type": "MultiPoint", "coordinates": [[23.329807221, 42.670135315]]}}, {"type": "Feature", "properties": {"id": 22635, "objectid": 31548.0, "park_txt": "Надлъжн", "zona": "Зелена зона", "mestopoloz": "ул. Кричим", "georef_201": "2018", "vid_txt_20": "Зона", "zabelezhka": null, "obekt": null, "dogovor_sr": null, "dogovor_nu": null, "type": null, "bezplatni_": null, "podzona_nu": "-", "sf_rayon": "-"}, "geometry": {"type": "MultiPoint", "coordinates": [[23.32987588, 42.670130327]]}}, {"type": "Feature", "properties": {"id": 22636, "objectid": 31549.0, "park_txt": "Надлъжн", "zona": "Зелена зона", "mestopoloz": "ул. Кричим", "georef_201": "2018", "vid_txt_20": "Зона", "zabelezhka": null, "obekt": null, "dogovor_sr": null, "dogovor_nu": null, "type": null, "bezplatni_": null, "podzona_nu": "-", "sf_rayon": "-"}, "geometry": {"type": "MultiPoint", "coordinates": [[23.33015541, 42.670111383]]}}, {"type": "Feature", "properties": {"id": 22637, "objectid": 31550.0, "park_txt": "Надлъжн", "zona": "Зелена зона", "mestopoloz": "ул. Кричим", "georef_201": "2018", "vid_txt_20": "Зона", "zabelezhka": null, "obekt": null, "dogovor_sr": null, "dogovor_nu": null, "type": null, "bezplatni_": null, "podzona_nu": "-", "sf_rayon": "-"}, "geometry": {"type": "MultiPoint", "coordinates": [[23.330221524, 42.67010658]]}}, {"type": "Feature", "properties": {"id": 22638, "objectid": 31551.0, "park_txt": "Надлъжн", "zona": "Зелена зона", "mestopoloz": "ул. Кричим", "georef_201": "2018", "vid_txt_20": "Зона", "zabelezhka": null, "obekt": null, "dogovor_sr": null, "dogovor_nu": null, "type": null, "bezplatni_": null, "podzona_nu": "-", "sf_rayon": "-"}, "geometry": {"type": "MultiPoint", "coordinates": [[23.330088378, 42.670116254]]}}, {"type": "Feature", "properties": {"id": 22639, "objectid": 31552.0, "park_txt": "Надлъжн", "zona": "Зелена зона", "mestopoloz": "ул. Кричим", "georef_201": "2018", "vid_txt_20": "Зона", "zabelezhka": null, "obekt": null, "dogovor_sr": null, "dogovor_nu": null, "type": null, "bezplatni_": null, "podzona_nu": "-", "sf_rayon": "-"}, "geometry": {"type": "MultiPoint", "coordinates": [[23.329460621, 42.670161114]]}}, {"type": "Feature", "properties": {"id": 22640, "objectid": 31553.0, "park_txt": "Надлъжн", "zona": "Зелена зона", "mestopoloz": "ул. Кричим", "georef_201": "2018", "vid_txt_20": "Зона", "zabelezhka": null, "obekt": null, "dogovor_sr": null, "dogovor_nu": null, "type": null, "bezplatni_": null, "podzona_nu": "-", "sf_rayon": "-"}, "geometry": {"type": "MultiPoint", "coordinates": [[23.329525749, 42.670156383]]}}, {"type": "Feature", "properties": {"id": 22641, "objectid": 31554.0, "park_txt": "Надлъжн", "zona": "Зелена зона", "mestopoloz": "ул. Кричим", "georef_201": "2018", "vid_txt_20": "Зона", "zabelezhka": null, "obekt": null, "dogovor_sr": null, "dogovor_nu": null, "type": null, "bezplatni_": null, "podzona_nu": "-", "sf_rayon": "-"}, "geometry": {"type": "MultiPoint", "coordinates": [[23.329305895, 42.670179505]]}}, {"type": "Feature", "properties": {"id": 22642, "objectid": 31555.0, "park_txt": "Надлъжн", "zona": "Зелена зона", "mestopoloz": "ул. Кричим", "georef_201": "2018", "vid_txt_20": "Зона", "zabelezhka": null, "obekt": null, "dogovor_sr": null, "dogovor_nu": null, "type": null, "bezplatni_": null, "podzona_nu": "-", "sf_rayon": "-"}, "geometry": {"type": "MultiPoint", "coordinates": [[23.329389259, 42.670165768]]}}, {"type": "Feature", "properties": {"id": 22643, "objectid": 31556.0, "park_txt": "Надлъжн", "zona": "Зелена зона", "mestopoloz": "ул. Кричим", "georef_201": "2018", "vid_txt_20": "Зона", "zabelezhka": null, "obekt": null, "dogovor_sr": null, "dogovor_nu": null, "type": null, "bezplatni_": null, "podzona_nu": "-", "sf_rayon": "-"}, "geometry": {"type": "MultiPoint", "coordinates": [[23.329665604, 42.670145604]]}}, {"type": "Feature", "properties": {"id": 22644, "objectid": 31557.0, "park_txt": "Надлъжн", "zona": "Зелена зона", "mestopoloz": "ул. Кричим", "georef_201": "2018", "vid_txt_20": "Зона", "zabelezhka": null, "obekt": null, "dogovor_sr": null, "dogovor_nu": null, "type": null, "bezplatni_": null, "podzona_nu": "-", "sf_rayon": "-"}, "geometry": {"type": "MultiPoint", "coordinates": [[23.32973294, 42.670140712]]}}, {"type": "Feature", "properties": {"id": 22645, "objectid": 31558.0, "park_txt": "Надлъжн", "zona": "Зелена зона", "mestopoloz": "ул. Кричим", "georef_201": "2018", "vid_txt_20": "Зона", "zabelezhka": null, "obekt": null, "dogovor_sr": null, "dogovor_nu": null, "type": null, "bezplatni_": null, "podzona_nu": "-", "sf_rayon": "-"}, "geometry": {"type": "MultiPoint", "coordinates": [[23.329597924, 42.670150521]]}}, {"type": "Feature", "properties": {"id": 22646, "objectid": 31559.0, "park_txt": "Надлъжн", "zona": "Зелена зона", "mestopoloz": "ул. Кричим", "georef_201": "2018", "vid_txt_20": "Зона", "zabelezhka": null, "obekt": null, "dogovor_sr": null, "dogovor_nu": null, "type": null, "bezplatni_": null, "podzona_nu": "-", "sf_rayon": "-"}, "geometry": {"type": "MultiPoint", "coordinates": [[23.329037554, 42.67022865]]}}, {"type": "Feature", "properties": {"id": 22647, "objectid": 31560.0, "park_txt": "Надлъжн", "zona": "Зелена зона", "mestopoloz": "ул. Кричим", "georef_201": "2018", "vid_txt_20": "Зона", "zabelezhka": null, "obekt": null, "dogovor_sr": null, "dogovor_nu": null, "type": null, "bezplatni_": null, "podzona_nu": "-", "sf_rayon": "-"}, "geometry": {"type": "MultiPoint", "coordinates": [[23.329106829, 42.670223822]]}}, {"type": "Feature", "properties": {"id": 22648, "objectid": 31561.0, "park_txt": "Надлъжн", "zona": "Зелена зона", "mestopoloz": "ул. Кричим", "georef_201": "2018", "vid_txt_20": "Зона", "zabelezhka": null, "obekt": null, "dogovor_sr": null, "dogovor_nu": null, "type": null, "bezplatni_": null, "podzona_nu": "-", "sf_rayon": "-"}, "geometry": {"type": "MultiPoint", "coordinates": [[23.32889878, 42.670238093]]}}, {"type": "Feature", "properties": {"id": 22649, "objectid": 31562.0, "park_txt": "Надлъжн", "zona": "Зелена зона", "mestopoloz": "ул. Кричим", "georef_201": "2018", "vid_txt_20": "Зона", "zabelezhka": null, "obekt": null, "dogovor_sr": null, "dogovor_nu": null, "type": null, "bezplatni_": null, "podzona_nu": "-", "sf_rayon": "-"}, "geometry": {"type": "MultiPoint", "coordinates": [[23.328969149, 42.670233305]]}}, {"type": "Feature", "properties": {"id": 22650, "objectid": 31563.0, "park_txt": "Надлъжн", "zona": "Зелена зона", "mestopoloz": "ул. Кричим", "georef_201": "2018", "vid_txt_20": "Зона", "zabelezhka": null, "obekt": null, "dogovor_sr": null, "dogovor_nu": null, "type": null, "bezplatni_": null, "podzona_nu": "-", "sf_rayon": "-"}, "geometry": {"type": "MultiPoint", "coordinates": [[23.329244582, 42.670215195]]}}, {"type": "Feature", "properties": {"id": 22651, "objectid": 31564.0, "park_txt": "Надлъжн", "zona": "Зелена зона", "mestopoloz": "ул. Кричим", "georef_201": "2018", "vid_txt_20": "Зона", "zabelezhka": null, "obekt": null, "dogovor_sr": null, "dogovor_nu": null, "type": null, "bezplatni_": null, "podzona_nu": "-", "sf_rayon": "-"}, "geometry": {"type": "MultiPoint", "coordinates": [[23.329178733, 42.670218813]]}}, {"type": "Feature", "properties": {"id": 22652, "objectid": 31565.0, "park_txt": "Надлъжн", "zona": "Зелена зона", "mestopoloz": "ул. Кричим", "georef_201": "2018", "vid_txt_20": "Зона", "zabelezhka": null, "obekt": null, "dogovor_sr": null, "dogovor_nu": null, "type": null, "bezplatni_": null, "podzona_nu": "-", "sf_rayon": "-"}, "geometry": {"type": "MultiPoint", "coordinates": [[23.328751618, 42.670248108]]}}, {"type": "Feature", "properties": {"id": 22653, "objectid": 31566.0, "park_txt": "Надлъжн", "zona": "Зелена зона", "mestopoloz": "ул. Кричим", "georef_201": "2018", "vid_txt_20": "Зона", "zabelezhka": null, "obekt": null, "dogovor_sr": null, "dogovor_nu": null, "type": null, "bezplatni_": null, "podzona_nu": "-", "sf_rayon": "-"}, "geometry": {"type": "MultiPoint", "coordinates": [[23.328824065, 42.670243177]]}}, {"type": "Feature", "properties": {"id": 22654, "objectid": 31567.0, "park_txt": "Надлъжн", "zona": "Зелена зона", "mestopoloz": "ул. Кричим", "georef_201": "2018", "vid_txt_20": "Инвалид", "zabelezhka": "-", "obekt": "-", "dogovor_sr": "-", "dogovor_nu": "-", "type": "-", "bezplatni_": "-", "podzona_nu": "-", "sf_rayon": "-"}, "geometry": {"type": "MultiPoint", "coordinates": [[23.328683935, 42.670252713]]}}, {"type": "Feature", "properties": {"id": 22655, "objectid": 31568.0, "park_txt": "Надлъжн", "zona": "Зелена зона", "mestopoloz": "ул. Кричим", "georef_201": "2018", "vid_txt_20": "Зона", "zabelezhka": null, "obekt": null, "dogovor_sr": null, "dogovor_nu": null, "type": null, "bezplatni_": null, "podzona_nu": "-", "sf_rayon": "-"}, "geometry": {"type": "MultiPoint", "coordinates": [[23.330283202, 42.670103832]]}}, {"type": "Feature", "properties": {"id": 22656, "objectid": 31569.0, "park_txt": "Надлъжн", "zona": "Зелена зона", "mestopoloz": "ул. Кричим", "georef_201": "2018", "vid_txt_20": "Инвалид", "zabelezhka": "-", "obekt": "-", "dogovor_sr": "-", "dogovor_nu": "-", "type": "-", "bezplatni_": "-", "podzona_nu": "-", "sf_rayon": "-"}, "geometry": {"type": "MultiPoint", "coordinates": [[23.330348587, 42.670098652]]}}, {"type": "Feature", "properties": {"id": 22657, "objectid": 31570.0, "park_txt": "Надлъжн", "zona": "Зелена зона", "mestopoloz": "ул. Кричим", "georef_201": "2018", "vid_txt_20": "Зона", "zabelezhka": null, "obekt": null, "dogovor_sr": null, "dogovor_nu": null, "type": null, "bezplatni_": null, "podzona_nu": "-", "sf_rayon": "-"}, "geometry": {"type": "MultiPoint", "coordinates": [[23.331351901, 42.670052438]]}}, {"type": "Feature", "properties": {"id": 22658, "objectid": 31571.0, "park_txt": "Надлъжн", "zona": "Зелена зона", "mestopoloz": "ул. Кричим", "georef_201": "2018", "vid_txt_20": "Зона", "zabelezhka": null, "obekt": null, "dogovor_sr": null, "dogovor_nu": null, "type": null, "bezplatni_": null, "podzona_nu": "-", "sf_rayon": "-"}, "geometry": {"type": "MultiPoint", "coordinates": [[23.331422596, 42.670049819]]}}, {"type": "Feature", "properties": {"id": 22659, "objectid": 31572.0, "park_txt": "Надлъжн", "zona": "Зелена зона", "mestopoloz": "ул. Кричим", "georef_201": "2018", "vid_txt_20": "Зона", "zabelezhka": null, "obekt": null, "dogovor_sr": null, "dogovor_nu": null, "type": null, "bezplatni_": null, "podzona_nu": "-", "sf_rayon": "-"}, "geometry": {"type": "MultiPoint", "coordinates": [[23.331278363, 42.670055163]]}}, {"type": "Feature", "properties": {"id": 22660, "objectid": 31575.0, "park_txt": "Надлъжн", "zona": "Зелена зона", "mestopoloz": "ул. Кричим", "georef_201": "2018", "vid_txt_20": "Зона", "zabelezhka": null, "obekt": null, "dogovor_sr": null, "dogovor_nu": null, "type": null, "bezplatni_": null, "podzona_nu": "-", "sf_rayon": "-"}, "geometry": {"type": "MultiPoint", "coordinates": [[23.331494784, 42.670047144]]}}, {"type": "Feature", "properties": {"id": 22661, "objectid": 31577.0, "park_txt": "Надлъжн", "zona": "Зелена зона", "mestopoloz": "ул. Кричим", "georef_201": "2018", "vid_txt_20": "Инвалид", "zabelezhka": "-", "obekt": "-", "dogovor_sr": "-", "dogovor_nu": "-", "type": "-", "bezplatni_": "-", "podzona_nu": "-", "sf_rayon": "-"}, "geometry": {"type": "MultiPoint", "coordinates": [[23.331756696, 42.670037439]]}}, {"type": "Feature", "properties": {"id": 22662, "objectid": 31578.0, "park_txt": "Надлъжн", "zona": "Зелена зона", "mestopoloz": "ул. Кричим", "georef_201": "2018", "vid_txt_20": "Инвалид", "zabelezhka": "-", "obekt": "-", "dogovor_sr": "-", "dogovor_nu": "-", "type": "-", "bezplatni_": "-", "podzona_nu": "-", "sf_rayon": "-"}, "geometry": {"type": "MultiPoint", "coordinates": [[23.331854441, 42.670033816]]}}, {"type": "Feature", "properties": {"id": 22663, "objectid": 31579.0, "park_txt": "Надлъжн", "zona": "Зелена зона", "mestopoloz": "ул. Кричим", "georef_201": "2018", "vid_txt_20": "Зона", "zabelezhka": null, "obekt": null, "dogovor_sr": null, "dogovor_nu": null, "type": null, "bezplatni_": null, "podzona_nu": "-", "sf_rayon": "-"}, "geometry": {"type": "MultiPoint", "coordinates": [[23.331941831, 42.670030578]]}}, {"type": "Feature", "properties": {"id": 22664, "objectid": 31580.0, "park_txt": "Надлъжн", "zona": "Зелена зона", "mestopoloz": "ул. Кричим", "georef_201": "2018", "vid_txt_20": "Зона", "zabelezhka": null, "obekt": null, "dogovor_sr": null, "dogovor_nu": null, "type": null, "bezplatni_": null, "podzona_nu": "-", "sf_rayon": "-"}, "geometry": {"type": "MultiPoint", "coordinates": [[23.331565719, 42.670044516]]}}, {"type": "Feature", "properties": {"id": 22665, "objectid": 31581.0, "park_txt": "Надлъжн", "zona": "Зелена зона", "mestopoloz": "ул. Кричим", "georef_201": "2018", "vid_txt_20": "Зона", "zabelezhka": null, "obekt": null, "dogovor_sr": null, "dogovor_nu": null, "type": null, "bezplatni_": null, "podzona_nu": "-", "sf_rayon": "-"}, "geometry": {"type": "MultiPoint", "coordinates": [[23.331130431, 42.670060852]]}}, {"type": "Feature", "properties": {"id": 22666, "objectid": 31583.0, "park_txt": "Надлъжн", "zona": "Зелена зона", "mestopoloz": "ул. Кричим", "georef_201": "2018", "vid_txt_20": "Зона", "zabelezhka": null, "obekt": null, "dogovor_sr": null, "dogovor_nu": null, "type": null, "bezplatni_": null, "podzona_nu": "-", "sf_rayon": "-"}, "geometry": {"type": "MultiPoint", "coordinates": [[23.331201929, 42.670057995]]}}, {"type": "Feature", "properties": {"id": 22667, "objectid": 31584.0, "park_txt": "Надлъжн", "zona": "Зелена зона", "mestopoloz": "ул. Кричим", "georef_201": "2018", "vid_txt_20": "Зона", "zabelezhka": null, "obekt": null, "dogovor_sr": null, "dogovor_nu": null, "type": null, "bezplatni_": null, "podzona_nu": "-", "sf_rayon": "-"}, "geometry": {"type": "MultiPoint", "coordinates": [[23.330765499, 42.670075927]]}}, {"type": "Feature", "properties": {"id": 22668, "objectid": 31585.0, "park_txt": "Надлъжн", "zona": "Зелена зона", "mestopoloz": "ул. Кричим", "georef_201": "2018", "vid_txt_20": "Зона", "zabelezhka": null, "obekt": null, "dogovor_sr": null, "dogovor_nu": null, "type": null, "bezplatni_": null, "podzona_nu": "-", "sf_rayon": "-"}, "geometry": {"type": "MultiPoint", "coordinates": [[23.330837238, 42.670072963]]}}, {"type": "Feature", "properties": {"id": 22669, "objectid": 31586.0, "park_txt": "Надлъжн", "zona": "Зелена зона", "mestopoloz": "ул. Кричим", "georef_201": "2018", "vid_txt_20": "Зона", "zabelezhka": null, "obekt": null, "dogovor_sr": null, "dogovor_nu": null, "type": null, "bezplatni_": null, "podzona_nu": "-", "sf_rayon": "-"}, "geometry": {"type": "MultiPoint", "coordinates": [[23.330692436, 42.670078944]]}}, {"type": "Feature", "properties": {"id": 22670, "objectid": 31587.0, "park_txt": "Надлъжн", "zona": "Зелена зона", "mestopoloz": "ул. Кричим", "georef_201": "2018", "vid_txt_20": "Зона", "zabelezhka": null, "obekt": null, "dogovor_sr": null, "dogovor_nu": null, "type": null, "bezplatni_": null, "podzona_nu": "-", "sf_rayon": "-"}, "geometry": {"type": "MultiPoint", "coordinates": [[23.330909299, 42.670069987]]}}, {"type": "Feature", "properties": {"id": 22671, "objectid": 31588.0, "park_txt": "Надлъжн", "zona": "Зелена зона", "mestopoloz": "ул. Кричим", "georef_201": "2018", "vid_txt_20": "Зона", "zabelezhka": null, "obekt": null, "dogovor_sr": null, "dogovor_nu": null, "type": null, "bezplatni_": null, "podzona_nu": "-", "sf_rayon": "-"}, "geometry": {"type": "MultiPoint", "coordinates": [[23.33054319, 42.670085109]]}}, {"type": "Feature", "properties": {"id": 22672, "objectid": 31589.0, "park_txt": "Надлъжн", "zona": "Зелена зона", "mestopoloz": "ул. Кричим", "georef_201": "2018", "vid_txt_20": "Зона", "zabelezhka": null, "obekt": null, "dogovor_sr": null, "dogovor_nu": null, "type": null, "bezplatni_": null, "podzona_nu": "-", "sf_rayon": "-"}, "geometry": {"type": "MultiPoint", "coordinates": [[23.330616148, 42.670082095]]}}, {"type": "Feature", "properties": {"id": 22680, "objectid": 31597.0, "park_txt": "Надлъжн", "zona": "Зелена зона", "mestopoloz": "ул. Златовръх", "georef_201": "2018", "vid_txt_20": "Зона", "zabelezhka": null, "obekt": null, "dogovor_sr": null, "dogovor_nu": null, "type": null, "bezplatni_": null, "podzona_nu": "-", "sf_rayon": "-"}, "geometry": {"type": "MultiPoint", "coordinates": [[23.332189571, 42.670127607]]}}, {"type": "Feature", "properties": {"id": 22681, "objectid": 31598.0, "park_txt": "Надлъжн", "zona": "Зелена зона", "mestopoloz": "ул. Златовръх", "georef_201": "2018", "vid_txt_20": "Зона", "zabelezhka": null, "obekt": null, "dogovor_sr": null, "dogovor_nu": null, "type": null, "bezplatni_": null, "podzona_nu": "-", "sf_rayon": "-"}, "geometry": {"type": "MultiPoint", "coordinates": [[23.332219288, 42.670176658]]}}, {"type": "Feature", "properties": {"id": 22682, "objectid": 31599.0, "park_txt": "Надлъжн", "zona": "Зелена зона", "mestopoloz": "ул. Златовръх", "georef_201": "2018", "vid_txt_20": "Зона", "zabelezhka": null, "obekt": null, "dogovor_sr": null, "dogovor_nu": null, "type": null, "bezplatni_": null, "podzona_nu": "-", "sf_rayon": "-"}, "geometry": {"type": "MultiPoint", "coordinates": [[23.332277312, 42.670272431]]}}, {"type": "Feature", "properties": {"id": 22683, "objectid": 31600.0, "park_txt": "Надлъжн", "zona": "Зелена зона", "mestopoloz": "ул. Златовръх", "georef_201": "2018", "vid_txt_20": "Зона", "zabelezhka": null, "obekt": null, "dogovor_sr": null, "dogovor_nu": null, "type": null, "bezplatni_": null, "podzona_nu": "-", "sf_rayon": "-"}, "geometry": {"type": "MultiPoint", "coordinates": [[23.332307029, 42.670321483]]}}, {"type": "Feature", "properties": {"id": 22684, "objectid": 31601.0, "park_txt": "Надлъжн", "zona": "Зелена зона", "mestopoloz": "ул. Златовръх", "georef_201": "2018", "vid_txt_20": "Зона", "zabelezhka": null, "obekt": null, "dogovor_sr": null, "dogovor_nu": null, "type": null, "bezplatni_": null, "podzona_nu": "-", "sf_rayon": "-"}, "geometry": {"type": "MultiPoint", "coordinates": [[23.332335891, 42.670369123]]}}, {"type": "Feature", "properties": {"id": 22685, "objectid": 31602.0, "park_txt": "Надлъжн", "zona": "Зелена зона", "mestopoloz": "ул. Златовръх", "georef_201": "2018", "vid_txt_20": "Зона", "zabelezhka": null, "obekt": null, "dogovor_sr": null, "dogovor_nu": null, "type": null, "bezplatni_": null, "podzona_nu": "-", "sf_rayon": "-"}, "geometry": {"type": "MultiPoint", "coordinates": [[23.332392463, 42.670462499]]}}, {"type": "Feature", "properties": {"id": 22686, "objectid": 31603.0, "park_txt": "Надлъжн", "zona": "Зелена зона", "mestopoloz": "ул. Златовръх", "georef_201": "2018", "vid_txt_20": "Зона", "zabelezhka": null, "obekt": null, "dogovor_sr": null, "dogovor_nu": null, "type": null, "bezplatni_": null, "podzona_nu": "-", "sf_rayon": "-"}, "geometry": {"type": "MultiPoint", "coordinates": [[23.33242218, 42.670511551]]}}, {"type": "Feature", "properties": {"id": 22687, "objectid": 31604.0, "park_txt": "Надлъжн", "zona": "Зелена зона", "mestopoloz": "ул. Златовръх", "georef_201": "2018", "vid_txt_20": "Зона", "zabelezhka": null, "obekt": null, "dogovor_sr": null, "dogovor_nu": null, "type": null, "bezplatni_": null, "podzona_nu": "-", "sf_rayon": "-"}, "geometry": {"type": "MultiPoint", "coordinates": [[23.332452324, 42.670561303]]}}, {"type": "Feature", "properties": {"id": 22688, "objectid": 31606.0, "park_txt": "Надлъжн", "zona": "Зелена зона", "mestopoloz": "ул. Златовръх", "georef_201": "2018", "vid_txt_20": "Зона", "zabelezhka": null, "obekt": null, "dogovor_sr": null, "dogovor_nu": null, "type": null, "bezplatni_": null, "podzona_nu": "-", "sf_rayon": "-"}, "geometry": {"type": "MultiPoint", "coordinates": [[23.332286354, 42.670092312]]}}, {"type": "Feature", "properties": {"id": 22689, "objectid": 31607.0, "park_txt": "Надлъжн", "zona": "Зелена зона", "mestopoloz": "ул. Златовръх", "georef_201": "2018", "vid_txt_20": "Зона", "zabelezhka": null, "obekt": null, "dogovor_sr": null, "dogovor_nu": null, "type": null, "bezplatni_": null, "podzona_nu": "-", "sf_rayon": "-"}, "geometry": {"type": "MultiPoint", "coordinates": [[23.332316742, 42.670143528]]}}, {"type": "Feature", "properties": {"id": 22690, "objectid": 31608.0, "park_txt": "Надлъжн", "zona": "Зелена зона", "mestopoloz": "ул. Златовръх", "georef_201": "2018", "vid_txt_20": "Зона", "zabelezhka": null, "obekt": null, "dogovor_sr": null, "dogovor_nu": null, "type": null, "bezplatni_": null, "podzona_nu": "-", "sf_rayon": "-"}, "geometry": {"type": "MultiPoint", "coordinates": [[23.332346569, 42.670193256]]}}, {"type": "Feature", "properties": {"id": 22691, "objectid": 31609.0, "park_txt": "Надлъжн", "zona": "Зелена зона", "mestopoloz": "ул. Златовръх", "georef_201": "2018", "vid_txt_20": "Зона", "zabelezhka": null, "obekt": null, "dogovor_sr": null, "dogovor_nu": null, "type": null, "bezplatni_": null, "podzona_nu": "-", "sf_rayon": "-"}, "geometry": {"type": "MultiPoint", "coordinates": [[23.332378372, 42.670241545]]}}, {"type": "Feature", "properties": {"id": 22692, "objectid": 31610.0, "park_txt": "Надлъжн", "zona": "Зелена зона", "mestopoloz": "ул. Златовръх", "georef_201": "2018", "vid_txt_20": "Зона", "zabelezhka": null, "obekt": null, "dogovor_sr": null, "dogovor_nu": null, "type": null, "bezplatni_": null, "podzona_nu": "-", "sf_rayon": "-"}, "geometry": {"type": "MultiPoint", "coordinates": [[23.332406505, 42.670288939]]}}, {"type": "Feature", "properties": {"id": 22693, "objectid": 31611.0, "park_txt": "Надлъжн", "zona": "Зелена зона", "mestopoloz": "ул. Златовръх", "georef_201": "2018", "vid_txt_20": "Зона", "zabelezhka": null, "obekt": null, "dogovor_sr": null, "dogovor_nu": null, "type": null, "bezplatni_": null, "podzona_nu": "-", "sf_rayon": "-"}, "geometry": {"type": "MultiPoint", "coordinates": [[23.332432391, 42.670339932]]}}, {"type": "Feature", "properties": {"id": 22694, "objectid": 31612.0, "park_txt": "Надлъжн", "zona": "Зелена зона", "mestopoloz": "ул. Златовръх", "georef_201": "2018", "vid_txt_20": "Зона", "zabelezhka": null, "obekt": null, "dogovor_sr": null, "dogovor_nu": null, "type": null, "bezplatni_": null, "podzona_nu": "-", "sf_rayon": "-"}, "geometry": {"type": "MultiPoint", "coordinates": [[23.332459752, 42.67038568]]}}, {"type": "Feature", "properties": {"id": 22695, "objectid": 31613.0, "park_txt": "Надлъжн", "zona": "Зелена зона", "mestopoloz": "ул. Златовръх", "georef_201": "2018", "vid_txt_20": "Зона", "zabelezhka": null, "obekt": null, "dogovor_sr": null, "dogovor_nu": null, "type": null, "bezplatni_": null, "podzona_nu": "-", "sf_rayon": "-"}, "geometry": {"type": "MultiPoint", "coordinates": [[23.332527261, 42.67049855]]}}, {"type": "Feature", "properties": {"id": 22696, "objectid": 31614.0, "park_txt": "Надлъжн", "zona": "Зелена зона", "mestopoloz": "ул. Златовръх", "georef_201": "2018", "vid_txt_20": "Зона", "zabelezhka": null, "obekt": null, "dogovor_sr": null, "dogovor_nu": null, "type": null, "bezplatni_": null, "podzona_nu": "-", "sf_rayon": "-"}, "geometry": {"type": "MultiPoint", "coordinates": [[23.332554621, 42.670544298]]}}, {"type": "Feature", "properties": {"id": 22697, "objectid": 31615.0, "park_txt": "Надлъжн", "zona": "Зелена зона", "mestopoloz": "ул. Златовръх", "georef_201": "2018", "vid_txt_20": "Инвалид", "zabelezhka": "-", "obekt": "-", "dogovor_sr": "-", "dogovor_nu": "-", "type": "-", "bezplatni_": "-", "podzona_nu": "-", "sf_rayon": "-"}, "geometry": {"type": "MultiPoint", "coordinates": [[23.33258716, 42.67079603]]}}, {"type": "Feature", "properties": {"id": 22698, "objectid": 31616.0, "park_txt": "Надлъжн", "zona": "Зелена зона", "mestopoloz": "ул. Златовръх", "georef_201": "2018", "vid_txt_20": "Зона", "zabelezhka": null, "obekt": null, "dogovor_sr": null, "dogovor_nu": null, "type": null, "bezplatni_": null, "podzona_nu": "-", "sf_rayon": "-"}, "geometry": {"type": "MultiPoint", "coordinates": [[23.3326176, 42.670846244]]}}, {"type": "Feature", "properties": {"id": 22699, "objectid": 31617.0, "park_txt": "Надлъжн", "zona": "Зелена зона", "mestopoloz": "ул. Златовръх", "georef_201": "2018", "vid_txt_20": "Зона", "zabelezhka": null, "obekt": null, "dogovor_sr": null, "dogovor_nu": null, "type": null, "bezplatni_": null, "podzona_nu": "-", "sf_rayon": "-"}, "geometry": {"type": "MultiPoint", "coordinates": [[23.332645026, 42.670891486]]}}, {"type": "Feature", "properties": {"id": 22700, "objectid": 31619.0, "park_txt": "Надлъжн", "zona": "Зелена зона", "mestopoloz": "ул. Златовръх", "georef_201": "2018", "vid_txt_20": "Зона", "zabelezhka": null, "obekt": null, "dogovor_sr": null, "dogovor_nu": null, "type": null, "bezplatni_": null, "podzona_nu": "-", "sf_rayon": "-"}, "geometry": {"type": "MultiPoint", "coordinates": [[23.332706072, 42.670992189]]}}, {"type": "Feature", "properties": {"id": 22701, "objectid": 31621.0, "park_txt": "Надлъжн", "zona": "Зелена зона", "mestopoloz": "ул. Златовръх", "georef_201": "2018", "vid_txt_20": "Зона", "zabelezhka": null, "obekt": null, "dogovor_sr": null, "dogovor_nu": null, "type": null, "bezplatni_": null, "podzona_nu": "-", "sf_rayon": "-"}, "geometry": {"type": "MultiPoint", "coordinates": [[23.332780087, 42.671118868]]}}, {"type": "Feature", "properties": {"id": 22702, "objectid": 31622.0, "park_txt": "Надлъжн", "zona": "Зелена зона", "mestopoloz": "ул. Златовръх", "georef_201": "2018", "vid_txt_20": "Зона", "zabelezhka": null, "obekt": null, "dogovor_sr": null, "dogovor_nu": null, "type": null, "bezplatni_": null, "podzona_nu": "-", "sf_rayon": "-"}, "geometry": {"type": "MultiPoint", "coordinates": [[23.332808553, 42.671165825]]}}, {"type": "Feature", "properties": {"id": 22703, "objectid": 31623.0, "park_txt": "Надлъжн", "zona": "Зелена зона", "mestopoloz": "ул. Златовръх", "georef_201": "2018", "vid_txt_20": "Инвалид", "zabelezhka": "-", "obekt": "-", "dogovor_sr": "-", "dogovor_nu": "-", "type": "-", "bezplatni_": "-", "podzona_nu": "-", "sf_rayon": "-"}, "geometry": {"type": "MultiPoint", "coordinates": [[23.332899283, 42.671417507]]}}, {"type": "Feature", "properties": {"id": 22704, "objectid": 31624.0, "park_txt": "Напречн", "zona": "Зелена зона", "mestopoloz": "ул. Златовръх", "georef_201": "2018", "vid_txt_20": "Зона", "zabelezhka": null, "obekt": null, "dogovor_sr": null, "dogovor_nu": null, "type": null, "bezplatni_": null, "podzona_nu": "-", "sf_rayon": "-"}, "geometry": {"type": "MultiPoint", "coordinates": [[23.332839227, 42.671348912]]}}, {"type": "Feature", "properties": {"id": 22705, "objectid": 31625.0, "park_txt": "Напречн", "zona": "Зелена зона", "mestopoloz": "ул. Златовръх", "georef_201": "2018", "vid_txt_20": "Зона", "zabelezhka": null, "obekt": null, "dogovor_sr": null, "dogovor_nu": null, "type": null, "bezplatni_": null, "podzona_nu": "-", "sf_rayon": "-"}, "geometry": {"type": "MultiPoint", "coordinates": [[23.332846893, 42.671370028]]}}, {"type": "Feature", "properties": {"id": 22706, "objectid": 31626.0, "park_txt": "Напречн", "zona": "Зелена зона", "mestopoloz": "ул. Златовръх", "georef_201": "2018", "vid_txt_20": "Зона", "zabelezhka": null, "obekt": null, "dogovor_sr": null, "dogovor_nu": null, "type": null, "bezplatni_": null, "podzona_nu": "-", "sf_rayon": "-"}, "geometry": {"type": "MultiPoint", "coordinates": [[23.332824615, 42.671307562]]}}, {"type": "Feature", "properties": {"id": 22707, "objectid": 31627.0, "park_txt": "Напречн", "zona": "Зелена зона", "mestopoloz": "ул. Златовръх", "georef_201": "2018", "vid_txt_20": "Зона", "zabelezhka": null, "obekt": null, "dogovor_sr": null, "dogovor_nu": null, "type": null, "bezplatni_": null, "podzona_nu": "-", "sf_rayon": "-"}, "geometry": {"type": "MultiPoint", "coordinates": [[23.332832283, 42.671328678]]}}, {"type": "Feature", "properties": {"id": 22708, "objectid": 31629.0, "park_txt": "Напречн", "zona": "Зелена зона", "mestopoloz": "ул. Златовръх", "georef_201": "2018", "vid_txt_20": "Зона", "zabelezhka": null, "obekt": null, "dogovor_sr": null, "dogovor_nu": null, "type": null, "bezplatni_": null, "podzona_nu": "-", "sf_rayon": "-"}, "geometry": {"type": "MultiPoint", "coordinates": [[23.332818411, 42.671287925]]}}, {"type": "Feature", "properties": {"id": 22709, "objectid": 31630.0, "park_txt": "Надлъжн", "zona": "Зелена зона", "mestopoloz": "ул. Златовръх", "georef_201": "2018", "vid_txt_20": "Зона", "zabelezhka": null, "obekt": null, "dogovor_sr": null, "dogovor_nu": null, "type": null, "bezplatni_": null, "podzona_nu": "-", "sf_rayon": "-"}, "geometry": {"type": "MultiPoint", "coordinates": [[23.333166026, 42.672160669]]}}, {"type": "Feature", "properties": {"id": 22710, "objectid": 31631.0, "park_txt": "Надлъжн", "zona": "Зелена зона", "mestopoloz": "ул. Златовръх", "georef_201": "2018", "vid_txt_20": "Зона", "zabelezhka": null, "obekt": null, "dogovor_sr": null, "dogovor_nu": null, "type": null, "bezplatni_": null, "podzona_nu": "-", "sf_rayon": "-"}, "geometry": {"type": "MultiPoint", "coordinates": [[23.333182824, 42.672210229]]}}, {"type": "Feature", "properties": {"id": 22711, "objectid": 31632.0, "park_txt": "Надлъжн", "zona": "Зелена зона", "mestopoloz": "ул. Златовръх", "georef_201": "2018", "vid_txt_20": "Зона", "zabelezhka": null, "obekt": null, "dogovor_sr": null, "dogovor_nu": null, "type": null, "bezplatni_": null, "podzona_nu": "-", "sf_rayon": "-"}, "geometry": {"type": "MultiPoint", "coordinates": [[23.333131479, 42.672058102]]}}, {"type": "Feature", "properties": {"id": 22712, "objectid": 31633.0, "park_txt": "Надлъжн", "zona": "Зелена зона", "mestopoloz": "ул. Златовръх", "georef_201": "2018", "vid_txt_20": "Зона", "zabelezhka": null, "obekt": null, "dogovor_sr": null, "dogovor_nu": null, "type": null, "bezplatni_": null, "podzona_nu": "-", "sf_rayon": "-"}, "geometry": {"type": "MultiPoint", "coordinates": [[23.333148276, 42.672107661]]}}, {"type": "Feature", "properties": {"id": 22713, "objectid": 31634.0, "park_txt": "Надлъжн", "zona": "Зелена зона", "mestopoloz": "ул. Златовръх", "georef_201": "2018", "vid_txt_20": "Зона", "zabelezhka": null, "obekt": null, "dogovor_sr": null, "dogovor_nu": null, "type": null, "bezplatni_": null, "podzona_nu": "-", "sf_rayon": "-"}, "geometry": {"type": "MultiPoint", "coordinates": [[23.333069078, 42.67189313]]}}, {"type": "Feature", "properties": {"id": 22714, "objectid": 31635.0, "park_txt": "Надлъжн", "zona": "Зелена зона", "mestopoloz": "ул. Златовръх", "georef_201": "2018", "vid_txt_20": "Зона", "zabelezhka": null, "obekt": null, "dogovor_sr": null, "dogovor_nu": null, "type": null, "bezplatni_": null, "podzona_nu": "-", "sf_rayon": "-"}, "geometry": {"type": "MultiPoint", "coordinates": [[23.333111994, 42.672007476]]}}, {"type": "Feature", "properties": {"id": 22715, "objectid": 31636.0, "park_txt": "Надлъжн", "zona": "Зелена зона", "mestopoloz": "ул. Златовръх", "georef_201": "2018", "vid_txt_20": "Инвалид", "zabelezhka": "-", "obekt": "-", "dogovor_sr": "-", "dogovor_nu": "-", "type": "-", "bezplatni_": "-", "podzona_nu": "-", "sf_rayon": "-"}, "geometry": {"type": "MultiPoint", "coordinates": [[23.333022838, 42.671765396]]}}, {"type": "Feature", "properties": {"id": 22716, "objectid": 31637.0, "park_txt": "Надлъжн", "zona": "Зелена зона", "mestopoloz": "ул. Златовръх", "georef_201": "2018", "vid_txt_20": "Зона", "zabelezhka": null, "obekt": null, "dogovor_sr": null, "dogovor_nu": null, "type": null, "bezplatni_": null, "podzona_nu": "-", "sf_rayon": "-"}, "geometry": {"type": "MultiPoint", "coordinates": [[23.333051328, 42.671840122]]}}, {"type": "Feature", "properties": {"id": 22717, "objectid": 31638.0, "park_txt": "Надлъжн", "zona": "Зелена зона", "mestopoloz": "ул. Златовръх", "georef_201": "2018", "vid_txt_20": "Зона", "zabelezhka": null, "obekt": null, "dogovor_sr": null, "dogovor_nu": null, "type": null, "bezplatni_": null, "podzona_nu": "-", "sf_rayon": "-"}, "geometry": {"type": "MultiPoint", "coordinates": [[23.333288008, 42.67249891]]}}, {"type": "Feature", "properties": {"id": 22718, "objectid": 31640.0, "park_txt": "Надлъжн", "zona": "Зелена зона", "mestopoloz": "ул. Златовръх", "georef_201": "2018", "vid_txt_20": "Зона", "zabelezhka": null, "obekt": null, "dogovor_sr": null, "dogovor_nu": null, "type": null, "bezplatni_": null, "podzona_nu": "-", "sf_rayon": "-"}, "geometry": {"type": "MultiPoint", "coordinates": [[23.33325346, 42.672396343]]}}, {"type": "Feature", "properties": {"id": 22719, "objectid": 31641.0, "park_txt": "Надлъжн", "zona": "Зелена зона", "mestopoloz": "ул. Златовръх", "georef_201": "2018", "vid_txt_20": "Зона", "zabelezhka": null, "obekt": null, "dogovor_sr": null, "dogovor_nu": null, "type": null, "bezplatni_": null, "podzona_nu": "-", "sf_rayon": "-"}, "geometry": {"type": "MultiPoint", "coordinates": [[23.333270258, 42.672445902]]}}, {"type": "Feature", "properties": {"id": 22720, "objectid": 31642.0, "park_txt": "Надлъжн", "zona": "Зелена зона", "mestopoloz": "ул. Златовръх", "georef_201": "2018", "vid_txt_20": "Зона", "zabelezhka": null, "obekt": null, "dogovor_sr": null, "dogovor_nu": null, "type": null, "bezplatni_": null, "podzona_nu": "-", "sf_rayon": "-"}, "geometry": {"type": "MultiPoint", "coordinates": [[23.333503375, 42.673102693]]}}, {"type": "Feature", "properties": {"id": 22721, "objectid": 31643.0, "park_txt": "Надлъжн", "zona": "Зелена зона", "mestopoloz": "ул. Златовръх", "georef_201": "2018", "vid_txt_20": "Зона", "zabelezhka": null, "obekt": null, "dogovor_sr": null, "dogovor_nu": null, "type": null, "bezplatni_": null, "podzona_nu": "-", "sf_rayon": "-"}, "geometry": {"type": "MultiPoint", "coordinates": [[23.333520173, 42.673152252]]}}, {"type": "Feature", "properties": {"id": 22722, "objectid": 31644.0, "park_txt": "Надлъжн", "zona": "Зелена зона", "mestopoloz": "ул. Златовръх", "georef_201": "2018", "vid_txt_20": "Зона", "zabelezhka": null, "obekt": null, "dogovor_sr": null, "dogovor_nu": null, "type": null, "bezplatni_": null, "podzona_nu": "-", "sf_rayon": "-"}, "geometry": {"type": "MultiPoint", "coordinates": [[23.333468827, 42.673000125]]}}, {"type": "Feature", "properties": {"id": 22723, "objectid": 31645.0, "park_txt": "Надлъжн", "zona": "Зелена зона", "mestopoloz": "ул. Златовръх", "georef_201": "2018", "vid_txt_20": "Зона", "zabelezhka": null, "obekt": null, "dogovor_sr": null, "dogovor_nu": null, "type": null, "bezplatni_": null, "podzona_nu": "-", "sf_rayon": "-"}, "geometry": {"type": "MultiPoint", "coordinates": [[23.333485625, 42.673049685]]}}, {"type": "Feature", "properties": {"id": 22724, "objectid": 31646.0, "park_txt": "Надлъжн", "zona": "Зелена зона", "mestopoloz": "ул. Златовръх", "georef_201": "2018", "vid_txt_20": "Зона", "zabelezhka": null, "obekt": null, "dogovor_sr": null, "dogovor_nu": null, "type": null, "bezplatni_": null, "podzona_nu": "-", "sf_rayon": "-"}, "geometry": {"type": "MultiPoint", "coordinates": [[23.333427794, 42.672896155]]}}, {"type": "Feature", "properties": {"id": 22725, "objectid": 31647.0, "park_txt": "Надлъжн", "zona": "Зелена зона", "mestopoloz": "ул. Златовръх", "georef_201": "2018", "vid_txt_20": "Зона", "zabelezhka": null, "obekt": null, "dogovor_sr": null, "dogovor_nu": null, "type": null, "bezplatni_": null, "podzona_nu": "-", "sf_rayon": "-"}, "geometry": {"type": "MultiPoint", "coordinates": [[23.333444592, 42.672945715]]}}, {"type": "Feature", "properties": {"id": 22726, "objectid": 31649.0, "park_txt": "Надлъжн", "zona": "Зелена зона", "mestopoloz": "ул. Златовръх", "georef_201": "2018", "vid_txt_20": "Зона", "zabelezhka": null, "obekt": null, "dogovor_sr": null, "dogovor_nu": null, "type": null, "bezplatni_": null, "podzona_nu": "-", "sf_rayon": "-"}, "geometry": {"type": "MultiPoint", "coordinates": [[23.333410044, 42.672843148]]}}, {"type": "Feature", "properties": {"id": 22727, "objectid": 31650.0, "park_txt": "Надлъжн", "zona": "Зелена зона", "mestopoloz": "ул. Златовръх", "georef_201": "2018", "vid_txt_20": "Зона", "zabelezhka": null, "obekt": null, "dogovor_sr": null, "dogovor_nu": null, "type": null, "bezplatni_": null, "podzona_nu": "-", "sf_rayon": "-"}, "geometry": {"type": "MultiPoint", "coordinates": [[23.333370553, 42.672731167]]}}, {"type": "Feature", "properties": {"id": 22728, "objectid": 31651.0, "park_txt": "Надлъжн", "zona": "Зелена зона", "mestopoloz": "ул. Златовръх", "georef_201": "2018", "vid_txt_20": "Зона", "zabelezhka": null, "obekt": null, "dogovor_sr": null, "dogovor_nu": null, "type": null, "bezplatni_": null, "podzona_nu": "-", "sf_rayon": "-"}, "geometry": {"type": "MultiPoint", "coordinates": [[23.33369204, 42.673629477]]}}, {"type": "Feature", "properties": {"id": 22729, "objectid": 31652.0, "park_txt": "Надлъжн", "zona": "Зелена зона", "mestopoloz": "ул. Златовръх", "georef_201": "2018", "vid_txt_20": "Зона", "zabelezhka": null, "obekt": null, "dogovor_sr": null, "dogovor_nu": null, "type": null, "bezplatni_": null, "podzona_nu": "-", "sf_rayon": "-"}, "geometry": {"type": "MultiPoint", "coordinates": [[23.333709579, 42.673679032]]}}, {"type": "Feature", "properties": {"id": 22730, "objectid": 31653.0, "park_txt": "Надлъжн", "zona": "Зелена зона", "mestopoloz": "ул. Златовръх", "georef_201": "2018", "vid_txt_20": "Зона", "zabelezhka": null, "obekt": null, "dogovor_sr": null, "dogovor_nu": null, "type": null, "bezplatni_": null, "podzona_nu": "-", "sf_rayon": "-"}, "geometry": {"type": "MultiPoint", "coordinates": [[23.333656071, 42.673527853]]}}, {"type": "Feature", "properties": {"id": 22731, "objectid": 31654.0, "park_txt": "Надлъжн", "zona": "Зелена зона", "mestopoloz": "ул. Златовръх", "georef_201": "2018", "vid_txt_20": "Зона", "zabelezhka": null, "obekt": null, "dogovor_sr": null, "dogovor_nu": null, "type": null, "bezplatni_": null, "podzona_nu": "-", "sf_rayon": "-"}, "geometry": {"type": "MultiPoint", "coordinates": [[23.333674221, 42.673579132]]}}, {"type": "Feature", "properties": {"id": 22732, "objectid": 31655.0, "park_txt": "Надлъжн", "zona": "Зелена зона", "mestopoloz": "ул. Златовръх", "georef_201": "2018", "vid_txt_20": "Зона", "zabelezhka": null, "obekt": null, "dogovor_sr": null, "dogovor_nu": null, "type": null, "bezplatni_": null, "podzona_nu": "-", "sf_rayon": "-"}, "geometry": {"type": "MultiPoint", "coordinates": [[23.333620198, 42.6734223]]}}, {"type": "Feature", "properties": {"id": 22733, "objectid": 31656.0, "park_txt": "Надлъжн", "zona": "Зелена зона", "mestopoloz": "ул. Златовръх", "georef_201": "2018", "vid_txt_20": "Зона", "zabelezhka": null, "obekt": null, "dogovor_sr": null, "dogovor_nu": null, "type": null, "bezplatni_": null, "podzona_nu": "-", "sf_rayon": "-"}, "geometry": {"type": "MultiPoint", "coordinates": [[23.333636996, 42.67347186]]}}, {"type": "Feature", "properties": {"id": 22734, "objectid": 31657.0, "park_txt": "Надлъжн", "zona": "Зелена зона", "mestopoloz": "ул. Златовръх", "georef_201": "2018", "vid_txt_20": "Инвалид", "zabelezhka": "-", "obekt": "-", "dogovor_sr": "-", "dogovor_nu": "-", "type": "-", "bezplatni_": "-", "podzona_nu": "-", "sf_rayon": "-"}, "geometry": {"type": "MultiPoint", "coordinates": [[23.333596561, 42.67335972]]}}, {"type": "Feature", "properties": {"id": 22735, "objectid": 31658.0, "park_txt": "Надлъжн", "zona": "Зелена зона", "mestopoloz": "ул. Златовръх 5", "georef_201": "2018", "vid_txt_20": "Служебен", "zabelezhka": "-", "obekt": "-", "dogovor_sr": "-", "dogovor_nu": "-", "type": "-", "bezplatni_": "-", "podzona_nu": "-", "sf_rayon": "-"}, "geometry": {"type": "MultiPoint", "coordinates": [[23.333814513, 42.673973693]]}}, {"type": "Feature", "properties": {"id": 22736, "objectid": 31659.0, "park_txt": "Надлъжн", "zona": "Зелена зона", "mestopoloz": "ул. Златовръх 5", "georef_201": "2018", "vid_txt_20": "Служебен", "zabelezhka": "-", "obekt": "-", "dogovor_sr": "-", "dogovor_nu": "-", "type": "-", "bezplatni_": "-", "podzona_nu": "-", "sf_rayon": "-"}, "geometry": {"type": "MultiPoint", "coordinates": [[23.333832052, 42.674023248]]}}, {"type": "Feature", "properties": {"id": 22737, "objectid": 31660.0, "park_txt": "Надлъжн", "zona": "Зелена зона", "mestopoloz": "ул. Златовръх", "georef_201": "2018", "vid_txt_20": "Зона", "zabelezhka": null, "obekt": null, "dogovor_sr": null, "dogovor_nu": null, "type": null, "bezplatni_": null, "podzona_nu": "-", "sf_rayon": "-"}, "geometry": {"type": "MultiPoint", "coordinates": [[23.333778542, 42.67387207]]}}, {"type": "Feature", "properties": {"id": 22738, "objectid": 31661.0, "park_txt": "Надлъжн", "zona": "Зелена зона", "mestopoloz": "ул. Златовръх", "georef_201": "2018", "vid_txt_20": "Зона", "zabelezhka": null, "obekt": null, "dogovor_sr": null, "dogovor_nu": null, "type": null, "bezplatni_": null, "podzona_nu": "-", "sf_rayon": "-"}, "geometry": {"type": "MultiPoint", "coordinates": [[23.333796693, 42.673923348]]}}, {"type": "Feature", "properties": {"id": 22739, "objectid": 31662.0, "park_txt": "Надлъжн", "zona": "Зелена зона", "mestopoloz": "ул. Златовръх", "georef_201": "2018", "vid_txt_20": "Инвалид", "zabelezhka": "-", "obekt": "-", "dogovor_sr": "-", "dogovor_nu": "-", "type": "-", "bezplatni_": "-", "podzona_nu": "-", "sf_rayon": "-"}, "geometry": {"type": "MultiPoint", "coordinates": [[23.333849884, 42.67407356]]}}, {"type": "Feature", "properties": {"id": 22740, "objectid": 31663.0, "park_txt": "Надлъжн", "zona": "Зелена зона", "mestopoloz": "пл. Велчова завера", "georef_201": "2018", "vid_txt_20": "Зона", "zabelezhka": null, "obekt": null, "dogovor_sr": null, "dogovor_nu": null, "type": null, "bezplatni_": null, "podzona_nu": "-", "sf_rayon": "-"}, "geometry": {"type": "MultiPoint", "coordinates": [[23.334080363, 42.676217575]]}}, {"type": "Feature", "properties": {"id": 22741, "objectid": 31665.0, "park_txt": "Надлъжн", "zona": "Зелена зона", "mestopoloz": "пл. Велчова завера", "georef_201": "2018", "vid_txt_20": "Зона", "zabelezhka": null, "obekt": null, "dogovor_sr": null, "dogovor_nu": null, "type": null, "bezplatni_": null, "podzona_nu": "-", "sf_rayon": "-"}, "geometry": {"type": "MultiPoint", "coordinates": [[23.334085325, 42.676162955]]}}, {"type": "Feature", "properties": {"id": 22742, "objectid": 31666.0, "park_txt": "Надлъжн", "zona": "Зелена зона", "mestopoloz": "пл. Велчова завера", "georef_201": "2018", "vid_txt_20": "Зона", "zabelezhka": null, "obekt": null, "dogovor_sr": null, "dogovor_nu": null, "type": null, "bezplatni_": null, "podzona_nu": "-", "sf_rayon": "-"}, "geometry": {"type": "MultiPoint", "coordinates": [[23.334090956, 42.67610783]]}}, {"type": "Feature", "properties": {"id": 22743, "objectid": 31667.0, "park_txt": "Надлъжн", "zona": "Зелена зона", "mestopoloz": "пл. Велчова завера", "georef_201": "2018", "vid_txt_20": "Зона", "zabelezhka": null, "obekt": null, "dogovor_sr": null, "dogovor_nu": null, "type": null, "bezplatni_": null, "podzona_nu": "-", "sf_rayon": "-"}, "geometry": {"type": "MultiPoint", "coordinates": [[23.334096505, 42.67605472]]}}, {"type": "Feature", "properties": {"id": 22744, "objectid": 31668.0, "park_txt": "Надлъжн", "zona": "Зелена зона", "mestopoloz": "пл. Велчова завера", "georef_201": "2018", "vid_txt_20": "Зона", "zabelezhka": null, "obekt": null, "dogovor_sr": null, "dogovor_nu": null, "type": null, "bezplatni_": null, "podzona_nu": "-", "sf_rayon": "-"}, "geometry": {"type": "MultiPoint", "coordinates": [[23.33410361, 42.676002058]]}}, {"type": "Feature", "properties": {"id": 22745, "objectid": 31669.0, "park_txt": "Надлъжн", "zona": "Зелена зона", "mestopoloz": "пл. Велчова завера", "georef_201": "2018", "vid_txt_20": "Зона", "zabelezhka": null, "obekt": null, "dogovor_sr": null, "dogovor_nu": null, "type": null, "bezplatni_": null, "podzona_nu": "-", "sf_rayon": "-"}, "geometry": {"type": "MultiPoint", "coordinates": [[23.334114982, 42.675900989]]}}, {"type": "Feature", "properties": {"id": 22746, "objectid": 31670.0, "park_txt": "Надлъжн", "zona": "Зелена зона", "mestopoloz": "пл. Велчова завера", "georef_201": "2018", "vid_txt_20": "Зона", "zabelezhka": null, "obekt": null, "dogovor_sr": null, "dogovor_nu": null, "type": null, "bezplatni_": null, "podzona_nu": "-", "sf_rayon": "-"}, "geometry": {"type": "MultiPoint", "coordinates": [[23.33412185, 42.675839949]]}}, {"type": "Feature", "properties": {"id": 22747, "objectid": 31671.0, "park_txt": "Надлъжн", "zona": "Зелена зона", "mestopoloz": "пл. Велчова завера", "georef_201": "2018", "vid_txt_20": "Зона", "zabelezhka": null, "obekt": null, "dogovor_sr": null, "dogovor_nu": null, "type": null, "bezplatni_": null, "podzona_nu": "-", "sf_rayon": "-"}, "geometry": {"type": "MultiPoint", "coordinates": [[23.334128482, 42.675781008]]}}, {"type": "Feature", "properties": {"id": 22748, "objectid": 31672.0, "park_txt": "Надлъжн", "zona": "Зелена зона", "mestopoloz": "пл. Велчова завера", "georef_201": "2018", "vid_txt_20": "Зона", "zabelezhka": null, "obekt": null, "dogovor_sr": null, "dogovor_nu": null, "type": null, "bezplatni_": null, "podzona_nu": "-", "sf_rayon": "-"}, "geometry": {"type": "MultiPoint", "coordinates": [[23.334134447, 42.675727983]]}}, {"type": "Feature", "properties": {"id": 22749, "objectid": 31673.0, "park_txt": "Надлъжн", "zona": "Зелена зона", "mestopoloz": "пл. Велчова завера", "georef_201": "2018", "vid_txt_20": "Зона", "zabelezhka": null, "obekt": null, "dogovor_sr": null, "dogovor_nu": null, "type": null, "bezplatni_": null, "podzona_nu": "-", "sf_rayon": "-"}, "geometry": {"type": "MultiPoint", "coordinates": [[23.334140914, 42.675670503]]}}, {"type": "Feature", "properties": {"id": 22750, "objectid": 31674.0, "park_txt": "Надлъжн", "zona": "Зелена зона", "mestopoloz": "пл. Велчова завера", "georef_201": "2018", "vid_txt_20": "Зона", "zabelezhka": null, "obekt": null, "dogovor_sr": null, "dogovor_nu": null, "type": null, "bezplatni_": null, "podzona_nu": "-", "sf_rayon": "-"}, "geometry": {"type": "MultiPoint", "coordinates": [[23.334147203, 42.675614607]]}}, {"type": "Feature", "properties": {"id": 22751, "objectid": 31675.0, "park_txt": "Надлъжн", "zona": "Зелена зона", "mestopoloz": "пл. Велчова завера", "georef_201": "2018", "vid_txt_20": "Зона", "zabelezhka": null, "obekt": null, "dogovor_sr": null, "dogovor_nu": null, "type": null, "bezplatni_": null, "podzona_nu": "-", "sf_rayon": "-"}, "geometry": {"type": "MultiPoint", "coordinates": [[23.334153201, 42.675561301]]}}, {"type": "Feature", "properties": {"id": 22752, "objectid": 31676.0, "park_txt": "Надлъжн", "zona": "Зелена зона", "mestopoloz": "пл. Велчова завера", "georef_201": "2018", "vid_txt_20": "Зона", "zabelezhka": null, "obekt": null, "dogovor_sr": null, "dogovor_nu": null, "type": null, "bezplatni_": null, "podzona_nu": "-", "sf_rayon": "-"}, "geometry": {"type": "MultiPoint", "coordinates": [[23.334159051, 42.67550929]]}}, {"type": "Feature", "properties": {"id": 22753, "objectid": 31677.0, "park_txt": "Надлъжн", "zona": "Зелена зона", "mestopoloz": "пл. Велчова завера", "georef_201": "2018", "vid_txt_20": "Зона", "zabelezhka": null, "obekt": null, "dogovor_sr": null, "dogovor_nu": null, "type": null, "bezplatni_": null, "podzona_nu": "-", "sf_rayon": "-"}, "geometry": {"type": "MultiPoint", "coordinates": [[23.334238012, 42.674814592]]}}, {"type": "Feature", "properties": {"id": 22754, "objectid": 31678.0, "park_txt": "Надлъжн", "zona": "Зелена зона", "mestopoloz": "пл. Велчова завера", "georef_201": "2018", "vid_txt_20": "Зона", "zabelezhka": null, "obekt": null, "dogovor_sr": null, "dogovor_nu": null, "type": null, "bezplatni_": null, "podzona_nu": "-", "sf_rayon": "-"}, "geometry": {"type": "MultiPoint", "coordinates": [[23.334243627, 42.674760848]]}}, {"type": "Feature", "properties": {"id": 22755, "objectid": 31679.0, "park_txt": "Надлъжн", "zona": "Зелена зона", "mestopoloz": "пл. Велчова завера", "georef_201": "2018", "vid_txt_20": "Зона", "zabelezhka": null, "obekt": null, "dogovor_sr": null, "dogovor_nu": null, "type": null, "bezplatni_": null, "podzona_nu": "-", "sf_rayon": "-"}, "geometry": {"type": "MultiPoint", "coordinates": [[23.334249582, 42.674708005]]}}, {"type": "Feature", "properties": {"id": 22756, "objectid": 31680.0, "park_txt": "Надлъжн", "zona": "Зелена зона", "mestopoloz": "пл. Велчова завера", "georef_201": "2018", "vid_txt_20": "Зона", "zabelezhka": null, "obekt": null, "dogovor_sr": null, "dogovor_nu": null, "type": null, "bezplatni_": null, "podzona_nu": "-", "sf_rayon": "-"}, "geometry": {"type": "MultiPoint", "coordinates": [[23.334254545, 42.674653385]]}}, {"type": "Feature", "properties": {"id": 22757, "objectid": 31683.0, "park_txt": "Напречн", "zona": "Зелена зона", "mestopoloz": "пл. Велчова завера", "georef_201": "2018", "vid_txt_20": "Зона", "zabelezhka": null, "obekt": null, "dogovor_sr": null, "dogovor_nu": null, "type": null, "bezplatni_": null, "podzona_nu": "-", "sf_rayon": "-"}, "geometry": {"type": "MultiPoint", "coordinates": [[23.333834679, 42.674621049]]}}, {"type": "Feature", "properties": {"id": 22758, "objectid": 31684.0, "park_txt": "Напречн", "zona": "Зелена зона", "mestopoloz": "пл. Велчова завера", "georef_201": "2018", "vid_txt_20": "Зона", "zabelezhka": null, "obekt": null, "dogovor_sr": null, "dogovor_nu": null, "type": null, "bezplatni_": null, "podzona_nu": "-", "sf_rayon": "-"}, "geometry": {"type": "MultiPoint", "coordinates": [[23.333832236, 42.674642068]]}}, {"type": "Feature", "properties": {"id": 22759, "objectid": 31685.0, "park_txt": "Напречн", "zona": "Зелена зона", "mestopoloz": "пл. Велчова завера", "georef_201": "2018", "vid_txt_20": "Зона", "zabelezhka": null, "obekt": null, "dogovor_sr": null, "dogovor_nu": null, "type": null, "bezplatni_": null, "podzona_nu": "-", "sf_rayon": "-"}, "geometry": {"type": "MultiPoint", "coordinates": [[23.333829902, 42.674662156]]}}, {"type": "Feature", "properties": {"id": 22760, "objectid": 31686.0, "park_txt": "Напречн", "zona": "Зелена зона", "mestopoloz": "пл. Велчова завера", "georef_201": "2018", "vid_txt_20": "Зона", "zabelezhka": null, "obekt": null, "dogovor_sr": null, "dogovor_nu": null, "type": null, "bezplatni_": null, "podzona_nu": "-", "sf_rayon": "-"}, "geometry": {"type": "MultiPoint", "coordinates": [[23.333827694, 42.674681607]]}}, {"type": "Feature", "properties": {"id": 22761, "objectid": 31687.0, "park_txt": "Напречн", "zona": "Зелена зона", "mestopoloz": "пл. Велчова завера", "georef_201": "2018", "vid_txt_20": "Зона", "zabelezhka": null, "obekt": null, "dogovor_sr": null, "dogovor_nu": null, "type": null, "bezplatni_": null, "podzona_nu": "-", "sf_rayon": "-"}, "geometry": {"type": "MultiPoint", "coordinates": [[23.333825739, 42.674701269]]}}, {"type": "Feature", "properties": {"id": 22762, "objectid": 31688.0, "park_txt": "Напречн", "zona": "Зелена зона", "mestopoloz": "пл. Велчова завера", "georef_201": "2018", "vid_txt_20": "Зона", "zabelezhka": null, "obekt": null, "dogovor_sr": null, "dogovor_nu": null, "type": null, "bezplatni_": null, "podzona_nu": "-", "sf_rayon": "-"}, "geometry": {"type": "MultiPoint", "coordinates": [[23.333824082, 42.674720974]]}}, {"type": "Feature", "properties": {"id": 22763, "objectid": 31689.0, "park_txt": "Напречн", "zona": "Зелена зона", "mestopoloz": "пл. Велчова завера", "georef_201": "2018", "vid_txt_20": "Зона", "zabelezhka": null, "obekt": null, "dogovor_sr": null, "dogovor_nu": null, "type": null, "bezplatni_": null, "podzona_nu": "-", "sf_rayon": "-"}, "geometry": {"type": "MultiPoint", "coordinates": [[23.333821748, 42.674741062]]}}, {"type": "Feature", "properties": {"id": 22764, "objectid": 31690.0, "park_txt": "Напречн", "zona": "Зелена зона", "mestopoloz": "пл. Велчова завера", "georef_201": "2018", "vid_txt_20": "Зона", "zabelezhka": null, "obekt": null, "dogovor_sr": null, "dogovor_nu": null, "type": null, "bezplatni_": null, "podzona_nu": "-", "sf_rayon": "-"}, "geometry": {"type": "MultiPoint", "coordinates": [[23.33381954, 42.674760513]]}}, {"type": "Feature", "properties": {"id": 22765, "objectid": 31691.0, "park_txt": "Напречн", "zona": "Зелена зона", "mestopoloz": "пл. Велчова завера", "georef_201": "2018", "vid_txt_20": "Зона", "zabelezhka": null, "obekt": null, "dogovor_sr": null, "dogovor_nu": null, "type": null, "bezplatni_": null, "podzona_nu": "-", "sf_rayon": "-"}, "geometry": {"type": "MultiPoint", "coordinates": [[23.333817585, 42.674780176]]}}, {"type": "Feature", "properties": {"id": 22766, "objectid": 31692.0, "park_txt": "Надлъжн", "zona": "Зелена зона", "mestopoloz": "ул. Васил Кирков", "georef_201": "2018", "vid_txt_20": "Зона", "zabelezhka": null, "obekt": null, "dogovor_sr": null, "dogovor_nu": null, "type": null, "bezplatni_": null, "podzona_nu": "-", "sf_rayon": "-"}, "geometry": {"type": "MultiPoint", "coordinates": [[23.333913417, 42.673645578]]}}, {"type": "Feature", "properties": {"id": 22767, "objectid": 31693.0, "park_txt": "Надлъжн", "zona": "Зелена зона", "mestopoloz": "ул. Васил Кирков", "georef_201": "2018", "vid_txt_20": "Зона", "zabelezhka": null, "obekt": null, "dogovor_sr": null, "dogovor_nu": null, "type": null, "bezplatni_": null, "podzona_nu": "-", "sf_rayon": "-"}, "geometry": {"type": "MultiPoint", "coordinates": [[23.333954269, 42.673601421]]}}, {"type": "Feature", "properties": {"id": 22768, "objectid": 31694.0, "park_txt": "Надлъжн", "zona": "Зелена зона", "mestopoloz": "ул. Васил Кирков", "georef_201": "2018", "vid_txt_20": "Зона", "zabelezhka": null, "obekt": null, "dogovor_sr": null, "dogovor_nu": null, "type": null, "bezplatni_": null, "podzona_nu": "-", "sf_rayon": "-"}, "geometry": {"type": "MultiPoint", "coordinates": [[23.333993952, 42.673558527]]}}, {"type": "Feature", "properties": {"id": 22769, "objectid": 31695.0, "park_txt": "Надлъжн", "zona": "Зелена зона", "mestopoloz": "ул. Васил Кирков", "georef_201": "2018", "vid_txt_20": "Зона", "zabelezhka": null, "obekt": null, "dogovor_sr": null, "dogovor_nu": null, "type": null, "bezplatni_": null, "podzona_nu": "-", "sf_rayon": "-"}, "geometry": {"type": "MultiPoint", "coordinates": [[23.334034355, 42.673514855]]}}, {"type": "Feature", "properties": {"id": 22770, "objectid": 31696.0, "park_txt": "Надлъжн", "zona": "Зелена зона", "mestopoloz": "ул. Васил Кирков", "georef_201": "2018", "vid_txt_20": "Зона", "zabelezhka": null, "obekt": null, "dogovor_sr": null, "dogovor_nu": null, "type": null, "bezplatni_": null, "podzona_nu": "-", "sf_rayon": "-"}, "geometry": {"type": "MultiPoint", "coordinates": [[23.334304289, 42.6732304]]}}, {"type": "Feature", "properties": {"id": 22771, "objectid": 31697.0, "park_txt": "Надлъжн", "zona": "Зелена зона", "mestopoloz": "ул. Васил Кирков", "georef_201": "2018", "vid_txt_20": "Зона", "zabelezhka": null, "obekt": null, "dogovor_sr": null, "dogovor_nu": null, "type": null, "bezplatni_": null, "podzona_nu": "-", "sf_rayon": "-"}, "geometry": {"type": "MultiPoint", "coordinates": [[23.334511279, 42.673015216]]}}, {"type": "Feature", "properties": {"id": 22772, "objectid": 31698.0, "park_txt": "Надлъжн", "zona": "Зелена зона", "mestopoloz": "ул. Васил Кирков", "georef_201": "2018", "vid_txt_20": "Зона", "zabelezhka": null, "obekt": null, "dogovor_sr": null, "dogovor_nu": null, "type": null, "bezplatni_": null, "podzona_nu": "-", "sf_rayon": "-"}, "geometry": {"type": "MultiPoint", "coordinates": [[23.33455213, 42.672971059]]}}, {"type": "Feature", "properties": {"id": 22773, "objectid": 31699.0, "park_txt": "Надлъжн", "zona": "Зелена зона", "mestopoloz": "ул. Васил Кирков", "georef_201": "2018", "vid_txt_20": "Зона", "zabelezhka": null, "obekt": null, "dogovor_sr": null, "dogovor_nu": null, "type": null, "bezplatni_": null, "podzona_nu": "-", "sf_rayon": "-"}, "geometry": {"type": "MultiPoint", "coordinates": [[23.334591812, 42.672928165]]}}, {"type": "Feature", "properties": {"id": 22774, "objectid": 31700.0, "park_txt": "Надлъжн", "zona": "Зелена зона", "mestopoloz": "ул. Васил Кирков", "georef_201": "2018", "vid_txt_20": "Зона", "zabelezhka": null, "obekt": null, "dogovor_sr": null, "dogovor_nu": null, "type": null, "bezplatni_": null, "podzona_nu": "-", "sf_rayon": "-"}, "geometry": {"type": "MultiPoint", "coordinates": [[23.334632214, 42.672884493]]}}, {"type": "Feature", "properties": {"id": 22775, "objectid": 31701.0, "park_txt": "Надлъжн", "zona": "Зелена зона", "mestopoloz": "ул. Васил Кирков", "georef_201": "2018", "vid_txt_20": "Зона", "zabelezhka": null, "obekt": null, "dogovor_sr": null, "dogovor_nu": null, "type": null, "bezplatni_": null, "podzona_nu": "-", "sf_rayon": "-"}, "geometry": {"type": "MultiPoint", "coordinates": [[23.334675434, 42.672839863]]}}, {"type": "Feature", "properties": {"id": 22776, "objectid": 31702.0, "park_txt": "Надлъжн", "zona": "Зелена зона", "mestopoloz": "ул. Васил Кирков", "georef_201": "2018", "vid_txt_20": "Инвалид", "zabelezhka": "-", "obekt": "-", "dogovor_sr": "-", "dogovor_nu": "-", "type": "-", "bezplatni_": "-", "podzona_nu": "-", "sf_rayon": "-"}, "geometry": {"type": "MultiPoint", "coordinates": [[23.334731247, 42.672780134]]}}, {"type": "Feature", "properties": {"id": 22777, "objectid": 31703.0, "park_txt": "Надлъжн", "zona": "Зелена зона", "mestopoloz": "ул. Васил Кирков", "georef_201": "2018", "vid_txt_20": "Зона", "zabelezhka": null, "obekt": null, "dogovor_sr": null, "dogovor_nu": null, "type": null, "bezplatni_": null, "podzona_nu": "-", "sf_rayon": "-"}, "geometry": {"type": "MultiPoint", "coordinates": [[23.335052392, 42.672439792]]}}, {"type": "Feature", "properties": {"id": 22778, "objectid": 31704.0, "park_txt": "Надлъжн", "zona": "Зелена зона", "mestopoloz": "ул. Васил Кирков", "georef_201": "2018", "vid_txt_20": "Зона", "zabelezhka": null, "obekt": null, "dogovor_sr": null, "dogovor_nu": null, "type": null, "bezplatni_": null, "podzona_nu": "-", "sf_rayon": "-"}, "geometry": {"type": "MultiPoint", "coordinates": [[23.335093242, 42.672395635]]}}, {"type": "Feature", "properties": {"id": 22779, "objectid": 31705.0, "park_txt": "Надлъжн", "zona": "Зелена зона", "mestopoloz": "ул. Васил Кирков", "georef_201": "2018", "vid_txt_20": "Зона", "zabelezhka": null, "obekt": null, "dogovor_sr": null, "dogovor_nu": null, "type": null, "bezplatni_": null, "podzona_nu": "-", "sf_rayon": "-"}, "geometry": {"type": "MultiPoint", "coordinates": [[23.335132923, 42.67235274]]}}, {"type": "Feature", "properties": {"id": 22780, "objectid": 31706.0, "park_txt": "Надлъжн", "zona": "Зелена зона", "mestopoloz": "ул. Васил Кирков", "georef_201": "2018", "vid_txt_20": "Зона", "zabelezhka": null, "obekt": null, "dogovor_sr": null, "dogovor_nu": null, "type": null, "bezplatni_": null, "podzona_nu": "-", "sf_rayon": "-"}, "geometry": {"type": "MultiPoint", "coordinates": [[23.335173324, 42.672309068]]}}, {"type": "Feature", "properties": {"id": 22781, "objectid": 31707.0, "park_txt": "Надлъжн", "zona": "Зелена зона", "mestopoloz": "ул. Васил Кирков", "georef_201": "2018", "vid_txt_20": "Зона", "zabelezhka": null, "obekt": null, "dogovor_sr": null, "dogovor_nu": null, "type": null, "bezplatni_": null, "podzona_nu": "-", "sf_rayon": "-"}, "geometry": {"type": "MultiPoint", "coordinates": [[23.335216544, 42.672264438]]}}, {"type": "Feature", "properties": {"id": 22782, "objectid": 31708.0, "park_txt": "Надлъжн", "zona": "Зелена зона", "mestopoloz": "ул. Васил Кирков", "georef_201": "2018", "vid_txt_20": "Зона", "zabelezhka": null, "obekt": null, "dogovor_sr": null, "dogovor_nu": null, "type": null, "bezplatni_": null, "podzona_nu": "-", "sf_rayon": "-"}, "geometry": {"type": "MultiPoint", "coordinates": [[23.335009801, 42.672483713]]}}, {"type": "Feature", "properties": {"id": 22783, "objectid": 31715.0, "park_txt": "Надлъжн", "zona": "Зелена зона", "mestopoloz": "ул. Проф. Хараламби Тачев", "georef_201": "2018", "vid_txt_20": "Зона", "zabelezhka": null, "obekt": null, "dogovor_sr": null, "dogovor_nu": null, "type": null, "bezplatni_": null, "podzona_nu": "-", "sf_rayon": "-"}, "geometry": {"type": "MultiPoint", "coordinates": [[23.334361593, 42.67267628]]}}, {"type": "Feature", "properties": {"id": 22784, "objectid": 31716.0, "park_txt": "Надлъжн", "zona": "Зелена зона", "mestopoloz": "ул. Проф. Хараламби Тачев", "georef_201": "2018", "vid_txt_20": "Зона", "zabelezhka": null, "obekt": null, "dogovor_sr": null, "dogovor_nu": null, "type": null, "bezplatni_": null, "podzona_nu": "-", "sf_rayon": "-"}, "geometry": {"type": "MultiPoint", "coordinates": [[23.334346208, 42.672623928]]}}, {"type": "Feature", "properties": {"id": 22785, "objectid": 31717.0, "park_txt": "Надлъжн", "zona": "Зелена зона", "mestopoloz": "ул. Проф. Хараламби Тачев", "georef_201": "2018", "vid_txt_20": "Зона", "zabelezhka": null, "obekt": null, "dogovor_sr": null, "dogovor_nu": null, "type": null, "bezplatni_": null, "podzona_nu": "-", "sf_rayon": "-"}, "geometry": {"type": "MultiPoint", "coordinates": [[23.33433026, 42.6725731]]}}, {"type": "Feature", "properties": {"id": 22786, "objectid": 31718.0, "park_txt": "Надлъжн", "zona": "Зелена зона", "mestopoloz": "ул. Проф. Хараламби Тачев", "georef_201": "2018", "vid_txt_20": "Зона", "zabelezhka": null, "obekt": null, "dogovor_sr": null, "dogovor_nu": null, "type": null, "bezplatni_": null, "podzona_nu": "-", "sf_rayon": "-"}, "geometry": {"type": "MultiPoint", "coordinates": [[23.334313767, 42.672519735]]}}, {"type": "Feature", "properties": {"id": 22787, "objectid": 31719.0, "park_txt": "Надлъжн", "zona": "Зелена зона", "mestopoloz": "ул. Проф. Хараламби Тачев", "georef_201": "2018", "vid_txt_20": "Зона", "zabelezhka": null, "obekt": null, "dogovor_sr": null, "dogovor_nu": null, "type": null, "bezplatni_": null, "podzona_nu": "-", "sf_rayon": "-"}, "geometry": {"type": "MultiPoint", "coordinates": [[23.334297527, 42.672467185]]}}, {"type": "Feature", "properties": {"id": 22788, "objectid": 31720.0, "park_txt": "Надлъжн", "zona": "Зелена зона", "mestopoloz": "ул. Проф. Хараламби Тачев", "georef_201": "2018", "vid_txt_20": "Зона", "zabelezhka": null, "obekt": null, "dogovor_sr": null, "dogovor_nu": null, "type": null, "bezplatni_": null, "podzona_nu": "-", "sf_rayon": "-"}, "geometry": {"type": "MultiPoint", "coordinates": [[23.334263694, 42.67235771]]}}, {"type": "Feature", "properties": {"id": 22789, "objectid": 31721.0, "park_txt": "Надлъжн", "zona": "Зелена зона", "mestopoloz": "ул. Проф. Хараламби Тачев", "georef_201": "2018", "vid_txt_20": "Зона", "zabelezhka": null, "obekt": null, "dogovor_sr": null, "dogovor_nu": null, "type": null, "bezplatni_": null, "podzona_nu": "-", "sf_rayon": "-"}, "geometry": {"type": "MultiPoint", "coordinates": [[23.334454554, 42.672994436]]}}, {"type": "Feature", "properties": {"id": 22790, "objectid": 31722.0, "park_txt": "Надлъжн", "zona": "Зелена зона", "mestopoloz": "ул. Проф. Хараламби Тачев", "georef_201": "2018", "vid_txt_20": "Зона", "zabelezhka": null, "obekt": null, "dogovor_sr": null, "dogovor_nu": null, "type": null, "bezplatni_": null, "podzona_nu": "-", "sf_rayon": "-"}, "geometry": {"type": "MultiPoint", "coordinates": [[23.334439168, 42.672942084]]}}, {"type": "Feature", "properties": {"id": 22791, "objectid": 31723.0, "park_txt": "Надлъжн", "zona": "Зелена зона", "mestopoloz": "ул. Проф. Хараламби Тачев", "georef_201": "2018", "vid_txt_20": "Зона", "zabelezhka": null, "obekt": null, "dogovor_sr": null, "dogovor_nu": null, "type": null, "bezplatni_": null, "podzona_nu": "-", "sf_rayon": "-"}, "geometry": {"type": "MultiPoint", "coordinates": [[23.334423169, 42.672887642]]}}, {"type": "Feature", "properties": {"id": 22792, "objectid": 31724.0, "park_txt": "Надлъжн", "zona": "Зелена зона", "mestopoloz": "ул. Проф. Хараламби Тачев", "georef_201": "2018", "vid_txt_20": "Зона", "zabelezhka": null, "obekt": null, "dogovor_sr": null, "dogovor_nu": null, "type": null, "bezplatni_": null, "podzona_nu": "-", "sf_rayon": "-"}, "geometry": {"type": "MultiPoint", "coordinates": [[23.334407543, 42.672834464]]}}, {"type": "Feature", "properties": {"id": 22793, "objectid": 31725.0, "park_txt": "Надлъжн", "zona": "Зелена зона", "mestopoloz": "ул. Проф. Хараламби Тачев", "georef_201": "2018", "vid_txt_20": "Зона", "zabelezhka": null, "obekt": null, "dogovor_sr": null, "dogovor_nu": null, "type": null, "bezplatni_": null, "podzona_nu": "-", "sf_rayon": "-"}, "geometry": {"type": "MultiPoint", "coordinates": [[23.334392157, 42.672782112]]}}, {"type": "Feature", "properties": {"id": 22794, "objectid": 31726.0, "park_txt": "Надлъжн", "zona": "Зелена зона", "mestopoloz": "ул. Проф. Хараламби Тачев", "georef_201": "2018", "vid_txt_20": "Зона", "zabelezhka": null, "obekt": null, "dogovor_sr": null, "dogovor_nu": null, "type": null, "bezplatni_": null, "podzona_nu": "-", "sf_rayon": "-"}, "geometry": {"type": "MultiPoint", "coordinates": [[23.334376158, 42.67272767]]}}, {"type": "Feature", "properties": {"id": 22795, "objectid": 31727.0, "park_txt": "Надлъжн", "zona": "Зелена зона", "mestopoloz": "ул. Проф. Хараламби Тачев", "georef_201": "2018", "vid_txt_20": "Зона", "zabelezhka": null, "obekt": null, "dogovor_sr": null, "dogovor_nu": null, "type": null, "bezplatni_": null, "podzona_nu": "-", "sf_rayon": "-"}, "geometry": {"type": "MultiPoint", "coordinates": [[23.33428082, 42.672413127]]}}, {"type": "Feature", "properties": {"id": 22796, "objectid": 31728.0, "park_txt": "Надлъжн", "zona": "Зелена зона", "mestopoloz": "ул. Симеоново", "georef_201": "2018", "vid_txt_20": "Зона", "zabelezhka": null, "obekt": null, "dogovor_sr": null, "dogovor_nu": null, "type": null, "bezplatni_": null, "podzona_nu": "-", "sf_rayon": "-"}, "geometry": {"type": "MultiPoint", "coordinates": [[23.334330856, 42.672320862]]}}, {"type": "Feature", "properties": {"id": 22797, "objectid": 31729.0, "park_txt": "Надлъжн", "zona": "Зелена зона", "mestopoloz": "ул. Симеоново", "georef_201": "2018", "vid_txt_20": "Зона", "zabelezhka": null, "obekt": null, "dogovor_sr": null, "dogovor_nu": null, "type": null, "bezplatni_": null, "podzona_nu": "-", "sf_rayon": "-"}, "geometry": {"type": "MultiPoint", "coordinates": [[23.334379853, 42.672361797]]}}, {"type": "Feature", "properties": {"id": 22798, "objectid": 31730.0, "park_txt": "Надлъжн", "zona": "Зелена зона", "mestopoloz": "ул. Симеоново", "georef_201": "2018", "vid_txt_20": "Зона", "zabelezhka": null, "obekt": null, "dogovor_sr": null, "dogovor_nu": null, "type": null, "bezplatni_": null, "podzona_nu": "-", "sf_rayon": "-"}, "geometry": {"type": "MultiPoint", "coordinates": [[23.334429122, 42.672402959]]}}, {"type": "Feature", "properties": {"id": 22799, "objectid": 31731.0, "park_txt": "Надлъжн", "zona": "Зелена зона", "mestopoloz": "ул. Симеоново", "georef_201": "2018", "vid_txt_20": "Зона", "zabelezhka": null, "obekt": null, "dogovor_sr": null, "dogovor_nu": null, "type": null, "bezplatni_": null, "podzona_nu": "-", "sf_rayon": "-"}, "geometry": {"type": "MultiPoint", "coordinates": [[23.334478364, 42.672444095]]}}, {"type": "Feature", "properties": {"id": 22800, "objectid": 31732.0, "park_txt": "Надлъжн", "zona": "Зелена зона", "mestopoloz": "ул. Симеоново", "georef_201": "2018", "vid_txt_20": "Зона", "zabelezhka": null, "obekt": null, "dogovor_sr": null, "dogovor_nu": null, "type": null, "bezplatni_": null, "podzona_nu": "-", "sf_rayon": "-"}, "geometry": {"type": "MultiPoint", "coordinates": [[23.334527361, 42.67248503]]}}, {"type": "Feature", "properties": {"id": 22801, "objectid": 31733.0, "park_txt": "Надлъжн", "zona": "Зелена зона", "mestopoloz": "ул. Симеоново", "georef_201": "2018", "vid_txt_20": "Зона", "zabelezhka": null, "obekt": null, "dogovor_sr": null, "dogovor_nu": null, "type": null, "bezplatni_": null, "podzona_nu": "-", "sf_rayon": "-"}, "geometry": {"type": "MultiPoint", "coordinates": [[23.33457663, 42.672526192]]}}, {"type": "Feature", "properties": {"id": 22802, "objectid": 31734.0, "park_txt": "Надлъжн", "zona": "Зелена зона", "mestopoloz": "ул. Симеоново", "georef_201": "2018", "vid_txt_20": "Зона", "zabelezhka": null, "obekt": null, "dogovor_sr": null, "dogovor_nu": null, "type": null, "bezplatni_": null, "podzona_nu": "-", "sf_rayon": "-"}, "geometry": {"type": "MultiPoint", "coordinates": [[23.334623593, 42.672565425]]}}, {"type": "Feature", "properties": {"id": 22803, "objectid": 31735.0, "park_txt": "Надлъжн", "zona": "Зелена зона", "mestopoloz": "ул. Симеоново", "georef_201": "2018", "vid_txt_20": "Зона", "zabelezhka": null, "obekt": null, "dogovor_sr": null, "dogovor_nu": null, "type": null, "bezplatni_": null, "podzona_nu": "-", "sf_rayon": "-"}, "geometry": {"type": "MultiPoint", "coordinates": [[23.334672466, 42.672606254]]}}, {"type": "Feature", "properties": {"id": 22804, "objectid": 31736.0, "park_txt": "Надлъжн", "zona": "Зелена зона", "mestopoloz": "ул. Симеоново", "georef_201": "2018", "vid_txt_20": "Зона", "zabelezhka": null, "obekt": null, "dogovor_sr": null, "dogovor_nu": null, "type": null, "bezplatni_": null, "podzona_nu": "-", "sf_rayon": "-"}, "geometry": {"type": "MultiPoint", "coordinates": [[23.334721138, 42.672646915]]}}, {"type": "Feature", "properties": {"id": 22805, "objectid": 31737.0, "park_txt": "Надлъжн", "zona": "Зелена зона", "mestopoloz": "ул. Симеоново", "georef_201": "2018", "vid_txt_20": "Зона", "zabelezhka": null, "obekt": null, "dogovor_sr": null, "dogovor_nu": null, "type": null, "bezplatni_": null, "podzona_nu": "-", "sf_rayon": "-"}, "geometry": {"type": "MultiPoint", "coordinates": [[23.333496808, 42.671624437]]}}, {"type": "Feature", "properties": {"id": 22806, "objectid": 31738.0, "park_txt": "Надлъжн", "zona": "Зелена зона", "mestopoloz": "ул. Симеоново", "georef_201": "2018", "vid_txt_20": "Зона", "zabelezhka": null, "obekt": null, "dogovor_sr": null, "dogovor_nu": null, "type": null, "bezplatni_": null, "podzona_nu": "-", "sf_rayon": "-"}, "geometry": {"type": "MultiPoint", "coordinates": [[23.333546076, 42.671665599]]}}, {"type": "Feature", "properties": {"id": 22807, "objectid": 31739.0, "park_txt": "Надлъжн", "zona": "Зелена зона", "mestopoloz": "ул. Симеоново", "georef_201": "2018", "vid_txt_20": "Зона", "zabelezhka": null, "obekt": null, "dogovor_sr": null, "dogovor_nu": null, "type": null, "bezplatni_": null, "podzona_nu": "-", "sf_rayon": "-"}, "geometry": {"type": "MultiPoint", "coordinates": [[23.333644951, 42.671748515]]}}, {"type": "Feature", "properties": {"id": 22808, "objectid": 31740.0, "park_txt": "Надлъжн", "zona": "Зелена зона", "mestopoloz": "ул. Симеоново", "georef_201": "2018", "vid_txt_20": "Зона", "zabelezhka": null, "obekt": null, "dogovor_sr": null, "dogovor_nu": null, "type": null, "bezplatni_": null, "podzona_nu": "-", "sf_rayon": "-"}, "geometry": {"type": "MultiPoint", "coordinates": [[23.333693823, 42.671789345]]}}, {"type": "Feature", "properties": {"id": 22809, "objectid": 31741.0, "park_txt": "Надлъжн", "zona": "Зелена зона", "mestopoloz": "ул. Симеоново", "georef_201": "2018", "vid_txt_20": "Зона", "zabelezhka": null, "obekt": null, "dogovor_sr": null, "dogovor_nu": null, "type": null, "bezplatni_": null, "podzona_nu": "-", "sf_rayon": "-"}, "geometry": {"type": "MultiPoint", "coordinates": [[23.333742493, 42.671830007]]}}, {"type": "Feature", "properties": {"id": 22810, "objectid": 31742.0, "park_txt": "Надлъжн", "zona": "Зелена зона", "mestopoloz": "ул. Симеоново", "georef_201": "2018", "vid_txt_20": "Зона", "zabelezhka": null, "obekt": null, "dogovor_sr": null, "dogovor_nu": null, "type": null, "bezplatni_": null, "podzona_nu": "-", "sf_rayon": "-"}, "geometry": {"type": "MultiPoint", "coordinates": [[23.333831803, 42.671901909]]}}, {"type": "Feature", "properties": {"id": 22811, "objectid": 31743.0, "park_txt": "Надлъжн", "zona": "Зелена зона", "mestopoloz": "ул. Симеоново", "georef_201": "2018", "vid_txt_20": "Зона", "zabelezhka": null, "obekt": null, "dogovor_sr": null, "dogovor_nu": null, "type": null, "bezplatni_": null, "podzona_nu": "-", "sf_rayon": "-"}, "geometry": {"type": "MultiPoint", "coordinates": [[23.333880675, 42.671942738]]}}, {"type": "Feature", "properties": {"id": 22812, "objectid": 31744.0, "park_txt": "Надлъжн", "zona": "Зелена зона", "mestopoloz": "ул. Симеоново", "georef_201": "2018", "vid_txt_20": "Зона", "zabelezhka": null, "obekt": null, "dogovor_sr": null, "dogovor_nu": null, "type": null, "bezplatni_": null, "podzona_nu": "-", "sf_rayon": "-"}, "geometry": {"type": "MultiPoint", "coordinates": [[23.333929346, 42.6719834]]}}, {"type": "Feature", "properties": {"id": 22813, "objectid": 31745.0, "park_txt": "Надлъжн", "zona": "Зелена зона", "mestopoloz": "ул. Симеоново", "georef_201": "2018", "vid_txt_20": "Зона", "zabelezhka": null, "obekt": null, "dogovor_sr": null, "dogovor_nu": null, "type": null, "bezplatni_": null, "podzona_nu": "-", "sf_rayon": "-"}, "geometry": {"type": "MultiPoint", "coordinates": [[23.334035995, 42.672077304]]}}, {"type": "Feature", "properties": {"id": 22814, "objectid": 31746.0, "park_txt": "Надлъжн", "zona": "Зелена зона", "mestopoloz": "ул. Ведрина", "georef_201": "2018", "vid_txt_20": "Инвалид", "zabelezhka": "-", "obekt": "-", "dogovor_sr": "-", "dogovor_nu": "-", "type": "-", "bezplatni_": "-", "podzona_nu": "-", "sf_rayon": "-"}, "geometry": {"type": "MultiPoint", "coordinates": [[23.333246987, 42.671619489]]}}, {"type": "Feature", "properties": {"id": 22815, "objectid": 31747.0, "park_txt": "Надлъжн", "zona": "Зелена зона", "mestopoloz": "ул. Ведрина", "georef_201": "2018", "vid_txt_20": "Зона", "zabelezhka": null, "obekt": null, "dogovor_sr": null, "dogovor_nu": null, "type": null, "bezplatni_": null, "podzona_nu": "-", "sf_rayon": "-"}, "geometry": {"type": "MultiPoint", "coordinates": [[23.333534043, 42.671443787]]}}, {"type": "Feature", "properties": {"id": 22816, "objectid": 31748.0, "park_txt": "Надлъжн", "zona": "Зелена зона", "mestopoloz": "ул. Ведрина", "georef_201": "2018", "vid_txt_20": "Зона", "zabelezhka": null, "obekt": null, "dogovor_sr": null, "dogovor_nu": null, "type": null, "bezplatni_": null, "podzona_nu": "-", "sf_rayon": "-"}, "geometry": {"type": "MultiPoint", "coordinates": [[23.333654432, 42.671371854]]}}, {"type": "Feature", "properties": {"id": 22817, "objectid": 31749.0, "park_txt": "Надлъжн", "zona": "Зелена зона", "mestopoloz": "ул. Ведрина", "georef_201": "2018", "vid_txt_20": "Зона", "zabelezhka": null, "obekt": null, "dogovor_sr": null, "dogovor_nu": null, "type": null, "bezplatni_": null, "podzona_nu": "-", "sf_rayon": "-"}, "geometry": {"type": "MultiPoint", "coordinates": [[23.333716476, 42.671329987]]}}, {"type": "Feature", "properties": {"id": 22818, "objectid": 31750.0, "park_txt": "Надлъжн", "zona": "Зелена зона", "mestopoloz": "ул. Ведрина", "georef_201": "2018", "vid_txt_20": "Зона", "zabelezhka": null, "obekt": null, "dogovor_sr": null, "dogovor_nu": null, "type": null, "bezplatni_": null, "podzona_nu": "-", "sf_rayon": "-"}, "geometry": {"type": "MultiPoint", "coordinates": [[23.333822567, 42.671269654]]}}, {"type": "Feature", "properties": {"id": 22819, "objectid": 31751.0, "park_txt": "Надлъжн", "zona": "Зелена зона", "mestopoloz": "ул. Ведрина", "georef_201": "2018", "vid_txt_20": "Зона", "zabelezhka": null, "obekt": null, "dogovor_sr": null, "dogovor_nu": null, "type": null, "bezplatni_": null, "podzona_nu": "-", "sf_rayon": "-"}, "geometry": {"type": "MultiPoint", "coordinates": [[23.333891151, 42.671231403]]}}, {"type": "Feature", "properties": {"id": 22820, "objectid": 31752.0, "park_txt": "Надлъжн", "zona": "Зелена зона", "mestopoloz": "ул. Ведрина", "georef_201": "2018", "vid_txt_20": "Зона", "zabelezhka": null, "obekt": null, "dogovor_sr": null, "dogovor_nu": null, "type": null, "bezplatni_": null, "podzona_nu": "-", "sf_rayon": "-"}, "geometry": {"type": "MultiPoint", "coordinates": [[23.33395361, 42.671194852]]}}, {"type": "Feature", "properties": {"id": 26908, "objectid": 36514.0, "park_txt": "Напречн", "zona": "Зелена зона", "mestopoloz": "ул. Кричим", "georef_201": "2018", "vid_txt_20": "Зона", "zabelezhka": null, "obekt": null, "dogovor_sr": null, "dogovor_nu": null, "type": null, "bezplatni_": null, "podzona_nu": "-", "sf_rayon": "-"}, "geometry": {"type": "MultiPoint", "coordinates": [[23.325244781, 42.67036348]]}}, {"type": "Feature", "properties": {"id": 26909, "objectid": 36515.0, "park_txt": "Напречн", "zona": "Зелена зона", "mestopoloz": "ул. Кричим", "georef_201": "2018", "vid_txt_20": "Зона", "zabelezhka": null, "obekt": null, "dogovor_sr": null, "dogovor_nu": null, "type": null, "bezplatni_": null, "podzona_nu": "-", "sf_rayon": "-"}, "geometry": {"type": "MultiPoint", "coordinates": [[23.325273306, 42.670361538]]}}, {"type": "Feature", "properties": {"id": 26910, "objectid": 36516.0, "park_txt": "Надлъжн", "zona": "Зелена зона", "mestopoloz": "ул. Кораб планина", "georef_201": "2018", "vid_txt_20": "Зона", "zabelezhka": null, "obekt": null, "dogovor_sr": null, "dogovor_nu": null, "type": null, "bezplatni_": null, "podzona_nu": "-", "sf_rayon": "-"}, "geometry": {"type": "MultiPoint", "coordinates": [[23.325870002, 42.671959147]]}}, {"type": "Feature", "properties": {"id": 26911, "objectid": 36518.0, "park_txt": "Надлъжн", "zona": "Зелена зона", "mestopoloz": "ул. Кораб планина", "georef_201": "2018", "vid_txt_20": "Зона", "zabelezhka": null, "obekt": null, "dogovor_sr": null, "dogovor_nu": null, "type": null, "bezplatni_": null, "podzona_nu": "-", "sf_rayon": "-"}, "geometry": {"type": "MultiPoint", "coordinates": [[23.328677778, 42.671841357]]}}, {"type": "Feature", "properties": {"id": 26912, "objectid": 36519.0, "park_txt": "Косо", "zona": "Зелена зона", "mestopoloz": "паркинг при ул. Якубица", "georef_201": "2018", "vid_txt_20": "Зона", "zabelezhka": null, "obekt": null, "dogovor_sr": null, "dogovor_nu": null, "type": null, "bezplatni_": null, "podzona_nu": "-", "sf_rayon": "-"}, "geometry": {"type": "MultiPoint", "coordinates": [[23.328915967, 42.671534084]]}}, {"type": "Feature", "properties": {"id": 26913, "objectid": 36520.0, "park_txt": "Косо", "zona": "Зелена зона", "mestopoloz": "паркинг при ул. Якубица", "georef_201": "2018", "vid_txt_20": "Зона", "zabelezhka": null, "obekt": null, "dogovor_sr": null, "dogovor_nu": null, "type": null, "bezplatni_": null, "podzona_nu": "-", "sf_rayon": "-"}, "geometry": {"type": "MultiPoint", "coordinates": [[23.328960695, 42.671531268]]}}, {"type": "Feature", "properties": {"id": 26914, "objectid": 36521.0, "park_txt": "Косо", "zona": "Зелена зона", "mestopoloz": "паркинг при ул. Якубица", "georef_201": "2018", "vid_txt_20": "Зона", "zabelezhka": null, "obekt": null, "dogovor_sr": null, "dogovor_nu": null, "type": null, "bezplatni_": null, "podzona_nu": "-", "sf_rayon": "-"}, "geometry": {"type": "MultiPoint", "coordinates": [[23.329003349, 42.671528795]]}}, {"type": "Feature", "properties": {"id": 26915, "objectid": 36522.0, "park_txt": "Косо", "zona": "Зелена зона", "mestopoloz": "паркинг при ул. Якубица", "georef_201": "2018", "vid_txt_20": "Зона", "zabelezhka": null, "obekt": null, "dogovor_sr": null, "dogovor_nu": null, "type": null, "bezplatni_": null, "podzona_nu": "-", "sf_rayon": "-"}, "geometry": {"type": "MultiPoint", "coordinates": [[23.329045561, 42.671526331]]}}, {"type": "Feature", "properties": {"id": 26916, "objectid": 36523.0, "park_txt": "Косо", "zona": "Зелена зона", "mestopoloz": "паркинг при ул. Якубица", "georef_201": "2018", "vid_txt_20": "Зона", "zabelezhka": null, "obekt": null, "dogovor_sr": null, "dogovor_nu": null, "type": null, "bezplatni_": null, "podzona_nu": "-", "sf_rayon": "-"}, "geometry": {"type": "MultiPoint", "coordinates": [[23.329090289, 42.671523515]]}}, {"type": "Feature", "properties": {"id": 26917, "objectid": 36524.0, "park_txt": "Косо", "zona": "Зелена зона", "mestopoloz": "паркинг при ул. Якубица", "georef_201": "2018", "vid_txt_20": "Зона", "zabelezhka": null, "obekt": null, "dogovor_sr": null, "dogovor_nu": null, "type": null, "bezplatni_": null, "podzona_nu": "-", "sf_rayon": "-"}, "geometry": {"type": "MultiPoint", "coordinates": [[23.329132942, 42.671521042]]}}, {"type": "Feature", "properties": {"id": 26918, "objectid": 36525.0, "park_txt": "Косо", "zona": "Зелена зона", "mestopoloz": "паркинг при ул. Якубица", "georef_201": "2018", "vid_txt_20": "Зона", "zabelezhka": null, "obekt": null, "dogovor_sr": null, "dogovor_nu": null, "type": null, "bezplatni_": null, "podzona_nu": "-", "sf_rayon": "-"}, "geometry": {"type": "MultiPoint", "coordinates": [[23.329173712, 42.671519492]]}}, {"type": "Feature", "properties": {"id": 26919, "objectid": 36526.0, "park_txt": "Косо", "zona": "Зелена зона", "mestopoloz": "паркинг при ул. Якубица", "georef_201": "2018", "vid_txt_20": "Зона", "zabelezhka": null, "obekt": null, "dogovor_sr": null, "dogovor_nu": null, "type": null, "bezplatni_": null, "podzona_nu": "-", "sf_rayon": "-"}, "geometry": {"type": "MultiPoint", "coordinates": [[23.329219149, 42.671517614]]}}, {"type": "Feature", "properties": {"id": 26920, "objectid": 36527.0, "park_txt": "Косо", "zona": "Зелена зона", "mestopoloz": "паркинг при ул. Якубица", "georef_201": "2018", "vid_txt_20": "Зона", "zabelezhka": null, "obekt": null, "dogovor_sr": null, "dogovor_nu": null, "type": null, "bezplatni_": null, "podzona_nu": "-", "sf_rayon": "-"}, "geometry": {"type": "MultiPoint", "coordinates": [[23.329261361, 42.67151515]]}}, {"type": "Feature", "properties": {"id": 26921, "objectid": 36528.0, "park_txt": "Косо", "zona": "Зелена зона", "mestopoloz": "паркинг при ул. Якубица", "georef_201": "2018", "vid_txt_20": "Зона", "zabelezhka": null, "obekt": null, "dogovor_sr": null, "dogovor_nu": null, "type": null, "bezplatni_": null, "podzona_nu": "-", "sf_rayon": "-"}, "geometry": {"type": "MultiPoint", "coordinates": [[23.329306089, 42.671512333]]}}, {"type": "Feature", "properties": {"id": 26922, "objectid": 36529.0, "park_txt": "Косо", "zona": "Зелена зона", "mestopoloz": "паркинг при ул. Якубица", "georef_201": "2018", "vid_txt_20": "Зона", "zabelezhka": null, "obekt": null, "dogovor_sr": null, "dogovor_nu": null, "type": null, "bezplatni_": null, "podzona_nu": "-", "sf_rayon": "-"}, "geometry": {"type": "MultiPoint", "coordinates": [[23.329348742, 42.671509861]]}}, {"type": "Feature", "properties": {"id": 26923, "objectid": 36530.0, "park_txt": "Косо", "zona": "Зелена зона", "mestopoloz": "паркинг при ул. Якубица", "georef_201": "2018", "vid_txt_20": "Зона", "zabelezhka": null, "obekt": null, "dogovor_sr": null, "dogovor_nu": null, "type": null, "bezplatni_": null, "podzona_nu": "-", "sf_rayon": "-"}, "geometry": {"type": "MultiPoint", "coordinates": [[23.329389512, 42.67150831]]}}, {"type": "Feature", "properties": {"id": 26924, "objectid": 36531.0, "park_txt": "Надлъжн", "zona": "Зелена зона", "mestopoloz": "ул. Галичица", "georef_201": "2018", "vid_txt_20": "Дипломатически", "zabelezhka": "-", "obekt": "-", "dogovor_sr": "-", "dogovor_nu": "-", "type": "-", "bezplatni_": "-", "podzona_nu": "-", "sf_rayon": "-"}, "geometry": {"type": "MultiPoint", "coordinates": [[23.329978808, 42.67253242]]}}, {"type": "Feature", "properties": {"id": 26925, "objectid": 36532.0, "park_txt": "Надлъжн", "zona": "Зелена зона", "mestopoloz": "ул. Галичица", "georef_201": "2018", "vid_txt_20": "Дипломатически", "zabelezhka": "-", "obekt": "-", "dogovor_sr": "-", "dogovor_nu": "-", "type": "-", "bezplatni_": "-", "podzona_nu": "-", "sf_rayon": "-"}, "geometry": {"type": "MultiPoint", "coordinates": [[23.330050942, 42.672527272]]}}, {"type": "Feature", "properties": {"id": 26926, "objectid": 36533.0, "park_txt": "Напречн", "zona": "Зелена зона", "mestopoloz": "междублоково при ул. Златовръх", "georef_201": "2018", "vid_txt_20": "Зона", "zabelezhka": null, "obekt": null, "dogovor_sr": null, "dogovor_nu": null, "type": null, "bezplatni_": null, "podzona_nu": "-", "sf_rayon": "-"}, "geometry": {"type": "MultiPoint", "coordinates": [[23.332480095, 42.672032004]]}}, {"type": "Feature", "properties": {"id": 26927, "objectid": 36534.0, "park_txt": "Напречн", "zona": "Зелена зона", "mestopoloz": "междублоково при ул. Златовръх", "georef_201": "2018", "vid_txt_20": "Зона", "zabelezhka": null, "obekt": null, "dogovor_sr": null, "dogovor_nu": null, "type": null, "bezplatni_": null, "podzona_nu": "-", "sf_rayon": "-"}, "geometry": {"type": "MultiPoint", "coordinates": [[23.332508541, 42.672031391]]}}, {"type": "Feature", "properties": {"id": 26928, "objectid": 36536.0, "park_txt": "Надлъжн", "zona": "Зелена зона", "mestopoloz": "ул. Златовръх", "georef_201": "2018", "vid_txt_20": "Зона", "zabelezhka": null, "obekt": null, "dogovor_sr": null, "dogovor_nu": null, "type": null, "bezplatni_": null, "podzona_nu": "-", "sf_rayon": "-"}, "geometry": {"type": "MultiPoint", "coordinates": [[23.333350947, 42.672675029]]}}, {"type": "Feature", "properties": {"id": 26958, "objectid": 36568.0, "park_txt": "Надлъжн", "zona": "Зелена зона", "mestopoloz": "ул. Стоян Михайловски", "georef_201": "2018", "vid_txt_20": "Зона", "zabelezhka": null, "obekt": null, "dogovor_sr": null, "dogovor_nu": null, "type": null, "bezplatni_": null, "podzona_nu": "-", "sf_rayon": "-"}, "geometry": {"type": "MultiPoint", "coordinates": [[23.335678952, 42.673089393]]}}, {"type": "Feature", "properties": {"id": 26959, "objectid": 36569.0, "park_txt": "Надлъжн", "zona": "Зелена зона", "mestopoloz": "ул. Стоян Михайловски", "georef_201": "2018", "vid_txt_20": "Зона", "zabelezhka": null, "obekt": null, "dogovor_sr": null, "dogovor_nu": null, "type": null, "bezplatni_": null, "podzona_nu": "-", "sf_rayon": "-"}, "geometry": {"type": "MultiPoint", "coordinates": [[23.335719802, 42.673045236]]}}, {"type": "Feature", "properties": {"id": 26960, "objectid": 36570.0, "park_txt": "Надлъжн", "zona": "Зелена зона", "mestopoloz": "ул. Стоян Михайловски", "georef_201": "2018", "vid_txt_20": "Зона", "zabelezhka": null, "obekt": null, "dogovor_sr": null, "dogovor_nu": null, "type": null, "bezplatni_": null, "podzona_nu": "-", "sf_rayon": "-"}, "geometry": {"type": "MultiPoint", "coordinates": [[23.335759483, 42.673002341]]}}, {"type": "Feature", "properties": {"id": 26961, "objectid": 36571.0, "park_txt": "Надлъжн", "zona": "Зелена зона", "mestopoloz": "ул. Стоян Михайловски", "georef_201": "2018", "vid_txt_20": "Зона", "zabelezhka": null, "obekt": null, "dogovor_sr": null, "dogovor_nu": null, "type": null, "bezplatni_": null, "podzona_nu": "-", "sf_rayon": "-"}, "geometry": {"type": "MultiPoint", "coordinates": [[23.335799885, 42.672958668]]}}, {"type": "Feature", "properties": {"id": 26962, "objectid": 36572.0, "park_txt": "Надлъжн", "zona": "Зелена зона", "mestopoloz": "ул. Стоян Михайловски", "georef_201": "2018", "vid_txt_20": "Зона", "zabelezhka": null, "obekt": null, "dogovor_sr": null, "dogovor_nu": null, "type": null, "bezplatni_": null, "podzona_nu": "-", "sf_rayon": "-"}, "geometry": {"type": "MultiPoint", "coordinates": [[23.335843104, 42.672914038]]}}, {"type": "Feature", "properties": {"id": 26963, "objectid": 36573.0, "park_txt": "Надлъжн", "zona": "Зелена зона", "mestopoloz": "ул. Стоян Михайловски", "georef_201": "2018", "vid_txt_20": "Зона", "zabelezhka": null, "obekt": null, "dogovor_sr": null, "dogovor_nu": null, "type": null, "bezplatni_": null, "podzona_nu": "-", "sf_rayon": "-"}, "geometry": {"type": "MultiPoint", "coordinates": [[23.335476292, 42.673303003]]}}, {"type": "Feature", "properties": {"id": 26964, "objectid": 36574.0, "park_txt": "Надлъжн", "zona": "Зелена зона", "mestopoloz": "ул. Стоян Михайловски", "georef_201": "2018", "vid_txt_20": "Зона", "zabelezhka": null, "obekt": null, "dogovor_sr": null, "dogovor_nu": null, "type": null, "bezplatni_": null, "podzona_nu": "-", "sf_rayon": "-"}, "geometry": {"type": "MultiPoint", "coordinates": [[23.335517142, 42.673258845]]}}, {"type": "Feature", "properties": {"id": 26965, "objectid": 36575.0, "park_txt": "Надлъжн", "zona": "Зелена зона", "mestopoloz": "ул. Стоян Михайловски", "georef_201": "2018", "vid_txt_20": "Зона", "zabelezhka": null, "obekt": null, "dogovor_sr": null, "dogovor_nu": null, "type": null, "bezplatni_": null, "podzona_nu": "-", "sf_rayon": "-"}, "geometry": {"type": "MultiPoint", "coordinates": [[23.335556824, 42.67321595]]}}, {"type": "Feature", "properties": {"id": 26966, "objectid": 36576.0, "park_txt": "Надлъжн", "zona": "Зелена зона", "mestopoloz": "ул. Стоян Михайловски", "georef_201": "2018", "vid_txt_20": "Зона", "zabelezhka": null, "obekt": null, "dogovor_sr": null, "dogovor_nu": null, "type": null, "bezplatni_": null, "podzona_nu": "-", "sf_rayon": "-"}, "geometry": {"type": "MultiPoint", "coordinates": [[23.335597226, 42.673172278]]}}, {"type": "Feature", "properties": {"id": 26967, "objectid": 36577.0, "park_txt": "Надлъжн", "zona": "Зелена зона", "mestopoloz": "ул. Стоян Михайловски", "georef_201": "2018", "vid_txt_20": "Зона", "zabelezhka": null, "obekt": null, "dogovor_sr": null, "dogovor_nu": null, "type": null, "bezplatni_": null, "podzona_nu": "-", "sf_rayon": "-"}, "geometry": {"type": "MultiPoint", "coordinates": [[23.335640445, 42.673127648]]}}, {"type": "Feature", "properties": {"id": 26968, "objectid": 36578.0, "park_txt": "Надлъжн", "zona": "Зелена зона", "mestopoloz": "ул. Стоян Михайловски", "georef_201": "2018", "vid_txt_20": "Зона", "zabelezhka": null, "obekt": null, "dogovor_sr": null, "dogovor_nu": null, "type": null, "bezplatni_": null, "podzona_nu": "-", "sf_rayon": "-"}, "geometry": {"type": "MultiPoint", "coordinates": [[23.335265419, 42.673526461]]}}, {"type": "Feature", "properties": {"id": 26969, "objectid": 36579.0, "park_txt": "Надлъжн", "zona": "Зелена зона", "mestopoloz": "ул. Стоян Михайловски", "georef_201": "2018", "vid_txt_20": "Зона", "zabelezhka": null, "obekt": null, "dogovor_sr": null, "dogovor_nu": null, "type": null, "bezplatni_": null, "podzona_nu": "-", "sf_rayon": "-"}, "geometry": {"type": "MultiPoint", "coordinates": [[23.335306269, 42.673482303]]}}, {"type": "Feature", "properties": {"id": 26970, "objectid": 36580.0, "park_txt": "Надлъжн", "zona": "Зелена зона", "mestopoloz": "ул. Стоян Михайловски", "georef_201": "2018", "vid_txt_20": "Зона", "zabelezhka": null, "obekt": null, "dogovor_sr": null, "dogovor_nu": null, "type": null, "bezplatni_": null, "podzona_nu": "-", "sf_rayon": "-"}, "geometry": {"type": "MultiPoint", "coordinates": [[23.335345951, 42.673439408]]}}, {"type": "Feature", "properties": {"id": 26971, "objectid": 36581.0, "park_txt": "Надлъжн", "zona": "Зелена зона", "mestopoloz": "ул. Стоян Михайловски", "georef_201": "2018", "vid_txt_20": "Зона", "zabelezhka": null, "obekt": null, "dogovor_sr": null, "dogovor_nu": null, "type": null, "bezplatni_": null, "podzona_nu": "-", "sf_rayon": "-"}, "geometry": {"type": "MultiPoint", "coordinates": [[23.335386353, 42.673395736]]}}, {"type": "Feature", "properties": {"id": 26972, "objectid": 36582.0, "park_txt": "Надлъжн", "zona": "Зелена зона", "mestopoloz": "ул. Стоян Михайловски", "georef_201": "2018", "vid_txt_20": "Зона", "zabelezhka": null, "obekt": null, "dogovor_sr": null, "dogovor_nu": null, "type": null, "bezplatni_": null, "podzona_nu": "-", "sf_rayon": "-"}, "geometry": {"type": "MultiPoint", "coordinates": [[23.335429573, 42.673351106]]}}, {"type": "Feature", "properties": {"id": 26973, "objectid": 36583.0, "park_txt": "Надлъжн", "zona": "Зелена зона", "mestopoloz": "ул. Стоян Михайловски", "georef_201": "2018", "vid_txt_20": "Зона", "zabelezhka": null, "obekt": null, "dogovor_sr": null, "dogovor_nu": null, "type": null, "bezplatni_": null, "podzona_nu": "-", "sf_rayon": "-"}, "geometry": {"type": "MultiPoint", "coordinates": [[23.335062756, 42.67374007]]}}, {"type": "Feature", "properties": {"id": 26974, "objectid": 36584.0, "park_txt": "Надлъжн", "zona": "Зелена зона", "mestopoloz": "ул. Стоян Михайловски", "georef_201": "2018", "vid_txt_20": "Зона", "zabelezhka": null, "obekt": null, "dogovor_sr": null, "dogovor_nu": null, "type": null, "bezplatni_": null, "podzona_nu": "-", "sf_rayon": "-"}, "geometry": {"type": "MultiPoint", "coordinates": [[23.335103607, 42.673695912]]}}, {"type": "Feature", "properties": {"id": 26975, "objectid": 36585.0, "park_txt": "Надлъжн", "zona": "Зелена зона", "mestopoloz": "ул. Стоян Михайловски", "georef_201": "2018", "vid_txt_20": "Зона", "zabelezhka": null, "obekt": null, "dogovor_sr": null, "dogovor_nu": null, "type": null, "bezplatni_": null, "podzona_nu": "-", "sf_rayon": "-"}, "geometry": {"type": "MultiPoint", "coordinates": [[23.335143289, 42.673653018]]}}, {"type": "Feature", "properties": {"id": 26976, "objectid": 36586.0, "park_txt": "Надлъжн", "zona": "Зелена зона", "mestopoloz": "ул. Стоян Михайловски", "georef_201": "2018", "vid_txt_20": "Зона", "zabelezhka": null, "obekt": null, "dogovor_sr": null, "dogovor_nu": null, "type": null, "bezplatni_": null, "podzona_nu": "-", "sf_rayon": "-"}, "geometry": {"type": "MultiPoint", "coordinates": [[23.335183691, 42.673609345]]}}, {"type": "Feature", "properties": {"id": 26977, "objectid": 36587.0, "park_txt": "Надлъжн", "zona": "Зелена зона", "mestopoloz": "ул. Стоян Михайловски", "georef_201": "2018", "vid_txt_20": "Зона", "zabelezhka": null, "obekt": null, "dogovor_sr": null, "dogovor_nu": null, "type": null, "bezplatni_": null, "podzona_nu": "-", "sf_rayon": "-"}, "geometry": {"type": "MultiPoint", "coordinates": [[23.335226912, 42.673564716]]}}, {"type": "Feature", "properties": {"id": 26978, "objectid": 36588.0, "park_txt": "Надлъжн", "zona": "Зелена зона", "mestopoloz": "ул. Стоян Михайловски", "georef_201": "2018", "vid_txt_20": "Зона", "zabelezhka": null, "obekt": null, "dogovor_sr": null, "dogovor_nu": null, "type": null, "bezplatni_": null, "podzona_nu": "-", "sf_rayon": "-"}, "geometry": {"type": "MultiPoint", "coordinates": [[23.334855509, 42.673963005]]}}, {"type": "Feature", "properties": {"id": 26979, "objectid": 36589.0, "park_txt": "Надлъжн", "zona": "Зелена зона", "mestopoloz": "ул. Стоян Михайловски", "georef_201": "2018", "vid_txt_20": "Зона", "zabelezhka": null, "obekt": null, "dogovor_sr": null, "dogovor_nu": null, "type": null, "bezplatni_": null, "podzona_nu": "-", "sf_rayon": "-"}, "geometry": {"type": "MultiPoint", "coordinates": [[23.33489636, 42.673918848]]}}, {"type": "Feature", "properties": {"id": 26980, "objectid": 36590.0, "park_txt": "Надлъжн", "zona": "Зелена зона", "mestopoloz": "ул. Стоян Михайловски", "georef_201": "2018", "vid_txt_20": "Зона", "zabelezhka": null, "obekt": null, "dogovor_sr": null, "dogovor_nu": null, "type": null, "bezplatni_": null, "podzona_nu": "-", "sf_rayon": "-"}, "geometry": {"type": "MultiPoint", "coordinates": [[23.334936042, 42.673875953]]}}, {"type": "Feature", "properties": {"id": 26981, "objectid": 36591.0, "park_txt": "Надлъжн", "zona": "Зелена зона", "mestopoloz": "ул. Стоян Михайловски", "georef_201": "2018", "vid_txt_20": "Зона", "zabelezhka": null, "obekt": null, "dogovor_sr": null, "dogovor_nu": null, "type": null, "bezplatni_": null, "podzona_nu": "-", "sf_rayon": "-"}, "geometry": {"type": "MultiPoint", "coordinates": [[23.334976445, 42.673832281]]}}, {"type": "Feature", "properties": {"id": 26982, "objectid": 36592.0, "park_txt": "Надлъжн", "zona": "Зелена зона", "mestopoloz": "ул. Стоян Михайловски", "georef_201": "2018", "vid_txt_20": "Зона", "zabelezhka": null, "obekt": null, "dogovor_sr": null, "dogovor_nu": null, "type": null, "bezplatni_": null, "podzona_nu": "-", "sf_rayon": "-"}, "geometry": {"type": "MultiPoint", "coordinates": [[23.335019666, 42.673787652]]}}, {"type": "Feature", "properties": {"id": 26983, "objectid": 36593.0, "park_txt": "Надлъжн", "zona": "Зелена зона", "mestopoloz": "ул. Стоян Михайловски", "georef_201": "2018", "vid_txt_20": "Зона", "zabelezhka": null, "obekt": null, "dogovor_sr": null, "dogovor_nu": null, "type": null, "bezplatni_": null, "podzona_nu": "-", "sf_rayon": "-"}, "geometry": {"type": "MultiPoint", "coordinates": [[23.334652843, 42.674176613]]}}, {"type": "Feature", "properties": {"id": 26984, "objectid": 36594.0, "park_txt": "Надлъжн", "zona": "Зелена зона", "mestopoloz": "ул. Стоян Михайловски", "georef_201": "2018", "vid_txt_20": "Зона", "zabelezhka": null, "obekt": null, "dogovor_sr": null, "dogovor_nu": null, "type": null, "bezplatni_": null, "podzona_nu": "-", "sf_rayon": "-"}, "geometry": {"type": "MultiPoint", "coordinates": [[23.334693694, 42.674132456]]}}, {"type": "Feature", "properties": {"id": 26985, "objectid": 36595.0, "park_txt": "Надлъжн", "zona": "Зелена зона", "mestopoloz": "ул. Стоян Михайловски", "georef_201": "2018", "vid_txt_20": "Зона", "zabelezhka": null, "obekt": null, "dogovor_sr": null, "dogovor_nu": null, "type": null, "bezplatni_": null, "podzona_nu": "-", "sf_rayon": "-"}, "geometry": {"type": "MultiPoint", "coordinates": [[23.334733377, 42.674089562]]}}, {"type": "Feature", "properties": {"id": 26986, "objectid": 36596.0, "park_txt": "Надлъжн", "zona": "Зелена зона", "mestopoloz": "ул. Стоян Михайловски", "georef_201": "2018", "vid_txt_20": "Зона", "zabelezhka": null, "obekt": null, "dogovor_sr": null, "dogovor_nu": null, "type": null, "bezplatni_": null, "podzona_nu": "-", "sf_rayon": "-"}, "geometry": {"type": "MultiPoint", "coordinates": [[23.33477378, 42.67404589]]}}, {"type": "Feature", "properties": {"id": 26987, "objectid": 36597.0, "park_txt": "Надлъжн", "zona": "Зелена зона", "mestopoloz": "ул. Стоян Михайловски", "georef_201": "2018", "vid_txt_20": "Зона", "zabelezhka": null, "obekt": null, "dogovor_sr": null, "dogovor_nu": null, "type": null, "bezplatni_": null, "podzona_nu": "-", "sf_rayon": "-"}, "geometry": {"type": "MultiPoint", "coordinates": [[23.334817001, 42.67400126]]}}, {"type": "Feature", "properties": {"id": 26988, "objectid": 36598.0, "park_txt": "Надлъжн", "zona": "Зелена зона", "mestopoloz": "ул. Стоян Михайловски", "georef_201": "2018", "vid_txt_20": "Зона", "zabelezhka": null, "obekt": null, "dogovor_sr": null, "dogovor_nu": null, "type": null, "bezplatni_": null, "podzona_nu": "-", "sf_rayon": "-"}, "geometry": {"type": "MultiPoint", "coordinates": [[23.334444861, 42.674397628]]}}, {"type": "Feature", "properties": {"id": 26989, "objectid": 36599.0, "park_txt": "Надлъжн", "zona": "Зелена зона", "mestopoloz": "ул. Стоян Михайловски", "georef_201": "2018", "vid_txt_20": "Зона", "zabelezhka": null, "obekt": null, "dogovor_sr": null, "dogovor_nu": null, "type": null, "bezplatni_": null, "podzona_nu": "-", "sf_rayon": "-"}, "geometry": {"type": "MultiPoint", "coordinates": [[23.334485713, 42.67435347]]}}, {"type": "Feature", "properties": {"id": 26990, "objectid": 36600.0, "park_txt": "Надлъжн", "zona": "Зелена зона", "mestopoloz": "ул. Стоян Михайловски", "georef_201": "2018", "vid_txt_20": "Зона", "zabelezhka": null, "obekt": null, "dogovor_sr": null, "dogovor_nu": null, "type": null, "bezplatni_": null, "podzona_nu": "-", "sf_rayon": "-"}, "geometry": {"type": "MultiPoint", "coordinates": [[23.334525396, 42.674310576]]}}, {"type": "Feature", "properties": {"id": 26991, "objectid": 36601.0, "park_txt": "Надлъжн", "zona": "Зелена зона", "mestopoloz": "ул. Стоян Михайловски", "georef_201": "2018", "vid_txt_20": "Зона", "zabelezhka": null, "obekt": null, "dogovor_sr": null, "dogovor_nu": null, "type": null, "bezplatni_": null, "podzona_nu": "-", "sf_rayon": "-"}, "geometry": {"type": "MultiPoint", "coordinates": [[23.334565799, 42.674266904]]}}, {"type": "Feature", "properties": {"id": 26992, "objectid": 36602.0, "park_txt": "Надлъжн", "zona": "Зелена зона", "mestopoloz": "ул. Стоян Михайловски", "georef_201": "2018", "vid_txt_20": "Зона", "zabelezhka": null, "obekt": null, "dogovor_sr": null, "dogovor_nu": null, "type": null, "bezplatni_": null, "podzona_nu": "-", "sf_rayon": "-"}, "geometry": {"type": "MultiPoint", "coordinates": [[23.334609021, 42.674222275]]}}, {"type": "Feature", "properties": {"id": 26993, "objectid": 36603.0, "park_txt": "Надлъжн", "zona": "Зелена зона", "mestopoloz": "пл. Велчова завера", "georef_201": "2018", "vid_txt_20": "Зона", "zabelezhka": null, "obekt": null, "dogovor_sr": null, "dogovor_nu": null, "type": null, "bezplatni_": null, "podzona_nu": "-", "sf_rayon": "-"}, "geometry": {"type": "MultiPoint", "coordinates": [[23.334165003, 42.675456394]]}}, {"type": "Feature", "properties": {"id": 26994, "objectid": 36604.0, "park_txt": "Надлъжн", "zona": "Зелена зона", "mestopoloz": "пл. Велчова завера", "georef_201": "2018", "vid_txt_20": "Зона", "zabelezhka": null, "obekt": null, "dogovor_sr": null, "dogovor_nu": null, "type": null, "bezplatni_": null, "podzona_nu": "-", "sf_rayon": "-"}, "geometry": {"type": "MultiPoint", "coordinates": [[23.33417098, 42.67540328]]}}, {"type": "Feature", "properties": {"id": 26995, "objectid": 36605.0, "park_txt": "Надлъжн", "zona": "Зелена зона", "mestopoloz": "пл. Велчова завера", "georef_201": "2018", "vid_txt_20": "Зона", "zabelezhka": null, "obekt": null, "dogovor_sr": null, "dogovor_nu": null, "type": null, "bezplatni_": null, "podzona_nu": "-", "sf_rayon": "-"}, "geometry": {"type": "MultiPoint", "coordinates": [[23.334176959, 42.675350132]]}}, {"type": "Feature", "properties": {"id": 26996, "objectid": 36606.0, "park_txt": "Надлъжн", "zona": "Зелена зона", "mestopoloz": "пл. Велчова завера", "georef_201": "2018", "vid_txt_20": "Зона", "zabelezhka": null, "obekt": null, "dogovor_sr": null, "dogovor_nu": null, "type": null, "bezplatni_": null, "podzona_nu": "-", "sf_rayon": "-"}, "geometry": {"type": "MultiPoint", "coordinates": [[23.334183158, 42.675295032]]}}, {"type": "Feature", "properties": {"id": 26997, "objectid": 36607.0, "park_txt": "Надлъжн", "zona": "Зелена зона", "mestopoloz": "пл. Велчова завера", "georef_201": "2018", "vid_txt_20": "Зона", "zabelezhka": null, "obekt": null, "dogovor_sr": null, "dogovor_nu": null, "type": null, "bezplatni_": null, "podzona_nu": "-", "sf_rayon": "-"}, "geometry": {"type": "MultiPoint", "coordinates": [[23.33418911, 42.675242131]]}}, {"type": "Feature", "properties": {"id": 26998, "objectid": 36608.0, "park_txt": "Надлъжн", "zona": "Зелена зона", "mestopoloz": "пл. Велчова завера", "georef_201": "2018", "vid_txt_20": "Зона", "zabelezhka": null, "obekt": null, "dogovor_sr": null, "dogovor_nu": null, "type": null, "bezplatni_": null, "podzona_nu": "-", "sf_rayon": "-"}, "geometry": {"type": "MultiPoint", "coordinates": [[23.334195133, 42.675188602]]}}, {"type": "Feature", "properties": {"id": 26999, "objectid": 36609.0, "park_txt": "Надлъжн", "zona": "Зелена зона", "mestopoloz": "пл. Велчова завера", "georef_201": "2018", "vid_txt_20": "Зона", "zabelezhka": null, "obekt": null, "dogovor_sr": null, "dogovor_nu": null, "type": null, "bezplatni_": null, "podzona_nu": "-", "sf_rayon": "-"}, "geometry": {"type": "MultiPoint", "coordinates": [[23.334200923, 42.675137132]]}}, {"type": "Feature", "properties": {"id": 27000, "objectid": 36610.0, "park_txt": "Надлъжн", "zona": "Зелена зона", "mestopoloz": "пл. Велчова завера", "georef_201": "2018", "vid_txt_20": "Зона", "zabelezhka": null, "obekt": null, "dogovor_sr": null, "dogovor_nu": null, "type": null, "bezplatni_": null, "podzona_nu": "-", "sf_rayon": "-"}, "geometry": {"type": "MultiPoint", "coordinates": [[23.334207287, 42.67508057]]}}, {"type": "Feature", "properties": {"id": 27001, "objectid": 36611.0, "park_txt": "Надлъжн", "zona": "Зелена зона", "mestopoloz": "пл. Велчова завера", "georef_201": "2018", "vid_txt_20": "Зона", "zabelezhka": null, "obekt": null, "dogovor_sr": null, "dogovor_nu": null, "type": null, "bezplatni_": null, "podzona_nu": "-", "sf_rayon": "-"}, "geometry": {"type": "MultiPoint", "coordinates": [[23.334214659, 42.675022834]]}}, {"type": "Feature", "properties": {"id": 27002, "objectid": 36612.0, "park_txt": "Надлъжн", "zona": "Зелена зона", "mestopoloz": "пл. Велчова завера", "georef_201": "2018", "vid_txt_20": "Зона", "zabelezhka": null, "obekt": null, "dogovor_sr": null, "dogovor_nu": null, "type": null, "bezplatni_": null, "podzona_nu": "-", "sf_rayon": "-"}, "geometry": {"type": "MultiPoint", "coordinates": [[23.334219841, 42.674968976]]}}, {"type": "Feature", "properties": {"id": 27003, "objectid": 36613.0, "park_txt": "Надлъжн", "zona": "Зелена зона", "mestopoloz": "пл. Велчова завера", "georef_201": "2018", "vid_txt_20": "Зона", "zabelezhka": null, "obekt": null, "dogovor_sr": null, "dogovor_nu": null, "type": null, "bezplatni_": null, "podzona_nu": "-", "sf_rayon": "-"}, "geometry": {"type": "MultiPoint", "coordinates": [[23.334226217, 42.67491231]]}}, {"type": "Feature", "properties": {"id": 27006, "objectid": 36616.0, "park_txt": "Надлъжн", "zona": "Зелена зона", "mestopoloz": "бул. Пейо К. Яворов", "georef_201": "2018", "vid_txt_20": "Зона", "zabelezhka": null, "obekt": null, "dogovor_sr": null, "dogovor_nu": null, "type": null, "bezplatni_": null, "podzona_nu": "-", "sf_rayon": "-"}, "geometry": {"type": "MultiPoint", "coordinates": [[23.335157294, 42.672093302]]}}, {"type": "Feature", "properties": {"id": 27007, "objectid": 36617.0, "park_txt": "Надлъжн", "zona": "Зелена зона", "mestopoloz": "бул. Пейо К. Яворов", "georef_201": "2018", "vid_txt_20": "Зона", "zabelezhka": null, "obekt": null, "dogovor_sr": null, "dogovor_nu": null, "type": null, "bezplatni_": null, "podzona_nu": "-", "sf_rayon": "-"}, "geometry": {"type": "MultiPoint", "coordinates": [[23.335206167, 42.672134131]]}}, {"type": "Feature", "properties": {"id": 27008, "objectid": 36618.0, "park_txt": "Надлъжн", "zona": "Зелена зона", "mestopoloz": "бул. Пейо К. Яворов", "georef_201": "2018", "vid_txt_20": "Зона", "zabelezhka": null, "obekt": null, "dogovor_sr": null, "dogovor_nu": null, "type": null, "bezplatni_": null, "podzona_nu": "-", "sf_rayon": "-"}, "geometry": {"type": "MultiPoint", "coordinates": [[23.335254839, 42.672174792]]}}, {"type": "Feature", "properties": {"id": 27009, "objectid": 36619.0, "park_txt": "Надлъжн", "zona": "Зелена зона", "mestopoloz": "бул. Пейо К. Яворов", "georef_201": "2018", "vid_txt_20": "Зона", "zabelezhka": null, "obekt": null, "dogovor_sr": null, "dogovor_nu": null, "type": null, "bezplatni_": null, "podzona_nu": "-", "sf_rayon": "-"}, "geometry": {"type": "MultiPoint", "coordinates": [[23.3350093, 42.671960979]]}}, {"type": "Feature", "properties": {"id": 27010, "objectid": 36620.0, "park_txt": "Надлъжн", "zona": "Зелена зона", "mestopoloz": "бул. Пейо К. Яворов", "georef_201": "2018", "vid_txt_20": "Зона", "zabelezhka": null, "obekt": null, "dogovor_sr": null, "dogovor_nu": null, "type": null, "bezplatni_": null, "podzona_nu": "-", "sf_rayon": "-"}, "geometry": {"type": "MultiPoint", "coordinates": [[23.33495721, 42.671915164]]}}, {"type": "Feature", "properties": {"id": 27011, "objectid": 36621.0, "park_txt": "Надлъжн", "zona": "Зелена зона", "mestopoloz": "бул. Пейо К. Яворов", "georef_201": "2018", "vid_txt_20": "Зона", "zabelezhka": null, "obekt": null, "dogovor_sr": null, "dogovor_nu": null, "type": null, "bezplatni_": null, "podzona_nu": "-", "sf_rayon": "-"}, "geometry": {"type": "MultiPoint", "coordinates": [[23.335110365, 42.672049872]]}}, {"type": "Feature", "properties": {"id": 27012, "objectid": 36622.0, "park_txt": "Надлъжн", "zona": "Зелена зона", "mestopoloz": "бул. Пейо К. Яворов", "georef_201": "2018", "vid_txt_20": "Зона", "zabelezhka": null, "obekt": null, "dogovor_sr": null, "dogovor_nu": null, "type": null, "bezplatni_": null, "podzona_nu": "-", "sf_rayon": "-"}, "geometry": {"type": "MultiPoint", "coordinates": [[23.33481351, 42.67178866]]}}, {"type": "Feature", "properties": {"id": 27013, "objectid": 36623.0, "park_txt": "Надлъжн", "zona": "Зелена зона", "mestopoloz": "бул. Пейо К. Яворов", "georef_201": "2018", "vid_txt_20": "Зона", "zabelezhka": null, "obekt": null, "dogovor_sr": null, "dogovor_nu": null, "type": null, "bezplatni_": null, "podzona_nu": "-", "sf_rayon": "-"}, "geometry": {"type": "MultiPoint", "coordinates": [[23.334586491, 42.671587639]]}}, {"type": "Feature", "properties": {"id": 27014, "objectid": 36625.0, "park_txt": "Надлъжн", "zona": "Зелена зона", "mestopoloz": "бул. Пейо К. Яворов", "georef_201": "2018", "vid_txt_20": "Зона", "zabelezhka": null, "obekt": null, "dogovor_sr": null, "dogovor_nu": null, "type": null, "bezplatni_": null, "podzona_nu": "-", "sf_rayon": "-"}, "geometry": {"type": "MultiPoint", "coordinates": [[23.334539563, 42.671544209]]}}, {"type": "Feature", "properties": {"id": 27015, "objectid": 36626.0, "park_txt": "Надлъжн", "zona": "Зелена зона", "mestopoloz": "бул. Пейо К. Яворов", "georef_201": "2018", "vid_txt_20": "Зона", "zabelezhka": null, "obekt": null, "dogovor_sr": null, "dogovor_nu": null, "type": null, "bezplatni_": null, "podzona_nu": "-", "sf_rayon": "-"}, "geometry": {"type": "MultiPoint", "coordinates": [[23.334363372, 42.671389318]]}}, {"type": "Feature", "properties": {"id": 27016, "objectid": 36627.0, "park_txt": "Надлъжн", "zona": "Зелена зона", "mestopoloz": "бул. Пейо К. Яворов", "georef_201": "2018", "vid_txt_20": "Зона", "zabelezhka": null, "obekt": null, "dogovor_sr": null, "dogovor_nu": null, "type": null, "bezplatni_": null, "podzona_nu": "-", "sf_rayon": "-"}, "geometry": {"type": "MultiPoint", "coordinates": [[23.334412244, 42.671430147]]}}, {"type": "Feature", "properties": {"id": 27017, "objectid": 36629.0, "park_txt": "Надлъжн", "zona": "Зелена зона", "mestopoloz": "бул. Пейо К. Яворов", "georef_201": "2018", "vid_txt_20": "Зона", "zabelezhka": null, "obekt": null, "dogovor_sr": null, "dogovor_nu": null, "type": null, "bezplatni_": null, "podzona_nu": "-", "sf_rayon": "-"}, "geometry": {"type": "MultiPoint", "coordinates": [[23.334171431, 42.671221021]]}}, {"type": "Feature", "properties": {"id": 27018, "objectid": 36630.0, "park_txt": "Надлъжн", "zona": "Зелена зона", "mestopoloz": "бул. Пейо К. Яворов", "georef_201": "2018", "vid_txt_20": "Зона", "zabelezhka": null, "obekt": null, "dogovor_sr": null, "dogovor_nu": null, "type": null, "bezplatni_": null, "podzona_nu": "-", "sf_rayon": "-"}, "geometry": {"type": "MultiPoint", "coordinates": [[23.334219831, 42.671263588]]}}, {"type": "Feature", "properties": {"id": 27019, "objectid": 36631.0, "park_txt": "Надлъжн", "zona": "Зелена зона", "mestopoloz": "бул. Пейо К. Яворов", "georef_201": "2018", "vid_txt_20": "Зона", "zabelezhka": null, "obekt": null, "dogovor_sr": null, "dogovor_nu": null, "type": null, "bezplatni_": null, "podzona_nu": "-", "sf_rayon": "-"}, "geometry": {"type": "MultiPoint", "coordinates": [[23.334124032, 42.671179328]]}}, {"type": "Feature", "properties": {"id": 27020, "objectid": 36632.0, "park_txt": "Надлъжн", "zona": "Зелена зона", "mestopoloz": "бул. Пейо К. Яворов", "georef_201": "2018", "vid_txt_20": "Зона", "zabelezhka": null, "obekt": null, "dogovor_sr": null, "dogovor_nu": null, "type": null, "bezplatni_": null, "podzona_nu": "-", "sf_rayon": "-"}, "geometry": {"type": "MultiPoint", "coordinates": [[23.334078172, 42.671139686]]}}, {"type": "Feature", "properties": {"id": 27021, "objectid": 36633.0, "park_txt": "Надлъжн", "zona": "Зелена зона", "mestopoloz": "бул. Пейо К. Яворов", "georef_201": "2018", "vid_txt_20": "Зона", "zabelezhka": null, "obekt": null, "dogovor_sr": null, "dogovor_nu": null, "type": null, "bezplatni_": null, "podzona_nu": "-", "sf_rayon": "-"}, "geometry": {"type": "MultiPoint", "coordinates": [[23.334030521, 42.671096876]]}}, {"type": "Feature", "properties": {"id": 27022, "objectid": 36634.0, "park_txt": "Надлъжн", "zona": "Зелена зона", "mestopoloz": "бул. Пейо К. Яворов", "georef_201": "2018", "vid_txt_20": "Зона", "zabelezhka": null, "obekt": null, "dogovor_sr": null, "dogovor_nu": null, "type": null, "bezplatni_": null, "podzona_nu": "-", "sf_rayon": "-"}, "geometry": {"type": "MultiPoint", "coordinates": [[23.333790756, 42.670894971]]}}, {"type": "Feature", "properties": {"id": 27023, "objectid": 36635.0, "park_txt": "Надлъжн", "zona": "Зелена зона", "mestopoloz": "бул. Пейо К. Яворов", "georef_201": "2018", "vid_txt_20": "Зона", "zabelezhka": null, "obekt": null, "dogovor_sr": null, "dogovor_nu": null, "type": null, "bezplatni_": null, "podzona_nu": "-", "sf_rayon": "-"}, "geometry": {"type": "MultiPoint", "coordinates": [[23.333738033, 42.670850269]]}}, {"type": "Feature", "properties": {"id": 27024, "objectid": 36636.0, "park_txt": "Надлъжн", "zona": "Зелена зона", "mestopoloz": "бул. Пейо К. Яворов", "georef_201": "2018", "vid_txt_20": "Зона", "zabelezhka": null, "obekt": null, "dogovor_sr": null, "dogovor_nu": null, "type": null, "bezplatni_": null, "podzona_nu": "-", "sf_rayon": "-"}, "geometry": {"type": "MultiPoint", "coordinates": [[23.333476429, 42.67061806]]}}, {"type": "Feature", "properties": {"id": 27025, "objectid": 36637.0, "park_txt": "Надлъжн", "zona": "Зелена зона", "mestopoloz": "бул. Пейо К. Яворов", "georef_201": "2018", "vid_txt_20": "Зона", "zabelezhka": null, "obekt": null, "dogovor_sr": null, "dogovor_nu": null, "type": null, "bezplatni_": null, "podzona_nu": "-", "sf_rayon": "-"}, "geometry": {"type": "MultiPoint", "coordinates": [[23.333523983, 42.670660705]]}}, {"type": "Feature", "properties": {"id": 27026, "objectid": 36638.0, "park_txt": "Надлъжн", "zona": "Зелена зона", "mestopoloz": "бул. Пейо К. Яворов", "georef_201": "2018", "vid_txt_20": "Зона", "zabelezhka": null, "obekt": null, "dogovor_sr": null, "dogovor_nu": null, "type": null, "bezplatni_": null, "podzona_nu": "-", "sf_rayon": "-"}, "geometry": {"type": "MultiPoint", "coordinates": [[23.333428554, 42.670575252]]}}, {"type": "Feature", "properties": {"id": 27027, "objectid": 36639.0, "park_txt": "Надлъжн", "zona": "Зелена зона", "mestopoloz": "бул. Пейо К. Яворов", "georef_201": "2018", "vid_txt_20": "Зона", "zabelezhka": null, "obekt": null, "dogovor_sr": null, "dogovor_nu": null, "type": null, "bezplatni_": null, "podzona_nu": "-", "sf_rayon": "-"}, "geometry": {"type": "MultiPoint", "coordinates": [[23.333383997, 42.670535174]]}}, {"type": "Feature", "properties": {"id": 27028, "objectid": 36640.0, "park_txt": "Надлъжн", "zona": "Зелена зона", "mestopoloz": "бул. Пейо К. Яворов", "georef_201": "2018", "vid_txt_20": "Зона", "zabelezhka": null, "obekt": null, "dogovor_sr": null, "dogovor_nu": null, "type": null, "bezplatni_": null, "podzona_nu": "-", "sf_rayon": "-"}, "geometry": {"type": "MultiPoint", "coordinates": [[23.33333639, 42.670492522]]}}, {"type": "Feature", "properties": {"id": 27029, "objectid": 36641.0, "park_txt": "Надлъжн", "zona": "Зелена зона", "mestopoloz": "бул. Пейо К. Яворов", "georef_201": "2018", "vid_txt_20": "Зона", "zabelezhka": null, "obekt": null, "dogovor_sr": null, "dogovor_nu": null, "type": null, "bezplatni_": null, "podzona_nu": "-", "sf_rayon": "-"}, "geometry": {"type": "MultiPoint", "coordinates": [[23.333290356, 42.670452822]]}}, {"type": "Feature", "properties": {"id": 27030, "objectid": 36642.0, "park_txt": "Надлъжн", "zona": "Зелена зона", "mestopoloz": "бул. Пейо К. Яворов", "georef_201": "2018", "vid_txt_20": "Зона", "zabelezhka": null, "obekt": null, "dogovor_sr": null, "dogovor_nu": null, "type": null, "bezplatni_": null, "podzona_nu": "-", "sf_rayon": "-"}, "geometry": {"type": "MultiPoint", "coordinates": [[23.333244215, 42.670413031]]}}, {"type": "Feature", "properties": {"id": 27031, "objectid": 36643.0, "park_txt": "Надлъжн", "zona": "Зелена зона", "mestopoloz": "бул. Пейо К. Яворов", "georef_201": "2018", "vid_txt_20": "Зона", "zabelezhka": null, "obekt": null, "dogovor_sr": null, "dogovor_nu": null, "type": null, "bezplatni_": null, "podzona_nu": "-", "sf_rayon": "-"}, "geometry": {"type": "MultiPoint", "coordinates": [[23.333194281, 42.670369967]]}}, {"type": "Feature", "properties": {"id": 27032, "objectid": 36644.0, "park_txt": "Надлъжн", "zona": "Зелена зона", "mestopoloz": "бул. Пейо К. Яворов", "georef_201": "2018", "vid_txt_20": "Зона", "zabelezhka": null, "obekt": null, "dogovor_sr": null, "dogovor_nu": null, "type": null, "bezplatni_": null, "podzona_nu": "-", "sf_rayon": "-"}, "geometry": {"type": "MultiPoint", "coordinates": [[23.333054897, 42.670249761]]}}, {"type": "Feature", "properties": {"id": 27033, "objectid": 36645.0, "park_txt": "Надлъжн", "zona": "Зелена зона", "mestopoloz": "бул. Пейо К. Яворов", "georef_201": "2018", "vid_txt_20": "Зона", "zabelezhka": null, "obekt": null, "dogovor_sr": null, "dogovor_nu": null, "type": null, "bezplatni_": null, "podzona_nu": "-", "sf_rayon": "-"}, "geometry": {"type": "MultiPoint", "coordinates": [[23.333002667, 42.670205628]]}}, {"type": "Feature", "properties": {"id": 28680, "objectid": 38707.0, "park_txt": "Напречн", "zona": "Зелена зона", "mestopoloz": "ул. Черноризец Храбър", "georef_201": "2017", "vid_txt_20": "Зона", "zabelezhka": null, "obekt": null, "dogovor_sr": null, "dogovor_nu": null, "type": null, "bezplatni_": null, "podzona_nu": "-", "sf_rayon": "-"}, "geometry": {"type": "MultiPoint", "coordinates": [[23.328217608, 42.676672436]]}}, {"type": "Feature", "properties": {"id": 28681, "objectid": 38708.0, "park_txt": "Напречн", "zona": "Зелена зона", "mestopoloz": "ул. Черноризец Храбър", "georef_201": "2017", "vid_txt_20": "Зона", "zabelezhka": null, "obekt": null, "dogovor_sr": null, "dogovor_nu": null, "type": null, "bezplatni_": null, "podzona_nu": "-", "sf_rayon": "-"}, "geometry": {"type": "MultiPoint", "coordinates": [[23.3281897, 42.676672962]]}}, {"type": "Feature", "properties": {"id": 28682, "objectid": 38709.0, "park_txt": "Напречн", "zona": "Зелена зона", "mestopoloz": "ул. Черноризец Храбър", "georef_201": "2017", "vid_txt_20": "Зона", "zabelezhka": null, "obekt": null, "dogovor_sr": null, "dogovor_nu": null, "type": null, "bezplatni_": null, "podzona_nu": "-", "sf_rayon": "-"}, "geometry": {"type": "MultiPoint", "coordinates": [[23.328161013, 42.676673504]]}}, {"type": "Feature", "properties": {"id": 28683, "objectid": 38710.0, "park_txt": "Напречн", "zona": "Зелена зона", "mestopoloz": "ул. Черноризец Храбър", "georef_201": "2017", "vid_txt_20": "Зона", "zabelezhka": null, "obekt": null, "dogovor_sr": null, "dogovor_nu": null, "type": null, "bezplatni_": null, "podzona_nu": "-", "sf_rayon": "-"}, "geometry": {"type": "MultiPoint", "coordinates": [[23.328133628, 42.67667402]]}}, {"type": "Feature", "properties": {"id": 28684, "objectid": 38711.0, "park_txt": "Напречн", "zona": "Зелена зона", "mestopoloz": "ул. Черноризец Храбър", "georef_201": "2017", "vid_txt_20": "Зона", "zabelezhka": null, "obekt": null, "dogovor_sr": null, "dogovor_nu": null, "type": null, "bezplatni_": null, "podzona_nu": "-", "sf_rayon": "-"}, "geometry": {"type": "MultiPoint", "coordinates": [[23.328105292, 42.676674555]]}}, {"type": "Feature", "properties": {"id": 28685, "objectid": 38712.0, "park_txt": "Напречн", "zona": "Зелена зона", "mestopoloz": "ул. Черноризец Храбър", "georef_201": "2017", "vid_txt_20": "Зона", "zabelezhka": null, "obekt": null, "dogovor_sr": null, "dogovor_nu": null, "type": null, "bezplatni_": null, "podzona_nu": "-", "sf_rayon": "-"}, "geometry": {"type": "MultiPoint", "coordinates": [[23.328075315, 42.676675121]]}}, {"type": "Feature", "properties": {"id": 28686, "objectid": 38713.0, "park_txt": "Напречн", "zona": "Зелена зона", "mestopoloz": "ул. Черноризец Храбър", "georef_201": "2017", "vid_txt_20": "Зона", "zabelezhka": null, "obekt": null, "dogovor_sr": null, "dogovor_nu": null, "type": null, "bezplatni_": null, "podzona_nu": "-", "sf_rayon": "-"}, "geometry": {"type": "MultiPoint", "coordinates": [[23.32804646, 42.676675667]]}}, {"type": "Feature", "properties": {"id": 28687, "objectid": 38714.0, "park_txt": "Напречн", "zona": "Зелена зона", "mestopoloz": "ул. Черноризец Храбър", "georef_201": "2017", "vid_txt_20": "Зона", "zabelezhka": null, "obekt": null, "dogovor_sr": null, "dogovor_nu": null, "type": null, "bezplatni_": null, "podzona_nu": "-", "sf_rayon": "-"}, "geometry": {"type": "MultiPoint", "coordinates": [[23.328016483, 42.676676233]]}}, {"type": "Feature", "properties": {"id": 28688, "objectid": 38715.0, "park_txt": "Напречн", "zona": "Зелена зона", "mestopoloz": "ул. Черноризец Храбър", "georef_201": "2017", "vid_txt_20": "Зона", "zabelezhka": null, "obekt": null, "dogovor_sr": null, "dogovor_nu": null, "type": null, "bezplatni_": null, "podzona_nu": "-", "sf_rayon": "-"}, "geometry": {"type": "MultiPoint", "coordinates": [[23.32798867, 42.676676757]]}}, {"type": "Feature", "properties": {"id": 28689, "objectid": 38716.0, "park_txt": "Напречн", "zona": "Зелена зона", "mestopoloz": "ул. Черноризец Храбър", "georef_201": "2017", "vid_txt_20": "Зона", "zabelezhka": null, "obekt": null, "dogovor_sr": null, "dogovor_nu": null, "type": null, "bezplatni_": null, "podzona_nu": "-", "sf_rayon": "-"}, "geometry": {"type": "MultiPoint", "coordinates": [[23.327960762, 42.676677284]]}}, {"type": "Feature", "properties": {"id": 28690, "objectid": 38717.0, "park_txt": "Напречн", "zona": "Зелена зона", "mestopoloz": "ул. Черноризец Храбър", "georef_201": "2017", "vid_txt_20": "Зона", "zabelezhka": null, "obekt": null, "dogovor_sr": null, "dogovor_nu": null, "type": null, "bezplatni_": null, "podzona_nu": "-", "sf_rayon": "-"}, "geometry": {"type": "MultiPoint", "coordinates": [[23.327932075, 42.676677825]]}}, {"type": "Feature", "properties": {"id": 28691, "objectid": 38718.0, "park_txt": "Напречн", "zona": "Зелена зона", "mestopoloz": "ул. Черноризец Храбър", "georef_201": "2017", "vid_txt_20": "Зона", "zabelezhka": null, "obekt": null, "dogovor_sr": null, "dogovor_nu": null, "type": null, "bezplatni_": null, "podzona_nu": "-", "sf_rayon": "-"}, "geometry": {"type": "MultiPoint", "coordinates": [[23.327875534, 42.676678893]]}}, {"type": "Feature", "properties": {"id": 28692, "objectid": 38719.0, "park_txt": "Напречн", "zona": "Зелена зона", "mestopoloz": "ул. Черноризец Храбър", "georef_201": "2017", "vid_txt_20": "Зона", "zabelezhka": null, "obekt": null, "dogovor_sr": null, "dogovor_nu": null, "type": null, "bezplatni_": null, "podzona_nu": "-", "sf_rayon": "-"}, "geometry": {"type": "MultiPoint", "coordinates": [[23.327847196, 42.676679427]]}}, {"type": "Feature", "properties": {"id": 28693, "objectid": 38720.0, "park_txt": "Напречн", "zona": "Зелена зона", "mestopoloz": "ул. Черноризец Храбър", "georef_201": "2017", "vid_txt_20": "Зона", "zabelezhka": null, "obekt": null, "dogovor_sr": null, "dogovor_nu": null, "type": null, "bezplatni_": null, "podzona_nu": "-", "sf_rayon": "-"}, "geometry": {"type": "MultiPoint", "coordinates": [[23.32781722, 42.676679993]]}}, {"type": "Feature", "properties": {"id": 28694, "objectid": 38721.0, "park_txt": "Напречн", "zona": "Зелена зона", "mestopoloz": "ул. Черноризец Храбър", "georef_201": "2017", "vid_txt_20": "Зона", "zabelezhka": null, "obekt": null, "dogovor_sr": null, "dogovor_nu": null, "type": null, "bezplatni_": null, "podzona_nu": "-", "sf_rayon": "-"}, "geometry": {"type": "MultiPoint", "coordinates": [[23.328272098, 42.676581903]]}}, {"type": "Feature", "properties": {"id": 28695, "objectid": 38723.0, "park_txt": "Напречн", "zona": "Зелена зона", "mestopoloz": "ул. Черноризец Храбър", "georef_201": "2017", "vid_txt_20": "Зона", "zabelezhka": null, "obekt": null, "dogovor_sr": null, "dogovor_nu": null, "type": null, "bezplatni_": null, "podzona_nu": "-", "sf_rayon": "-"}, "geometry": {"type": "MultiPoint", "coordinates": [[23.32824225, 42.676582297]]}}, {"type": "Feature", "properties": {"id": 28696, "objectid": 38724.0, "park_txt": "Напречн", "zona": "Зелена зона", "mestopoloz": "ул. Черноризец Храбър", "georef_201": "2017", "vid_txt_20": "Зона", "zabelezhka": null, "obekt": null, "dogovor_sr": null, "dogovor_nu": null, "type": null, "bezplatni_": null, "podzona_nu": "-", "sf_rayon": "-"}, "geometry": {"type": "MultiPoint", "coordinates": [[23.328214273, 42.676582668]]}}, {"type": "Feature", "properties": {"id": 28697, "objectid": 38725.0, "park_txt": "Напречн", "zona": "Зелена зона", "mestopoloz": "ул. Черноризец Храбър", "georef_201": "2017", "vid_txt_20": "Зона", "zabelezhka": null, "obekt": null, "dogovor_sr": null, "dogovor_nu": null, "type": null, "bezplatni_": null, "podzona_nu": "-", "sf_rayon": "-"}, "geometry": {"type": "MultiPoint", "coordinates": [[23.328186474, 42.676583093]]}}, {"type": "Feature", "properties": {"id": 28698, "objectid": 38726.0, "park_txt": "Напречн", "zona": "Зелена зона", "mestopoloz": "ул. Черноризец Храбър", "georef_201": "2017", "vid_txt_20": "Зона", "zabelezhka": null, "obekt": null, "dogovor_sr": null, "dogovor_nu": null, "type": null, "bezplatni_": null, "podzona_nu": "-", "sf_rayon": "-"}, "geometry": {"type": "MultiPoint", "coordinates": [[23.328158072, 42.67658341]]}}, {"type": "Feature", "properties": {"id": 28699, "objectid": 38727.0, "park_txt": "Напречн", "zona": "Зелена зона", "mestopoloz": "ул. Черноризец Храбър", "georef_201": "2017", "vid_txt_20": "Зона", "zabelezhka": null, "obekt": null, "dogovor_sr": null, "dogovor_nu": null, "type": null, "bezplatni_": null, "podzona_nu": "-", "sf_rayon": "-"}, "geometry": {"type": "MultiPoint", "coordinates": [[23.328130465, 42.676583775]]}}, {"type": "Feature", "properties": {"id": 28700, "objectid": 38728.0, "park_txt": "Напречн", "zona": "Зелена зона", "mestopoloz": "ул. Черноризец Храбър", "georef_201": "2017", "vid_txt_20": "Зона", "zabelezhka": null, "obekt": null, "dogovor_sr": null, "dogovor_nu": null, "type": null, "bezplatni_": null, "podzona_nu": "-", "sf_rayon": "-"}, "geometry": {"type": "MultiPoint", "coordinates": [[23.328102507, 42.676584144]]}}, {"type": "Feature", "properties": {"id": 28701, "objectid": 38729.0, "park_txt": "Напречн", "zona": "Зелена зона", "mestopoloz": "ул. Черноризец Храбър", "georef_201": "2017", "vid_txt_20": "Зона", "zabelezhka": null, "obekt": null, "dogovor_sr": null, "dogovor_nu": null, "type": null, "bezplatni_": null, "podzona_nu": "-", "sf_rayon": "-"}, "geometry": {"type": "MultiPoint", "coordinates": [[23.32807214, 42.676584545]]}}, {"type": "Feature", "properties": {"id": 28702, "objectid": 38730.0, "park_txt": "Напречн", "zona": "Зелена зона", "mestopoloz": "ул. Черноризец Храбър", "georef_201": "2017", "vid_txt_20": "Зона", "zabelezhka": null, "obekt": null, "dogovor_sr": null, "dogovor_nu": null, "type": null, "bezplatni_": null, "podzona_nu": "-", "sf_rayon": "-"}, "geometry": {"type": "MultiPoint", "coordinates": [[23.328043321, 42.676584926]]}}, {"type": "Feature", "properties": {"id": 28703, "objectid": 38731.0, "park_txt": "Напречн", "zona": "Зелена зона", "mestopoloz": "ул. Черноризец Храбър", "georef_201": "2017", "vid_txt_20": "Зона", "zabelezhka": null, "obekt": null, "dogovor_sr": null, "dogovor_nu": null, "type": null, "bezplatni_": null, "podzona_nu": "-", "sf_rayon": "-"}, "geometry": {"type": "MultiPoint", "coordinates": [[23.32801354, 42.676585319]]}}, {"type": "Feature", "properties": {"id": 28704, "objectid": 38732.0, "park_txt": "Напречн", "zona": "Зелена зона", "mestopoloz": "ул. Черноризец Храбър", "georef_201": "2017", "vid_txt_20": "Зона", "zabelezhka": null, "obekt": null, "dogovor_sr": null, "dogovor_nu": null, "type": null, "bezplatni_": null, "podzona_nu": "-", "sf_rayon": "-"}, "geometry": {"type": "MultiPoint", "coordinates": [[23.327985511, 42.676585689]]}}, {"type": "Feature", "properties": {"id": 28705, "objectid": 38733.0, "park_txt": "Напречн", "zona": "Зелена зона", "mestopoloz": "ул. Черноризец Храбър", "georef_201": "2017", "vid_txt_20": "Зона", "zabelezhka": null, "obekt": null, "dogovor_sr": null, "dogovor_nu": null, "type": null, "bezplatni_": null, "podzona_nu": "-", "sf_rayon": "-"}, "geometry": {"type": "MultiPoint", "coordinates": [[23.327957993, 42.676586052]]}}, {"type": "Feature", "properties": {"id": 28706, "objectid": 38734.0, "park_txt": "Напречн", "zona": "Зелена зона", "mestopoloz": "ул. Черноризец Храбър", "georef_201": "2017", "vid_txt_20": "Зона", "zabelezhka": null, "obekt": null, "dogovor_sr": null, "dogovor_nu": null, "type": null, "bezplatni_": null, "podzona_nu": "-", "sf_rayon": "-"}, "geometry": {"type": "MultiPoint", "coordinates": [[23.327929022, 42.676586435]]}}, {"type": "Feature", "properties": {"id": 28707, "objectid": 38735.0, "park_txt": "Напречн", "zona": "Зелена зона", "mestopoloz": "ул. Черноризец Храбър", "georef_201": "2017", "vid_txt_20": "Зона", "zabelezhka": null, "obekt": null, "dogovor_sr": null, "dogovor_nu": null, "type": null, "bezplatni_": null, "podzona_nu": "-", "sf_rayon": "-"}, "geometry": {"type": "MultiPoint", "coordinates": [[23.327873274, 42.676587171]]}}, {"type": "Feature", "properties": {"id": 28708, "objectid": 38736.0, "park_txt": "Напречн", "zona": "Зелена зона", "mestopoloz": "ул. Черноризец Храбър", "georef_201": "2017", "vid_txt_20": "Зона", "zabelezhka": null, "obekt": null, "dogovor_sr": null, "dogovor_nu": null, "type": null, "bezplatni_": null, "podzona_nu": "-", "sf_rayon": "-"}, "geometry": {"type": "MultiPoint", "coordinates": [[23.32784416, 42.676587556]]}}, {"type": "Feature", "properties": {"id": 28709, "objectid": 38737.0, "park_txt": "Напречн", "zona": "Зелена зона", "mestopoloz": "ул. Черноризец Храбър", "georef_201": "2017", "vid_txt_20": "Зона", "zabelezhka": null, "obekt": null, "dogovor_sr": null, "dogovor_nu": null, "type": null, "bezplatni_": null, "podzona_nu": "-", "sf_rayon": "-"}, "geometry": {"type": "MultiPoint", "coordinates": [[23.327814195, 42.676587951]]}}, {"type": "Feature", "properties": {"id": 28710, "objectid": 38738.0, "park_txt": "Напречн", "zona": "Зелена зона", "mestopoloz": "ул. Черноризец Храбър", "georef_201": "2017", "vid_txt_20": "Зона", "zabelezhka": null, "obekt": null, "dogovor_sr": null, "dogovor_nu": null, "type": null, "bezplatni_": null, "podzona_nu": "-", "sf_rayon": "-"}, "geometry": {"type": "MultiPoint", "coordinates": [[23.327900635, 42.676586809]]}}, {"type": "Feature", "properties": {"id": 28749, "objectid": 38777.0, "park_txt": "Напречн", "zona": "Зелена зона", "mestopoloz": "ул. Вишнева", "georef_201": "2017", "vid_txt_20": "Зона", "zabelezhka": null, "obekt": null, "dogovor_sr": null, "dogovor_nu": null, "type": null, "bezplatni_": null, "podzona_nu": "-", "sf_rayon": "-"}, "geometry": {"type": "MultiPoint", "coordinates": [[23.331860063, 42.678117979]]}}, {"type": "Feature", "properties": {"id": 28750, "objectid": 38778.0, "park_txt": "Напречн", "zona": "Зелена зона", "mestopoloz": "ул. Вишнева", "georef_201": "2017", "vid_txt_20": "Зона", "zabelezhka": null, "obekt": null, "dogovor_sr": null, "dogovor_nu": null, "type": null, "bezplatni_": null, "podzona_nu": "-", "sf_rayon": "-"}, "geometry": {"type": "MultiPoint", "coordinates": [[23.331884474, 42.678127022]]}}, {"type": "Feature", "properties": {"id": 28751, "objectid": 38779.0, "park_txt": "Напречн", "zona": "Зелена зона", "mestopoloz": "ул. Вишнева", "georef_201": "2017", "vid_txt_20": "Зона", "zabelezhka": null, "obekt": null, "dogovor_sr": null, "dogovor_nu": null, "type": null, "bezplatni_": null, "podzona_nu": "-", "sf_rayon": "-"}, "geometry": {"type": "MultiPoint", "coordinates": [[23.331908292, 42.678135845]]}}, {"type": "Feature", "properties": {"id": 28752, "objectid": 38780.0, "park_txt": "Напречн", "zona": "Зелена зона", "mestopoloz": "ул. Вишнева", "georef_201": "2017", "vid_txt_20": "Зона", "zabelezhka": null, "obekt": null, "dogovor_sr": null, "dogovor_nu": null, "type": null, "bezplatni_": null, "podzona_nu": "-", "sf_rayon": "-"}, "geometry": {"type": "MultiPoint", "coordinates": [[23.331931234, 42.678144343]]}}, {"type": "Feature", "properties": {"id": 28753, "objectid": 38781.0, "park_txt": "Напречн", "zona": "Зелена зона", "mestopoloz": "ул. Вишнева", "georef_201": "2017", "vid_txt_20": "Зона", "zabelezhka": null, "obekt": null, "dogovor_sr": null, "dogovor_nu": null, "type": null, "bezplatni_": null, "podzona_nu": "-", "sf_rayon": "-"}, "geometry": {"type": "MultiPoint", "coordinates": [[23.331953732, 42.678152677]]}}, {"type": "Feature", "properties": {"id": 28827, "objectid": 38862.0, "park_txt": "Напречн", "zona": "Зелена зона", "mestopoloz": "жк Лозенец", "georef_201": "2017", "vid_txt_20": "Зона", "zabelezhka": null, "obekt": null, "dogovor_sr": null, "dogovor_nu": null, "type": null, "bezplatni_": null, "podzona_nu": "-", "sf_rayon": "-"}, "geometry": {"type": "MultiPoint", "coordinates": [[23.333537601, 42.676924987]]}}, {"type": "Feature", "properties": {"id": 28828, "objectid": 38863.0, "park_txt": "Напречн", "zona": "Зелена зона", "mestopoloz": "жк Лозенец", "georef_201": "2017", "vid_txt_20": "Зона", "zabelezhka": null, "obekt": null, "dogovor_sr": null, "dogovor_nu": null, "type": null, "bezplatni_": null, "podzona_nu": "-", "sf_rayon": "-"}, "geometry": {"type": "MultiPoint", "coordinates": [[23.333606102, 42.6769407]]}}, {"type": "Feature", "properties": {"id": 28829, "objectid": 38864.0, "park_txt": "Напречн", "zona": "Зелена зона", "mestopoloz": "жк Лозенец", "georef_201": "2017", "vid_txt_20": "Зона", "zabelezhka": null, "obekt": null, "dogovor_sr": null, "dogovor_nu": null, "type": null, "bezplatni_": null, "podzona_nu": "-", "sf_rayon": "-"}, "geometry": {"type": "MultiPoint", "coordinates": [[23.333674669, 42.67695643]]}}, {"type": "Feature", "properties": {"id": 28830, "objectid": 38865.0, "park_txt": "Напречн", "zona": "Зелена зона", "mestopoloz": "жк Лозенец", "georef_201": "2017", "vid_txt_20": "Зона", "zabelezhka": null, "obekt": null, "dogovor_sr": null, "dogovor_nu": null, "type": null, "bezplatni_": null, "podzona_nu": "-", "sf_rayon": "-"}, "geometry": {"type": "MultiPoint", "coordinates": [[23.33373651, 42.676970306]]}}, {"type": "Feature", "properties": {"id": 28831, "objectid": 38866.0, "park_txt": "Напречн", "zona": "Зелена зона", "mestopoloz": "жк Лозенец", "georef_201": "2017", "vid_txt_20": "Зона", "zabelezhka": null, "obekt": null, "dogovor_sr": null, "dogovor_nu": null, "type": null, "bezplatni_": null, "podzona_nu": "-", "sf_rayon": "-"}, "geometry": {"type": "MultiPoint", "coordinates": [[23.333805011, 42.676986019]]}}, {"type": "Feature", "properties": {"id": 28832, "objectid": 38867.0, "park_txt": "Напречн", "zona": "Зелена зона", "mestopoloz": "жк Лозенец", "georef_201": "2017", "vid_txt_20": "Зона", "zabelezhka": null, "obekt": null, "dogovor_sr": null, "dogovor_nu": null, "type": null, "bezplatni_": null, "podzona_nu": "-", "sf_rayon": "-"}, "geometry": {"type": "MultiPoint", "coordinates": [[23.333873578, 42.677001748]]}}, {"type": "Feature", "properties": {"id": 28833, "objectid": 38868.0, "park_txt": "Напречн", "zona": "Зелена зона", "mestopoloz": "жк Лозенец", "georef_201": "2017", "vid_txt_20": "Зона", "zabelezhka": null, "obekt": null, "dogovor_sr": null, "dogovor_nu": null, "type": null, "bezplatni_": null, "podzona_nu": "-", "sf_rayon": "-"}, "geometry": {"type": "MultiPoint", "coordinates": [[23.333937883, 42.677016293]]}}, {"type": "Feature", "properties": {"id": 29090, "objectid": 39252.0, "park_txt": "Надлъжн", "zona": "Зелена зона", "mestopoloz": "ул. Галичица", "georef_201": "2018", "vid_txt_20": "Зона", "zabelezhka": null, "obekt": null, "dogovor_sr": null, "dogovor_nu": null, "type": null, "bezplatni_": null, "podzona_nu": "-", "sf_rayon": "-"}, "geometry": {"type": "MultiPoint", "coordinates": [[23.329264389, 42.672581068]]}}, {"type": "Feature", "properties": {"id": 29551, "objectid": 40256.0, "park_txt": "Надлъжн", "zona": "Зелена зона", "mestopoloz": "ул. Милин камък", "georef_201": "2017", "vid_txt_20": "Зона", "zabelezhka": null, "obekt": null, "dogovor_sr": null, "dogovor_nu": null, "type": null, "bezplatni_": null, "podzona_nu": "-", "sf_rayon": "-"}, "geometry": {"type": "MultiPoint", "coordinates": [[23.328208224, 42.6744648]]}}, {"type": "Feature", "properties": {"id": 29552, "objectid": 40257.0, "park_txt": "Надлъжн", "zona": "Зелена зона", "mestopoloz": "ул. Милин камък", "georef_201": "2017", "vid_txt_20": "Зона", "zabelezhka": null, "obekt": null, "dogovor_sr": null, "dogovor_nu": null, "type": null, "bezplatni_": null, "podzona_nu": "-", "sf_rayon": "-"}, "geometry": {"type": "MultiPoint", "coordinates": [[23.328172657, 42.674511529]]}}, {"type": "Feature", "properties": {"id": 29553, "objectid": 40258.0, "park_txt": "Надлъжн", "zona": "Зелена зона", "mestopoloz": "ул. Милин камък", "georef_201": "2017", "vid_txt_20": "Зона", "zabelezhka": null, "obekt": null, "dogovor_sr": null, "dogovor_nu": null, "type": null, "bezplatni_": null, "podzona_nu": "-", "sf_rayon": "-"}, "geometry": {"type": "MultiPoint", "coordinates": [[23.328136864, 42.674558556]]}}, {"type": "Feature", "properties": {"id": 29554, "objectid": 40259.0, "park_txt": "Надлъжн", "zona": "Зелена зона", "mestopoloz": "ул. Милин камък", "georef_201": "2017", "vid_txt_20": "Зона", "zabelezhka": null, "obekt": null, "dogovor_sr": null, "dogovor_nu": null, "type": null, "bezplatni_": null, "podzona_nu": "-", "sf_rayon": "-"}, "geometry": {"type": "MultiPoint", "coordinates": [[23.328101043, 42.674605618]]}}, {"type": "Feature", "properties": {"id": 29555, "objectid": 40260.0, "park_txt": "Надлъжн", "zona": "Зелена зона", "mestopoloz": "ул. Милин камък", "georef_201": "2017", "vid_txt_20": "Зона", "zabelezhka": null, "obekt": null, "dogovor_sr": null, "dogovor_nu": null, "type": null, "bezplatni_": null, "podzona_nu": "-", "sf_rayon": "-"}, "geometry": {"type": "MultiPoint", "coordinates": [[23.32806525, 42.674652645]]}}, {"type": "Feature", "properties": {"id": 29556, "objectid": 40261.0, "park_txt": "Надлъжн", "zona": "Зелена зона", "mestopoloz": "ул. Милин камък", "georef_201": "2017", "vid_txt_20": "Зона", "zabelezhka": null, "obekt": null, "dogovor_sr": null, "dogovor_nu": null, "type": null, "bezplatni_": null, "podzona_nu": "-", "sf_rayon": "-"}, "geometry": {"type": "MultiPoint", "coordinates": [[23.327970323, 42.674778554]]}}, {"type": "Feature", "properties": {"id": 29557, "objectid": 40262.0, "park_txt": "Надлъжн", "zona": "Зелена зона", "mestopoloz": "ул. Милин камък", "georef_201": "2017", "vid_txt_20": "Зона", "zabelezhka": null, "obekt": null, "dogovor_sr": null, "dogovor_nu": null, "type": null, "bezplatni_": null, "podzona_nu": "-", "sf_rayon": "-"}, "geometry": {"type": "MultiPoint", "coordinates": [[23.32793453, 42.674825581]]}}, {"type": "Feature", "properties": {"id": 29558, "objectid": 40263.0, "park_txt": "Надлъжн", "zona": "Зелена зона", "mestopoloz": "ул. Милин камък", "georef_201": "2017", "vid_txt_20": "Зона", "zabelezhka": null, "obekt": null, "dogovor_sr": null, "dogovor_nu": null, "type": null, "bezplatni_": null, "podzona_nu": "-", "sf_rayon": "-"}, "geometry": {"type": "MultiPoint", "coordinates": [[23.32781633, 42.674985044]]}}, {"type": "Feature", "properties": {"id": 29559, "objectid": 40264.0, "park_txt": "Надлъжн", "zona": "Зелена зона", "mestopoloz": "ул. Милин камък", "georef_201": "2017", "vid_txt_20": "Зона", "zabelezhka": null, "obekt": null, "dogovor_sr": null, "dogovor_nu": null, "type": null, "bezplatni_": null, "podzona_nu": "-", "sf_rayon": "-"}, "geometry": {"type": "MultiPoint", "coordinates": [[23.327780762, 42.675031774]]}}, {"type": "Feature", "properties": {"id": 29560, "objectid": 40265.0, "park_txt": "Надлъжн", "zona": "Зелена зона", "mestopoloz": "ул. Милин камък", "georef_201": "2017", "vid_txt_20": "Зона", "zabelezhka": null, "obekt": null, "dogovor_sr": null, "dogovor_nu": null, "type": null, "bezplatni_": null, "podzona_nu": "-", "sf_rayon": "-"}, "geometry": {"type": "MultiPoint", "coordinates": [[23.327744969, 42.6750788]]}}, {"type": "Feature", "properties": {"id": 29561, "objectid": 40266.0, "park_txt": "Надлъжн", "zona": "Зелена зона", "mestopoloz": "ул. Милин камък", "georef_201": "2017", "vid_txt_20": "Зона", "zabelezhka": null, "obekt": null, "dogovor_sr": null, "dogovor_nu": null, "type": null, "bezplatni_": null, "podzona_nu": "-", "sf_rayon": "-"}, "geometry": {"type": "MultiPoint", "coordinates": [[23.327709147, 42.675125863]]}}, {"type": "Feature", "properties": {"id": 29562, "objectid": 40267.0, "park_txt": "Надлъжн", "zona": "Зелена зона", "mestopoloz": "ул. Милин камък", "georef_201": "2017", "vid_txt_20": "Зона", "zabelezhka": null, "obekt": null, "dogovor_sr": null, "dogovor_nu": null, "type": null, "bezplatni_": null, "podzona_nu": "-", "sf_rayon": "-"}, "geometry": {"type": "MultiPoint", "coordinates": [[23.327673353, 42.675172889]]}}, {"type": "Feature", "properties": {"id": 29563, "objectid": 40268.0, "park_txt": "Надлъжн", "zona": "Зелена зона", "mestopoloz": "ул. Милин камък", "georef_201": "2017", "vid_txt_20": "Зона", "zabelezhka": null, "obekt": null, "dogovor_sr": null, "dogovor_nu": null, "type": null, "bezplatni_": null, "podzona_nu": "-", "sf_rayon": "-"}, "geometry": {"type": "MultiPoint", "coordinates": [[23.32784936, 42.67493955]]}}, {"type": "Feature", "properties": {"id": 29564, "objectid": 40269.0, "park_txt": "Надлъжн", "zona": "Зелена зона", "mestopoloz": "ул. Милин камък", "georef_201": "2017", "vid_txt_20": "Зона", "zabelezhka": null, "obekt": null, "dogovor_sr": null, "dogovor_nu": null, "type": null, "bezplatni_": null, "podzona_nu": "-", "sf_rayon": "-"}, "geometry": {"type": "MultiPoint", "coordinates": [[23.327529851, 42.675363233]]}}, {"type": "Feature", "properties": {"id": 29565, "objectid": 40270.0, "park_txt": "Надлъжн", "zona": "Зелена зона", "mestopoloz": "ул. Милин камък", "georef_201": "2017", "vid_txt_20": "Зона", "zabelezhka": null, "obekt": null, "dogovor_sr": null, "dogovor_nu": null, "type": null, "bezplatni_": null, "podzona_nu": "-", "sf_rayon": "-"}, "geometry": {"type": "MultiPoint", "coordinates": [[23.327426297, 42.675500547]]}}, {"type": "Feature", "properties": {"id": 29566, "objectid": 40271.0, "park_txt": "Надлъжн", "zona": "Зелена зона", "mestopoloz": "ул. Милин камък", "georef_201": "2017", "vid_txt_20": "Зона", "zabelezhka": null, "obekt": null, "dogovor_sr": null, "dogovor_nu": null, "type": null, "bezplatni_": null, "podzona_nu": "-", "sf_rayon": "-"}, "geometry": {"type": "MultiPoint", "coordinates": [[23.327390503, 42.675547573]]}}, {"type": "Feature", "properties": {"id": 29567, "objectid": 40272.0, "park_txt": "Надлъжн", "zona": "Зелена зона", "mestopoloz": "ул. Милин камък", "georef_201": "2017", "vid_txt_20": "Зона", "zabelezhka": null, "obekt": null, "dogovor_sr": null, "dogovor_nu": null, "type": null, "bezplatni_": null, "podzona_nu": "-", "sf_rayon": "-"}, "geometry": {"type": "MultiPoint", "coordinates": [[23.327354681, 42.675594636]]}}, {"type": "Feature", "properties": {"id": 29568, "objectid": 40273.0, "park_txt": "Надлъжн", "zona": "Зелена зона", "mestopoloz": "ул. Милин камък", "georef_201": "2017", "vid_txt_20": "Зона", "zabelezhka": null, "obekt": null, "dogovor_sr": null, "dogovor_nu": null, "type": null, "bezplatni_": null, "podzona_nu": "-", "sf_rayon": "-"}, "geometry": {"type": "MultiPoint", "coordinates": [[23.327318886, 42.675641662]]}}, {"type": "Feature", "properties": {"id": 29569, "objectid": 40274.0, "park_txt": "Надлъжн", "zona": "Зелена зона", "mestopoloz": "ул. Милин камък", "georef_201": "2017", "vid_txt_20": "Зона", "zabelezhka": null, "obekt": null, "dogovor_sr": null, "dogovor_nu": null, "type": null, "bezplatni_": null, "podzona_nu": "-", "sf_rayon": "-"}, "geometry": {"type": "MultiPoint", "coordinates": [[23.327562881, 42.675317739]]}}, {"type": "Feature", "properties": {"id": 29570, "objectid": 40275.0, "park_txt": "Надлъжн", "zona": "Зелена зона", "mestopoloz": "ул. Милин камък", "georef_201": "2017", "vid_txt_20": "Зона", "zabelezhka": null, "obekt": null, "dogovor_sr": null, "dogovor_nu": null, "type": null, "bezplatni_": null, "podzona_nu": "-", "sf_rayon": "-"}, "geometry": {"type": "MultiPoint", "coordinates": [[23.327217978, 42.675776368]]}}, {"type": "Feature", "properties": {"id": 29571, "objectid": 40276.0, "park_txt": "Надлъжн", "zona": "Зелена зона", "mestopoloz": "ул. Милин камък", "georef_201": "2017", "vid_txt_20": "Зона", "zabelezhka": null, "obekt": null, "dogovor_sr": null, "dogovor_nu": null, "type": null, "bezplatni_": null, "podzona_nu": "-", "sf_rayon": "-"}, "geometry": {"type": "MultiPoint", "coordinates": [[23.327182184, 42.675823394]]}}, {"type": "Feature", "properties": {"id": 29572, "objectid": 40277.0, "park_txt": "Надлъжн", "zona": "Зелена зона", "mestopoloz": "ул. Милин камък", "georef_201": "2017", "vid_txt_20": "Зона", "zabelezhka": null, "obekt": null, "dogovor_sr": null, "dogovor_nu": null, "type": null, "bezplatni_": null, "podzona_nu": "-", "sf_rayon": "-"}, "geometry": {"type": "MultiPoint", "coordinates": [[23.327146361, 42.675870456]]}}, {"type": "Feature", "properties": {"id": 29573, "objectid": 40278.0, "park_txt": "Надлъжн", "zona": "Зелена зона", "mestopoloz": "ул. Милин камък", "georef_201": "2017", "vid_txt_20": "Зона", "zabelezhka": null, "obekt": null, "dogovor_sr": null, "dogovor_nu": null, "type": null, "bezplatni_": null, "podzona_nu": "-", "sf_rayon": "-"}, "geometry": {"type": "MultiPoint", "coordinates": [[23.327110566, 42.675917482]]}}, {"type": "Feature", "properties": {"id": 29574, "objectid": 40279.0, "park_txt": "Надлъжн", "zona": "Зелена зона", "mestopoloz": "ул. Милин камък", "georef_201": "2017", "vid_txt_20": "Зона", "zabelezhka": null, "obekt": null, "dogovor_sr": null, "dogovor_nu": null, "type": null, "bezplatni_": null, "podzona_nu": "-", "sf_rayon": "-"}, "geometry": {"type": "MultiPoint", "coordinates": [[23.327076612, 42.675963827]]}}, {"type": "Feature", "properties": {"id": 29575, "objectid": 40280.0, "park_txt": "Надлъжн", "zona": "Зелена зона", "mestopoloz": "ул. Милин камък", "georef_201": "2017", "vid_txt_20": "Зона", "zabelezhka": null, "obekt": null, "dogovor_sr": null, "dogovor_nu": null, "type": null, "bezplatni_": null, "podzona_nu": "-", "sf_rayon": "-"}, "geometry": {"type": "MultiPoint", "coordinates": [[23.327042156, 42.676011159]]}}, {"type": "Feature", "properties": {"id": 29576, "objectid": 40281.0, "park_txt": "Надлъжн", "zona": "Зелена зона", "mestopoloz": "ул. Милин камък", "georef_201": "2017", "vid_txt_20": "Зона", "zabelezhka": null, "obekt": null, "dogovor_sr": null, "dogovor_nu": null, "type": null, "bezplatni_": null, "podzona_nu": "-", "sf_rayon": "-"}, "geometry": {"type": "MultiPoint", "coordinates": [[23.327007312, 42.67605902]]}}, {"type": "Feature", "properties": {"id": 29577, "objectid": 40282.0, "park_txt": "Надлъжн", "zona": "Зелена зона", "mestopoloz": "ул. Милин камък", "georef_201": "2017", "vid_txt_20": "Зона", "zabelezhka": null, "obekt": null, "dogovor_sr": null, "dogovor_nu": null, "type": null, "bezplatni_": null, "podzona_nu": "-", "sf_rayon": "-"}, "geometry": {"type": "MultiPoint", "coordinates": [[23.326975594, 42.676106942]]}}, {"type": "Feature", "properties": {"id": 29578, "objectid": 40283.0, "park_txt": "Надлъжн", "zona": "Зелена зона", "mestopoloz": "ул. Милин камък", "georef_201": "2017", "vid_txt_20": "Зона", "zabelezhka": null, "obekt": null, "dogovor_sr": null, "dogovor_nu": null, "type": null, "bezplatni_": null, "podzona_nu": "-", "sf_rayon": "-"}, "geometry": {"type": "MultiPoint", "coordinates": [[23.326950526, 42.676152961]]}}, {"type": "Feature", "properties": {"id": 29579, "objectid": 40284.0, "park_txt": "Надлъжн", "zona": "Зелена зона", "mestopoloz": "ул. Милин камък", "georef_201": "2017", "vid_txt_20": "Зона", "zabelezhka": null, "obekt": null, "dogovor_sr": null, "dogovor_nu": null, "type": null, "bezplatni_": null, "podzona_nu": "-", "sf_rayon": "-"}, "geometry": {"type": "MultiPoint", "coordinates": [[23.326924364, 42.676201036]]}}, {"type": "Feature", "properties": {"id": 29580, "objectid": 40285.0, "park_txt": "Надлъжн", "zona": "Зелена зона", "mestopoloz": "ул. Милин камък", "georef_201": "2017", "vid_txt_20": "Зона", "zabelezhka": null, "obekt": null, "dogovor_sr": null, "dogovor_nu": null, "type": null, "bezplatni_": null, "podzona_nu": "-", "sf_rayon": "-"}, "geometry": {"type": "MultiPoint", "coordinates": [[23.326903045, 42.676249016]]}}, {"type": "Feature", "properties": {"id": 29581, "objectid": 40286.0, "park_txt": "Надлъжн", "zona": "Зелена зона", "mestopoloz": "ул. Милин камък", "georef_201": "2017", "vid_txt_20": "Зона", "zabelezhka": null, "obekt": null, "dogovor_sr": null, "dogovor_nu": null, "type": null, "bezplatni_": null, "podzona_nu": "-", "sf_rayon": "-"}, "geometry": {"type": "MultiPoint", "coordinates": [[23.326882363, 42.676300384]]}}, {"type": "Feature", "properties": {"id": 29582, "objectid": 40287.0, "park_txt": "Надлъжн", "zona": "Зелена зона", "mestopoloz": "ул. Милин камък", "georef_201": "2017", "vid_txt_20": "Зона", "zabelezhka": null, "obekt": null, "dogovor_sr": null, "dogovor_nu": null, "type": null, "bezplatni_": null, "podzona_nu": "-", "sf_rayon": "-"}, "geometry": {"type": "MultiPoint", "coordinates": [[23.326867399, 42.676349125]]}}, {"type": "Feature", "properties": {"id": 29583, "objectid": 40288.0, "park_txt": "Надлъжн", "zona": "Зелена зона", "mestopoloz": "ул. Милин камък", "georef_201": "2017", "vid_txt_20": "Зона", "zabelezhka": null, "obekt": null, "dogovor_sr": null, "dogovor_nu": null, "type": null, "bezplatni_": null, "podzona_nu": "-", "sf_rayon": "-"}, "geometry": {"type": "MultiPoint", "coordinates": [[23.326853089, 42.676396869]]}}, {"type": "Feature", "properties": {"id": 29584, "objectid": 40289.0, "park_txt": "Надлъжн", "zona": "Зелена зона", "mestopoloz": "ул. Милин камък", "georef_201": "2017", "vid_txt_20": "Зона", "zabelezhka": null, "obekt": null, "dogovor_sr": null, "dogovor_nu": null, "type": null, "bezplatni_": null, "podzona_nu": "-", "sf_rayon": "-"}, "geometry": {"type": "MultiPoint", "coordinates": [[23.326844732, 42.676447131]]}}, {"type": "Feature", "properties": {"id": 29585, "objectid": 40290.0, "park_txt": "Надлъжн", "zona": "Зелена зона", "mestopoloz": "ул. Милин камък", "georef_201": "2017", "vid_txt_20": "Зона", "zabelezhka": null, "obekt": null, "dogovor_sr": null, "dogovor_nu": null, "type": null, "bezplatni_": null, "podzona_nu": "-", "sf_rayon": "-"}, "geometry": {"type": "MultiPoint", "coordinates": [[23.326836632, 42.676497685]]}}, {"type": "Feature", "properties": {"id": 29586, "objectid": 40291.0, "park_txt": "Надлъжн", "zona": "Зелена зона", "mestopoloz": "ул. Милин камък", "georef_201": "2017", "vid_txt_20": "Зона", "zabelezhka": null, "obekt": null, "dogovor_sr": null, "dogovor_nu": null, "type": null, "bezplatni_": null, "podzona_nu": "-", "sf_rayon": "-"}, "geometry": {"type": "MultiPoint", "coordinates": [[23.326832469, 42.676544115]]}}, {"type": "Feature", "properties": {"id": 29587, "objectid": 40292.0, "park_txt": "Надлъжн", "zona": "Зелена зона", "mestopoloz": "ул. Милин камък", "georef_201": "2017", "vid_txt_20": "Зона", "zabelezhka": null, "obekt": null, "dogovor_sr": null, "dogovor_nu": null, "type": null, "bezplatni_": null, "podzona_nu": "-", "sf_rayon": "-"}, "geometry": {"type": "MultiPoint", "coordinates": [[23.326844371, 42.676789678]]}}, {"type": "Feature", "properties": {"id": 29588, "objectid": 40293.0, "park_txt": "Надлъжн", "zona": "Зелена зона", "mestopoloz": "ул. Милин камък", "georef_201": "2017", "vid_txt_20": "Зона", "zabelezhka": null, "obekt": null, "dogovor_sr": null, "dogovor_nu": null, "type": null, "bezplatni_": null, "podzona_nu": "-", "sf_rayon": "-"}, "geometry": {"type": "MultiPoint", "coordinates": [[23.326852705, 42.67684326]]}}, {"type": "Feature", "properties": {"id": 29589, "objectid": 40294.0, "park_txt": "Надлъжн", "zona": "Зелена зона", "mestopoloz": "ул. Милин камък", "georef_201": "2017", "vid_txt_20": "Зона", "zabelezhka": null, "obekt": null, "dogovor_sr": null, "dogovor_nu": null, "type": null, "bezplatni_": null, "podzona_nu": "-", "sf_rayon": "-"}, "geometry": {"type": "MultiPoint", "coordinates": [[23.326865275, 42.676893251]]}}, {"type": "Feature", "properties": {"id": 29590, "objectid": 40295.0, "park_txt": "Надлъжн", "zona": "Зелена зона", "mestopoloz": "ул. Милин камък", "georef_201": "2017", "vid_txt_20": "Зона", "zabelezhka": null, "obekt": null, "dogovor_sr": null, "dogovor_nu": null, "type": null, "bezplatni_": null, "podzona_nu": "-", "sf_rayon": "-"}, "geometry": {"type": "MultiPoint", "coordinates": [[23.326880394, 42.676946077]]}}, {"type": "Feature", "properties": {"id": 29591, "objectid": 40296.0, "park_txt": "Надлъжн", "zona": "Зелена зона", "mestopoloz": "ул. Милин камък", "georef_201": "2017", "vid_txt_20": "Зона", "zabelezhka": null, "obekt": null, "dogovor_sr": null, "dogovor_nu": null, "type": null, "bezplatni_": null, "podzona_nu": "-", "sf_rayon": "-"}, "geometry": {"type": "MultiPoint", "coordinates": [[23.326836109, 42.676738902]]}}, {"type": "Feature", "properties": {"id": 29592, "objectid": 40297.0, "park_txt": "Надлъжн", "zona": "Зелена зона", "mestopoloz": "ул. Милин камък", "georef_201": "2017", "vid_txt_20": "Зона", "zabelezhka": null, "obekt": null, "dogovor_sr": null, "dogovor_nu": null, "type": null, "bezplatni_": null, "podzona_nu": "-", "sf_rayon": "-"}, "geometry": {"type": "MultiPoint", "coordinates": [[23.326909155, 42.677044049]]}}, {"type": "Feature", "properties": {"id": 29593, "objectid": 40298.0, "park_txt": "Надлъжн", "zona": "Зелена зона", "mestopoloz": "ул. Милин камък", "georef_201": "2017", "vid_txt_20": "Зона", "zabelezhka": null, "obekt": null, "dogovor_sr": null, "dogovor_nu": null, "type": null, "bezplatni_": null, "podzona_nu": "-", "sf_rayon": "-"}, "geometry": {"type": "MultiPoint", "coordinates": [[23.326924275, 42.677096875]]}}, {"type": "Feature", "properties": {"id": 29594, "objectid": 40299.0, "park_txt": "Надлъжн", "zona": "Зелена зона", "mestopoloz": "ул. Милин камък", "georef_201": "2017", "vid_txt_20": "Зона", "zabelezhka": null, "obekt": null, "dogovor_sr": null, "dogovor_nu": null, "type": null, "bezplatni_": null, "podzona_nu": "-", "sf_rayon": "-"}, "geometry": {"type": "MultiPoint", "coordinates": [[23.32695951, 42.677222951]]}}, {"type": "Feature", "properties": {"id": 29595, "objectid": 40300.0, "park_txt": "Надлъжн", "zona": "Зелена зона", "mestopoloz": "ул. Милин камък", "georef_201": "2017", "vid_txt_20": "Зона", "zabelezhka": null, "obekt": null, "dogovor_sr": null, "dogovor_nu": null, "type": null, "bezplatni_": null, "podzona_nu": "-", "sf_rayon": "-"}, "geometry": {"type": "MultiPoint", "coordinates": [[23.32697463, 42.677275778]]}}, {"type": "Feature", "properties": {"id": 29596, "objectid": 40301.0, "park_txt": "Надлъжн", "zona": "Зелена зона", "mestopoloz": "ул. Милин камък", "georef_201": "2017", "vid_txt_20": "Зона", "zabelezhka": null, "obekt": null, "dogovor_sr": null, "dogovor_nu": null, "type": null, "bezplatni_": null, "podzona_nu": "-", "sf_rayon": "-"}, "geometry": {"type": "MultiPoint", "coordinates": [[23.326991738, 42.677333398]]}}, {"type": "Feature", "properties": {"id": 29597, "objectid": 40302.0, "park_txt": "Надлъжн", "zona": "Зелена зона", "mestopoloz": "ул. Милин камък", "georef_201": "2017", "vid_txt_20": "Зона", "zabelezhka": null, "obekt": null, "dogovor_sr": null, "dogovor_nu": null, "type": null, "bezplatni_": null, "podzona_nu": "-", "sf_rayon": "-"}, "geometry": {"type": "MultiPoint", "coordinates": [[23.327006857, 42.677386225]]}}, {"type": "Feature", "properties": {"id": 29598, "objectid": 40303.0, "park_txt": "Надлъжн", "zona": "Зелена зона", "mestopoloz": "ул. Милин камък", "georef_201": "2017", "vid_txt_20": "Зона", "zabelezhka": null, "obekt": null, "dogovor_sr": null, "dogovor_nu": null, "type": null, "bezplatni_": null, "podzona_nu": "-", "sf_rayon": "-"}, "geometry": {"type": "MultiPoint", "coordinates": [[23.327020993, 42.677447106]]}}, {"type": "Feature", "properties": {"id": 29599, "objectid": 40304.0, "park_txt": "Надлъжн", "zona": "Зелена зона", "mestopoloz": "ул. Милин камък", "georef_201": "2017", "vid_txt_20": "Зона", "zabelezhka": null, "obekt": null, "dogovor_sr": null, "dogovor_nu": null, "type": null, "bezplatni_": null, "podzona_nu": "-", "sf_rayon": "-"}, "geometry": {"type": "MultiPoint", "coordinates": [[23.327036112, 42.677499932]]}}, {"type": "Feature", "properties": {"id": 29600, "objectid": 40305.0, "park_txt": "Надлъжн", "zona": "Зелена зона", "mestopoloz": "ул. Милин камък", "georef_201": "2017", "vid_txt_20": "Зона", "zabelezhka": null, "obekt": null, "dogovor_sr": null, "dogovor_nu": null, "type": null, "bezplatni_": null, "podzona_nu": "-", "sf_rayon": "-"}, "geometry": {"type": "MultiPoint", "coordinates": [[23.32705322, 42.677557553]]}}, {"type": "Feature", "properties": {"id": 29601, "objectid": 40306.0, "park_txt": "Надлъжн", "zona": "Зелена зона", "mestopoloz": "ул. Милин камък", "georef_201": "2017", "vid_txt_20": "Зона", "zabelezhka": null, "obekt": null, "dogovor_sr": null, "dogovor_nu": null, "type": null, "bezplatni_": null, "podzona_nu": "-", "sf_rayon": "-"}, "geometry": {"type": "MultiPoint", "coordinates": [[23.327068339, 42.677610379]]}}, {"type": "Feature", "properties": {"id": 29602, "objectid": 40307.0, "park_txt": "Надлъжн", "zona": "Зелена зона", "mestopoloz": "ул. Милин камък", "georef_201": "2017", "vid_txt_20": "Зона", "zabelezhka": null, "obekt": null, "dogovor_sr": null, "dogovor_nu": null, "type": null, "bezplatni_": null, "podzona_nu": "-", "sf_rayon": "-"}, "geometry": {"type": "MultiPoint", "coordinates": [[23.327082851, 42.677667741]]}}, {"type": "Feature", "properties": {"id": 29603, "objectid": 40308.0, "park_txt": "Надлъжн", "zona": "Зелена зона", "mestopoloz": "ул. Милин камък", "georef_201": "2017", "vid_txt_20": "Зона", "zabelezhka": null, "obekt": null, "dogovor_sr": null, "dogovor_nu": null, "type": null, "bezplatni_": null, "podzona_nu": "-", "sf_rayon": "-"}, "geometry": {"type": "MultiPoint", "coordinates": [[23.327097971, 42.677720567]]}}, {"type": "Feature", "properties": {"id": 29604, "objectid": 40309.0, "park_txt": "Надлъжн", "zona": "Зелена зона", "mestopoloz": "ул. Милин камък", "georef_201": "2017", "vid_txt_20": "Зона", "zabelezhka": null, "obekt": null, "dogovor_sr": null, "dogovor_nu": null, "type": null, "bezplatni_": null, "podzona_nu": "-", "sf_rayon": "-"}, "geometry": {"type": "MultiPoint", "coordinates": [[23.327115078, 42.677778188]]}}, {"type": "Feature", "properties": {"id": 29605, "objectid": 40310.0, "park_txt": "Надлъжн", "zona": "Зелена зона", "mestopoloz": "ул. Милин камък", "georef_201": "2017", "vid_txt_20": "Зона", "zabelezhka": null, "obekt": null, "dogovor_sr": null, "dogovor_nu": null, "type": null, "bezplatni_": null, "podzona_nu": "-", "sf_rayon": "-"}, "geometry": {"type": "MultiPoint", "coordinates": [[23.327130198, 42.677831014]]}}, {"type": "Feature", "properties": {"id": 29606, "objectid": 40311.0, "park_txt": "Надлъжн", "zona": "Зелена зона", "mestopoloz": "ул. Милин камък", "georef_201": "2017", "vid_txt_20": "Зона", "zabelezhka": null, "obekt": null, "dogovor_sr": null, "dogovor_nu": null, "type": null, "bezplatni_": null, "podzona_nu": "-", "sf_rayon": "-"}, "geometry": {"type": "MultiPoint", "coordinates": [[23.327145863, 42.677885916]]}}, {"type": "Feature", "properties": {"id": 29607, "objectid": 40312.0, "park_txt": "Надлъжн", "zona": "Зелена зона", "mestopoloz": "ул. Милин камък", "georef_201": "2017", "vid_txt_20": "Зона", "zabelezhka": null, "obekt": null, "dogovor_sr": null, "dogovor_nu": null, "type": null, "bezplatni_": null, "podzona_nu": "-", "sf_rayon": "-"}, "geometry": {"type": "MultiPoint", "coordinates": [[23.327160982, 42.677938742]]}}, {"type": "Feature", "properties": {"id": 29608, "objectid": 40313.0, "park_txt": "Надлъжн", "zona": "Зелена зона", "mestopoloz": "ул. Св. Теодосий Търновски", "georef_201": "2017", "vid_txt_20": "Зона", "zabelezhka": null, "obekt": null, "dogovor_sr": null, "dogovor_nu": null, "type": null, "bezplatni_": null, "podzona_nu": "-", "sf_rayon": "-"}, "geometry": {"type": "MultiPoint", "coordinates": [[23.325377064, 42.673706665]]}}, {"type": "Feature", "properties": {"id": 29609, "objectid": 40314.0, "park_txt": "Надлъжн", "zona": "Зелена зона", "mestopoloz": "ул. Св. Теодосий Търновски", "georef_201": "2017", "vid_txt_20": "Зона", "zabelezhka": null, "obekt": null, "dogovor_sr": null, "dogovor_nu": null, "type": null, "bezplatni_": null, "podzona_nu": "-", "sf_rayon": "-"}, "geometry": {"type": "MultiPoint", "coordinates": [[23.325356461, 42.673758259]]}}, {"type": "Feature", "properties": {"id": 29610, "objectid": 40315.0, "park_txt": "Надлъжн", "zona": "Зелена зона", "mestopoloz": "ул. Св. Теодосий Търновски", "georef_201": "2017", "vid_txt_20": "Зона", "zabelezhka": null, "obekt": null, "dogovor_sr": null, "dogovor_nu": null, "type": null, "bezplatni_": null, "podzona_nu": "-", "sf_rayon": "-"}, "geometry": {"type": "MultiPoint", "coordinates": [[23.325344754, 42.673809288]]}}, {"type": "Feature", "properties": {"id": 29611, "objectid": 40316.0, "park_txt": "Надлъжн", "zona": "Зелена зона", "mestopoloz": "ул. Св. Теодосий Търновски", "georef_201": "2017", "vid_txt_20": "Зона", "zabelezhka": null, "obekt": null, "dogovor_sr": null, "dogovor_nu": null, "type": null, "bezplatni_": null, "podzona_nu": "-", "sf_rayon": "-"}, "geometry": {"type": "MultiPoint", "coordinates": [[23.325334257, 42.673862556]]}}, {"type": "Feature", "properties": {"id": 29612, "objectid": 40317.0, "park_txt": "Надлъжн", "zona": "Зелена зона", "mestopoloz": "ул. Св. Теодосий Търновски", "georef_201": "2017", "vid_txt_20": "Зона", "zabelezhka": null, "obekt": null, "dogovor_sr": null, "dogovor_nu": null, "type": null, "bezplatni_": null, "podzona_nu": "-", "sf_rayon": "-"}, "geometry": {"type": "MultiPoint", "coordinates": [[23.325324239, 42.673915897]]}}, {"type": "Feature", "properties": {"id": 29613, "objectid": 40318.0, "park_txt": "Надлъжн", "zona": "Зелена зона", "mestopoloz": "ул. Св. Теодосий Търновски", "georef_201": "2017", "vid_txt_20": "Зона", "zabelezhka": null, "obekt": null, "dogovor_sr": null, "dogovor_nu": null, "type": null, "bezplatni_": null, "podzona_nu": "-", "sf_rayon": "-"}, "geometry": {"type": "MultiPoint", "coordinates": [[23.325315279, 42.673969286]]}}, {"type": "Feature", "properties": {"id": 29614, "objectid": 40319.0, "park_txt": "Надлъжн", "zona": "Зелена зона", "mestopoloz": "ул. Св. Теодосий Търновски", "georef_201": "2017", "vid_txt_20": "Зона", "zabelezhka": null, "obekt": null, "dogovor_sr": null, "dogovor_nu": null, "type": null, "bezplatni_": null, "podzona_nu": "-", "sf_rayon": "-"}, "geometry": {"type": "MultiPoint", "coordinates": [[23.325306849, 42.674020808]]}}, {"type": "Feature", "properties": {"id": 29615, "objectid": 40320.0, "park_txt": "Надлъжн", "zona": "Зелена зона", "mestopoloz": "ул. Св. Теодосий Търновски", "georef_201": "2017", "vid_txt_20": "Зона", "zabelezhka": null, "obekt": null, "dogovor_sr": null, "dogovor_nu": null, "type": null, "bezplatni_": null, "podzona_nu": "-", "sf_rayon": "-"}, "geometry": {"type": "MultiPoint", "coordinates": [[23.325299382, 42.674073165]]}}, {"type": "Feature", "properties": {"id": 29616, "objectid": 40321.0, "park_txt": "Надлъжн", "zona": "Зелена зона", "mestopoloz": "ул. Св. Теодосий Търновски", "georef_201": "2017", "vid_txt_20": "Зона", "zabelezhka": null, "obekt": null, "dogovor_sr": null, "dogovor_nu": null, "type": null, "bezplatni_": null, "podzona_nu": "-", "sf_rayon": "-"}, "geometry": {"type": "MultiPoint", "coordinates": [[23.325291613, 42.674127643]]}}, {"type": "Feature", "properties": {"id": 29617, "objectid": 40322.0, "park_txt": "Надлъжн", "zona": "Зелена зона", "mestopoloz": "ул. Св. Теодосий Търновски", "georef_201": "2017", "vid_txt_20": "Зона", "zabelezhka": null, "obekt": null, "dogovor_sr": null, "dogovor_nu": null, "type": null, "bezplatni_": null, "podzona_nu": "-", "sf_rayon": "-"}, "geometry": {"type": "MultiPoint", "coordinates": [[23.325275243, 42.674248011]]}}, {"type": "Feature", "properties": {"id": 29618, "objectid": 40323.0, "park_txt": "Надлъжн", "zona": "Зелена зона", "mestopoloz": "ул. Св. Теодосий Търновски", "georef_201": "2017", "vid_txt_20": "Зона", "zabelezhka": null, "obekt": null, "dogovor_sr": null, "dogovor_nu": null, "type": null, "bezplatni_": null, "podzona_nu": "-", "sf_rayon": "-"}, "geometry": {"type": "MultiPoint", "coordinates": [[23.325266283, 42.6743014]]}}, {"type": "Feature", "properties": {"id": 29619, "objectid": 40324.0, "park_txt": "Надлъжн", "zona": "Зелена зона", "mestopoloz": "ул. Св. Теодосий Търновски", "georef_201": "2017", "vid_txt_20": "Зона", "zabelezhka": null, "obekt": null, "dogovor_sr": null, "dogovor_nu": null, "type": null, "bezplatni_": null, "podzona_nu": "-", "sf_rayon": "-"}, "geometry": {"type": "MultiPoint", "coordinates": [[23.325257853, 42.674352923]]}}, {"type": "Feature", "properties": {"id": 29620, "objectid": 40325.0, "park_txt": "Надлъжн", "zona": "Зелена зона", "mestopoloz": "ул. Св. Теодосий Търновски", "georef_201": "2017", "vid_txt_20": "Зона", "zabelezhka": null, "obekt": null, "dogovor_sr": null, "dogovor_nu": null, "type": null, "bezplatni_": null, "podzona_nu": "-", "sf_rayon": "-"}, "geometry": {"type": "MultiPoint", "coordinates": [[23.325250386, 42.67440528]]}}, {"type": "Feature", "properties": {"id": 29621, "objectid": 40326.0, "park_txt": "Надлъжн", "zona": "Зелена зона", "mestopoloz": "ул. Св. Теодосий Търновски", "georef_201": "2017", "vid_txt_20": "Зона", "zabelezhka": null, "obekt": null, "dogovor_sr": null, "dogovor_nu": null, "type": null, "bezplatni_": null, "podzona_nu": "-", "sf_rayon": "-"}, "geometry": {"type": "MultiPoint", "coordinates": [[23.325236314, 42.674507244]]}}, {"type": "Feature", "properties": {"id": 29622, "objectid": 40327.0, "park_txt": "Надлъжн", "zona": "Зелена зона", "mestopoloz": "ул. Св. Теодосий Търновски", "georef_201": "2017", "vid_txt_20": "Зона", "zabelezhka": null, "obekt": null, "dogovor_sr": null, "dogovor_nu": null, "type": null, "bezplatni_": null, "podzona_nu": "-", "sf_rayon": "-"}, "geometry": {"type": "MultiPoint", "coordinates": [[23.325216418, 42.674699578]]}}, {"type": "Feature", "properties": {"id": 29623, "objectid": 40328.0, "park_txt": "Надлъжн", "zona": "Зелена зона", "mestopoloz": "ул. Св. Теодосий Търновски", "georef_201": "2017", "vid_txt_20": "Зона", "zabelezhka": null, "obekt": null, "dogovor_sr": null, "dogovor_nu": null, "type": null, "bezplatni_": null, "podzona_nu": "-", "sf_rayon": "-"}, "geometry": {"type": "MultiPoint", "coordinates": [[23.325211821, 42.674754937]]}}, {"type": "Feature", "properties": {"id": 29624, "objectid": 40329.0, "park_txt": "Надлъжн", "zona": "Зелена зона", "mestopoloz": "ул. Св. Теодосий Търновски", "georef_201": "2017", "vid_txt_20": "Зона", "zabelezhka": null, "obekt": null, "dogovor_sr": null, "dogovor_nu": null, "type": null, "bezplatni_": null, "podzona_nu": "-", "sf_rayon": "-"}, "geometry": {"type": "MultiPoint", "coordinates": [[23.325207464, 42.674807393]]}}, {"type": "Feature", "properties": {"id": 29625, "objectid": 40330.0, "park_txt": "Надлъжн", "zona": "Зелена зона", "mestopoloz": "ул. Св. Теодосий Търновски", "georef_201": "2017", "vid_txt_20": "Зона", "zabelezhka": null, "obekt": null, "dogovor_sr": null, "dogovor_nu": null, "type": null, "bezplatni_": null, "podzona_nu": "-", "sf_rayon": "-"}, "geometry": {"type": "MultiPoint", "coordinates": [[23.325203204, 42.674858716]]}}, {"type": "Feature", "properties": {"id": 29626, "objectid": 40331.0, "park_txt": "Надлъжн", "zona": "Зелена зона", "mestopoloz": "ул. Св. Теодосий Търновски", "georef_201": "2017", "vid_txt_20": "Зона", "zabelezhka": null, "obekt": null, "dogovor_sr": null, "dogovor_nu": null, "type": null, "bezplatni_": null, "podzona_nu": "-", "sf_rayon": "-"}, "geometry": {"type": "MultiPoint", "coordinates": [[23.325199119, 42.674907908]]}}, {"type": "Feature", "properties": {"id": 29627, "objectid": 40332.0, "park_txt": "Надлъжн", "zona": "Зелена зона", "mestopoloz": "ул. Св. Теодосий Търновски", "georef_201": "2017", "vid_txt_20": "Зона", "zabelezhka": null, "obekt": null, "dogovor_sr": null, "dogovor_nu": null, "type": null, "bezplatni_": null, "podzona_nu": "-", "sf_rayon": "-"}, "geometry": {"type": "MultiPoint", "coordinates": [[23.325194317, 42.67495952]]}}, {"type": "Feature", "properties": {"id": 29628, "objectid": 40333.0, "park_txt": "Надлъжн", "zona": "Зелена зона", "mestopoloz": "ул. Св. Теодосий Търновски", "georef_201": "2017", "vid_txt_20": "Зона", "zabelezhka": null, "obekt": null, "dogovor_sr": null, "dogovor_nu": null, "type": null, "bezplatni_": null, "podzona_nu": "-", "sf_rayon": "-"}, "geometry": {"type": "MultiPoint", "coordinates": [[23.325190617, 42.675012376]]}}, {"type": "Feature", "properties": {"id": 29629, "objectid": 40334.0, "park_txt": "Надлъжн", "zona": "Зелена зона", "mestopoloz": "ул. Св. Теодосий Търновски", "georef_201": "2017", "vid_txt_20": "Зона", "zabelezhka": null, "obekt": null, "dogovor_sr": null, "dogovor_nu": null, "type": null, "bezplatni_": null, "podzona_nu": "-", "sf_rayon": "-"}, "geometry": {"type": "MultiPoint", "coordinates": [[23.325184881, 42.675143495]]}}, {"type": "Feature", "properties": {"id": 29630, "objectid": 40335.0, "park_txt": "Надлъжн", "zona": "Зелена зона", "mestopoloz": "ул. Св. Теодосий Търновски", "georef_201": "2017", "vid_txt_20": "Зона", "zabelezhka": null, "obekt": null, "dogovor_sr": null, "dogovor_nu": null, "type": null, "bezplatni_": null, "podzona_nu": "-", "sf_rayon": "-"}, "geometry": {"type": "MultiPoint", "coordinates": [[23.325186188, 42.675196222]]}}, {"type": "Feature", "properties": {"id": 29631, "objectid": 40336.0, "park_txt": "Надлъжн", "zona": "Зелена зона", "mestopoloz": "ул. Св. Теодосий Търновски", "georef_201": "2017", "vid_txt_20": "Зона", "zabelezhka": null, "obekt": null, "dogovor_sr": null, "dogovor_nu": null, "type": null, "bezplatni_": null, "podzona_nu": "-", "sf_rayon": "-"}, "geometry": {"type": "MultiPoint", "coordinates": [[23.3252334, 42.676185093]]}}, {"type": "Feature", "properties": {"id": 29632, "objectid": 40337.0, "park_txt": "Надлъжн", "zona": "Зелена зона", "mestopoloz": "ул. Св. Теодосий Търновски", "georef_201": "2017", "vid_txt_20": "Зона", "zabelezhka": null, "obekt": null, "dogovor_sr": null, "dogovor_nu": null, "type": null, "bezplatni_": null, "podzona_nu": "-", "sf_rayon": "-"}, "geometry": {"type": "MultiPoint", "coordinates": [[23.32523748, 42.676240544]]}}, {"type": "Feature", "properties": {"id": 29633, "objectid": 40338.0, "park_txt": "Надлъжн", "zona": "Зелена зона", "mestopoloz": "ул. Св. Теодосий Търновски", "georef_201": "2017", "vid_txt_20": "Зона", "zabelezhka": null, "obekt": null, "dogovor_sr": null, "dogovor_nu": null, "type": null, "bezplatni_": null, "podzona_nu": "-", "sf_rayon": "-"}, "geometry": {"type": "MultiPoint", "coordinates": [[23.325237259, 42.6762933]]}}, {"type": "Feature", "properties": {"id": 29634, "objectid": 40339.0, "park_txt": "Надлъжн", "zona": "Зелена зона", "mestopoloz": "ул. Св. Теодосий Търновски", "georef_201": "2017", "vid_txt_20": "Зона", "zabelezhka": null, "obekt": null, "dogovor_sr": null, "dogovor_nu": null, "type": null, "bezplatni_": null, "podzona_nu": "-", "sf_rayon": "-"}, "geometry": {"type": "MultiPoint", "coordinates": [[23.325230993, 42.67634397]]}}, {"type": "Feature", "properties": {"id": 29635, "objectid": 40340.0, "park_txt": "Надлъжн", "zona": "Зелена зона", "mestopoloz": "ул. Св. Теодосий Търновски", "georef_201": "2017", "vid_txt_20": "Зона", "zabelezhka": null, "obekt": null, "dogovor_sr": null, "dogovor_nu": null, "type": null, "bezplatni_": null, "podzona_nu": "-", "sf_rayon": "-"}, "geometry": {"type": "MultiPoint", "coordinates": [[23.325224849, 42.676393278]]}}, {"type": "Feature", "properties": {"id": 29636, "objectid": 40341.0, "park_txt": "Надлъжн", "zona": "Зелена зона", "mestopoloz": "ул. Св. Теодосий Търновски", "georef_201": "2017", "vid_txt_20": "Зона", "zabelezhka": null, "obekt": null, "dogovor_sr": null, "dogovor_nu": null, "type": null, "bezplatni_": null, "podzona_nu": "-", "sf_rayon": "-"}, "geometry": {"type": "MultiPoint", "coordinates": [[23.325218466, 42.676444692]]}}, {"type": "Feature", "properties": {"id": 29637, "objectid": 40342.0, "park_txt": "Надлъжн", "zona": "Зелена зона", "mestopoloz": "ул. Св. Теодосий Търновски", "georef_201": "2017", "vid_txt_20": "Зона", "zabelezhka": null, "obekt": null, "dogovor_sr": null, "dogovor_nu": null, "type": null, "bezplatni_": null, "podzona_nu": "-", "sf_rayon": "-"}, "geometry": {"type": "MultiPoint", "coordinates": [[23.325211863, 42.676497889]]}}, {"type": "Feature", "properties": {"id": 29638, "objectid": 40343.0, "park_txt": "Надлъжн", "zona": "Зелена зона", "mestopoloz": "ул. Св. Теодосий Търновски", "georef_201": "2017", "vid_txt_20": "Зона", "zabelezhka": null, "obekt": null, "dogovor_sr": null, "dogovor_nu": null, "type": null, "bezplatni_": null, "podzona_nu": "-", "sf_rayon": "-"}, "geometry": {"type": "MultiPoint", "coordinates": [[23.325192151, 42.676694778]]}}, {"type": "Feature", "properties": {"id": 29639, "objectid": 40344.0, "park_txt": "Надлъжн", "zona": "Зелена зона", "mestopoloz": "ул. Св. Теодосий Търновски", "georef_201": "2017", "vid_txt_20": "Зона", "zabelezhka": null, "obekt": null, "dogovor_sr": null, "dogovor_nu": null, "type": null, "bezplatni_": null, "podzona_nu": "-", "sf_rayon": "-"}, "geometry": {"type": "MultiPoint", "coordinates": [[23.325186007, 42.676744086]]}}, {"type": "Feature", "properties": {"id": 29640, "objectid": 40345.0, "park_txt": "Надлъжн", "zona": "Зелена зона", "mestopoloz": "ул. Св. Теодосий Търновски", "georef_201": "2017", "vid_txt_20": "Зона", "zabelezhka": null, "obekt": null, "dogovor_sr": null, "dogovor_nu": null, "type": null, "bezplatni_": null, "podzona_nu": "-", "sf_rayon": "-"}, "geometry": {"type": "MultiPoint", "coordinates": [[23.325147528, 42.677087915]]}}, {"type": "Feature", "properties": {"id": 29641, "objectid": 40346.0, "park_txt": "Надлъжн", "zona": "Зелена зона", "mestopoloz": "ул. Св. Теодосий Търновски", "georef_201": "2017", "vid_txt_20": "Зона", "zabelezhka": null, "obekt": null, "dogovor_sr": null, "dogovor_nu": null, "type": null, "bezplatni_": null, "podzona_nu": "-", "sf_rayon": "-"}, "geometry": {"type": "MultiPoint", "coordinates": [[23.325140925, 42.677141112]]}}, {"type": "Feature", "properties": {"id": 29642, "objectid": 40347.0, "park_txt": "Надлъжн", "zona": "Зелена зона", "mestopoloz": "ул. Св. Теодосий Търновски", "georef_201": "2017", "vid_txt_20": "Зона", "zabelezhka": null, "obekt": null, "dogovor_sr": null, "dogovor_nu": null, "type": null, "bezplatni_": null, "podzona_nu": "-", "sf_rayon": "-"}, "geometry": {"type": "MultiPoint", "coordinates": [[23.325163451, 42.676949297]]}}, {"type": "Feature", "properties": {"id": 29643, "objectid": 40348.0, "park_txt": "Надлъжн", "zona": "Зелена зона", "mestopoloz": "ул. Св. Теодосий Търновски", "georef_201": "2017", "vid_txt_20": "Зона", "zabelezhka": null, "obekt": null, "dogovor_sr": null, "dogovor_nu": null, "type": null, "bezplatni_": null, "podzona_nu": "-", "sf_rayon": "-"}, "geometry": {"type": "MultiPoint", "coordinates": [[23.325157307, 42.676998605]]}}, {"type": "Feature", "properties": {"id": 29644, "objectid": 40349.0, "park_txt": "Надлъжн", "zona": "Зелена зона", "mestopoloz": "ул. Св. Теодосий Търновски", "georef_201": "2017", "vid_txt_20": "Зона", "zabelezhka": null, "obekt": null, "dogovor_sr": null, "dogovor_nu": null, "type": null, "bezplatni_": null, "podzona_nu": "-", "sf_rayon": "-"}, "geometry": {"type": "MultiPoint", "coordinates": [[23.32508144, 42.678020136]]}}, {"type": "Feature", "properties": {"id": 29645, "objectid": 40350.0, "park_txt": "Надлъжн", "zona": "Зелена зона", "mestopoloz": "ул. Св. Теодосий Търновски", "georef_201": "2017", "vid_txt_20": "Зона", "zabelezhka": null, "obekt": null, "dogovor_sr": null, "dogovor_nu": null, "type": null, "bezplatni_": null, "podzona_nu": "-", "sf_rayon": "-"}, "geometry": {"type": "MultiPoint", "coordinates": [[23.325078409, 42.678074596]]}}, {"type": "Feature", "properties": {"id": 29646, "objectid": 40351.0, "park_txt": "Надлъжн", "zona": "Зелена зона", "mestopoloz": "ул. Св. Теодосий Търновски", "georef_201": "2017", "vid_txt_20": "Зона", "zabelezhka": null, "obekt": null, "dogovor_sr": null, "dogovor_nu": null, "type": null, "bezplatni_": null, "podzona_nu": "-", "sf_rayon": "-"}, "geometry": {"type": "MultiPoint", "coordinates": [[23.325087318, 42.677914549]]}}, {"type": "Feature", "properties": {"id": 29647, "objectid": 40352.0, "park_txt": "Надлъжн", "zona": "Зелена зона", "mestopoloz": "ул. Св. Теодосий Търновски", "georef_201": "2017", "vid_txt_20": "Зона", "zabelezhka": null, "obekt": null, "dogovor_sr": null, "dogovor_nu": null, "type": null, "bezplatni_": null, "podzona_nu": "-", "sf_rayon": "-"}, "geometry": {"type": "MultiPoint", "coordinates": [[23.325084287, 42.677969009]]}}, {"type": "Feature", "properties": {"id": 29648, "objectid": 40353.0, "park_txt": "Надлъжн", "zona": "Зелена зона", "mestopoloz": "ул. Св. Теодосий Търновски", "georef_201": "2017", "vid_txt_20": "Зона", "zabelezhka": null, "obekt": null, "dogovor_sr": null, "dogovor_nu": null, "type": null, "bezplatni_": null, "podzona_nu": "-", "sf_rayon": "-"}, "geometry": {"type": "MultiPoint", "coordinates": [[23.325093131, 42.677810107]]}}, {"type": "Feature", "properties": {"id": 29649, "objectid": 40354.0, "park_txt": "Надлъжн", "zona": "Зелена зона", "mestopoloz": "ул. Св. Теодосий Търновски", "georef_201": "2017", "vid_txt_20": "Зона", "zabelezhka": null, "obekt": null, "dogovor_sr": null, "dogovor_nu": null, "type": null, "bezplatni_": null, "podzona_nu": "-", "sf_rayon": "-"}, "geometry": {"type": "MultiPoint", "coordinates": [[23.325090101, 42.677864568]]}}, {"type": "Feature", "properties": {"id": 29650, "objectid": 40355.0, "park_txt": "Надлъжн", "zona": "Зелена зона", "mestopoloz": "ул. Св. Теодосий Търновски", "georef_201": "2017", "vid_txt_20": "Зона", "zabelezhka": null, "obekt": null, "dogovor_sr": null, "dogovor_nu": null, "type": null, "bezplatni_": null, "podzona_nu": "-", "sf_rayon": "-"}, "geometry": {"type": "MultiPoint", "coordinates": [[23.325099009, 42.677704521]]}}, {"type": "Feature", "properties": {"id": 29651, "objectid": 40356.0, "park_txt": "Надлъжн", "zona": "Зелена зона", "mestopoloz": "ул. Св. Теодосий Търновски", "georef_201": "2017", "vid_txt_20": "Зона", "zabelezhka": null, "obekt": null, "dogovor_sr": null, "dogovor_nu": null, "type": null, "bezplatni_": null, "podzona_nu": "-", "sf_rayon": "-"}, "geometry": {"type": "MultiPoint", "coordinates": [[23.325095979, 42.677758981]]}}, {"type": "Feature", "properties": {"id": 29652, "objectid": 40357.0, "park_txt": "Надлъжн", "zona": "Зелена зона", "mestopoloz": "ул. Св. Теодосий Търновски", "georef_201": "2017", "vid_txt_20": "Зона", "zabelezhka": null, "obekt": null, "dogovor_sr": null, "dogovor_nu": null, "type": null, "bezplatni_": null, "podzona_nu": "-", "sf_rayon": "-"}, "geometry": {"type": "MultiPoint", "coordinates": [[23.32510673, 42.677599389]]}}, {"type": "Feature", "properties": {"id": 29653, "objectid": 40358.0, "park_txt": "Надлъжн", "zona": "Зелена зона", "mestopoloz": "ул. Св. Теодосий Търновски", "georef_201": "2017", "vid_txt_20": "Зона", "zabelezhka": null, "obekt": null, "dogovor_sr": null, "dogovor_nu": null, "type": null, "bezplatni_": null, "podzona_nu": "-", "sf_rayon": "-"}, "geometry": {"type": "MultiPoint", "coordinates": [[23.3251037, 42.67765385]]}}, {"type": "Feature", "properties": {"id": 29654, "objectid": 40359.0, "park_txt": "Надлъжн", "zona": "Зелена зона", "mestopoloz": "ул. Св. Теодосий Търновски", "georef_201": "2017", "vid_txt_20": "Зона", "zabelezhka": null, "obekt": null, "dogovor_sr": null, "dogovor_nu": null, "type": null, "bezplatni_": null, "podzona_nu": "-", "sf_rayon": "-"}, "geometry": {"type": "MultiPoint", "coordinates": [[23.325112608, 42.677493803]]}}, {"type": "Feature", "properties": {"id": 29655, "objectid": 40360.0, "park_txt": "Надлъжн", "zona": "Зелена зона", "mestopoloz": "ул. Св. Теодосий Търновски", "georef_201": "2017", "vid_txt_20": "Зона", "zabelezhka": null, "obekt": null, "dogovor_sr": null, "dogovor_nu": null, "type": null, "bezplatni_": null, "podzona_nu": "-", "sf_rayon": "-"}, "geometry": {"type": "MultiPoint", "coordinates": [[23.325109578, 42.677548263]]}}, {"type": "Feature", "properties": {"id": 29959, "objectid": 40819.0, "park_txt": "Надлъжн", "zona": "Зелена зона", "mestopoloz": "ул. Златовръх 51 вх.В ет.2 ап.45", "georef_201": "2018", "vid_txt_20": "ПИМ", "zabelezhka": "-", "obekt": "-", "dogovor_sr": "-", "dogovor_nu": "-", "type": "-", "bezplatni_": "-", "podzona_nu": "-", "sf_rayon": "-"}, "geometry": {"type": "MultiPoint", "coordinates": [[23.332677606, 42.670945232]]}}, {"type": "Feature", "properties": {"id": 30665, "objectid": 42045.0, "park_txt": "Напречн", "zona": "Зелена зона", "mestopoloz": "ул. Йосиф Петров", "georef_201": "2017", "vid_txt_20": "Инвалид", "zabelezhka": "-", "obekt": "-", "dogovor_sr": "-", "dogovor_nu": "-", "type": "-", "bezplatni_": "-", "podzona_nu": "-", "sf_rayon": "-"}, "geometry": {"type": "MultiPoint", "coordinates": [[23.335957004, 42.676536379]]}}, {"type": "Feature", "properties": {"id": 30666, "objectid": 42046.0, "park_txt": "Напречн", "zona": "Зелена зона", "mestopoloz": "ул. Йосиф Петров", "georef_201": "2017", "vid_txt_20": "Инвалид", "zabelezhka": "-", "obekt": "-", "dogovor_sr": "-", "dogovor_nu": "-", "type": "-", "bezplatni_": "-", "podzona_nu": "-", "sf_rayon": "-"}, "geometry": {"type": "MultiPoint", "coordinates": [[23.335913178, 42.676533494]]}}, {"type": "Feature", "properties": {"id": 30667, "objectid": 42047.0, "park_txt": "Напречн", "zona": "Зелена зона", "mestopoloz": "ул. Йосиф Петров", "georef_201": "2017", "vid_txt_20": "Зона", "zabelezhka": null, "obekt": null, "dogovor_sr": null, "dogovor_nu": null, "type": null, "bezplatni_": null, "podzona_nu": "Подзона 24", "sf_rayon": "Лозенец"}, "geometry": {"type": "MultiPoint", "coordinates": [[23.335867521, 42.676531082]]}}, {"type": "Feature", "properties": {"id": 30668, "objectid": 42048.0, "park_txt": "Напречн", "zona": "Зелена зона", "mestopoloz": "ул. Йосиф Петров", "georef_201": "2017", "vid_txt_20": "Зона", "zabelezhka": null, "obekt": null, "dogovor_sr": null, "dogovor_nu": null, "type": null, "bezplatni_": null, "podzona_nu": "Подзона 24", "sf_rayon": "Лозенец"}, "geometry": {"type": "MultiPoint", "coordinates": [[23.335838116, 42.676529146]]}}, {"type": "Feature", "properties": {"id": 30669, "objectid": 42049.0, "park_txt": "Напречн", "zona": "Зелена зона", "mestopoloz": "ул. Йосиф Петров", "georef_201": "2017", "vid_txt_20": "Зона", "zabelezhka": null, "obekt": null, "dogovor_sr": null, "dogovor_nu": null, "type": null, "bezplatni_": null, "podzona_nu": "Подзона 24", "sf_rayon": "Лозенец"}, "geometry": {"type": "MultiPoint", "coordinates": [[23.335808109, 42.676527172]]}}, {"type": "Feature", "properties": {"id": 30670, "objectid": 42050.0, "park_txt": "Напречн", "zona": "Зелена зона", "mestopoloz": "ул. Йосиф Петров", "georef_201": "2017", "vid_txt_20": "Зона", "zabelezhka": null, "obekt": null, "dogovor_sr": null, "dogovor_nu": null, "type": null, "bezplatni_": null, "podzona_nu": "Подзона 24", "sf_rayon": "Лозенец"}, "geometry": {"type": "MultiPoint", "coordinates": [[23.335779023, 42.676525323]]}}, {"type": "Feature", "properties": {"id": 30671, "objectid": 42051.0, "park_txt": "Напречн", "zona": "Зелена зона", "mestopoloz": "ул. Йосиф Петров", "georef_201": "2017", "vid_txt_20": "Зона", "zabelezhka": null, "obekt": null, "dogovor_sr": null, "dogovor_nu": null, "type": null, "bezplatni_": null, "podzona_nu": "Подзона 24", "sf_rayon": "Лозенец"}, "geometry": {"type": "MultiPoint", "coordinates": [[23.335752771, 42.67652368]]}}, {"type": "Feature", "properties": {"id": 30672, "objectid": 42052.0, "park_txt": "Напречн", "zona": "Зелена зона", "mestopoloz": "ул. Йосиф Петров", "georef_201": "2017", "vid_txt_20": "Зона", "zabelezhka": null, "obekt": null, "dogovor_sr": null, "dogovor_nu": null, "type": null, "bezplatni_": null, "podzona_nu": "Подзона 24", "sf_rayon": "Лозенец"}, "geometry": {"type": "MultiPoint", "coordinates": [[23.335724276, 42.676521897]]}}, {"type": "Feature", "properties": {"id": 30673, "objectid": 42053.0, "park_txt": "Напречн", "zona": "Зелена зона", "mestopoloz": "ул. Йосиф Петров", "georef_201": "2017", "vid_txt_20": "Зона", "zabelezhka": null, "obekt": null, "dogovor_sr": null, "dogovor_nu": null, "type": null, "bezplatni_": null, "podzona_nu": "Подзона 24", "sf_rayon": "Лозенец"}, "geometry": {"type": "MultiPoint", "coordinates": [[23.335698619, 42.676520292]]}}, {"type": "Feature", "properties": {"id": 30674, "objectid": 42054.0, "park_txt": "Напречн", "zona": "Зелена зона", "mestopoloz": "ул. Йосиф Петров", "georef_201": "2017", "vid_txt_20": "Зона", "zabelezhka": null, "obekt": null, "dogovor_sr": null, "dogovor_nu": null, "type": null, "bezplatni_": null, "podzona_nu": "Подзона 24", "sf_rayon": "Лозенец"}, "geometry": {"type": "MultiPoint", "coordinates": [[23.335649956, 42.676517246]]}}, {"type": "Feature", "properties": {"id": 30675, "objectid": 42055.0, "park_txt": "Напречн", "zona": "Зелена зона", "mestopoloz": "ул. Йосиф Петров", "georef_201": "2017", "vid_txt_20": "Зона", "zabelezhka": null, "obekt": null, "dogovor_sr": null, "dogovor_nu": null, "type": null, "bezplatni_": null, "podzona_nu": "Подзона 24", "sf_rayon": "Лозенец"}, "geometry": {"type": "MultiPoint", "coordinates": [[23.335621922, 42.676515492]]}}, {"type": "Feature", "properties": {"id": 30676, "objectid": 42056.0, "park_txt": "Напречн", "zona": "Зелена зона", "mestopoloz": "ул. Йосиф Петров", "georef_201": "2017", "vid_txt_20": "Зона", "zabelezhka": null, "obekt": null, "dogovor_sr": null, "dogovor_nu": null, "type": null, "bezplatni_": null, "podzona_nu": "Подзона 24", "sf_rayon": "Лозенец"}, "geometry": {"type": "MultiPoint", "coordinates": [[23.335595237, 42.676513822]]}}, {"type": "Feature", "properties": {"id": 30677, "objectid": 42057.0, "park_txt": "Напречн", "zona": "Зелена зона", "mestopoloz": "ул. Йосиф Петров", "georef_201": "2017", "vid_txt_20": "Зона", "zabelezhka": null, "obekt": null, "dogovor_sr": null, "dogovor_nu": null, "type": null, "bezplatni_": null, "podzona_nu": "Подзона 24", "sf_rayon": "Лозенец"}, "geometry": {"type": "MultiPoint", "coordinates": [[23.335542855, 42.676510544]]}}, {"type": "Feature", "properties": {"id": 30678, "objectid": 42058.0, "park_txt": "Напречн", "zona": "Зелена зона", "mestopoloz": "ул. Йосиф Петров", "georef_201": "2017", "vid_txt_20": "Зона", "zabelezhka": null, "obekt": null, "dogovor_sr": null, "dogovor_nu": null, "type": null, "bezplatni_": null, "podzona_nu": "Подзона 24", "sf_rayon": "Лозенец"}, "geometry": {"type": "MultiPoint", "coordinates": [[23.335515115, 42.676508808]]}}, {"type": "Feature", "properties": {"id": 30679, "objectid": 42059.0, "park_txt": "Напречн", "zona": "Зелена зона", "mestopoloz": "ул. Йосиф Петров", "georef_201": "2017", "vid_txt_20": "Зона", "zabelezhka": null, "obekt": null, "dogovor_sr": null, "dogovor_nu": null, "type": null, "bezplatni_": null, "podzona_nu": "Подзона 24", "sf_rayon": "Лозенец"}, "geometry": {"type": "MultiPoint", "coordinates": [[23.335485794, 42.676506973]]}}, {"type": "Feature", "properties": {"id": 30680, "objectid": 42060.0, "park_txt": "Напречн", "zona": "Зелена зона", "mestopoloz": "ул. Йосиф Петров", "georef_201": "2017", "vid_txt_20": "Зона", "zabelezhka": null, "obekt": null, "dogovor_sr": null, "dogovor_nu": null, "type": null, "bezplatni_": null, "podzona_nu": "Подзона 24", "sf_rayon": "Лозенец"}, "geometry": {"type": "MultiPoint", "coordinates": [[23.335456396, 42.676505134]]}}, {"type": "Feature", "properties": {"id": 30681, "objectid": 42061.0, "park_txt": "Напречн", "zona": "Зелена зона", "mestopoloz": "ул. Йосиф Петров", "georef_201": "2017", "vid_txt_20": "Зона", "zabelezhka": null, "obekt": null, "dogovor_sr": null, "dogovor_nu": null, "type": null, "bezplatni_": null, "podzona_nu": "Подзона 24", "sf_rayon": "Лозенец"}, "geometry": {"type": "MultiPoint", "coordinates": [[23.335367433, 42.676499567]]}}, {"type": "Feature", "properties": {"id": 30682, "objectid": 42062.0, "park_txt": "Напречн", "zona": "Зелена зона", "mestopoloz": "ул. Йосиф Петров", "georef_201": "2017", "vid_txt_20": "Зона", "zabelezhka": null, "obekt": null, "dogovor_sr": null, "dogovor_nu": null, "type": null, "bezplatni_": null, "podzona_nu": "Подзона 24", "sf_rayon": "Лозенец"}, "geometry": {"type": "MultiPoint", "coordinates": [[23.335335766, 42.676497585]]}}, {"type": "Feature", "properties": {"id": 30683, "objectid": 42063.0, "park_txt": "Напречн", "zona": "Зелена зона", "mestopoloz": "ул. Йосиф Петров", "georef_201": "2017", "vid_txt_20": "Зона", "zabelezhka": null, "obekt": null, "dogovor_sr": null, "dogovor_nu": null, "type": null, "bezplatni_": null, "podzona_nu": "Подзона 24", "sf_rayon": "Лозенец"}, "geometry": {"type": "MultiPoint", "coordinates": [[23.335302308, 42.676495491]]}}, {"type": "Feature", "properties": {"id": 30684, "objectid": 42064.0, "park_txt": "Напречн", "zona": "Зелена зона", "mestopoloz": "ул. Йосиф Петров", "georef_201": "2017", "vid_txt_20": "Зона", "zabelezhka": null, "obekt": null, "dogovor_sr": null, "dogovor_nu": null, "type": null, "bezplatni_": null, "podzona_nu": "Подзона 24", "sf_rayon": "Лозенец"}, "geometry": {"type": "MultiPoint", "coordinates": [[23.335269271, 42.676493424]]}}, {"type": "Feature", "properties": {"id": 30685, "objectid": 42065.0, "park_txt": "Напречн", "zona": "Зелена зона", "mestopoloz": "ул. Йосиф Петров", "georef_201": "2017", "vid_txt_20": "Зона", "zabelezhka": null, "obekt": null, "dogovor_sr": null, "dogovor_nu": null, "type": null, "bezplatni_": null, "podzona_nu": "Подзона 24", "sf_rayon": "Лозенец"}, "geometry": {"type": "MultiPoint", "coordinates": [[23.335236769, 42.676491389]]}}, {"type": "Feature", "properties": {"id": 30686, "objectid": 42066.0, "park_txt": "Напречн", "zona": "Зелена зона", "mestopoloz": "ул. Йосиф Петров", "georef_201": "2017", "vid_txt_20": "Зона", "zabelezhka": null, "obekt": null, "dogovor_sr": null, "dogovor_nu": null, "type": null, "bezplatni_": null, "podzona_nu": "Подзона 24", "sf_rayon": "Лозенец"}, "geometry": {"type": "MultiPoint", "coordinates": [[23.335204505, 42.67648937]]}}, {"type": "Feature", "properties": {"id": 30687, "objectid": 42067.0, "park_txt": "Напречн", "zona": "Зелена зона", "mestopoloz": "ул. Йосиф Петров", "georef_201": "2017", "vid_txt_20": "Зона", "zabelezhka": null, "obekt": null, "dogovor_sr": null, "dogovor_nu": null, "type": null, "bezplatni_": null, "podzona_nu": "Подзона 24", "sf_rayon": "Лозенец"}, "geometry": {"type": "MultiPoint", "coordinates": [[23.335567622, 42.676512094]]}}, {"type": "Feature", "properties": {"id": 30688, "objectid": 42068.0, "park_txt": "Напречн", "zona": "Зелена зона", "mestopoloz": "ул. Йосиф Петров", "georef_201": "2017", "vid_txt_20": "Зона", "zabelezhka": null, "obekt": null, "dogovor_sr": null, "dogovor_nu": null, "type": null, "bezplatni_": null, "podzona_nu": "Подзона 24", "sf_rayon": "Лозенец"}, "geometry": {"type": "MultiPoint", "coordinates": [[23.335674496, 42.676518782]]}}, {"type": "Feature", "properties": {"id": 30689, "objectid": 42069.0, "park_txt": "Напречн", "zona": "Зелена зона", "mestopoloz": "ул. Йосиф Петров", "georef_201": "2017", "vid_txt_20": "Зона", "zabelezhka": null, "obekt": null, "dogovor_sr": null, "dogovor_nu": null, "type": null, "bezplatni_": null, "podzona_nu": "Подзона 24", "sf_rayon": "Лозенец"}, "geometry": {"type": "MultiPoint", "coordinates": [[23.335427238, 42.676503309]]}}, {"type": "Feature", "properties": {"id": 30690, "objectid": 42070.0, "park_txt": "Напречн", "zona": "Зелена зона", "mestopoloz": "ул. Йосиф Петров", "georef_201": "2017", "vid_txt_20": "Зона", "zabelezhka": null, "obekt": null, "dogovor_sr": null, "dogovor_nu": null, "type": null, "bezplatni_": null, "podzona_nu": "Подзона 24", "sf_rayon": "Лозенец"}, "geometry": {"type": "MultiPoint", "coordinates": [[23.335397532, 42.67650145]]}}, {"type": "Feature", "properties": {"id": 30691, "objectid": 42071.0, "park_txt": "Напречн", "zona": "Зелена зона", "mestopoloz": "ул. Йосиф Петров", "georef_201": "2017", "vid_txt_20": "Зона", "zabelezhka": null, "obekt": null, "dogovor_sr": null, "dogovor_nu": null, "type": null, "bezplatni_": null, "podzona_nu": "Подзона 24", "sf_rayon": "Лозенец"}, "geometry": {"type": "MultiPoint", "coordinates": [[23.335173938, 42.676487457]]}}, {"type": "Feature", "properties": {"id": 30692, "objectid": 42072.0, "park_txt": "Напречн", "zona": "Зелена зона", "mestopoloz": "ул. Йосиф Петров", "georef_201": "2017", "vid_txt_20": "Зона", "zabelezhka": null, "obekt": null, "dogovor_sr": null, "dogovor_nu": null, "type": null, "bezplatni_": null, "podzona_nu": "Подзона 24", "sf_rayon": "Лозенец"}, "geometry": {"type": "MultiPoint", "coordinates": [[23.335141749, 42.67648571]]}}, {"type": "Feature", "properties": {"id": 30693, "objectid": 42073.0, "park_txt": "Напречн", "zona": "Зелена зона", "mestopoloz": "ул. Йосиф Петров", "georef_201": "2017", "vid_txt_20": "Зона", "zabelezhka": null, "obekt": null, "dogovor_sr": null, "dogovor_nu": null, "type": null, "bezplatni_": null, "podzona_nu": "Подзона 24", "sf_rayon": "Лозенец"}, "geometry": {"type": "MultiPoint", "coordinates": [[23.335110826, 42.676484032]]}}, {"type": "Feature", "properties": {"id": 30694, "objectid": 42074.0, "park_txt": "Напречн", "zona": "Зелена зона", "mestopoloz": "ул. Йосиф Петров", "georef_201": "2017", "vid_txt_20": "Зона", "zabelezhka": null, "obekt": null, "dogovor_sr": null, "dogovor_nu": null, "type": null, "bezplatni_": null, "podzona_nu": "Подзона 24", "sf_rayon": "Лозенец"}, "geometry": {"type": "MultiPoint", "coordinates": [[23.335080738, 42.676482398]]}}, {"type": "Feature", "properties": {"id": 30695, "objectid": 42075.0, "park_txt": "Напречн", "zona": "Зелена зона", "mestopoloz": "ул. Йосиф Петров", "georef_201": "2017", "vid_txt_20": "Зона", "zabelezhka": null, "obekt": null, "dogovor_sr": null, "dogovor_nu": null, "type": null, "bezplatni_": null, "podzona_nu": "Подзона 24", "sf_rayon": "Лозенец"}, "geometry": {"type": "MultiPoint", "coordinates": [[23.335051654, 42.67648082]]}}, {"type": "Feature", "properties": {"id": 30696, "objectid": 42076.0, "park_txt": "Напречн", "zona": "Зелена зона", "mestopoloz": "ул. Йосиф Петров", "georef_201": "2017", "vid_txt_20": "Зона", "zabelezhka": null, "obekt": null, "dogovor_sr": null, "dogovor_nu": null, "type": null, "bezplatni_": null, "podzona_nu": "Подзона 24", "sf_rayon": "Лозенец"}, "geometry": {"type": "MultiPoint", "coordinates": [[23.335022056, 42.676479212]]}}, {"type": "Feature", "properties": {"id": 30697, "objectid": 42077.0, "park_txt": "Напречн", "zona": "Зелена зона", "mestopoloz": "ул. Йосиф Петров", "georef_201": "2017", "vid_txt_20": "Зона", "zabelezhka": null, "obekt": null, "dogovor_sr": null, "dogovor_nu": null, "type": null, "bezplatni_": null, "podzona_nu": "Подзона 24", "sf_rayon": "Лозенец"}, "geometry": {"type": "MultiPoint", "coordinates": [[23.334993214, 42.676477646]]}}, {"type": "Feature", "properties": {"id": 30698, "objectid": 42078.0, "park_txt": "Напречн", "zona": "Зелена зона", "mestopoloz": "ул. Йосиф Петров", "georef_201": "2017", "vid_txt_20": "Зона", "zabelezhka": null, "obekt": null, "dogovor_sr": null, "dogovor_nu": null, "type": null, "bezplatni_": null, "podzona_nu": "Подзона 24", "sf_rayon": "Лозенец"}, "geometry": {"type": "MultiPoint", "coordinates": [[23.334966922, 42.67647622]]}}, {"type": "Feature", "properties": {"id": 30699, "objectid": 42079.0, "park_txt": "Напречн", "zona": "Зелена зона", "mestopoloz": "ул. Йосиф Петров", "georef_201": "2017", "vid_txt_20": "Зона", "zabelezhka": null, "obekt": null, "dogovor_sr": null, "dogovor_nu": null, "type": null, "bezplatni_": null, "podzona_nu": "Подзона 24", "sf_rayon": "Лозенец"}, "geometry": {"type": "MultiPoint", "coordinates": [[23.334938066, 42.676474653]]}}, {"type": "Feature", "properties": {"id": 30700, "objectid": 42080.0, "park_txt": "Напречн", "zona": "Зелена зона", "mestopoloz": "ул. Йосиф Петров", "georef_201": "2017", "vid_txt_20": "Зона", "zabelezhka": null, "obekt": null, "dogovor_sr": null, "dogovor_nu": null, "type": null, "bezplatni_": null, "podzona_nu": "Подзона 24", "sf_rayon": "Лозенец"}, "geometry": {"type": "MultiPoint", "coordinates": [[23.334909761, 42.676473116]]}}, {"type": "Feature", "properties": {"id": 30701, "objectid": 42081.0, "park_txt": "Напречн", "zona": "Зелена зона", "mestopoloz": "ул. Йосиф Петров", "georef_201": "2017", "vid_txt_20": "Зона", "zabelezhka": null, "obekt": null, "dogovor_sr": null, "dogovor_nu": null, "type": null, "bezplatni_": null, "podzona_nu": "Подзона 24", "sf_rayon": "Лозенец"}, "geometry": {"type": "MultiPoint", "coordinates": [[23.334883024, 42.676471664]]}}, {"type": "Feature", "properties": {"id": 30702, "objectid": 42082.0, "park_txt": "Напречн", "zona": "Зелена зона", "mestopoloz": "ул. Йосиф Петров", "georef_201": "2017", "vid_txt_20": "Зона", "zabelezhka": null, "obekt": null, "dogovor_sr": null, "dogovor_nu": null, "type": null, "bezplatni_": null, "podzona_nu": "Подзона 24", "sf_rayon": "Лозенец"}, "geometry": {"type": "MultiPoint", "coordinates": [[23.334853683, 42.676470071]]}}, {"type": "Feature", "properties": {"id": 30703, "objectid": 42083.0, "park_txt": "Напречн", "zona": "Зелена зона", "mestopoloz": "ул. Йосиф Петров", "georef_201": "2017", "vid_txt_20": "Зона", "zabelezhka": null, "obekt": null, "dogovor_sr": null, "dogovor_nu": null, "type": null, "bezplatni_": null, "podzona_nu": "Подзона 24", "sf_rayon": "Лозенец"}, "geometry": {"type": "MultiPoint", "coordinates": [[23.334822722, 42.676468391]]}}, {"type": "Feature", "properties": {"id": 30704, "objectid": 42084.0, "park_txt": "Напречн", "zona": "Зелена зона", "mestopoloz": "ул. Йосиф Петров", "georef_201": "2017", "vid_txt_20": "Зона", "zabelezhka": null, "obekt": null, "dogovor_sr": null, "dogovor_nu": null, "type": null, "bezplatni_": null, "podzona_nu": "Подзона 24", "sf_rayon": "Лозенец"}, "geometry": {"type": "MultiPoint", "coordinates": [[23.33479109, 42.676466674]]}}, {"type": "Feature", "properties": {"id": 30705, "objectid": 42085.0, "park_txt": "Напречн", "zona": "Зелена зона", "mestopoloz": "ул. Йосиф Петров", "georef_201": "2017", "vid_txt_20": "Зона", "zabelezhka": null, "obekt": null, "dogovor_sr": null, "dogovor_nu": null, "type": null, "bezplatni_": null, "podzona_nu": "Подзона 24", "sf_rayon": "Лозенец"}, "geometry": {"type": "MultiPoint", "coordinates": [[23.334759684, 42.676464969]]}}, {"type": "Feature", "properties": {"id": 30706, "objectid": 42086.0, "park_txt": "Напречн", "zona": "Зелена зона", "mestopoloz": "ул. Йосиф Петров", "georef_201": "2017", "vid_txt_20": "Зона", "zabelezhka": null, "obekt": null, "dogovor_sr": null, "dogovor_nu": null, "type": null, "bezplatni_": null, "podzona_nu": "Подзона 24", "sf_rayon": "Лозенец"}, "geometry": {"type": "MultiPoint", "coordinates": [[23.334730833, 42.676463402]]}}, {"type": "Feature", "properties": {"id": 30707, "objectid": 42087.0, "park_txt": "Напречн", "zona": "Зелена зона", "mestopoloz": "ул. Йосиф Петров", "georef_201": "2017", "vid_txt_20": "Зона", "zabelezhka": null, "obekt": null, "dogovor_sr": null, "dogovor_nu": null, "type": null, "bezplatni_": null, "podzona_nu": "Подзона 24", "sf_rayon": "Лозенец"}, "geometry": {"type": "MultiPoint", "coordinates": [[23.334700207, 42.67646174]]}}, {"type": "Feature", "properties": {"id": 30708, "objectid": 42088.0, "park_txt": "Напречн", "zona": "Зелена зона", "mestopoloz": "ул. Йосиф Петров", "georef_201": "2017", "vid_txt_20": "Инвалид", "zabelezhka": "-", "obekt": "-", "dogovor_sr": "-", "dogovor_nu": "-", "type": "-", "bezplatni_": "-", "podzona_nu": "-", "sf_rayon": "-"}, "geometry": {"type": "MultiPoint", "coordinates": [[23.336234367, 42.676551795]]}}, {"type": "Feature", "properties": {"id": 30709, "objectid": 42089.0, "park_txt": "Напречн", "zona": "Зелена зона", "mestopoloz": "ул. Йосиф Петров", "georef_201": "2017", "vid_txt_20": "Зона", "zabelezhka": null, "obekt": null, "dogovor_sr": null, "dogovor_nu": null, "type": null, "bezplatni_": null, "podzona_nu": "Подзона 24", "sf_rayon": "Лозенец"}, "geometry": {"type": "MultiPoint", "coordinates": [[23.336356805, 42.676559132]]}}, {"type": "Feature", "properties": {"id": 30710, "objectid": 42090.0, "park_txt": "Напречн", "zona": "Зелена зона", "mestopoloz": "ул. Йосиф Петров", "georef_201": "2017", "vid_txt_20": "Зона", "zabelezhka": null, "obekt": null, "dogovor_sr": null, "dogovor_nu": null, "type": null, "bezplatni_": null, "podzona_nu": "Подзона 24", "sf_rayon": "Лозенец"}, "geometry": {"type": "MultiPoint", "coordinates": [[23.336386984, 42.676560918]]}}, {"type": "Feature", "properties": {"id": 30711, "objectid": 42091.0, "park_txt": "Напречн", "zona": "Зелена зона", "mestopoloz": "ул. Йосиф Петров", "georef_201": "2017", "vid_txt_20": "Зона", "zabelezhka": null, "obekt": null, "dogovor_sr": null, "dogovor_nu": null, "type": null, "bezplatni_": null, "podzona_nu": "Подзона 24", "sf_rayon": "Лозенец"}, "geometry": {"type": "MultiPoint", "coordinates": [[23.336415931, 42.676562631]]}}, {"type": "Feature", "properties": {"id": 30712, "objectid": 42092.0, "park_txt": "Напречн", "zona": "Зелена зона", "mestopoloz": "ул. Йосиф Петров", "georef_201": "2017", "vid_txt_20": "Зона", "zabelezhka": null, "obekt": null, "dogovor_sr": null, "dogovor_nu": null, "type": null, "bezplatni_": null, "podzona_nu": "Подзона 24", "sf_rayon": "Лозенец"}, "geometry": {"type": "MultiPoint", "coordinates": [[23.336444966, 42.676564348]]}}, {"type": "Feature", "properties": {"id": 30713, "objectid": 42093.0, "park_txt": "Напречн", "zona": "Зелена зона", "mestopoloz": "ул. Йосиф Петров", "georef_201": "2017", "vid_txt_20": "Зона", "zabelezhka": null, "obekt": null, "dogovor_sr": null, "dogovor_nu": null, "type": null, "bezplatni_": null, "podzona_nu": "Подзона 24", "sf_rayon": "Лозенец"}, "geometry": {"type": "MultiPoint", "coordinates": [[23.336477014, 42.676566244]]}}, {"type": "Feature", "properties": {"id": 30714, "objectid": 42094.0, "park_txt": "Напречн", "zona": "Зелена зона", "mestopoloz": "ул. Йосиф Петров", "georef_201": "2017", "vid_txt_20": "Зона", "zabelezhka": null, "obekt": null, "dogovor_sr": null, "dogovor_nu": null, "type": null, "bezplatni_": null, "podzona_nu": "Подзона 24", "sf_rayon": "Лозенец"}, "geometry": {"type": "MultiPoint", "coordinates": [[23.336507312, 42.676568038]]}}, {"type": "Feature", "properties": {"id": 30715, "objectid": 42095.0, "park_txt": "Напречн", "zona": "Зелена зона", "mestopoloz": "ул. Йосиф Петров", "georef_201": "2017", "vid_txt_20": "Зона", "zabelezhka": null, "obekt": null, "dogovor_sr": null, "dogovor_nu": null, "type": null, "bezplatni_": null, "podzona_nu": "Подзона 24", "sf_rayon": "Лозенец"}, "geometry": {"type": "MultiPoint", "coordinates": [[23.336537517, 42.676569824]]}}, {"type": "Feature", "properties": {"id": 30716, "objectid": 42096.0, "park_txt": "Напречн", "zona": "Зелена зона", "mestopoloz": "ул. Йосиф Петров", "georef_201": "2017", "vid_txt_20": "Зона", "zabelezhka": null, "obekt": null, "dogovor_sr": null, "dogovor_nu": null, "type": null, "bezplatni_": null, "podzona_nu": "Подзона 24", "sf_rayon": "Лозенец"}, "geometry": {"type": "MultiPoint", "coordinates": [[23.336570337, 42.676571767]]}}, {"type": "Feature", "properties": {"id": 30717, "objectid": 42097.0, "park_txt": "Напречн", "zona": "Зелена зона", "mestopoloz": "ул. Йосиф Петров", "georef_201": "2017", "vid_txt_20": "Зона", "zabelezhka": null, "obekt": null, "dogovor_sr": null, "dogovor_nu": null, "type": null, "bezplatni_": null, "podzona_nu": "Подзона 24", "sf_rayon": "Лозенец"}, "geometry": {"type": "MultiPoint", "coordinates": [[23.336600589, 42.676573556]]}}, {"type": "Feature", "properties": {"id": 30749, "objectid": 42129.0, "park_txt": "Напречн", "zona": "Зелена зона", "mestopoloz": "ул. Йосиф Петров", "georef_201": "2017", "vid_txt_20": "Зона", "zabelezhka": null, "obekt": null, "dogovor_sr": null, "dogovor_nu": null, "type": null, "bezplatni_": null, "podzona_nu": "Подзона 24", "sf_rayon": "Лозенец"}, "geometry": {"type": "MultiPoint", "coordinates": [[23.336272073, 42.676554313]]}}, {"type": "Feature", "properties": {"id": 30750, "objectid": 42130.0, "park_txt": "Напречн", "zona": "Зелена зона", "mestopoloz": "ул. Йосиф Петров", "georef_201": "2017", "vid_txt_20": "Зона", "zabelezhka": null, "obekt": null, "dogovor_sr": null, "dogovor_nu": null, "type": null, "bezplatni_": null, "podzona_nu": "Подзона 24", "sf_rayon": "Лозенец"}, "geometry": {"type": "MultiPoint", "coordinates": [[23.336302253, 42.676556099]]}}, {"type": "Feature", "properties": {"id": 30751, "objectid": 42131.0, "park_txt": "Напречн", "zona": "Зелена зона", "mestopoloz": "ул. Йосиф Петров", "georef_201": "2017", "vid_txt_20": "Зона", "zabelezhka": null, "obekt": null, "dogovor_sr": null, "dogovor_nu": null, "type": null, "bezplatni_": null, "podzona_nu": "Подзона 24", "sf_rayon": "Лозенец"}, "geometry": {"type": "MultiPoint", "coordinates": [[23.336331198, 42.676557811]]}}, {"type": "Feature", "properties": {"id": 30752, "objectid": 42132.0, "park_txt": "Надлъжн", "zona": "Зелена зона", "mestopoloz": "ул. Йосиф Петров", "georef_201": "2017", "vid_txt_20": "Зона", "zabelezhka": null, "obekt": null, "dogovor_sr": null, "dogovor_nu": null, "type": null, "bezplatni_": null, "podzona_nu": "Подзона 24", "sf_rayon": "Лозенец"}, "geometry": {"type": "MultiPoint", "coordinates": [[23.334213741, 42.676343868]]}}, {"type": "Feature", "properties": {"id": 30753, "objectid": 42133.0, "park_txt": "Надлъжн", "zona": "Зелена зона", "mestopoloz": "ул. Йосиф Петров", "georef_201": "2017", "vid_txt_20": "Зона", "zabelezhka": null, "obekt": null, "dogovor_sr": null, "dogovor_nu": null, "type": null, "bezplatni_": null, "podzona_nu": "Подзона 24", "sf_rayon": "Лозенец"}, "geometry": {"type": "MultiPoint", "coordinates": [[23.334323023, 42.676350107]]}}, {"type": "Feature", "properties": {"id": 30754, "objectid": 42134.0, "park_txt": "Надлъжн", "zona": "Зелена зона", "mestopoloz": "ул. Йосиф Петров", "georef_201": "2017", "vid_txt_20": "Зона", "zabelezhka": null, "obekt": null, "dogovor_sr": null, "dogovor_nu": null, "type": null, "bezplatni_": null, "podzona_nu": "Подзона 24", "sf_rayon": "Лозенец"}, "geometry": {"type": "MultiPoint", "coordinates": [[23.334428417, 42.676356264]]}}, {"type": "Feature", "properties": {"id": 30755, "objectid": 42135.0, "park_txt": "Надлъжн", "zona": "Зелена зона", "mestopoloz": "ул. Йосиф Петров", "georef_201": "2017", "vid_txt_20": "Зона", "zabelezhka": null, "obekt": null, "dogovor_sr": null, "dogovor_nu": null, "type": null, "bezplatni_": null, "podzona_nu": "Подзона 24", "sf_rayon": "Лозенец"}, "geometry": {"type": "MultiPoint", "coordinates": [[23.334645776, 42.676368316]]}}, {"type": "Feature", "properties": {"id": 30756, "objectid": 42136.0, "park_txt": "Надлъжн", "zona": "Зелена зона", "mestopoloz": "ул. Йосиф Петров", "georef_201": "2017", "vid_txt_20": "Зона", "zabelezhka": null, "obekt": null, "dogovor_sr": null, "dogovor_nu": null, "type": null, "bezplatni_": null, "podzona_nu": "Подзона 24", "sf_rayon": "Лозенец"}, "geometry": {"type": "MultiPoint", "coordinates": [[23.334860405, 42.67638017]]}}, {"type": "Feature", "properties": {"id": 30757, "objectid": 42137.0, "park_txt": "Надлъжн", "zona": "Зелена зона", "mestopoloz": "ул. Йосиф Петров", "georef_201": "2017", "vid_txt_20": "Зона", "zabelezhka": null, "obekt": null, "dogovor_sr": null, "dogovor_nu": null, "type": null, "bezplatni_": null, "podzona_nu": "Подзона 24", "sf_rayon": "Лозенец"}, "geometry": {"type": "MultiPoint", "coordinates": [[23.334766775, 42.676375012]]}}, {"type": "Feature", "properties": {"id": 30758, "objectid": 42138.0, "park_txt": "Надлъжн", "zona": "Зелена зона", "mestopoloz": "ул. Йосиф Петров", "georef_201": "2017", "vid_txt_20": "Зона", "zabelezhka": null, "obekt": null, "dogovor_sr": null, "dogovor_nu": null, "type": null, "bezplatni_": null, "podzona_nu": "Подзона 24", "sf_rayon": "Лозенец"}, "geometry": {"type": "MultiPoint", "coordinates": [[23.335819816, 42.676432776]]}}, {"type": "Feature", "properties": {"id": 30759, "objectid": 42139.0, "park_txt": "Надлъжн", "zona": "Зелена зона", "mestopoloz": "ул. Йосиф Петров", "georef_201": "2017", "vid_txt_20": "Зона", "zabelezhka": null, "obekt": null, "dogovor_sr": null, "dogovor_nu": null, "type": null, "bezplatni_": null, "podzona_nu": "Подзона 24", "sf_rayon": "Лозенец"}, "geometry": {"type": "MultiPoint", "coordinates": [[23.335988806, 42.676442042]]}}, {"type": "Feature", "properties": {"id": 30760, "objectid": 42140.0, "park_txt": "Надлъжн", "zona": "Зелена зона", "mestopoloz": "ул. Йосиф Петров", "georef_201": "2017", "vid_txt_20": "Зона", "zabelezhka": null, "obekt": null, "dogovor_sr": null, "dogovor_nu": null, "type": null, "bezplatni_": null, "podzona_nu": "Подзона 24", "sf_rayon": "Лозенец"}, "geometry": {"type": "MultiPoint", "coordinates": [[23.335909922, 42.676437787]]}}, {"type": "Feature", "properties": {"id": 30761, "objectid": 42141.0, "park_txt": "Надлъжн", "zona": "Зелена зона", "mestopoloz": "ул. Йосиф Петров", "georef_201": "2017", "vid_txt_20": "Зона", "zabelezhka": null, "obekt": null, "dogovor_sr": null, "dogovor_nu": null, "type": null, "bezplatni_": null, "podzona_nu": "Подзона 24", "sf_rayon": "Лозенец"}, "geometry": {"type": "MultiPoint", "coordinates": [[23.335642938, 42.676423076]]}}, {"type": "Feature", "properties": {"id": 30762, "objectid": 42142.0, "park_txt": "Надлъжн", "zona": "Зелена зона", "mestopoloz": "ул. Йосиф Петров", "georef_201": "2017", "vid_txt_20": "Зона", "zabelezhka": null, "obekt": null, "dogovor_sr": null, "dogovor_nu": null, "type": null, "bezplatni_": null, "podzona_nu": "Подзона 24", "sf_rayon": "Лозенец"}, "geometry": {"type": "MultiPoint", "coordinates": [[23.335715083, 42.676427033]]}}, {"type": "Feature", "properties": {"id": 30763, "objectid": 42143.0, "park_txt": "Надлъжн", "zona": "Зелена зона", "mestopoloz": "ул. Йосиф Петров", "georef_201": "2017", "vid_txt_20": "Зона", "zabelezhka": null, "obekt": null, "dogovor_sr": null, "dogovor_nu": null, "type": null, "bezplatni_": null, "podzona_nu": "Подзона 24", "sf_rayon": "Лозенец"}, "geometry": {"type": "MultiPoint", "coordinates": [[23.334960457, 42.676385646]]}}, {"type": "Feature", "properties": {"id": 30764, "objectid": 42144.0, "park_txt": "Надлъжн", "zona": "Зелена зона", "mestopoloz": "ул. Йосиф Петров", "georef_201": "2017", "vid_txt_20": "Зона", "zabelezhka": null, "obekt": null, "dogovor_sr": null, "dogovor_nu": null, "type": null, "bezplatni_": null, "podzona_nu": "Подзона 24", "sf_rayon": "Лозенец"}, "geometry": {"type": "MultiPoint", "coordinates": [[23.334569502, 42.676364199]]}}, {"type": "Feature", "properties": {"id": 30765, "objectid": 42145.0, "park_txt": "Надлъжн", "zona": "Зелена зона", "mestopoloz": "ул. Йосиф Петров", "georef_201": "2017", "vid_txt_20": "Зона", "zabelezhka": null, "obekt": null, "dogovor_sr": null, "dogovor_nu": null, "type": null, "bezplatni_": null, "podzona_nu": "Подзона 24", "sf_rayon": "Лозенец"}, "geometry": {"type": "MultiPoint", "coordinates": [[23.334497638, 42.67636015]]}}, {"type": "Feature", "properties": {"id": 30766, "objectid": 42146.0, "park_txt": "Надлъжн", "zona": "Зелена зона", "mestopoloz": "ул. Йосиф Петров", "georef_201": "2017", "vid_txt_20": "Зона", "zabelezhka": null, "obekt": null, "dogovor_sr": null, "dogovor_nu": null, "type": null, "bezplatni_": null, "podzona_nu": "Подзона 24", "sf_rayon": "Лозенец"}, "geometry": {"type": "MultiPoint", "coordinates": [[23.335501032, 42.676415295]]}}, {"type": "Feature", "properties": {"id": 30767, "objectid": 42147.0, "park_txt": "Надлъжн", "zona": "Зелена зона", "mestopoloz": "ул. Йосиф Петров", "georef_201": "2017", "vid_txt_20": "Зона", "zabelezhka": null, "obekt": null, "dogovor_sr": null, "dogovor_nu": null, "type": null, "bezplatni_": null, "podzona_nu": "Подзона 24", "sf_rayon": "Лозенец"}, "geometry": {"type": "MultiPoint", "coordinates": [[23.335573177, 42.676419251]]}}, {"type": "Feature", "properties": {"id": 30768, "objectid": 42148.0, "park_txt": "Надлъжн", "zona": "Зелена зона", "mestopoloz": "ул. Йосиф Петров", "georef_201": "2017", "vid_txt_20": "Зона", "zabelezhka": null, "obekt": null, "dogovor_sr": null, "dogovor_nu": null, "type": null, "bezplatni_": null, "podzona_nu": "Подзона 24", "sf_rayon": "Лозенец"}, "geometry": {"type": "MultiPoint", "coordinates": [[23.33532833, 42.676405826]]}}, {"type": "Feature", "properties": {"id": 30769, "objectid": 42149.0, "park_txt": "Надлъжн", "zona": "Зелена зона", "mestopoloz": "ул. Йосиф Петров", "georef_201": "2017", "vid_txt_20": "Зона", "zabelezhka": null, "obekt": null, "dogovor_sr": null, "dogovor_nu": null, "type": null, "bezplatni_": null, "podzona_nu": "Подзона 24", "sf_rayon": "Лозенец"}, "geometry": {"type": "MultiPoint", "coordinates": [[23.335400476, 42.676409782]]}}, {"type": "Feature", "properties": {"id": 30770, "objectid": 42150.0, "park_txt": "Надлъжн", "zona": "Зелена зона", "mestopoloz": "ул. Йосиф Петров", "georef_201": "2017", "vid_txt_20": "Зона", "zabelezhka": null, "obekt": null, "dogovor_sr": null, "dogovor_nu": null, "type": null, "bezplatni_": null, "podzona_nu": "Подзона 24", "sf_rayon": "Лозенец"}, "geometry": {"type": "MultiPoint", "coordinates": [[23.335186424, 42.676398044]]}}, {"type": "Feature", "properties": {"id": 30771, "objectid": 42151.0, "park_txt": "Надлъжн", "zona": "Зелена зона", "mestopoloz": "ул. Йосиф Петров", "georef_201": "2017", "vid_txt_20": "Зона", "zabelezhka": null, "obekt": null, "dogovor_sr": null, "dogovor_nu": null, "type": null, "bezplatni_": null, "podzona_nu": "Подзона 24", "sf_rayon": "Лозенец"}, "geometry": {"type": "MultiPoint", "coordinates": [[23.33525857, 42.676402]]}}, {"type": "Feature", "properties": {"id": 30772, "objectid": 42152.0, "park_txt": "Надлъжн", "zona": "Зелена зона", "mestopoloz": "ул. Йосиф Петров", "georef_201": "2017", "vid_txt_20": "Зона", "zabelezhka": null, "obekt": null, "dogovor_sr": null, "dogovor_nu": null, "type": null, "bezplatni_": null, "podzona_nu": "Подзона 24", "sf_rayon": "Лозенец"}, "geometry": {"type": "MultiPoint", "coordinates": [[23.335079299, 42.676392169]]}}, {"type": "Feature", "properties": {"id": 30773, "objectid": 42153.0, "park_txt": "Надлъжн", "zona": "Зелена зона", "mestopoloz": "ул. Йосиф Петров", "georef_201": "2017", "vid_txt_20": "Зона", "zabelezhka": null, "obekt": null, "dogovor_sr": null, "dogovor_nu": null, "type": null, "bezplatni_": null, "podzona_nu": "Подзона 24", "sf_rayon": "Лозенец"}, "geometry": {"type": "MultiPoint", "coordinates": [[23.336456083, 42.676471862]]}}, {"type": "Feature", "properties": {"id": 30774, "objectid": 42154.0, "park_txt": "Надлъжн", "zona": "Зелена зона", "mestopoloz": "ул. Йосиф Петров", "georef_201": "2017", "vid_txt_20": "Зона", "zabelezhka": null, "obekt": null, "dogovor_sr": null, "dogovor_nu": null, "type": null, "bezplatni_": null, "podzona_nu": "Подзона 24", "sf_rayon": "Лозенец"}, "geometry": {"type": "MultiPoint", "coordinates": [[23.336528229, 42.676475818]]}}, {"type": "Feature", "properties": {"id": 30775, "objectid": 42155.0, "park_txt": "Надлъжн", "zona": "Зелена зона", "mestopoloz": "ул. Йосиф Петров", "georef_201": "2017", "vid_txt_20": "Зона", "zabelezhka": null, "obekt": null, "dogovor_sr": null, "dogovor_nu": null, "type": null, "bezplatni_": null, "podzona_nu": "Подзона 24", "sf_rayon": "Лозенец"}, "geometry": {"type": "MultiPoint", "coordinates": [[23.336314177, 42.676464081]]}}, {"type": "Feature", "properties": {"id": 30776, "objectid": 42156.0, "park_txt": "Надлъжн", "zona": "Зелена зона", "mestopoloz": "ул. Йосиф Петров", "georef_201": "2017", "vid_txt_20": "Зона", "zabelezhka": null, "obekt": null, "dogovor_sr": null, "dogovor_nu": null, "type": null, "bezplatni_": null, "podzona_nu": "Подзона 24", "sf_rayon": "Лозенец"}, "geometry": {"type": "MultiPoint", "coordinates": [[23.336386323, 42.676468037]]}}, {"type": "Feature", "properties": {"id": 30777, "objectid": 42157.0, "park_txt": "Надлъжн", "zona": "Зелена зона", "mestopoloz": "ул. Йосиф Петров", "georef_201": "2017", "vid_txt_20": "Зона", "zabelezhka": null, "obekt": null, "dogovor_sr": null, "dogovor_nu": null, "type": null, "bezplatni_": null, "podzona_nu": "Подзона 24", "sf_rayon": "Лозенец"}, "geometry": {"type": "MultiPoint", "coordinates": [[23.336239123, 42.676458532]]}}, {"type": "Feature", "properties": {"id": 30778, "objectid": 42158.0, "park_txt": "Надлъжн", "zona": "Зелена зона", "mestopoloz": "ул. Йосиф Петров", "georef_201": "2017", "vid_txt_20": "Зона", "zabelezhka": null, "obekt": null, "dogovor_sr": null, "dogovor_nu": null, "type": null, "bezplatni_": null, "podzona_nu": "Подзона 24", "sf_rayon": "Лозенец"}, "geometry": {"type": "MultiPoint", "coordinates": [[23.336599656, 42.676480885]]}}, {"type": "Feature", "properties": {"id": 31080, "objectid": 42528.0, "park_txt": "Надлъжн", "zona": "Зелена зона", "mestopoloz": "ул. Васил Кирков 12", "georef_201": "2020", "vid_txt_20": "Служебен", "zabelezhka": "-", "obekt": "-", "dogovor_sr": "-", "dogovor_nu": "-", "type": "-", "bezplatni_": "-", "podzona_nu": "-", "sf_rayon": "-"}, "geometry": {"type": "MultiPoint", "coordinates": [[23.335016973, 42.672476142]]}}, {"type": "Feature", "properties": {"id": 31153, "objectid": 42612.0, "park_txt": "Надлъжн", "zona": "Зелена зона", "mestopoloz": "ул. Златовръх спрещу 67", "georef_201": "2020", "vid_txt_20": "Служебен", "zabelezhka": "-", "obekt": "-", "dogovor_sr": "-", "dogovor_nu": "-", "type": "-", "bezplatni_": "-", "podzona_nu": "-", "sf_rayon": "-"}, "geometry": {"type": "MultiPoint", "coordinates": [[23.332481148, 42.670608881]]}}, {"type": "Feature", "properties": {"id": 31214, "objectid": 42674.0, "park_txt": "Надлъжн", "zona": "Зелена зона", "mestopoloz": "ул. Бигла", "georef_201": "2018", "vid_txt_20": "Зона", "zabelezhka": null, "obekt": null, "dogovor_sr": null, "dogovor_nu": null, "type": null, "bezplatni_": null, "podzona_nu": "Подзона 27", "sf_rayon": "Лозенец"}, "geometry": {"type": "MultiPoint", "coordinates": [[23.331324522, 42.670764853]]}}, {"type": "Feature", "properties": {"id": 31215, "objectid": 42675.0, "park_txt": "Надлъжн", "zona": "Зелена зона", "mestopoloz": "ул. Стоян Михайловски", "georef_201": "2018", "vid_txt_20": "Зона", "zabelezhka": null, "obekt": null, "dogovor_sr": null, "dogovor_nu": null, "type": null, "bezplatni_": null, "podzona_nu": "Подзона 27", "sf_rayon": "Лозенец"}, "geometry": {"type": "MultiPoint", "coordinates": [[23.334362421, 42.674490204]]}}, {"type": "Feature", "properties": {"id": 31216, "objectid": 42676.0, "park_txt": "Надлъжн", "zona": "Зелена зона", "mestopoloz": "ул. Стоян Михайловски", "georef_201": "2018", "vid_txt_20": "Зона", "zabelezhka": null, "obekt": null, "dogovor_sr": null, "dogovor_nu": null, "type": null, "bezplatni_": null, "podzona_nu": "Подзона 27", "sf_rayon": "Лозенец"}, "geometry": {"type": "MultiPoint", "coordinates": [[23.334403273, 42.674446047]]}}, {"type": "Feature", "properties": {"id": 31315, "objectid": 42809.0, "park_txt": "Надлъжн", "zona": "Зелена зона", "mestopoloz": "бул. Христо Смирненски", "georef_201": "2017", "vid_txt_20": "Зона", "zabelezhka": null, "obekt": null, "dogovor_sr": null, "dogovor_nu": null, "type": null, "bezplatni_": null, "podzona_nu": "Подзона 24", "sf_rayon": "Лозенец"}, "geometry": {"type": "MultiPoint", "coordinates": [[23.33335889, 42.676885178]]}}, {"type": "Feature", "properties": {"id": 31316, "objectid": 42810.0, "park_txt": "Надлъжн", "zona": "Зелена зона", "mestopoloz": "бул. Христо Смирненски", "georef_201": "2017", "vid_txt_20": "Зона", "zabelezhka": null, "obekt": null, "dogovor_sr": null, "dogovor_nu": null, "type": null, "bezplatni_": null, "podzona_nu": "Подзона 24", "sf_rayon": "Лозенец"}, "geometry": {"type": "MultiPoint", "coordinates": [[23.333325776, 42.676933119]]}}, {"type": "Feature", "properties": {"id": 31317, "objectid": 42811.0, "park_txt": "Надлъжн", "zona": "Зелена зона", "mestopoloz": "бул. Христо Смирненски", "georef_201": "2017", "vid_txt_20": "Зона", "zabelezhka": null, "obekt": null, "dogovor_sr": null, "dogovor_nu": null, "type": null, "bezplatni_": null, "podzona_nu": "Подзона 24", "sf_rayon": "Лозенец"}, "geometry": {"type": "MultiPoint", "coordinates": [[23.333293932, 42.676979219]]}}, {"type": "Feature", "properties": {"id": 31318, "objectid": 42812.0, "park_txt": "Надлъжн", "zona": "Зелена зона", "mestopoloz": "бул. Христо Смирненски", "georef_201": "2017", "vid_txt_20": "Зона", "zabelezhka": null, "obekt": null, "dogovor_sr": null, "dogovor_nu": null, "type": null, "bezplatni_": null, "podzona_nu": "Подзона 24", "sf_rayon": "Лозенец"}, "geometry": {"type": "MultiPoint", "coordinates": [[23.333375617, 42.677014982]]}}, {"type": "Feature", "properties": {"id": 31319, "objectid": 42813.0, "park_txt": "Надлъжн", "zona": "Зелена зона", "mestopoloz": "бул. Христо Смирненски", "georef_201": "2017", "vid_txt_20": "Зона", "zabelezhka": null, "obekt": null, "dogovor_sr": null, "dogovor_nu": null, "type": null, "bezplatni_": null, "podzona_nu": "Подзона 24", "sf_rayon": "Лозенец"}, "geometry": {"type": "MultiPoint", "coordinates": [[23.333414333, 42.676962012]]}}, {"type": "Feature", "properties": {"id": 31337, "objectid": 42831.0, "park_txt": "Надлъжн", "zona": "Зелена зона", "mestopoloz": "ул. Галичица 33", "georef_201": "2020", "vid_txt_20": "Служебен", "zabelezhka": "-", "obekt": "-", "dogovor_sr": "-", "dogovor_nu": "-", "type": "-", "bezplatni_": "-", "podzona_nu": "-", "sf_rayon": "-"}, "geometry": {"type": "MultiPoint", "coordinates": [[23.329916686, 42.672536417]]}}, {"type": "Feature", "properties": {"id": 31401, "objectid": 42899.0, "park_txt": "Надлъжн", "zona": "Зелена зона", "mestopoloz": "бул. Пейо К. Яворов", "georef_201": "2018", "vid_txt_20": "Зона", "zabelezhka": null, "obekt": null, "dogovor_sr": null, "dogovor_nu": null, "type": null, "bezplatni_": null, "podzona_nu": "Подзона 27", "sf_rayon": "Лозенец"}, "geometry": {"type": "MultiPoint", "coordinates": [[23.33397036, 42.671048455]]}}, {"type": "Feature", "properties": {"id": 31402, "objectid": 42900.0, "park_txt": "Надлъжн", "zona": "Зелена зона", "mestopoloz": "бул. Пейо К. Яворов", "georef_201": "2018", "vid_txt_20": "Зона", "zabelezhka": null, "obekt": null, "dogovor_sr": null, "dogovor_nu": null, "type": null, "bezplatni_": null, "podzona_nu": "Подзона 27", "sf_rayon": "Лозенец"}, "geometry": {"type": "MultiPoint", "coordinates": [[23.333922709, 42.671005645]]}}], "_center": [42.6743496, 23.3305178], "_half_m": 500.0}