{"type": "FeatureCollection", "features": [{"type": "Feature", "properties": {"id": 14770, "objectid": 21023.0, "park_txt": "Надлъжн", "zona": "Зелена зона", "mestopoloz": "ул. Димитър Димов", "georef_201": "2017", "vid_txt_20": "Инвалид", "zabelezhka": "-", "obekt": "-", "dogovor_sr": "-", "dogovor_nu": "-", "type": "-", "bezplatni_": "-", "podzona_nu": "-", "sf_rayon": "-", "bearing_deg": -159.7}, "geometry": {"type": "Polygon", "coordinates": [[[23.32765613968936, 42.67526849475458], [23.32764682715979, 42.675287033707214], [23.32770872031064, 42.67530383924543], [23.327718032840206, 42.67528530029279], [23.32765613968936, 42.67526849475458]]]}}, {"type": "Feature", "properties": {"id": 14771, "objectid": 21024.0, "park_txt": "Надлъжн", "zona": "Зелена зона", "mestopoloz": "бул. Джеймс Баучер", "georef_201": "2017", "vid_txt_20": "Инвалид", "zabelezhka": "-", "obekt": "-", "dogovor_sr": "-", "dogovor_nu": "-", "type": "-", "bezplatni_": "-", "podzona_nu": "-", "sf_rayon": "-", "bearing_deg": 68.9}, "geometry": {"type": "Polygon", "coordinates": [[[23.328361791616505, 42.67445926490597], [23.328386861746502, 42.67445213504728], [23.3283630583835, 42.67440689309404], [23.3283379882535, 42.674414022952725], [23.328361791616505, 42.67445926490597]]]}}, {"type": "Feature", "properties": {"id": 14785, "objectid": 21038.0, "park_txt": "Надлъжн", "zona": "Зелена зона", "mestopoloz": "ул. Презвитер Козма", "georef_201": "2017", "vid_txt_20": "Инвалид", "zabelezhka": "-", "obekt": "-", "dogovor_sr": "-", "dogovor_nu": "-", "type": "-", "bezplatni_": "-", "podzona_nu": "-", "sf_rayon": "-", "bearing_deg": -164.0}, "geometry": {"type": "Polygon", "coordinates": [[[23.32929811493577, 42.67650111139192], [23.32929069872018, 42.67652010718808], [23.329354117064227, 42.676533490608065], [23.32936153327982, 42.676514494811904], [23.32929811493577, 42.67650111139192]]]}}, {"type": "Feature", "properties": {"id": 14786, "objectid": 21039.0, "park_txt": "Надлъжн", "zona": "Зелена зона", "mestopoloz": "ул. Димитър Димов", "georef_201": "2017", "vid_txt_20": "Зона", "zabelezhka": null, "obekt": null, "dogovor_sr": null, "dogovor_nu": null, "type": null, "bezplatni_": null, "podzona_nu": "-", "sf_rayon": "-", "bearing_deg": -148.8}, "geometry": {"type": "Polygon", "coordinates": [[[23.331586068733074, 42.67633895573787], [23.33157214600112, 42.676355861079756], [23.331628585266927, 42.676380986262124], [23.331642507998883, 42.67636408092024], [23.331586068733074, 42.67633895573787]]]}}, {"type": "Feature", "properties": {"id": 14787, "objectid": 21040.0, "park_txt": "Надлъжн", "zona": "Зелена зона", "mestopoloz": "ул. Димитър Димов", "georef_201": "2017", "vid_txt_20": "Зона", "zabelezhka": null, "obekt": null, "dogovor_sr": null, "dogovor_nu": null, "type": null, "bezplatni_": null, "podzona_nu": "-", "sf_rayon": "-", "bearing_deg": -148.8}, "geometry": {"type": "Polygon", "coordinates": [[[23.331517751733074, 42.67632072173787], [23.33150382900112, 42.67633762707977], [23.331560268266927, 42.676362752262136], [23.331574190998882, 42.67634584692024], [23.331517751733074, 42.67632072173787]]]}}, {"type": "Feature", "properties": {"id": 14788, "objectid": 21041.0, "park_txt": "Надлъжн", "zona": "Зелена зона", "mestopoloz": "ул. Димитър Димов", "georef_201": "2017", "vid_txt_20": "Зона", "zabelezhka": null, "obekt": null, "dogovor_sr": null, "dogovor_nu": null, "type": null, "bezplatni_": null, "podzona_nu": "-", "sf_rayon": "-", "bearing_deg": -159.8}, "geometry": {"type": "Polygon", "coordinates": [[[23.331444748606742, 42.67630596423385], [23.331435477125385, 42.676324514304206], [23.331497407393254, 42.676341245766146], [23.33150667887461, 42.67632269569579], [23.331444748606742, 42.67630596423385]]]}}, {"type": "Feature", "properties": {"id": 14789, "objectid": 21042.0, "park_txt": "Надлъжн", "zona": "Зелена зона", "mestopoloz": "ул. Димитър Димов", "georef_201": "2017", "vid_txt_20": "Зона", "zabelezhka": null, "obekt": null, "dogovor_sr": null, "dogovor_nu": null, "type": null, "bezplatni_": null, "podzona_nu": "-", "sf_rayon": "-", "bearing_deg": -159.8}, "geometry": {"type": "Polygon", "coordinates": [[[23.331373377606745, 42.67628691523385], [23.33136410612539, 42.67630546530421], [23.331426036393257, 42.67632219676615], [23.331435307874614, 42.67630364669579], [23.331373377606745, 42.67628691523385]]]}}, {"type": "Feature", "properties": {"id": 14790, "objectid": 21043.0, "park_txt": "Надлъжн", "zona": "Зелена зона", "mestopoloz": "ул. Димитър Димов", "georef_201": "2017", "vid_txt_20": "Зона", "zabelezhka": null, "obekt": null, "dogovor_sr": null, "dogovor_nu": null, "type": null, "bezplatni_": null, "podzona_nu": "-", "sf_rayon": "-", "bearing_deg": -159.7}, "geometry": {"type": "Polygon", "coordinates": [[[23.33130111269843, 42.676266987247224], [23.33129176557565, 42.676285516787104], [23.331353627301567, 42.67630238475277], [23.33136297442435, 42.676283855212894], [23.33130111269843, 42.676266987247224]]]}}, {"type": "Feature", "properties": {"id": 14791, "objectid": 21044.0, "park_txt": "Надлъжн", "zona": "Зелена зона", "mestopoloz": "ул. Димитър Димов", "georef_201": "2017", "vid_txt_20": "Зона", "zabelezhka": null, "obekt": null, "dogovor_sr": null, "dogovor_nu": null, "type": null, "bezplatni_": null, "podzona_nu": "-", "sf_rayon": "-", "bearing_deg": -159.5}, "geometry": {"type": "Polygon", "coordinates": [[[23.331225087100414, 42.67624592454981], [23.331215668513074, 42.676264434518465], [23.331277464899586, 42.67628143145019], [23.331286883486925, 42.67626292148154], [23.331225087100414, 42.67624592454981]]]}}, {"type": "Feature", "properties": {"id": 14792, "objectid": 21045.0, "park_txt": "Надлъжн", "zona": "Зелена зона", "mestopoloz": "ул. Димитър Димов", "georef_201": "2017", "vid_txt_20": "Зона", "zabelezhka": null, "obekt": null, "dogovor_sr": null, "dogovor_nu": null, "type": null, "bezplatni_": null, "podzona_nu": "-", "sf_rayon": "-", "bearing_deg": -159.5}, "geometry": {"type": "Polygon", "coordinates": [[[23.331151971100414, 42.676225635549805], [23.331142552513075, 42.67624414551846], [23.331204348899583, 42.67626114245019], [23.331213767486922, 42.67624263248153], [23.331151971100414, 42.676225635549805]]]}}, {"type": "Feature", "properties": {"id": 14793, "objectid": 21046.0, "park_txt": "Надлъжн", "zona": "Зелена зона", "mestopoloz": "ул. Димитър Димов", "georef_201": "2017", "vid_txt_20": "Инвалид", "zabelezhka": "-", "obekt": "-", "dogovor_sr": "-", "dogovor_nu": "-", "type": "-", "bezplatni_": "-", "podzona_nu": "-", "sf_rayon": "-", "bearing_deg": -159.4}, "geometry": {"type": "Polygon", "coordinates": [[[23.33102004657675, 42.67618917450854], [23.331010590000563, 42.67620767400444], [23.331072351423252, 42.676224739491445], [23.33108180799944, 42.67620623999555], [23.33102004657675, 42.67618917450854]]]}}, {"type": "Feature", "properties": {"id": 14795, "objectid": 21048.0, "park_txt": "Надлъжн", "zona": "Зелена зона", "mestopoloz": "ул. Света гора", "georef_201": "2017", "vid_txt_20": "Инвалид", "zabelezhka": "-", "obekt": "-", "dogovor_sr": "-", "dogovor_nu": "-", "type": "-", "bezplatni_": "-", "podzona_nu": "-", "sf_rayon": "-", "bearing_deg": 105.0}, "geometry": {"type": "Polygon", "coordinates": [[[23.32955646146639, 42.67588006037463], [23.32958242766746, 42.67588517064265], [23.32959948853361, 42.67583831162537], [23.329573522332534, 42.67583320135735], [23.32955646146639, 42.67588006037463]]]}}, {"type": "Feature", "properties": {"id": 14796, "objectid": 21049.0, "park_txt": "Надлъжн", "zona": "Зелена зона", "mestopoloz": "бул. Джеймс Баучер", "georef_201": "2017", "vid_txt_20": "Инвалид", "zabelezhka": "-", "obekt": "-", "dogovor_sr": "-", "dogovor_nu": "-", "type": "-", "bezplatni_": "-", "podzona_nu": "-", "sf_rayon": "-", "bearing_deg": 92.8}, "geometry": {"type": "Polygon", "coordinates": [[[23.329977841898195, 42.67492141209009], [23.330004689417034, 42.67492238936718], [23.330007952101802, 42.67487393990991], [23.329981104582963, 42.67487296263282], [23.329977841898195, 42.67492141209009]]]}}, {"type": "Feature", "properties": {"id": 14797, "objectid": 21056.0, "park_txt": "Надлъжн", "zona": "Зелена зона", "mestopoloz": "бул. Джеймс Баучер", "georef_201": "2017", "vid_txt_20": "Инвалид", "zabelezhka": "-", "obekt": "-", "dogovor_sr": "-", "dogovor_nu": "-", "type": "-", "bezplatni_": "-", "podzona_nu": "-", "sf_rayon": "-", "bearing_deg": 75.3}, "geometry": {"type": "Polygon", "coordinates": [[[23.330796083884398, 42.67533596561878], [23.33082208717542, 42.67533095833162], [23.330805370115606, 42.67528403238122], [23.330779366824583, 42.675289039668385], [23.330796083884398, 42.67533596561878]]]}}, {"type": "Feature", "properties": {"id": 17413, "objectid": 23988.0, "park_txt": "Надлъжн", "zona": "Зелена зона", "mestopoloz": "бул. Джеймс Баучер", "georef_201": "2017", "vid_txt_20": "Зона", "zabelezhka": null, "obekt": null, "dogovor_sr": null, "dogovor_nu": null, "type": null, "bezplatni_": null, "podzona_nu": "-", "sf_rayon": "-", "bearing_deg": 52.0}, "geometry": {"type": "Polygon", "coordinates": [[[23.32752481089279, 42.67420867461115], [23.32754599125106, 42.674196505798506], [23.327505365107207, 42.674158283388856], [23.327484184748933, 42.674170452201494], [23.32752481089279, 42.67420867461115]]]}}, {"type": "Feature", "properties": {"id": 17414, "objectid": 23989.0, "park_txt": "Надлъжн", "zona": "Зелена зона", "mestopoloz": "бул. Джеймс Баучер", "georef_201": "2017", "vid_txt_20": "Зона", "zabelezhka": null, "obekt": null, "dogovor_sr": null, "dogovor_nu": null, "type": null, "bezplatni_": null, "podzona_nu": "-", "sf_rayon": "-", "bearing_deg": 52.0}, "geometry": {"type": "Polygon", "coordinates": [[[23.32759031089279, 42.67422712961115], [23.327611491251066, 42.67421496079851], [23.32757086510721, 42.67417673838886], [23.327549684748934, 42.6741889072015], [23.32759031089279, 42.67422712961115]]]}}, {"type": "Feature", "properties": {"id": 17415, "objectid": 23990.0, "park_txt": "Надлъжн", "zona": "Зелена зона", "mestopoloz": "бул. Джеймс Баучер", "georef_201": "2017", "vid_txt_20": "Зона", "zabelezhka": null, "obekt": null, "dogovor_sr": null, "dogovor_nu": null, "type": null, "bezplatni_": null, "podzona_nu": "-", "sf_rayon": "-", "bearing_deg": -167.3}, "geometry": {"type": "Polygon", "coordinates": [[[23.32761689523319, 42.67420543754731], [23.327610994774766, 42.674224718392075], [23.327675364766815, 42.6742353664527], [23.32768126522524, 42.67421608560793], [23.32761689523319, 42.67420543754731]]]}}, {"type": "Feature", "properties": {"id": 17416, "objectid": 23991.0, "park_txt": "Надлъжн", "zona": "Зелена зона", "mestopoloz": "бул. Джеймс Баучер", "georef_201": "2017", "vid_txt_20": "Зона", "zabelezhka": null, "obekt": null, "dogovor_sr": null, "dogovor_nu": null, "type": null, "bezplatni_": null, "podzona_nu": "-", "sf_rayon": "-", "bearing_deg": 175.0}, "geometry": {"type": "Polygon", "coordinates": [[[23.327680675065128, 42.674232010172396], [23.327683031845904, 42.67425169691148], [23.327748756934874, 42.674247443827596], [23.327746400154094, 42.67422775708851], [23.327680675065128, 42.674232010172396]]]}}, {"type": "Feature", "properties": {"id": 17427, "objectid": 24002.0, "park_txt": "Надлъжн", "zona": "Зелена зона", "mestopoloz": "бул. Джеймс Баучер", "georef_201": "2017", "vid_txt_20": "Зона", "zabelezhka": null, "obekt": null, "dogovor_sr": null, "dogovor_nu": null, "type": null, "bezplatni_": null, "podzona_nu": "-", "sf_rayon": "-", "bearing_deg": 52.0}, "geometry": {"type": "Polygon", "coordinates": [[[23.327494950892795, 42.674085233611144], [23.327516131251066, 42.674073064798506], [23.32747550510721, 42.674034842388856], [23.32745432474894, 42.674047011201495], [23.327494950892795, 42.674085233611144]]]}}, {"type": "Feature", "properties": {"id": 17428, "objectid": 24003.0, "park_txt": "Надлъжн", "zona": "Зелена зона", "mestopoloz": "бул. Джеймс Баучер", "georef_201": "2017", "vid_txt_20": "Зона", "zabelezhka": null, "obekt": null, "dogovor_sr": null, "dogovor_nu": null, "type": null, "bezplatni_": null, "podzona_nu": "-", "sf_rayon": "-", "bearing_deg": 52.0}, "geometry": {"type": "Polygon", "coordinates": [[[23.32756449489279, 42.674104817611145], [23.327585675251065, 42.674092648798506], [23.327545049107208, 42.67405442638886], [23.327523868748933, 42.674066595201495], [23.32756449489279, 42.674104817611145]]]}}, {"type": "Feature", "properties": {"id": 17429, "objectid": 24004.0, "park_txt": "Надлъжн", "zona": "Зелена зона", "mestopoloz": "бул. Джеймс Баучер", "georef_201": "2017", "vid_txt_20": "Зона", "zabelezhka": null, "obekt": null, "dogovor_sr": null, "dogovor_nu": null, "type": null, "bezplatni_": null, "podzona_nu": "-", "sf_rayon": "-", "bearing_deg": 61.9}, "geometry": {"type": "Polygon", "coordinates": [[[23.32820115003885, 42.674286221374615], [23.32822486499731, 42.67427691701462], [23.32819380196115, 42.67423412062538], [23.32817008700269, 42.67424342498537], [23.32820115003885, 42.674286221374615]]]}}, {"type": "Feature", "properties": {"id": 17430, "objectid": 24005.0, "park_txt": "Надлъжн", "zona": "Зелена зона", "mestopoloz": "бул. Джеймс Баучер", "georef_201": "2017", "vid_txt_20": "Зона", "zabelezhka": null, "obekt": null, "dogovor_sr": null, "dogovor_nu": null, "type": null, "bezplatni_": null, "podzona_nu": "-", "sf_rayon": "-", "bearing_deg": 61.9}, "geometry": {"type": "Polygon", "coordinates": [[[23.32813409103885, 42.674267318374625], [23.32815780599731, 42.67425801401463], [23.32812674296115, 42.67421521762538], [23.32810302800269, 42.67422452198538], [23.32813409103885, 42.674267318374625]]]}}, {"type": "Feature", "properties": {"id": 17431, "objectid": 24006.0, "park_txt": "Надлъжн", "zona": "Зелена зона", "mestopoloz": "бул. Джеймс Баучер", "georef_201": "2017", "vid_txt_20": "Зона", "zabelezhka": null, "obekt": null, "dogovor_sr": null, "dogovor_nu": null, "type": null, "bezplatni_": null, "podzona_nu": "-", "sf_rayon": "-", "bearing_deg": 156.9}, "geometry": {"type": "Polygon", "coordinates": [[[23.32802717863908, 42.6742226453753], [23.328037735788623, 42.674240820223794], [23.32809841336092, 42.6742217686247], [23.328087856211376, 42.674203593776205], [23.32802717863908, 42.6742226453753]]]}}, {"type": "Feature", "properties": {"id": 17432, "objectid": 24007.0, "park_txt": "Надлъжн", "zona": "Зелена зона", "mestopoloz": "бул. Джеймс Баучер", "georef_201": "2017", "vid_txt_20": "Зона", "zabelezhka": null, "obekt": null, "dogovor_sr": null, "dogovor_nu": null, "type": null, "bezplatni_": null, "podzona_nu": "-", "sf_rayon": "-", "bearing_deg": -150.7}, "geometry": {"type": "Polygon", "coordinates": [[[23.327972911595204, 42.67418265451969], [23.327959773291845, 42.67419989589021], [23.3280173344048, 42.67422360548032], [23.328030472708157, 42.6742063641098], [23.327972911595204, 42.67418265451969]]]}}, {"type": "Feature", "properties": {"id": 17433, "objectid": 24008.0, "park_txt": "Надлъжн", "zona": "Зелена зона", "mestopoloz": "бул. Джеймс Баучер", "georef_201": "2017", "vid_txt_20": "Зона", "zabelezhka": null, "obekt": null, "dogovor_sr": null, "dogovor_nu": null, "type": null, "bezplatni_": null, "podzona_nu": "-", "sf_rayon": "-", "bearing_deg": 176.3}, "geometry": {"type": "Polygon", "coordinates": [[[23.327813117490557, 42.674154045376376], [23.32781486727183, 42.67417376630658], [23.32788070650944, 42.674170608623626], [23.327878956728167, 42.67415088769342], [23.327813117490557, 42.674154045376376]]]}}, {"type": "Feature", "properties": {"id": 17434, "objectid": 24009.0, "park_txt": "Надлъжн", "zona": "Зелена зона", "mestopoloz": "бул. Джеймс Баучер", "georef_201": "2017", "vid_txt_20": "Зона", "zabelezhka": null, "obekt": null, "dogovor_sr": null, "dogovor_nu": null, "type": null, "bezplatni_": null, "podzona_nu": "-", "sf_rayon": "-", "bearing_deg": -171.1}, "geometry": {"type": "Polygon", "coordinates": [[[23.32788435509218, 42.67416738611772], [23.327880177440914, 42.67418690882671], [23.327945354907822, 42.67419444788228], [23.32794953255909, 42.6741749251733], [23.32788435509218, 42.67416738611772]]]}}, {"type": "Feature", "properties": {"id": 17435, "objectid": 24010.0, "park_txt": "Надлъжн", "zona": "Зелена зона", "mestopoloz": "бул. Джеймс Баучер", "georef_201": "2017", "vid_txt_20": "Зона", "zabelezhka": null, "obekt": null, "dogovor_sr": null, "dogovor_nu": null, "type": null, "bezplatni_": null, "podzona_nu": "-", "sf_rayon": "-", "bearing_deg": 77.1}, "geometry": {"type": "Polygon", "coordinates": [[[23.327981689362556, 42.67434312836866], [23.328007892630932, 42.67433872046403], [23.327993176637445, 42.67429143363134], [23.327966973369065, 42.67429584153597], [23.327981689362556, 42.67434312836866]]]}}, {"type": "Feature", "properties": {"id": 17436, "objectid": 24011.0, "park_txt": "Надлъжн", "zona": "Зелена зона", "mestopoloz": "бул. Джеймс Баучер", "georef_201": "2017", "vid_txt_20": "Зона", "zabelezhka": null, "obekt": null, "dogovor_sr": null, "dogovor_nu": null, "type": null, "bezplatni_": null, "podzona_nu": "-", "sf_rayon": "-", "bearing_deg": 133.5}, "geometry": {"type": "Polygon", "coordinates": [[[23.32802051571346, 42.67434653966424], [23.32804001334546, 42.67436014407095], [23.328085432286535, 42.67432495833576], [23.328065934654536, 42.67431135392904], [23.32802051571346, 42.67434653966424]]]}}, {"type": "Feature", "properties": {"id": 17437, "objectid": 24012.0, "park_txt": "Надлъжн", "zona": "Зелена зона", "mestopoloz": "бул. Джеймс Баучер", "georef_201": "2017", "vid_txt_20": "Зона", "zabelezhka": null, "obekt": null, "dogovor_sr": null, "dogovor_nu": null, "type": null, "bezplatni_": null, "podzona_nu": "-", "sf_rayon": "-", "bearing_deg": 133.5}, "geometry": {"type": "Polygon", "coordinates": [[[23.328089103713463, 42.67436586466423], [23.328108601345463, 42.67437946907095], [23.328154020286537, 42.67434428333575], [23.328134522654537, 42.67433067892904], [23.328089103713463, 42.67436586466423]]]}}, {"type": "Feature", "properties": {"id": 17490, "objectid": 24077.0, "park_txt": "Надлъжн", "zona": "Зелена зона", "mestopoloz": "ул. Света гора", "georef_201": "2017", "vid_txt_20": "Зона", "zabelezhka": null, "obekt": null, "dogovor_sr": null, "dogovor_nu": null, "type": null, "bezplatni_": null, "podzona_nu": "-", "sf_rayon": "-", "bearing_deg": 97.8}, "geometry": {"type": "Polygon", "coordinates": [[[23.3293739408042, 42.67658447138036], [23.329400574024312, 42.67658714535005], [23.3294095011958, 42.676539082619655], [23.32938286797569, 42.676536408649966], [23.3293739408042, 42.67658447138036]]]}}, {"type": "Feature", "properties": {"id": 17503, "objectid": 24090.0, "park_txt": "Надлъжн", "zona": "Зелена зона", "mestopoloz": "ул. Презвитер Козма", "georef_201": "2017", "vid_txt_20": "Зона", "zabelezhka": null, "obekt": null, "dogovor_sr": null, "dogovor_nu": null, "type": null, "bezplatni_": null, "podzona_nu": "-", "sf_rayon": "-", "bearing_deg": -148.5}, "geometry": {"type": "Polygon", "coordinates": [[[23.327463845720704, 42.67581681836501], [23.327449786791515, 42.67583366266894], [23.3275060222793, 42.675859033635], [23.32752008120849, 42.675842189331064], [23.327463845720704, 42.67581681836501]]]}}, {"type": "Feature", "properties": {"id": 17504, "objectid": 24091.0, "park_txt": "Надлъжн", "zona": "Зелена зона", "mestopoloz": "ул. Презвитер Козма", "georef_201": "2017", "vid_txt_20": "Зона", "zabelezhka": null, "obekt": null, "dogovor_sr": null, "dogovor_nu": null, "type": null, "bezplatni_": null, "podzona_nu": "-", "sf_rayon": "-", "bearing_deg": -148.5}, "geometry": {"type": "Polygon", "coordinates": [[[23.3275286607207, 42.67584611436501], [23.32751460179151, 42.675862958668944], [23.327570837279296, 42.675888329635], [23.327584896208485, 42.675871485331065], [23.3275286607207, 42.67584611436501]]]}}, {"type": "Feature", "properties": {"id": 17505, "objectid": 24092.0, "park_txt": "Надлъжн", "zona": "Зелена зона", "mestopoloz": "ул. Презвитер Козма", "georef_201": "2017", "vid_txt_20": "Зона", "zabelezhka": null, "obekt": null, "dogovor_sr": null, "dogovor_nu": null, "type": null, "bezplatni_": null, "podzona_nu": "-", "sf_rayon": "-", "bearing_deg": -148.8}, "geometry": {"type": "Polygon", "coordinates": [[[23.327873899507278, 42.67600148366385], [23.32785996489463, 42.6760183837137], [23.32791638649272, 42.67604353033615], [23.32793032110537, 42.6760266302863], [23.327873899507278, 42.67600148366385]]]}}, {"type": "Feature", "properties": {"id": 17506, "objectid": 24093.0, "park_txt": "Надлъжн", "zona": "Зелена зона", "mestopoloz": "ул. Презвитер Козма", "georef_201": "2017", "vid_txt_20": "Зона", "zabelezhka": null, "obekt": null, "dogovor_sr": null, "dogovor_nu": null, "type": null, "bezplatni_": null, "podzona_nu": "-", "sf_rayon": "-", "bearing_deg": -148.5}, "geometry": {"type": "Polygon", "coordinates": [[[23.3276309767207, 42.675892360365], [23.327616917791513, 42.67590920466893], [23.3276731532793, 42.67593457563499], [23.327687212208485, 42.675917731331054], [23.3276309767207, 42.675892360365]]]}}, {"type": "Feature", "properties": {"id": 17507, "objectid": 24094.0, "park_txt": "Надлъжн", "zona": "Зелена зона", "mestopoloz": "ул. Презвитер Козма", "georef_201": "2017", "vid_txt_20": "Зона", "zabelezhka": null, "obekt": null, "dogovor_sr": null, "dogovor_nu": null, "type": null, "bezplatni_": null, "podzona_nu": "-", "sf_rayon": "-", "bearing_deg": -148.5}, "geometry": {"type": "Polygon", "coordinates": [[[23.32769396667601, 42.675920870480915], [23.327679938933837, 42.6759377288336], [23.32773622132399, 42.67596304351908], [23.32775024906616, 42.675946185166396], [23.32769396667601, 42.675920870480915]]]}}, {"type": "Feature", "properties": {"id": 17508, "objectid": 24095.0, "park_txt": "Надлъжн", "zona": "Зелена зона", "mestopoloz": "ул. Презвитер Козма", "georef_201": "2017", "vid_txt_20": "Зона", "zabelezhka": null, "obekt": null, "dogovor_sr": null, "dogovor_nu": null, "type": null, "bezplatni_": null, "podzona_nu": "-", "sf_rayon": "-", "bearing_deg": -148.5}, "geometry": {"type": "Polygon", "coordinates": [[[23.32775412267601, 42.67594803248092], [23.327740094933837, 42.6759648908336], [23.32779637732399, 42.67599020551908], [23.32781040506616, 42.6759733471664], [23.32775412267601, 42.67594803248092]]]}}, {"type": "Feature", "properties": {"id": 17509, "objectid": 24096.0, "park_txt": "Надлъжн", "zona": "Зелена зона", "mestopoloz": "ул. Презвитер Козма", "georef_201": "2017", "vid_txt_20": "Зона", "zabelezhka": null, "obekt": null, "dogovor_sr": null, "dogovor_nu": null, "type": null, "bezplatni_": null, "podzona_nu": "-", "sf_rayon": "-", "bearing_deg": -148.7}, "geometry": {"type": "Polygon", "coordinates": [[[23.32781433873583, 42.67597491600078], [23.327800367804006, 42.67599179983461], [23.327856735264167, 42.67601701199923], [23.32787070619599, 42.6760001281654], [23.32781433873583, 42.67597491600078]]]}}, {"type": "Feature", "properties": {"id": 17510, "objectid": 24097.0, "park_txt": "Надлъжн", "zona": "Зелена зона", "mestopoloz": "ул. Презвитер Козма", "georef_201": "2017", "vid_txt_20": "Зона", "zabelezhka": null, "obekt": null, "dogovor_sr": null, "dogovor_nu": null, "type": null, "bezplatni_": null, "podzona_nu": "-", "sf_rayon": "-", "bearing_deg": -148.8}, "geometry": {"type": "Polygon", "coordinates": [[[23.32798217836782, 42.676049709976965], [23.32796827363669, 42.676066623325234], [23.328024739632184, 42.67609171602303], [23.328038644363314, 42.67607480267476], [23.32798217836782, 42.676049709976965]]]}}, {"type": "Feature", "properties": {"id": 17511, "objectid": 24098.0, "park_txt": "Надлъжн", "zona": "Зелена зона", "mestopoloz": "ул. Презвитер Козма", "georef_201": "2017", "vid_txt_20": "Зона", "zabelezhka": null, "obekt": null, "dogovor_sr": null, "dogovor_nu": null, "type": null, "bezplatni_": null, "podzona_nu": "-", "sf_rayon": "-", "bearing_deg": -148.9}, "geometry": {"type": "Polygon", "coordinates": [[[23.328045351601872, 42.67607774932752], [23.328031454736887, 42.67609466617006], [23.328087932398123, 42.676119744672484], [23.328101829263108, 42.67610282782994], [23.328045351601872, 42.67607774932752]]]}}, {"type": "Feature", "properties": {"id": 17512, "objectid": 24099.0, "park_txt": "Надлъжн", "zona": "Зелена зона", "mestopoloz": "ул. Презвитер Козма", "georef_201": "2017", "vid_txt_20": "Зона", "zabelezhka": null, "obekt": null, "dogovor_sr": null, "dogovor_nu": null, "type": null, "bezplatni_": null, "podzona_nu": "-", "sf_rayon": "-", "bearing_deg": -148.9}, "geometry": {"type": "Polygon", "coordinates": [[[23.328104986523464, 42.676104217853286], [23.32809109778012, 42.676121138300736], [23.32814758747654, 42.67614620214672], [23.328161476219883, 42.67612928169926], [23.328104986523464, 42.676104217853286]]]}}, {"type": "Feature", "properties": {"id": 17513, "objectid": 24100.0, "park_txt": "Надлъжн", "zona": "Зелена зона", "mestopoloz": "ул. Презвитер Козма", "georef_201": "2017", "vid_txt_20": "Зона", "zabelezhka": null, "obekt": null, "dogovor_sr": null, "dogovor_nu": null, "type": null, "bezplatni_": null, "podzona_nu": "-", "sf_rayon": "-", "bearing_deg": -148.9}, "geometry": {"type": "Polygon", "coordinates": [[[23.328162252504168, 42.67612962686386], [23.328148363776375, 42.67614654731821], [23.32820485349583, 42.67617161113613], [23.328218742223623, 42.67615469068178], [23.328162252504168, 42.67612962686386]]]}}, {"type": "Feature", "properties": {"id": 17514, "objectid": 24101.0, "park_txt": "Надлъжн", "zona": "Зелена зона", "mestopoloz": "ул. Презвитер Козма", "georef_201": "2017", "vid_txt_20": "Зона", "zabelezhka": null, "obekt": null, "dogovor_sr": null, "dogovor_nu": null, "type": null, "bezplatni_": null, "podzona_nu": "-", "sf_rayon": "-", "bearing_deg": -148.9}, "geometry": {"type": "Polygon", "coordinates": [[[23.32822183650223, 42.676156062864926], [23.328207947776, 42.67617298331998], [23.328264437497772, 42.67619804713507], [23.328278326224, 42.676181126680014], [23.32822183650223, 42.676156062864926]]]}}, {"type": "Feature", "properties": {"id": 17515, "objectid": 24102.0, "park_txt": "Надлъжн", "zona": "Зелена зона", "mestopoloz": "ул. Презвитер Козма", "georef_201": "2017", "vid_txt_20": "Зона", "zabelezhka": null, "obekt": null, "dogovor_sr": null, "dogovor_nu": null, "type": null, "bezplatni_": null, "podzona_nu": "-", "sf_rayon": "-", "bearing_deg": -148.9}, "geometry": {"type": "Polygon", "coordinates": [[[23.32827997450223, 42.676181858864936], [23.328266085776, 42.67619877931998], [23.328322575497772, 42.67622384313507], [23.328336464224, 42.676206922680024], [23.32827997450223, 42.676181858864936]]]}}, {"type": "Feature", "properties": {"id": 17516, "objectid": 24103.0, "park_txt": "Надлъжн", "zona": "Зелена зона", "mestopoloz": "ул. Презвитер Козма", "georef_201": "2017", "vid_txt_20": "Зона", "zabelezhka": null, "obekt": null, "dogovor_sr": null, "dogovor_nu": null, "type": null, "bezplatni_": null, "podzona_nu": "-", "sf_rayon": "-", "bearing_deg": -148.8}, "geometry": {"type": "Polygon", "coordinates": [[[23.328335909583163, 42.676206617530084], [23.32832197330185, 42.67622351683617], [23.328378392416834, 42.676248666469924], [23.328392328698147, 42.67623176716384], [23.328335909583163, 42.676206617530084]]]}}, {"type": "Feature", "properties": {"id": 17517, "objectid": 24104.0, "park_txt": "Надлъжн", "zona": "Зелена зона", "mestopoloz": "ул. Презвитер Козма", "georef_201": "2017", "vid_txt_20": "Зона", "zabelezhka": null, "obekt": null, "dogovor_sr": null, "dogovor_nu": null, "type": null, "bezplatni_": null, "podzona_nu": "-", "sf_rayon": "-", "bearing_deg": -148.5}, "geometry": {"type": "Polygon", "coordinates": [[[23.328392541791597, 42.67623163141832], [23.328378513957013, 42.676248489729446], [23.328434796208402, 42.676273804581676], [23.328448824042987, 42.676256946270556], [23.328392541791597, 42.67623163141832]]]}}, {"type": "Feature", "properties": {"id": 17518, "objectid": 24105.0, "park_txt": "Надлъжн", "zona": "Зелена зона", "mestopoloz": "ул. Презвитер Козма", "georef_201": "2017", "vid_txt_20": "Зона", "zabelezhka": null, "obekt": null, "dogovor_sr": null, "dogovor_nu": null, "type": null, "bezplatni_": null, "podzona_nu": "-", "sf_rayon": "-", "bearing_deg": -148.5}, "geometry": {"type": "Polygon", "coordinates": [[[23.328455245816833, 42.67626025833693], [23.3284411971883, 42.676277107285735], [23.32849744818316, 42.67630245966306], [23.328511496811696, 42.67628561071426], [23.328455245816833, 42.67626025833693]]]}}, {"type": "Feature", "properties": {"id": 17519, "objectid": 24106.0, "park_txt": "Надлъжн", "zona": "Зелена зона", "mestopoloz": "ул. Презвитер Козма", "georef_201": "2017", "vid_txt_20": "Зона", "zabelezhka": null, "obekt": null, "dogovor_sr": null, "dogovor_nu": null, "type": null, "bezplatni_": null, "podzona_nu": "-", "sf_rayon": "-", "bearing_deg": -149.5}, "geometry": {"type": "Polygon", "coordinates": [[[23.328511988137063, 42.67628706647912], [23.328498350608843, 42.676304097021706], [23.328555207862937, 42.67632870752089], [23.328568845391153, 42.6763116769783], [23.328511988137063, 42.67628706647912]]]}}, {"type": "Feature", "properties": {"id": 17520, "objectid": 24107.0, "park_txt": "Надлъжн", "zona": "Зелена зона", "mestopoloz": "ул. Презвитер Козма", "georef_201": "2017", "vid_txt_20": "Зона", "zabelezhka": null, "obekt": null, "dogovor_sr": null, "dogovor_nu": null, "type": null, "bezplatni_": null, "podzona_nu": "-", "sf_rayon": "-", "bearing_deg": -151.6}, "geometry": {"type": "Polygon", "coordinates": [[[23.32857017882721, 42.676315102324295], [23.32855740022962, 42.67633248921631], [23.32861544717279, 42.676355549675705], [23.32862822577038, 42.676338162783686], [23.32857017882721, 42.676315102324295]]]}}, {"type": "Feature", "properties": {"id": 17521, "objectid": 24108.0, "park_txt": "Надлъжн", "zona": "Зелена зона", "mestopoloz": "ул. Презвитер Козма", "georef_201": "2017", "vid_txt_20": "Зона", "zabelezhka": null, "obekt": null, "dogovor_sr": null, "dogovor_nu": null, "type": null, "bezplatni_": null, "podzona_nu": "-", "sf_rayon": "-", "bearing_deg": -154.3}, "geometry": {"type": "Polygon", "coordinates": [[[23.328624681108817, 42.6763382347536], [23.32861301427556, 42.676356039094514], [23.328672454891183, 42.676377093246394], [23.328684121724436, 42.67635928890548], [23.328624681108817, 42.6763382347536]]]}}, {"type": "Feature", "properties": {"id": 17522, "objectid": 24109.0, "park_txt": "Надлъжн", "zona": "Зелена зона", "mestopoloz": "ул. Презвитер Козма", "georef_201": "2017", "vid_txt_20": "Зона", "zabelezhka": null, "obekt": null, "dogovor_sr": null, "dogovor_nu": null, "type": null, "bezplatni_": null, "podzona_nu": "-", "sf_rayon": "-", "bearing_deg": -157.1}, "geometry": {"type": "Polygon", "coordinates": [[[23.328680943086166, 42.67635912496115], [23.32867049338565, 42.676377333343964], [23.328731282913836, 42.676396191038855], [23.32874173261435, 42.67637798265604], [23.328680943086166, 42.67635912496115]]]}}, {"type": "Feature", "properties": {"id": 17523, "objectid": 24110.0, "park_txt": "Надлъжн", "zona": "Зелена зона", "mestopoloz": "ул. Презвитер Козма", "georef_201": "2017", "vid_txt_20": "Зона", "zabelezhka": null, "obekt": null, "dogovor_sr": null, "dogovor_nu": null, "type": null, "bezplatni_": null, "podzona_nu": "-", "sf_rayon": "-", "bearing_deg": -159.3}, "geometry": {"type": "Polygon", "coordinates": [[[23.328735834872365, 42.67637581711344], [23.32872631361002, 42.67639429866588], [23.328788015127635, 42.676411480886564], [23.32879753638998, 42.67639299933412], [23.328735834872365, 42.67637581711344]]]}}, {"type": "Feature", "properties": {"id": 17524, "objectid": 24111.0, "park_txt": "Надлъжн", "zona": "Зелена зона", "mestopoloz": "ул. Презвитер Козма", "georef_201": "2017", "vid_txt_20": "Зона", "zabelezhka": null, "obekt": null, "dogovor_sr": null, "dogovor_nu": null, "type": null, "bezplatni_": null, "podzona_nu": "-", "sf_rayon": "-", "bearing_deg": -160.8}, "geometry": {"type": "Polygon", "coordinates": [[[23.328789202922085, 42.67639117490608], [23.328780385000428, 42.67640984413297], [23.328842713077915, 42.67642575709392], [23.328851530999575, 42.67640708786703], [23.328789202922085, 42.67639117490608]]]}}, {"type": "Feature", "properties": {"id": 17525, "objectid": 24112.0, "park_txt": "Надлъжн", "zona": "Зелена зона", "mestopoloz": "ул. Презвитер Козма", "georef_201": "2017", "vid_txt_20": "Зона", "zabelezhka": null, "obekt": null, "dogovor_sr": null, "dogovor_nu": null, "type": null, "bezplatni_": null, "podzona_nu": "-", "sf_rayon": "-", "bearing_deg": -160.8}, "geometry": {"type": "Polygon", "coordinates": [[[23.328845476922083, 42.67640545290608], [23.328836659000427, 42.67642412213297], [23.328898987077913, 42.676440035093925], [23.328907804999574, 42.67642136586703], [23.328845476922083, 42.67640545290608]]]}}, {"type": "Feature", "properties": {"id": 17526, "objectid": 24113.0, "park_txt": "Надлъжн", "zona": "Зелена зона", "mestopoloz": "ул. Презвитер Козма", "georef_201": "2017", "vid_txt_20": "Зона", "zabelezhka": null, "obekt": null, "dogovor_sr": null, "dogovor_nu": null, "type": null, "bezplatni_": null, "podzona_nu": "-", "sf_rayon": "-", "bearing_deg": -162.0}, "geometry": {"type": "Polygon", "coordinates": [[[23.32889919108051, 42.67641877575459], [23.328890881472777, 42.676437570595816], [23.328953628919493, 42.67645256624541], [23.328961938527225, 42.676433771404184], [23.32889919108051, 42.67641877575459]]]}}, {"type": "Feature", "properties": {"id": 17527, "objectid": 24114.0, "park_txt": "Надлъжн", "zona": "Зелена зона", "mestopoloz": "ул. Презвитер Козма", "georef_201": "2017", "vid_txt_20": "Зона", "zabelezhka": null, "obekt": null, "dogovor_sr": null, "dogovor_nu": null, "type": null, "bezplatni_": null, "podzona_nu": "-", "sf_rayon": "-", "bearing_deg": -162.0}, "geometry": {"type": "Polygon", "coordinates": [[[23.328956539080508, 42.676431644754594], [23.328948229472775, 42.67645043959582], [23.32901097691949, 42.676465435245404], [23.329019286527224, 42.67644664040419], [23.328956539080508, 42.676431644754594]]]}}, {"type": "Feature", "properties": {"id": 17528, "objectid": 24115.0, "park_txt": "Надлъжн", "zona": "Зелена зона", "mestopoloz": "ул. Презвитер Козма", "georef_201": "2017", "vid_txt_20": "Зона", "zabelezhka": null, "obekt": null, "dogovor_sr": null, "dogovor_nu": null, "type": null, "bezplatni_": null, "podzona_nu": "-", "sf_rayon": "-", "bearing_deg": -162.0}, "geometry": {"type": "Polygon", "coordinates": [[[23.329014629080508, 42.67644370275459], [23.329006319472775, 42.67646249759581], [23.329069066919487, 42.6764774932454], [23.32907737652722, 42.676458698404176], [23.329014629080508, 42.67644370275459]]]}}, {"type": "Feature", "properties": {"id": 17529, "objectid": 24116.0, "park_txt": "Надлъжн", "zona": "Зелена зона", "mestopoloz": "ул. Света гора", "georef_201": "2017", "vid_txt_20": "Зона", "zabelezhka": null, "obekt": null, "dogovor_sr": null, "dogovor_nu": null, "type": null, "bezplatni_": null, "podzona_nu": "-", "sf_rayon": "-", "bearing_deg": 97.8}, "geometry": {"type": "Polygon", "coordinates": [[[23.3293892758042, 42.67644758638035], [23.329415909024316, 42.67645026035004], [23.329424836195802, 42.676402197619645], [23.32939820297569, 42.676399523649955], [23.3293892758042, 42.67644758638035]]]}}, {"type": "Feature", "properties": {"id": 17530, "objectid": 24117.0, "park_txt": "Надлъжн", "zona": "Зелена зона", "mestopoloz": "ул. Света гора", "georef_201": "2017", "vid_txt_20": "Зона", "zabelezhka": null, "obekt": null, "dogovor_sr": null, "dogovor_nu": null, "type": null, "bezplatni_": null, "podzona_nu": "-", "sf_rayon": "-", "bearing_deg": 97.8}, "geometry": {"type": "Polygon", "coordinates": [[[23.3293983458042, 42.676397469380355], [23.329424979024314, 42.67640014335004], [23.329433906195803, 42.676352080619644], [23.32940727297569, 42.67634940664996], [23.3293983458042, 42.676397469380355]]]}}, {"type": "Feature", "properties": {"id": 17531, "objectid": 24118.0, "park_txt": "Надлъжн", "zona": "Зелена зона", "mestopoloz": "ул. Света гора", "georef_201": "2017", "vid_txt_20": "Зона", "zabelezhka": null, "obekt": null, "dogovor_sr": null, "dogovor_nu": null, "type": null, "bezplatni_": null, "podzona_nu": "-", "sf_rayon": "-", "bearing_deg": 100.5}, "geometry": {"type": "Polygon", "coordinates": [[[23.32940863873202, 42.67634113722395], [23.329435069960773, 42.67634473498965], [23.32944708126798, 42.676297036776056], [23.329420650039225, 42.67629343901035], [23.32940863873202, 42.67634113722395]]]}}, {"type": "Feature", "properties": {"id": 17532, "objectid": 24119.0, "park_txt": "Надлъжн", "zona": "Зелена зона", "mestopoloz": "ул. Света гора", "georef_201": "2017", "vid_txt_20": "Зона", "zabelezhka": null, "obekt": null, "dogovor_sr": null, "dogovor_nu": null, "type": null, "bezplatni_": null, "podzona_nu": "-", "sf_rayon": "-", "bearing_deg": 100.5}, "geometry": {"type": "Polygon", "coordinates": [[[23.32942251373202, 42.67628603222395], [23.329448944960774, 42.676289629989654], [23.32946095626798, 42.676241931776055], [23.329434525039225, 42.67623833401036], [23.32942251373202, 42.67628603222395]]]}}, {"type": "Feature", "properties": {"id": 17533, "objectid": 24120.0, "park_txt": "Надлъжн", "zona": "Зелена зона", "mestopoloz": "ул. Света гора", "georef_201": "2017", "vid_txt_20": "Зона", "zabelezhka": null, "obekt": null, "dogovor_sr": null, "dogovor_nu": null, "type": null, "bezplatni_": null, "podzona_nu": "-", "sf_rayon": "-", "bearing_deg": 101.8}, "geometry": {"type": "Polygon", "coordinates": [[[23.329437342398883, 42.67623142061419], [23.32946365154784, 42.67623547329228], [23.32947718160111, 42.67618799538581], [23.329450872452156, 42.676183942707716], [23.329437342398883, 42.67623142061419]]]}}, {"type": "Feature", "properties": {"id": 17534, "objectid": 24121.0, "park_txt": "Надлъжн", "zona": "Зелена зона", "mestopoloz": "ул. Света гора", "georef_201": "2017", "vid_txt_20": "Зона", "zabelezhka": null, "obekt": null, "dogovor_sr": null, "dogovor_nu": null, "type": null, "bezplatni_": null, "podzona_nu": "-", "sf_rayon": "-", "bearing_deg": 103.7}, "geometry": {"type": "Polygon", "coordinates": [[[23.329454805621577, 42.676173926999105], [23.329480918745404, 42.67617861515731], [23.32949657037842, 42.676131491000895], [23.329470457254594, 42.67612680284269], [23.329454805621577, 42.676173926999105]]]}}, {"type": "Feature", "properties": {"id": 17535, "objectid": 24122.0, "park_txt": "Надлъжн", "zona": "Зелена зона", "mestopoloz": "ул. Света гора", "georef_201": "2017", "vid_txt_20": "Зона", "zabelezhka": null, "obekt": null, "dogovor_sr": null, "dogovor_nu": null, "type": null, "bezplatni_": null, "podzona_nu": "-", "sf_rayon": "-", "bearing_deg": 103.7}, "geometry": {"type": "Polygon", "coordinates": [[[23.329474653621578, 42.67611600699911], [23.329500766745404, 42.676120695157316], [23.32951641837842, 42.67607357100089], [23.329490305254595, 42.67606888284269], [23.329474653621578, 42.67611600699911]]]}}, {"type": "Feature", "properties": {"id": 17536, "objectid": 24123.0, "park_txt": "Надлъжн", "zona": "Зелена зона", "mestopoloz": "ул. Света гора", "georef_201": "2017", "vid_txt_20": "Зона", "zabelezhka": null, "obekt": null, "dogovor_sr": null, "dogovor_nu": null, "type": null, "bezplatni_": null, "podzona_nu": "-", "sf_rayon": "-", "bearing_deg": 104.2}, "geometry": {"type": "Polygon", "coordinates": [[[23.329492151077446, 42.67606409111159], [23.32951820836847, 42.67606894428806], [23.329534410922555, 42.67602192088841], [23.32950835363153, 42.676017067711946], [23.329492151077446, 42.67606409111159]]]}}, {"type": "Feature", "properties": {"id": 17537, "objectid": 24124.0, "park_txt": "Надлъжн", "zona": "Зелена зона", "mestopoloz": "ул. Света гора", "georef_201": "2017", "vid_txt_20": "Зона", "zabelezhka": null, "obekt": null, "dogovor_sr": null, "dogovor_nu": null, "type": null, "bezplatni_": null, "podzona_nu": "-", "sf_rayon": "-", "bearing_deg": 104.4}, "geometry": {"type": "Polygon", "coordinates": [[[23.3295111482893, 42.6760106611333], [23.329537183827288, 42.676015577010496], [23.3295535957107, 42.67596859286671], [23.32952756017271, 42.67596367698951], [23.3295111482893, 42.6760106611333]]]}}, {"type": "Feature", "properties": {"id": 17538, "objectid": 24125.0, "park_txt": "Надлъжн", "zona": "Зелена зона", "mestopoloz": "ул. Света гора", "georef_201": "2017", "vid_txt_20": "Зона", "zabelezhka": null, "obekt": null, "dogovor_sr": null, "dogovor_nu": null, "type": null, "bezplatni_": null, "podzona_nu": "-", "sf_rayon": "-", "bearing_deg": 104.7}, "geometry": {"type": "Polygon", "coordinates": [[[23.3295337384752, 42.67594579569839], [23.32955973497802, 42.675950822001916], [23.3295765155248, 42.67590390830161], [23.329550519021975, 42.67589888199808], [23.3295337384752, 42.67594579569839]]]}}, {"type": "Feature", "properties": {"id": 17539, "objectid": 24126.0, "park_txt": "Надлъжн", "zona": "Зелена зона", "mestopoloz": "ул. Димитър Димов", "georef_201": "2017", "vid_txt_20": "Зона", "zabelezhka": null, "obekt": null, "dogovor_sr": null, "dogovor_nu": null, "type": null, "bezplatni_": null, "podzona_nu": "-", "sf_rayon": "-", "bearing_deg": -159.7}, "geometry": {"type": "Polygon", "coordinates": [[[23.32772777268936, 42.67528794575458], [23.32771846015979, 42.675306484707214], [23.327780353310636, 42.67532329024543], [23.327789665840207, 42.67530475129279], [23.32772777268936, 42.67528794575458]]]}}, {"type": "Feature", "properties": {"id": 17540, "objectid": 24127.0, "park_txt": "Надлъжн", "zona": "Зелена зона", "mestopoloz": "ул. Димитър Димов", "georef_201": "2017", "vid_txt_20": "Зона", "zabelezhka": null, "obekt": null, "dogovor_sr": null, "dogovor_nu": null, "type": null, "bezplatni_": null, "podzona_nu": "-", "sf_rayon": "-", "bearing_deg": -159.7}, "geometry": {"type": "Polygon", "coordinates": [[[23.32780135168936, 42.67530792375458], [23.32779203915979, 42.67532646270721], [23.327853932310635, 42.67534326824543], [23.327863244840206, 42.67532472929279], [23.32780135168936, 42.67530792375458]]]}}, {"type": "Feature", "properties": {"id": 17541, "objectid": 24128.0, "park_txt": "Надлъжн", "zona": "Зелена зона", "mestopoloz": "ул. Димитър Димов", "georef_201": "2017", "vid_txt_20": "Зона", "zabelezhka": null, "obekt": null, "dogovor_sr": null, "dogovor_nu": null, "type": null, "bezplatni_": null, "podzona_nu": "-", "sf_rayon": "-", "bearing_deg": -159.7}, "geometry": {"type": "Polygon", "coordinates": [[[23.32786980363993, 42.67532651079433], [23.327860491162212, 42.67534504976105], [23.327922384360065, 42.67536185520568], [23.327931696837787, 42.67534331623896], [23.32786980363993, 42.67532651079433]]]}}, {"type": "Feature", "properties": {"id": 17542, "objectid": 24129.0, "park_txt": "Надлъжн", "zona": "Зелена зона", "mestopoloz": "ул. Димитър Димов", "georef_201": "2017", "vid_txt_20": "Зона", "zabelezhka": null, "obekt": null, "dogovor_sr": null, "dogovor_nu": null, "type": null, "bezplatni_": null, "podzona_nu": "-", "sf_rayon": "-", "bearing_deg": -159.7}, "geometry": {"type": "Polygon", "coordinates": [[[23.327941444633698, 42.675345962799334], [23.32793213216252, 42.675364501767824], [23.327994025366305, 42.67538130720066], [23.32800333783748, 42.67536276823216], [23.327941444633698, 42.675345962799334]]]}}, {"type": "Feature", "properties": {"id": 17543, "objectid": 24130.0, "park_txt": "Надлъжн", "zona": "Зелена зона", "mestopoloz": "ул. Димитър Димов", "georef_201": "2017", "vid_txt_20": "Зона", "zabelezhka": null, "obekt": null, "dogovor_sr": null, "dogovor_nu": null, "type": null, "bezplatni_": null, "podzona_nu": "-", "sf_rayon": "-", "bearing_deg": -159.7}, "geometry": {"type": "Polygon", "coordinates": [[[23.328009609555732, 42.67536447086204], [23.328000297166344, 42.67538300985274], [23.328062190444268, 42.67539981513796], [23.328071502833655, 42.675381276147256], [23.328009609555732, 42.67536447086204]]]}}, {"type": "Feature", "properties": {"id": 17544, "objectid": 24131.0, "park_txt": "Надлъжн", "zona": "Зелена зона", "mestopoloz": "ул. Димитър Димов", "georef_201": "2017", "vid_txt_20": "Зона", "zabelezhka": null, "obekt": null, "dogovor_sr": null, "dogovor_nu": null, "type": null, "bezplatni_": null, "podzona_nu": "-", "sf_rayon": "-", "bearing_deg": -159.7}, "geometry": {"type": "Polygon", "coordinates": [[[23.328075315560685, 42.67538231185805], [23.3280660031661, 42.675400850847346], [23.328127896439316, 42.675417656141946], [23.328137208833898, 42.67539911715266], [23.328075315560685, 42.67538231185805]]]}}, {"type": "Feature", "properties": {"id": 17545, "objectid": 24132.0, "park_txt": "Надлъжн", "zona": "Зелена зона", "mestopoloz": "ул. Димитър Димов", "georef_201": "2017", "vid_txt_20": "Зона", "zabelezhka": null, "obekt": null, "dogovor_sr": null, "dogovor_nu": null, "type": null, "bezplatni_": null, "podzona_nu": "-", "sf_rayon": "-", "bearing_deg": -159.7}, "geometry": {"type": "Polygon", "coordinates": [[[23.328140802560686, 42.67540009285805], [23.3281314901661, 42.67541863184734], [23.328193383439316, 42.67543543714194], [23.328202695833898, 42.675416898152655], [23.328140802560686, 42.67540009285805]]]}}, {"type": "Feature", "properties": {"id": 17546, "objectid": 24133.0, "park_txt": "Надлъжн", "zona": "Зелена зона", "mestopoloz": "ул. Димитър Димов", "georef_201": "2017", "vid_txt_20": "Зона", "zabelezhka": null, "obekt": null, "dogovor_sr": null, "dogovor_nu": null, "type": null, "bezplatni_": null, "podzona_nu": "-", "sf_rayon": "-", "bearing_deg": -159.7}, "geometry": {"type": "Polygon", "coordinates": [[[23.328205845517882, 42.675417752892486], [23.328196533168203, 42.67543629189396], [23.32825842648212, 42.67545309710753], [23.3282677388318, 42.675434558106055], [23.328205845517882, 42.675417752892486]]]}}, {"type": "Feature", "properties": {"id": 17547, "objectid": 24134.0, "park_txt": "Надлъжн", "zona": "Зелена зона", "mestopoloz": "ул. Димитър Димов", "georef_201": "2017", "vid_txt_20": "Зона", "zabelezhka": null, "obekt": null, "dogovor_sr": null, "dogovor_nu": null, "type": null, "bezplatni_": null, "podzona_nu": "-", "sf_rayon": "-", "bearing_deg": -159.7}, "geometry": {"type": "Polygon", "coordinates": [[[23.328274483480865, 42.67543638992223], [23.328265171170013, 42.675454928934265], [23.328327064519133, 42.67547173407776], [23.328336376829984, 42.67545319506573], [23.328274483480865, 42.67543638992223]]]}}, {"type": "Feature", "properties": {"id": 17548, "objectid": 24135.0, "park_txt": "Надлъжн", "zona": "Зелена зона", "mestopoloz": "ул. Димитър Димов", "georef_201": "2017", "vid_txt_20": "Зона", "zabelezhka": null, "obekt": null, "dogovor_sr": null, "dogovor_nu": null, "type": null, "bezplatni_": null, "podzona_nu": "-", "sf_rayon": "-", "bearing_deg": -159.7}, "geometry": {"type": "Polygon", "coordinates": [[[23.328341825516567, 42.675454673893526], [23.328332513168263, 42.67547321289539], [23.328394406483433, 42.675490018106466], [23.328403718831737, 42.67547147910461], [23.328341825516567, 42.675454673893526]]]}}, {"type": "Feature", "properties": {"id": 17549, "objectid": 24136.0, "park_txt": "Надлъжн", "zona": "Зелена зона", "mestopoloz": "ул. Димитър Димов", "georef_201": "2017", "vid_txt_20": "Зона", "zabelezhka": null, "obekt": null, "dogovor_sr": null, "dogovor_nu": null, "type": null, "bezplatni_": null, "podzona_nu": "-", "sf_rayon": "-", "bearing_deg": -159.7}, "geometry": {"type": "Polygon", "coordinates": [[[23.328412626532625, 42.675473897880615], [23.328403314167478, 42.6754924368779], [23.328465207467378, 42.67550924211939], [23.328474519832522, 42.675490703122094], [23.328412626532625, 42.675473897880615]]]}}, {"type": "Feature", "properties": {"id": 17550, "objectid": 24137.0, "park_txt": "Надлъжн", "zona": "Зелена зона", "mestopoloz": "ул. Димитър Димов", "georef_201": "2017", "vid_txt_20": "Зона", "zabelezhka": null, "obekt": null, "dogovor_sr": null, "dogovor_nu": null, "type": null, "bezplatni_": null, "podzona_nu": "-", "sf_rayon": "-", "bearing_deg": -159.7}, "geometry": {"type": "Polygon", "coordinates": [[[23.328578230577904, 42.67551886284421], [23.328568918165256, 42.67553740182859], [23.328630811422094, 42.67555420715579], [23.328640123834745, 42.675535668171406], [23.328578230577904, 42.67551886284421]]]}}, {"type": "Feature", "properties": {"id": 17551, "objectid": 24138.0, "park_txt": "Надлъжн", "zona": "Зелена зона", "mestopoloz": "ул. Димитър Димов", "georef_201": "2017", "vid_txt_20": "Зона", "zabelezhka": null, "obekt": null, "dogovor_sr": null, "dogovor_nu": null, "type": null, "bezplatni_": null, "podzona_nu": "-", "sf_rayon": "-", "bearing_deg": -159.7}, "geometry": {"type": "Polygon", "coordinates": [[[23.328646616770172, 42.67553743068959], [23.328637304155826, 42.67555596961921], [23.328699197229827, 42.67557277531041], [23.328708509844173, 42.67555423638078], [23.328646616770172, 42.67553743068959]]]}}, {"type": "Feature", "properties": {"id": 17552, "objectid": 24139.0, "park_txt": "Надлъжн", "zona": "Зелена зона", "mestopoloz": "ул. Димитър Димов", "georef_201": "2017", "vid_txt_20": "Зона", "zabelezhka": null, "obekt": null, "dogovor_sr": null, "dogovor_nu": null, "type": null, "bezplatni_": null, "podzona_nu": "-", "sf_rayon": "-", "bearing_deg": -159.7}, "geometry": {"type": "Polygon", "coordinates": [[[23.328721306996176, 42.67555771150786], [23.328711994144747, 42.6755762503731], [23.328773887003823, 42.67559305649214], [23.328783199855256, 42.6755745176269], [23.328721306996176, 42.67555771150786]]]}}, {"type": "Feature", "properties": {"id": 17553, "objectid": 24142.0, "park_txt": "Надлъжн", "zona": "Зелена зона", "mestopoloz": "ул. Димитър Димов", "georef_201": "2017", "vid_txt_20": "Зона", "zabelezhka": null, "obekt": null, "dogovor_sr": null, "dogovor_nu": null, "type": null, "bezplatni_": null, "podzona_nu": "-", "sf_rayon": "-", "bearing_deg": -159.7}, "geometry": {"type": "Polygon", "coordinates": [[[23.32888915605284, 42.6756032894623], [23.328879843141966, 42.67562182831141], [23.328941735947165, 42.675638634537705], [23.328951048858034, 42.67562009568859], [23.32888915605284, 42.6756032894623]]]}}, {"type": "Feature", "properties": {"id": 17554, "objectid": 24143.0, "park_txt": "Надлъжн", "zona": "Зелена зона", "mestopoloz": "ул. Димитър Димов", "georef_201": "2017", "vid_txt_20": "Зона", "zabelezhka": null, "obekt": null, "dogovor_sr": null, "dogovor_nu": null, "type": null, "bezplatni_": null, "podzona_nu": "-", "sf_rayon": "-", "bearing_deg": -159.7}, "geometry": {"type": "Polygon", "coordinates": [[[23.32895525705073, 42.67562123746399], [23.32894594414207, 42.67563977631371], [23.329007836949277, 42.67565658253602], [23.329017149857933, 42.675638043686305], [23.32895525705073, 42.67562123746399]]]}}, {"type": "Feature", "properties": {"id": 17555, "objectid": 24144.0, "park_txt": "Надлъжн", "zona": "Зелена зона", "mestopoloz": "ул. Димитър Димов", "georef_201": "2017", "vid_txt_20": "Зона", "zabelezhka": null, "obekt": null, "dogovor_sr": null, "dogovor_nu": null, "type": null, "bezplatni_": null, "podzona_nu": "-", "sf_rayon": "-", "bearing_deg": -159.7}, "geometry": {"type": "Polygon", "coordinates": [[[23.329020347917083, 42.67563891257146], [23.329011035148625, 42.67565745145924], [23.32907292808292, 42.67567425742854], [23.329082240851378, 42.67565571854077], [23.329020347917083, 42.67563891257146]]]}}, {"type": "Feature", "properties": {"id": 17556, "objectid": 24145.0, "park_txt": "Надлъжн", "zona": "Зелена зона", "mestopoloz": "ул. Димитър Димов", "georef_201": "2017", "vid_txt_20": "Зона", "zabelezhka": null, "obekt": null, "dogovor_sr": null, "dogovor_nu": null, "type": null, "bezplatni_": null, "podzona_nu": "-", "sf_rayon": "-", "bearing_deg": -159.7}, "geometry": {"type": "Polygon", "coordinates": [[[23.329084511872928, 42.67565633560697], [23.329075199150786, 42.675674874507315], [23.32913709212707, 42.67569168039303], [23.32914640484921, 42.67567314149268], [23.329084511872928, 42.67565633560697]]]}}, {"type": "Feature", "properties": {"id": 17557, "objectid": 24146.0, "park_txt": "Надлъжн", "zona": "Зелена зона", "mestopoloz": "ул. Димитър Димов", "georef_201": "2017", "vid_txt_20": "Зона", "zabelezhka": null, "obekt": null, "dogovor_sr": null, "dogovor_nu": null, "type": null, "bezplatni_": null, "podzona_nu": "-", "sf_rayon": "-", "bearing_deg": -159.7}, "geometry": {"type": "Polygon", "coordinates": [[[23.329146348829617, 42.6756731266418], [23.32913703615291, 42.67569166555449], [23.329198929170385, 42.675708471358206], [23.329208241847088, 42.675689932445515], [23.329146348829617, 42.6756731266418]]]}}, {"type": "Feature", "properties": {"id": 17558, "objectid": 24147.0, "park_txt": "Надлъжн", "zona": "Зелена зона", "mestopoloz": "ул. Димитър Димов", "georef_201": "2017", "vid_txt_20": "Зона", "zabelezhka": null, "obekt": null, "dogovor_sr": null, "dogovor_nu": null, "type": null, "bezplatni_": null, "podzona_nu": "-", "sf_rayon": "-", "bearing_deg": -159.7}, "geometry": {"type": "Polygon", "coordinates": [[[23.329208762829616, 42.67569007264179], [23.329199450152913, 42.675708611554484], [23.329261343170383, 42.6757254173582], [23.32927065584709, 42.67570687844551], [23.329208762829616, 42.67569007264179]]]}}, {"type": "Feature", "properties": {"id": 17559, "objectid": 24148.0, "park_txt": "Надлъжн", "zona": "Зелена зона", "mestopoloz": "ул. Димитър Димов", "georef_201": "2017", "vid_txt_20": "Зона", "zabelezhka": null, "obekt": null, "dogovor_sr": null, "dogovor_nu": null, "type": null, "bezplatni_": null, "podzona_nu": "-", "sf_rayon": "-", "bearing_deg": -159.7}, "geometry": {"type": "Polygon", "coordinates": [[[23.329270806863676, 42.67570691961441], [23.329261494151247, 42.6757254585174], [23.32932338713633, 42.67574226438559], [23.32933269984876, 42.6757237254826], [23.329270806863676, 42.67570691961441]]]}}, {"type": "Feature", "properties": {"id": 17560, "objectid": 24149.0, "park_txt": "Надлъжн", "zona": "Зелена зона", "mestopoloz": "ул. Димитър Димов", "georef_201": "2017", "vid_txt_20": "Зона", "zabelezhka": null, "obekt": null, "dogovor_sr": null, "dogovor_nu": null, "type": null, "bezplatni_": null, "podzona_nu": "-", "sf_rayon": "-", "bearing_deg": -159.7}, "geometry": {"type": "Polygon", "coordinates": [[[23.329331489838996, 42.67572339763425], [23.32932217715245, 42.67574193654426], [23.329384070160998, 42.67575874236575], [23.329393382847545, 42.67574020345574], [23.329331489838996, 42.67572339763425]]]}}, {"type": "Feature", "properties": {"id": 17561, "objectid": 24150.0, "park_txt": "Надлъжн", "zona": "Зелена зона", "mestopoloz": "ул. Димитър Димов", "georef_201": "2017", "vid_txt_20": "Зона", "zabelezhka": null, "obekt": null, "dogovor_sr": null, "dogovor_nu": null, "type": null, "bezplatni_": null, "podzona_nu": "-", "sf_rayon": "-", "bearing_deg": -159.7}, "geometry": {"type": "Polygon", "coordinates": [[[23.329397255838998, 42.67574125563425], [23.329387943152454, 42.67575979454426], [23.329449836161004, 42.67577660036576], [23.329459148847548, 42.67575806145574], [23.329397255838998, 42.67574125563425]]]}}, {"type": "Feature", "properties": {"id": 17562, "objectid": 24151.0, "park_txt": "Надлъжн", "zona": "Зелена зона", "mestopoloz": "ул. Димитър Димов", "georef_201": "2017", "vid_txt_20": "Зона", "zabelezhka": null, "obekt": null, "dogovor_sr": null, "dogovor_nu": null, "type": null, "bezplatni_": null, "podzona_nu": "-", "sf_rayon": "-", "bearing_deg": -159.8}, "geometry": {"type": "Polygon", "coordinates": [[[23.329462859436052, 42.6757590790032], [23.329453557666007, 42.67577762087541], [23.329515460563954, 42.6757944069968], [23.329524762333996, 42.67577586512459], [23.329462859436052, 42.6757590790032]]]}}, {"type": "Feature", "properties": {"id": 17563, "objectid": 24152.0, "park_txt": "Надлъжн", "zona": "Зелена зона", "mestopoloz": "ул. Света гора", "georef_201": "2017", "vid_txt_20": "Зона", "zabelezhka": null, "obekt": null, "dogovor_sr": null, "dogovor_nu": null, "type": null, "bezplatni_": null, "podzona_nu": "-", "sf_rayon": "-", "bearing_deg": 105.5}, "geometry": {"type": "Polygon", "coordinates": [[[23.329610144082835, 42.67573473757279], [23.32963604954597, 42.67574001183585], [23.32965365791716, 42.6756932624272], [23.329627752454023, 42.67568798816414], [23.329610144082835, 42.67573473757279]]]}}, {"type": "Feature", "properties": {"id": 17564, "objectid": 24153.0, "park_txt": "Надлъжн", "zona": "Зелена зона", "mestopoloz": "ул. Света гора", "georef_201": "2017", "vid_txt_20": "Зона", "zabelezhka": null, "obekt": null, "dogovor_sr": null, "dogovor_nu": null, "type": null, "bezplatni_": null, "podzona_nu": "-", "sf_rayon": "-", "bearing_deg": 105.9}, "geometry": {"type": "Polygon", "coordinates": [[[23.329631375296444, 42.67567990534327], [23.32965722363713, 42.6756853289813], [23.329675330703562, 42.67563868265673], [23.329649482362875, 42.675633259018696], [23.329631375296444, 42.67567990534327]]]}}, {"type": "Feature", "properties": {"id": 17565, "objectid": 24154.0, "park_txt": "Надлъжн", "zona": "Зелена зона", "mestopoloz": "ул. Света гора", "georef_201": "2017", "vid_txt_20": "Зона", "zabelezhka": null, "obekt": null, "dogovor_sr": null, "dogovor_nu": null, "type": null, "bezplatni_": null, "podzona_nu": "-", "sf_rayon": "-", "bearing_deg": 107.0}, "geometry": {"type": "Polygon", "coordinates": [[[23.329651029789375, 42.67562812832229], [23.329676733638312, 42.675633911250195], [23.329696040210628, 42.67558752567772], [23.32967033636169, 42.67558174274981], [23.329651029789375, 42.67562812832229]]]}}, {"type": "Feature", "properties": {"id": 17566, "objectid": 24155.0, "park_txt": "Надлъжн", "zona": "Зелена зона", "mestopoloz": "ул. Света гора", "georef_201": "2017", "vid_txt_20": "Зона", "zabelezhka": null, "obekt": null, "dogovor_sr": null, "dogovor_nu": null, "type": null, "bezplatni_": null, "podzona_nu": "-", "sf_rayon": "-", "bearing_deg": 107.0}, "geometry": {"type": "Polygon", "coordinates": [[[23.329672174789373, 42.675574209322285], [23.32969787863831, 42.67557999225019], [23.329717185210626, 42.67553360667772], [23.32969148136169, 42.67552782374981], [23.329672174789373, 42.675574209322285]]]}}, {"type": "Feature", "properties": {"id": 17567, "objectid": 24156.0, "park_txt": "Надлъжн", "zona": "Зелена зона", "mestopoloz": "ул. Света гора", "georef_201": "2017", "vid_txt_20": "Зона", "zabelezhka": null, "obekt": null, "dogovor_sr": null, "dogovor_nu": null, "type": null, "bezplatni_": null, "podzona_nu": "-", "sf_rayon": "-", "bearing_deg": 108.1}, "geometry": {"type": "Polygon", "coordinates": [[[23.329694236576284, 42.67552168322486], [23.32971979074881, 42.67552781423918], [23.32974025942372, 42.67548169877514], [23.32971470525119, 42.67547556776081], [23.329694236576284, 42.67552168322486]]]}}, {"type": "Feature", "properties": {"id": 17568, "objectid": 24157.0, "park_txt": "Надлъжн", "zona": "Зелена зона", "mestopoloz": "ул. Света гора", "georef_201": "2017", "vid_txt_20": "Зона", "zabelezhka": null, "obekt": null, "dogovor_sr": null, "dogovor_nu": null, "type": null, "bezplatni_": null, "podzona_nu": "-", "sf_rayon": "-", "bearing_deg": 109.5}, "geometry": {"type": "Polygon", "coordinates": [[[23.329718526118896, 42.67547174385065], [23.329743862194217, 42.675478346031724], [23.329765903881103, 42.675432624149344], [23.329740567805782, 42.67542602196828], [23.329718526118896, 42.67547174385065]]]}}, {"type": "Feature", "properties": {"id": 17569, "objectid": 24158.0, "park_txt": "Надлъжн", "zona": "Зелена зона", "mestopoloz": "ул. Света гора", "georef_201": "2017", "vid_txt_20": "Зона", "zabelezhka": null, "obekt": null, "dogovor_sr": null, "dogovor_nu": null, "type": null, "bezplatni_": null, "podzona_nu": "-", "sf_rayon": "-", "bearing_deg": 111.3}, "geometry": {"type": "Polygon", "coordinates": [[[23.329745816073153, 42.67541547884209], [23.329770862839567, 42.67542265294887], [23.329794813926853, 42.675377453157914], [23.32976976716044, 42.67537027905114], [23.329745816073153, 42.67541547884209]]]}}, {"type": "Feature", "properties": {"id": 17570, "objectid": 24159.0, "park_txt": "Надлъжн", "zona": "Зелена зона", "mestopoloz": "ул. Света гора", "georef_201": "2017", "vid_txt_20": "Зона", "zabelezhka": null, "obekt": null, "dogovor_sr": null, "dogovor_nu": null, "type": null, "bezplatni_": null, "podzona_nu": "-", "sf_rayon": "-", "bearing_deg": 112.8}, "geometry": {"type": "Polygon", "coordinates": [[[23.329775049989795, 42.675363232624], [23.329799827562027, 42.675370895374876], [23.32982541001021, 42.675326181376], [23.329800632437973, 42.675318518625126], [23.329775049989795, 42.675363232624]]]}}, {"type": "Feature", "properties": {"id": 17571, "objectid": 24160.0, "park_txt": "Надлъжн", "zona": "Зелена зона", "mestopoloz": "ул. Света гора", "georef_201": "2017", "vid_txt_20": "Зона", "zabelezhka": null, "obekt": null, "dogovor_sr": null, "dogovor_nu": null, "type": null, "bezplatni_": null, "podzona_nu": "-", "sf_rayon": "-", "bearing_deg": 114.0}, "geometry": {"type": "Polygon", "coordinates": [[[23.329920686780287, 42.67513416496215], [23.329945244177946, 42.67514220170622], [23.329972075219715, 42.67509788503785], [23.329947517822056, 42.67508984829378], [23.329920686780287, 42.67513416496215]]]}}, {"type": "Feature", "properties": {"id": 17572, "objectid": 24161.0, "park_txt": "Надлъжн", "zona": "Зелена зона", "mestopoloz": "ул. Света гора", "georef_201": "2017", "vid_txt_20": "Зона", "zabelezhka": null, "obekt": null, "dogovor_sr": null, "dogovor_nu": null, "type": null, "bezplatni_": null, "podzona_nu": "-", "sf_rayon": "-", "bearing_deg": 114.0}, "geometry": {"type": "Polygon", "coordinates": [[[23.329882438780285, 42.67518859096215], [23.329906996177947, 42.67519662770622], [23.329933827219715, 42.67515231103785], [23.329909269822053, 42.67514427429378], [23.329882438780285, 42.67518859096215]]]}}, {"type": "Feature", "properties": {"id": 17573, "objectid": 24162.0, "park_txt": "Надлъжн", "zona": "Зелена зона", "mestopoloz": "ул. Света гора", "georef_201": "2017", "vid_txt_20": "Зона", "zabelezhka": null, "obekt": null, "dogovor_sr": null, "dogovor_nu": null, "type": null, "bezplatni_": null, "podzona_nu": "-", "sf_rayon": "-", "bearing_deg": 114.0}, "geometry": {"type": "Polygon", "coordinates": [[[23.32984010978029, 42.67524681496216], [23.329864667177947, 42.67525485170622], [23.329891498219716, 42.67521053503785], [23.329866940822058, 42.675202498293785], [23.32984010978029, 42.67524681496216]]]}}, {"type": "Feature", "properties": {"id": 17574, "objectid": 24163.0, "park_txt": "Надлъжн", "zona": "Зелена зона", "mestopoloz": "бул. Джеймс Баучер", "georef_201": "2017", "vid_txt_20": "Зона", "zabelezhka": null, "obekt": null, "dogovor_sr": null, "dogovor_nu": null, "type": null, "bezplatni_": null, "podzona_nu": "-", "sf_rayon": "-", "bearing_deg": 68.9}, "geometry": {"type": "Polygon", "coordinates": [[[23.328425874616503, 42.674481974905966], [23.3284509447465, 42.674474845047285], [23.328427141383493, 42.67442960309404], [23.328402071253496, 42.67443673295272], [23.328425874616503, 42.674481974905966]]]}}, {"type": "Feature", "properties": {"id": 17575, "objectid": 24164.0, "park_txt": "Надлъжн", "zona": "Зелена зона", "mestopoloz": "бул. Джеймс Баучер", "georef_201": "2017", "vid_txt_20": "Зона", "zabelezhka": null, "obekt": null, "dogovor_sr": null, "dogovor_nu": null, "type": null, "bezplatni_": null, "podzona_nu": "-", "sf_rayon": "-", "bearing_deg": -157.3}, "geometry": {"type": "Polygon", "coordinates": [[[23.328462046826658, 42.67445848928553], [23.32845167911966, 42.67447672298639], [23.328512553173336, 42.67449543271447], [23.328522920880335, 42.67447719901361], [23.328462046826658, 42.67445848928553]]]}}, {"type": "Feature", "properties": {"id": 17576, "objectid": 24165.0, "park_txt": "Надлъжн", "zona": "Зелена зона", "mestopoloz": "бул. Джеймс Баучер", "georef_201": "2017", "vid_txt_20": "Зона", "zabelezhka": null, "obekt": null, "dogovor_sr": null, "dogovor_nu": null, "type": null, "bezplatni_": null, "podzona_nu": "-", "sf_rayon": "-", "bearing_deg": -157.0}, "geometry": {"type": "Polygon", "coordinates": [[[23.328528022622518, 42.67448215628087], [23.32851751844371, 42.67450034771187], [23.328578251377483, 42.67451930371913], [23.32858875555629, 42.67450111228813], [23.328528022622518, 42.67448215628087]]]}}, {"type": "Feature", "properties": {"id": 17577, "objectid": 24166.0, "park_txt": "Надлъжн", "zona": "Зелена зона", "mestopoloz": "бул. Джеймс Баучер", "georef_201": "2017", "vid_txt_20": "Зона", "zabelezhka": null, "obekt": null, "dogovor_sr": null, "dogovor_nu": null, "type": null, "bezplatni_": null, "podzona_nu": "-", "sf_rayon": "-", "bearing_deg": -145.2}, "geometry": {"type": "Polygon", "coordinates": [[[23.328596068204657, 42.674501030395604], [23.328580731574704, 42.674517260879334], [23.328634917795345, 42.6745449376044], [23.328650254425302, 42.67452870712067], [23.328596068204657, 42.674501030395604]]]}}, {"type": "Feature", "properties": {"id": 17578, "objectid": 24167.0, "park_txt": "Надлъжн", "zona": "Зелена зона", "mestopoloz": "бул. Джеймс Баучер", "georef_201": "2017", "vid_txt_20": "Зона", "zabelezhka": null, "obekt": null, "dogovor_sr": null, "dogovor_nu": null, "type": null, "bezplatni_": null, "podzona_nu": "-", "sf_rayon": "-", "bearing_deg": -141.0}, "geometry": {"type": "Polygon", "coordinates": [[[23.328661013261478, 42.67452240510996], [23.328644085637393, 42.6745377570318], [23.328695338738527, 42.67456830489004], [23.32871226636261, 42.6745529529682], [23.328661013261478, 42.67452240510996]]]}}, {"type": "Feature", "properties": {"id": 17579, "objectid": 24168.0, "park_txt": "Надлъжн", "zona": "Зелена зона", "mestopoloz": "бул. Джеймс Баучер", "georef_201": "2017", "vid_txt_20": "Зона", "zabelezhka": null, "obekt": null, "dogovor_sr": null, "dogovor_nu": null, "type": null, "bezplatni_": null, "podzona_nu": "-", "sf_rayon": "-", "bearing_deg": -154.3}, "geometry": {"type": "Polygon", "coordinates": [[[23.328764701865154, 42.674564338543256], [23.328753060932673, 42.6745821520458], [23.328812532134847, 42.67460315945674], [23.32882417306733, 42.67458534595419], [23.328764701865154, 42.674564338543256]]]}}, {"type": "Feature", "properties": {"id": 17580, "objectid": 24169.0, "park_txt": "Надлъжн", "zona": "Зелена зона", "mestopoloz": "бул. Джеймс Баучер", "georef_201": "2017", "vid_txt_20": "Зона", "zabelezhka": null, "obekt": null, "dogovor_sr": null, "dogovor_nu": null, "type": null, "bezplatni_": null, "podzona_nu": "-", "sf_rayon": "-", "bearing_deg": -168.3}, "geometry": {"type": "Polygon", "coordinates": [[[23.328821407714383, 42.67459139276597], [23.328815938993284, 42.67461074229341], [23.32888053828562, 42.67462061123403], [23.32888600700672, 42.67460126170659], [23.328821407714383, 42.67459139276597]]]}}, {"type": "Feature", "properties": {"id": 17581, "objectid": 24170.0, "park_txt": "Надлъжн", "zona": "Зелена зона", "mestopoloz": "бул. Джеймс Баучер", "georef_201": "2017", "vid_txt_20": "Зона", "zabelezhka": null, "obekt": null, "dogovor_sr": null, "dogovor_nu": null, "type": null, "bezplatni_": null, "podzona_nu": "-", "sf_rayon": "-", "bearing_deg": -172.8}, "geometry": {"type": "Polygon", "coordinates": [[[23.328882618029006, 42.6746155204971], [23.328879238369634, 42.67463512651614], [23.328944693970996, 42.674641225502896], [23.328948073630368, 42.674621619483865], [23.328882618029006, 42.6746155204971]]]}}, {"type": "Feature", "properties": {"id": 17582, "objectid": 24171.0, "park_txt": "Надлъжн", "zona": "Зелена зона", "mestopoloz": "бул. Джеймс Баучер", "georef_201": "2017", "vid_txt_20": "Зона", "zabelezhka": null, "obekt": null, "dogovor_sr": null, "dogovor_nu": null, "type": null, "bezplatni_": null, "podzona_nu": "-", "sf_rayon": "-", "bearing_deg": 82.3}, "geometry": {"type": "Polygon", "coordinates": [[[23.32943868872196, 42.67484540935915], [23.32946532637658, 42.67484275937383], [23.32945647927804, 42.67479468864084], [23.32942984162342, 42.67479733862616], [23.32943868872196, 42.67484540935915]]]}}, {"type": "Feature", "properties": {"id": 17583, "objectid": 24172.0, "park_txt": "Надлъжн", "zona": "Зелена зона", "mestopoloz": "бул. Джеймс Баучер", "georef_201": "2017", "vid_txt_20": "Зона", "zabelezhka": null, "obekt": null, "dogovor_sr": null, "dogovor_nu": null, "type": null, "bezplatni_": null, "podzona_nu": "-", "sf_rayon": "-", "bearing_deg": 67.4}, "geometry": {"type": "Polygon", "coordinates": [[[23.329508617897577, 42.67486740944239], [23.329533442191284, 42.674859828870794], [23.32950813410242, 42.67481503055761], [23.32948330980871, 42.6748226111292], [23.329508617897577, 42.67486740944239]]]}}, {"type": "Feature", "properties": {"id": 17584, "objectid": 24173.0, "park_txt": "Надлъжн", "zona": "Зелена зона", "mestopoloz": "бул. Джеймс Баучер", "georef_201": "2017", "vid_txt_20": "Зона", "zabelezhka": null, "obekt": null, "dogovor_sr": null, "dogovor_nu": null, "type": null, "bezplatni_": null, "podzona_nu": "-", "sf_rayon": "-", "bearing_deg": -154.0}, "geometry": {"type": "Polygon", "coordinates": [[[23.329550443719512, 42.67484548326042], [23.329538671264157, 42.67486324998038], [23.32959798628049, 42.67488449473958], [23.329609758735845, 42.674866728019616], [23.329550443719512, 42.67484548326042]]]}}, {"type": "Feature", "properties": {"id": 17585, "objectid": 24174.0, "park_txt": "Надлъжн", "zona": "Зелена зона", "mestopoloz": "бул. Джеймс Баучер", "georef_201": "2017", "vid_txt_20": "Зона", "zabelezhka": null, "obekt": null, "dogovor_sr": null, "dogovor_nu": null, "type": null, "bezplatni_": null, "podzona_nu": "-", "sf_rayon": "-", "bearing_deg": -154.0}, "geometry": {"type": "Polygon", "coordinates": [[[23.329612807694144, 42.67486773100876], [23.32960102797664, 42.67488549512666], [23.329660334305864, 42.674906752991234], [23.329672114023367, 42.674888988873334], [23.329612807694144, 42.67486773100876]]]}}, {"type": "Feature", "properties": {"id": 17586, "objectid": 24175.0, "park_txt": "Надлъжн", "zona": "Зелена зона", "mestopoloz": "бул. Джеймс Баучер", "georef_201": "2017", "vid_txt_20": "Зона", "zabelezhka": null, "obekt": null, "dogovor_sr": null, "dogovor_nu": null, "type": null, "bezplatni_": null, "podzona_nu": "-", "sf_rayon": "-", "bearing_deg": -154.1}, "geometry": {"type": "Polygon", "coordinates": [[[23.329675457935437, 42.67489012326219], [23.329663708981194, 42.6749078983891], [23.329723052064566, 42.67492910073781], [23.32973480101881, 42.6749113256109], [23.329675457935437, 42.67489012326219]]]}}, {"type": "Feature", "properties": {"id": 17587, "objectid": 24176.0, "park_txt": "Надлъжн", "zona": "Зелена зона", "mestopoloz": "бул. Джеймс Баучер", "georef_201": "2017", "vid_txt_20": "Зона", "zabelezhka": null, "obekt": null, "dogovor_sr": null, "dogovor_nu": null, "type": null, "bezplatni_": null, "podzona_nu": "-", "sf_rayon": "-", "bearing_deg": -153.2}, "geometry": {"type": "Polygon", "coordinates": [[[23.32974006534785, 42.67491275134421], [23.32972796389091, 42.67493039817513], [23.329786878652147, 42.674952236655784], [23.32979898010909, 42.67493458982486], [23.32974006534785, 42.67491275134421]]]}}, {"type": "Feature", "properties": {"id": 17588, "objectid": 24177.0, "park_txt": "Надлъжн", "zona": "Зелена зона", "mestopoloz": "бул. Джеймс Баучер", "georef_201": "2017", "vid_txt_20": "Зона", "zabelezhka": null, "obekt": null, "dogovor_sr": null, "dogovor_nu": null, "type": null, "bezplatni_": null, "podzona_nu": "-", "sf_rayon": "-", "bearing_deg": 166.1}, "geometry": {"type": "Polygon", "coordinates": [[[23.329790576917006, 42.67495098068347], [23.329797033494387, 42.67497016495823], [23.329861081082992, 42.67495851331653], [23.32985462450561, 42.67493932904177], [23.329790576917006, 42.67495098068347]]]}}, {"type": "Feature", "properties": {"id": 17589, "objectid": 24178.0, "park_txt": "Надлъжн", "zona": "Зелена зона", "mestopoloz": "бул. Джеймс Баучер", "georef_201": "2017", "vid_txt_20": "Зона", "zabelezhka": null, "obekt": null, "dogovor_sr": null, "dogovor_nu": null, "type": null, "bezplatni_": null, "podzona_nu": "-", "sf_rayon": "-", "bearing_deg": 150.9}, "geometry": {"type": "Polygon", "coordinates": [[[23.32985315216427, 42.67498029070085], [23.329866235932084, 42.67499755447355], [23.32992387183573, 42.674973943299136], [23.329910788067917, 42.674956679526446], [23.32985315216427, 42.67498029070085]]]}}, {"type": "Feature", "properties": {"id": 17590, "objectid": 24179.0, "park_txt": "Надлъжн", "zona": "Зелена зона", "mestopoloz": "бул. Джеймс Баучер", "georef_201": "2017", "vid_txt_20": "Зона", "zabelezhka": null, "obekt": null, "dogovor_sr": null, "dogovor_nu": null, "type": null, "bezplatni_": null, "podzona_nu": "-", "sf_rayon": "-", "bearing_deg": 127.1}, "geometry": {"type": "Polygon", "coordinates": [[[23.328408915940457, 42.67435158878076], [23.328430344810123, 42.67436352009649], [23.32847017805954, 42.674324849219246], [23.328448749189874, 42.674312917903514], [23.328408915940457, 42.67435158878076]]]}}, {"type": "Feature", "properties": {"id": 17591, "objectid": 24180.0, "park_txt": "Надлъжн", "zona": "Зелена зона", "mestopoloz": "бул. Джеймс Баучер", "georef_201": "2017", "vid_txt_20": "Зона", "zabelezhka": null, "obekt": null, "dogovor_sr": null, "dogovor_nu": null, "type": null, "bezplatni_": null, "podzona_nu": "-", "sf_rayon": "-", "bearing_deg": 147.4}, "geometry": {"type": "Polygon", "coordinates": [[[23.328465300917678, 42.674364118989985], [23.32847977015336, 42.67438077442166], [23.328535375082325, 42.67435466301001], [23.32852090584664, 42.67433800757834], [23.328465300917678, 42.674364118989985]]]}}, {"type": "Feature", "properties": {"id": 17592, "objectid": 24181.0, "park_txt": "Надлъжн", "zona": "Зелена зона", "mestopoloz": "бул. Джеймс Баучер", "georef_201": "2017", "vid_txt_20": "Зона", "zabelezhka": null, "obekt": null, "dogovor_sr": null, "dogovor_nu": null, "type": null, "bezplatni_": null, "podzona_nu": "-", "sf_rayon": "-", "bearing_deg": 68.3}, "geometry": {"type": "Polygon", "coordinates": [[[23.328565884698246, 42.67440935017054], [23.328590860538547, 42.67440204362603], [23.32856646730175, 42.674356971829454], [23.32854149146145, 42.674364278373965], [23.328565884698246, 42.67440935017054]]]}}, {"type": "Feature", "properties": {"id": 17593, "objectid": 24182.0, "park_txt": "Надлъжн", "zona": "Зелена зона", "mestopoloz": "бул. Джеймс Баучер", "georef_201": "2017", "vid_txt_20": "Зона", "zabelezhka": null, "obekt": null, "dogovor_sr": null, "dogovor_nu": null, "type": null, "bezplatni_": null, "podzona_nu": "-", "sf_rayon": "-", "bearing_deg": 79.5}, "geometry": {"type": "Polygon", "coordinates": [[[23.328621314543586, 42.67443106100216], [23.32864774668307, 42.674427466854965], [23.328635747456413, 42.674379766997845], [23.32860931531693, 42.67438336114504], [23.328621314543586, 42.67443106100216]]]}}, {"type": "Feature", "properties": {"id": 17594, "objectid": 24183.0, "park_txt": "Надлъжн", "zona": "Зелена зона", "mestopoloz": "бул. Джеймс Баучер", "georef_201": "2017", "vid_txt_20": "Зона", "zabelezhka": null, "obekt": null, "dogovor_sr": null, "dogovor_nu": null, "type": null, "bezplatni_": null, "podzona_nu": "-", "sf_rayon": "-", "bearing_deg": 92.8}, "geometry": {"type": "Polygon", "coordinates": [[[23.329926391898198, 42.674902765090096], [23.329953239417037, 42.674903742367185], [23.329956502101805, 42.67485529290991], [23.329929654582966, 42.67485431563282], [23.329926391898198, 42.674902765090096]]]}}, {"type": "Feature", "properties": {"id": 17595, "objectid": 24184.0, "park_txt": "Надлъжн", "zona": "Зелена зона", "mestopoloz": "бул. Джеймс Баучер", "georef_201": "2017", "vid_txt_20": "Зона", "zabelezhka": null, "obekt": null, "dogovor_sr": null, "dogovor_nu": null, "type": null, "bezplatni_": null, "podzona_nu": "-", "sf_rayon": "-", "bearing_deg": -151.0}, "geometry": {"type": "Polygon", "coordinates": [[[23.329859642966138, 42.674837061062874], [23.329846597223373, 42.67485434038331], [23.32990428503386, 42.674877882937125], [23.329917330776624, 42.67486060361668], [23.329859642966138, 42.674837061062874]]]}}, {"type": "Feature", "properties": {"id": 17596, "objectid": 24185.0, "park_txt": "Надлъжн", "zona": "Зелена зона", "mestopoloz": "бул. Джеймс Баучер", "georef_201": "2017", "vid_txt_20": "Зона", "zabelezhka": null, "obekt": null, "dogovor_sr": null, "dogovor_nu": null, "type": null, "bezplatni_": null, "podzona_nu": "-", "sf_rayon": "-", "bearing_deg": -152.2}, "geometry": {"type": "Polygon", "coordinates": [[[23.329798992882832, 42.67481566710481], [23.329786468854994, 42.674833153836396], [23.329844849117173, 42.674855754895184], [23.32985737314501, 42.6748382681636], [23.329798992882832, 42.67481566710481]]]}}, {"type": "Feature", "properties": {"id": 17597, "objectid": 24186.0, "park_txt": "Надлъжн", "zona": "Зелена зона", "mestopoloz": "бул. Джеймс Баучер", "georef_201": "2017", "vid_txt_20": "Зона", "zabelezhka": null, "obekt": null, "dogovor_sr": null, "dogovor_nu": null, "type": null, "bezplatni_": null, "podzona_nu": "-", "sf_rayon": "-", "bearing_deg": -153.1}, "geometry": {"type": "Polygon", "coordinates": [[[23.329739411785734, 42.67479446731352], [23.329727237687592, 42.674812087116344], [23.329786062214264, 42.67483405668647], [23.329798236312406, 42.674816436883646], [23.329739411785734, 42.67479446731352]]]}}, {"type": "Feature", "properties": {"id": 17598, "objectid": 24187.0, "park_txt": "Надлъжн", "zona": "Зелена зона", "mestopoloz": "бул. Джеймс Баучер", "georef_201": "2017", "vid_txt_20": "Зона", "zabelezhka": null, "obekt": null, "dogovor_sr": null, "dogovor_nu": null, "type": null, "bezplatni_": null, "podzona_nu": "-", "sf_rayon": "-", "bearing_deg": -153.5}, "geometry": {"type": "Polygon", "coordinates": [[[23.32967594384327, 42.67477167315572], [23.32966395492986, 42.674789361461464], [23.329723008156726, 42.674810996844286], [23.32973499707014, 42.67479330853854], [23.32967594384327, 42.67477167315572]]]}}, {"type": "Feature", "properties": {"id": 17599, "objectid": 24188.0, "park_txt": "Надлъжн", "zona": "Зелена зона", "mestopoloz": "бул. Джеймс Баучер", "georef_201": "2017", "vid_txt_20": "Зона", "zabelezhka": null, "obekt": null, "dogovor_sr": null, "dogovor_nu": null, "type": null, "bezplatni_": null, "podzona_nu": "-", "sf_rayon": "-", "bearing_deg": -154.3}, "geometry": {"type": "Polygon", "coordinates": [[[23.329612236979674, 42.67474897313513], [23.329600594106747, 42.674766785952166], [23.329660063020324, 42.67478779686486], [23.32967170589325, 42.67476998404783], [23.329612236979674, 42.67474897313513]]]}}, {"type": "Feature", "properties": {"id": 17600, "objectid": 24189.0, "park_txt": "Надлъжн", "zona": "Зелена зона", "mestopoloz": "бул. Джеймс Баучер", "georef_201": "2017", "vid_txt_20": "Зона", "zabelezhka": null, "obekt": null, "dogovor_sr": null, "dogovor_nu": null, "type": null, "bezplatni_": null, "podzona_nu": "-", "sf_rayon": "-", "bearing_deg": -157.2}, "geometry": {"type": "Polygon", "coordinates": [[[23.329552771854328, 42.674728815596566], [23.329542376502744, 42.67474704078751], [23.329603222145675, 42.674765800403435], [23.329613617497255, 42.67474757521249], [23.329552771854328, 42.674728815596566]]]}}, {"type": "Feature", "properties": {"id": 17601, "objectid": 24190.0, "park_txt": "Надлъжн", "zona": "Зелена зона", "mestopoloz": "бул. Джеймс Баучер", "georef_201": "2017", "vid_txt_20": "Зона", "zabelezhka": null, "obekt": null, "dogovor_sr": null, "dogovor_nu": null, "type": null, "bezplatni_": null, "podzona_nu": "-", "sf_rayon": "-", "bearing_deg": -158.9}, "geometry": {"type": "Polygon", "coordinates": [[[23.329499758536866, 42.674710379305], [23.329490060264686, 42.67472881103959], [23.329551595463133, 42.674746312695014], [23.329561293735313, 42.67472788096042], [23.329499758536866, 42.674710379305]]]}}, {"type": "Feature", "properties": {"id": 17602, "objectid": 24191.0, "park_txt": "Надлъжн", "zona": "Зелена зона", "mestopoloz": "бул. Джеймс Баучер", "georef_201": "2017", "vid_txt_20": "Зона", "zabelezhka": null, "obekt": null, "dogovor_sr": null, "dogovor_nu": null, "type": null, "bezplatni_": null, "podzona_nu": "-", "sf_rayon": "-", "bearing_deg": -140.9}, "geometry": {"type": "Polygon", "coordinates": [[[23.329451762390395, 42.67468597769008], [23.329434802605064, 42.67470131041297], [23.3294859916096, 42.67473191630991], [23.329502951394936, 42.67471658358702], [23.329451762390395, 42.67468597769008]]]}}, {"type": "Feature", "properties": {"id": 17603, "objectid": 24192.0, "park_txt": "Надлъжн", "zona": "Зелена зона", "mestopoloz": "бул. Джеймс Баучер", "georef_201": "2017", "vid_txt_20": "Зона", "zabelezhka": null, "obekt": null, "dogovor_sr": null, "dogovor_nu": null, "type": null, "bezplatni_": null, "podzona_nu": "-", "sf_rayon": "-", "bearing_deg": -135.0}, "geometry": {"type": "Polygon", "coordinates": [[[23.329397307095924, 42.67466391868963], [23.329378302327886, 42.674677895005274], [23.329424962904078, 42.67471219131036], [23.329443967672116, 42.67469821499472], [23.329397307095924, 42.67466391868963]]]}}, {"type": "Feature", "properties": {"id": 17604, "objectid": 24193.0, "park_txt": "Надлъжн", "zona": "Зелена зона", "mestopoloz": "бул. Джеймс Баучер", "georef_201": "2017", "vid_txt_20": "Зона", "zabelezhka": null, "obekt": null, "dogovor_sr": null, "dogovor_nu": null, "type": null, "bezplatni_": null, "podzona_nu": "-", "sf_rayon": "-", "bearing_deg": -154.0}, "geometry": {"type": "Polygon", "coordinates": [[[23.329329038560854, 42.6746474185968], [23.329317241674264, 42.67466517655502], [23.32937652743915, 42.6746864654032], [23.329388324325738, 42.67466870744498], [23.329329038560854, 42.6746474185968]]]}}, {"type": "Feature", "properties": {"id": 17605, "objectid": 24194.0, "park_txt": "Надлъжн", "zona": "Зелена зона", "mestopoloz": "бул. Джеймс Баучер", "georef_201": "2017", "vid_txt_20": "Зона", "zabelezhka": null, "obekt": null, "dogovor_sr": null, "dogovor_nu": null, "type": null, "bezplatni_": null, "podzona_nu": "-", "sf_rayon": "-", "bearing_deg": -153.8}, "geometry": {"type": "Polygon", "coordinates": [[[23.32926851712364, 42.674625440449], [23.32925664801839, 42.674643172375866], [23.32931584687636, 42.674664591551], [23.32932771598161, 42.67464685962413], [23.32926851712364, 42.674625440449]]]}}, {"type": "Feature", "properties": {"id": 17606, "objectid": 24195.0, "park_txt": "Надлъжн", "zona": "Зелена зона", "mestopoloz": "бул. Джеймс Баучер", "georef_201": "2017", "vid_txt_20": "Зона", "zabelezhka": null, "obekt": null, "dogovor_sr": null, "dogovor_nu": null, "type": null, "bezplatni_": null, "podzona_nu": "-", "sf_rayon": "-", "bearing_deg": -153.8}, "geometry": {"type": "Polygon", "coordinates": [[[23.32920510312364, 42.67460249544901], [23.32919323401839, 42.674620227375875], [23.32925243287636, 42.67464164655101], [23.32926430198161, 42.674623914624135], [23.32920510312364, 42.67460249544901]]]}}, {"type": "Feature", "properties": {"id": 17607, "objectid": 24196.0, "park_txt": "Надлъжн", "zona": "Зелена зона", "mestopoloz": "бул. Джеймс Баучер", "georef_201": "2017", "vid_txt_20": "Зона", "zabelezhka": null, "obekt": null, "dogovor_sr": null, "dogovor_nu": null, "type": null, "bezplatni_": null, "podzona_nu": "-", "sf_rayon": "-", "bearing_deg": -170.3}, "geometry": {"type": "Polygon", "coordinates": [[[23.329129066394458, 42.67458309591342], [23.32912451788225, 42.67460257376947], [23.32918954560554, 42.67461078208658], [23.32919409411775, 42.67459130423053], [23.329129066394458, 42.67458309591342]]]}}, {"type": "Feature", "properties": {"id": 17639, "objectid": 24228.0, "park_txt": "Надлъжн", "zona": "Зелена зона", "mestopoloz": "ул. Йоан Екзарх", "georef_201": "2017", "vid_txt_20": "Зона", "zabelezhka": null, "obekt": null, "dogovor_sr": null, "dogovor_nu": null, "type": null, "bezplatni_": null, "podzona_nu": "-", "sf_rayon": "-", "bearing_deg": 147.6}, "geometry": {"type": "Polygon", "coordinates": [[[23.33150126172877, 42.67658051913992], [23.33151564836162, 42.676597213205355], [23.331571382271235, 42.676571250860086], [23.331556995638383, 42.67655455679465], [23.33150126172877, 42.67658051913992]]]}}, {"type": "Feature", "properties": {"id": 17640, "objectid": 24229.0, "park_txt": "Надлъжн", "zona": "Зелена зона", "mestopoloz": "ул. Йоан Екзарх", "georef_201": "2017", "vid_txt_20": "Зона", "zabelezhka": null, "obekt": null, "dogovor_sr": null, "dogovor_nu": null, "type": null, "bezplatni_": null, "podzona_nu": "-", "sf_rayon": "-", "bearing_deg": 147.6}, "geometry": {"type": "Polygon", "coordinates": [[[23.33156852772877, 42.676557193139914], [23.33158291436162, 42.67657388720536], [23.331638648271234, 42.67654792486009], [23.33162426163838, 42.676531230794645], [23.33156852772877, 42.676557193139914]]]}}, {"type": "Feature", "properties": {"id": 17641, "objectid": 24230.0, "park_txt": "Надлъжн", "zona": "Зелена зона", "mestopoloz": "ул. Йоан Екзарх", "georef_201": "2017", "vid_txt_20": "Зона", "zabelezhka": null, "obekt": null, "dogovor_sr": null, "dogovor_nu": null, "type": null, "bezplatni_": null, "podzona_nu": "-", "sf_rayon": "-", "bearing_deg": 154.7}, "geometry": {"type": "Polygon", "coordinates": [[[23.33190564842894, 42.67637786216496], [23.331917129919702, 42.67639573151494], [23.331976787571065, 42.676375011835034], [23.3319653060803, 42.67635714248507], [23.33190564842894, 42.67637786216496]]]}}, {"type": "Feature", "properties": {"id": 17642, "objectid": 24231.0, "park_txt": "Надлъжн", "zona": "Зелена зона", "mestopoloz": "ул. Йоан Екзарх", "georef_201": "2017", "vid_txt_20": "Зона", "zabelezhka": null, "obekt": null, "dogovor_sr": null, "dogovor_nu": null, "type": null, "bezplatni_": null, "podzona_nu": "-", "sf_rayon": "-", "bearing_deg": 154.7}, "geometry": {"type": "Polygon", "coordinates": [[[23.331969732428934, 42.67635584516496], [23.3319812139197, 42.67637371451494], [23.332040871571063, 42.67635299483504], [23.332029390080297, 42.67633512548507], [23.331969732428934, 42.67635584516496]]]}}, {"type": "Feature", "properties": {"id": 17643, "objectid": 24232.0, "park_txt": "Надлъжн", "zona": "Зелена зона", "mestopoloz": "ул. Йоан Екзарх", "georef_201": "2017", "vid_txt_20": "Зона", "zabelezhka": null, "obekt": null, "dogovor_sr": null, "dogovor_nu": null, "type": null, "bezplatni_": null, "podzona_nu": "-", "sf_rayon": "-", "bearing_deg": 154.7}, "geometry": {"type": "Polygon", "coordinates": [[[23.332031880428936, 42.67633398316496], [23.332043361919702, 42.67635185251493], [23.33210301957106, 42.67633113283503], [23.332091538080295, 42.67631326348506], [23.332031880428936, 42.67633398316496]]]}}, {"type": "Feature", "properties": {"id": 17644, "objectid": 24233.0, "park_txt": "Надлъжн", "zona": "Зелена зона", "mestopoloz": "ул. Йоан Екзарх", "georef_201": "2017", "vid_txt_20": "Зона", "zabelezhka": null, "obekt": null, "dogovor_sr": null, "dogovor_nu": null, "type": null, "bezplatni_": null, "podzona_nu": "-", "sf_rayon": "-", "bearing_deg": 154.7}, "geometry": {"type": "Polygon", "coordinates": [[[23.332091247428938, 42.67631309816496], [23.332102728919704, 42.676330967514936], [23.332162386571063, 42.67631024783504], [23.332150905080297, 42.676292378485066], [23.332091247428938, 42.67631309816496]]]}}, {"type": "Feature", "properties": {"id": 17645, "objectid": 24234.0, "park_txt": "Надлъжн", "zona": "Зелена зона", "mestopoloz": "ул. Йоан Екзарх", "georef_201": "2017", "vid_txt_20": "Зона", "zabelezhka": null, "obekt": null, "dogovor_sr": null, "dogovor_nu": null, "type": null, "bezplatni_": null, "podzona_nu": "-", "sf_rayon": "-", "bearing_deg": 154.8}, "geometry": {"type": "Polygon", "coordinates": [[[23.332197704180015, 42.67627635763799], [23.332209131250355, 42.67629424583396], [23.332268851819986, 42.67627362436201], [23.332257424749645, 42.67625573616604], [23.332197704180015, 42.67627635763799]]]}}, {"type": "Feature", "properties": {"id": 17646, "objectid": 24235.0, "park_txt": "Надлъжн", "zona": "Зелена зона", "mestopoloz": "ул. Йоан Екзарх", "georef_201": "2017", "vid_txt_20": "Зона", "zabelezhka": null, "obekt": null, "dogovor_sr": null, "dogovor_nu": null, "type": null, "bezplatni_": null, "podzona_nu": "-", "sf_rayon": "-", "bearing_deg": 154.8}, "geometry": {"type": "Polygon", "coordinates": [[[23.332260865180015, 42.676254593637985], [23.33227229225036, 42.676272481833955], [23.33233201281999, 42.67625186036201], [23.332320585749645, 42.67623397216604], [23.332260865180015, 42.676254593637985]]]}}, {"type": "Feature", "properties": {"id": 17647, "objectid": 24236.0, "park_txt": "Надлъжн", "zona": "Зелена зона", "mestopoloz": "ул. Йоан Екзарх", "georef_201": "2017", "vid_txt_20": "Зона", "zabelezhka": null, "obekt": null, "dogovor_sr": null, "dogovor_nu": null, "type": null, "bezplatni_": null, "podzona_nu": "-", "sf_rayon": "-", "bearing_deg": 154.9}, "geometry": {"type": "Polygon", "coordinates": [[[23.332424356669154, 42.67619823821134], [23.33243576380355, 42.67621613328386], [23.33249550733084, 42.67619554778865], [23.33248410019645, 42.67617765271614], [23.332424356669154, 42.67619823821134]]]}}, {"type": "Feature", "properties": {"id": 17648, "objectid": 24237.0, "park_txt": "Надлъжн", "zona": "Зелена зона", "mestopoloz": "ул. Йоан Екзарх", "georef_201": "2017", "vid_txt_20": "Зона", "zabelezhka": null, "obekt": null, "dogovor_sr": null, "dogovor_nu": null, "type": null, "bezplatni_": null, "podzona_nu": "-", "sf_rayon": "-", "bearing_deg": 154.9}, "geometry": {"type": "Polygon", "coordinates": [[[23.33249011166916, 42.676175581211346], [23.33250151880355, 42.676193476283856], [23.33256126233084, 42.676172890788656], [23.33254985519645, 42.67615499571614], [23.33249011166916, 42.676175581211346]]]}}, {"type": "Feature", "properties": {"id": 17649, "objectid": 24238.0, "park_txt": "Надлъжн", "zona": "Зелена зона", "mestopoloz": "ул. Йоан Екзарх", "georef_201": "2017", "vid_txt_20": "Зона", "zabelezhka": null, "obekt": null, "dogovor_sr": null, "dogovor_nu": null, "type": null, "bezplatni_": null, "podzona_nu": "-", "sf_rayon": "-", "bearing_deg": 154.9}, "geometry": {"type": "Polygon", "coordinates": [[[23.33255705866916, 42.67615251421135], [23.33256846580355, 42.67617040928386], [23.332628209330846, 42.676149823788656], [23.33261680219645, 42.676131928716146], [23.33255705866916, 42.67615251421135]]]}}, {"type": "Feature", "properties": {"id": 17650, "objectid": 24239.0, "park_txt": "Надлъжн", "zona": "Зелена зона", "mestopoloz": "ул. Йоан Екзарх", "georef_201": "2017", "vid_txt_20": "Зона", "zabelezhka": null, "obekt": null, "dogovor_sr": null, "dogovor_nu": null, "type": null, "bezplatni_": null, "podzona_nu": "-", "sf_rayon": "-", "bearing_deg": 154.9}, "geometry": {"type": "Polygon", "coordinates": [[[23.332621913669154, 42.67613016721135], [23.33263332080355, 42.67614806228386], [23.33269306433084, 42.67612747678866], [23.33268165719645, 42.67610958171614], [23.332621913669154, 42.67613016721135]]]}}, {"type": "Feature", "properties": {"id": 17651, "objectid": 24240.0, "park_txt": "Надлъжн", "zona": "Зелена зона", "mestopoloz": "ул. Йоан Екзарх", "georef_201": "2017", "vid_txt_20": "Зона", "zabelezhka": null, "obekt": null, "dogovor_sr": null, "dogovor_nu": null, "type": null, "bezplatni_": null, "podzona_nu": "-", "sf_rayon": "-", "bearing_deg": 154.9}, "geometry": {"type": "Polygon", "coordinates": [[[23.332356686672924, 42.67622155526516], [23.332368093857397, 42.67623945032042], [23.332427837327074, 42.67621886473483], [23.332416430142604, 42.67620096967957], [23.332356686672924, 42.67622155526516]]]}}, {"type": "Feature", "properties": {"id": 17652, "objectid": 24241.0, "park_txt": "Надлъжн", "zona": "Зелена зона", "mestopoloz": "ул. Димитър Димов", "georef_201": "2017", "vid_txt_20": "Зона", "zabelezhka": null, "obekt": null, "dogovor_sr": null, "dogovor_nu": null, "type": null, "bezplatni_": null, "podzona_nu": "-", "sf_rayon": "-", "bearing_deg": -159.5}, "geometry": {"type": "Polygon", "coordinates": [[[23.32970522416129, 42.67582460426767], [23.32969582220029, 42.67584311880476], [23.32975763383871, 42.67586008573233], [23.329767035799712, 42.67584157119524], [23.32970522416129, 42.67582460426767]]]}}, {"type": "Feature", "properties": {"id": 17653, "objectid": 24242.0, "park_txt": "Надлъжн", "zona": "Зелена зона", "mestopoloz": "ул. Димитър Димов", "georef_201": "2017", "vid_txt_20": "Зона", "zabelezhka": null, "obekt": null, "dogovor_sr": null, "dogovor_nu": null, "type": null, "bezplatni_": null, "podzona_nu": "-", "sf_rayon": "-", "bearing_deg": -159.3}, "geometry": {"type": "Polygon", "coordinates": [[[23.329771276369698, 42.675842856381934], [23.329761771182298, 42.67586134240649], [23.3298234876303, 42.675878495618065], [23.3298329928177, 42.6758600095935], [23.329771276369698, 42.675842856381934]]]}}, {"type": "Feature", "properties": {"id": 17654, "objectid": 24243.0, "park_txt": "Надлъжн", "zona": "Зелена зона", "mestopoloz": "ул. Димитър Димов", "georef_201": "2017", "vid_txt_20": "Зона", "zabelezhka": null, "obekt": null, "dogovor_sr": null, "dogovor_nu": null, "type": null, "bezplatni_": null, "podzona_nu": "-", "sf_rayon": "-", "bearing_deg": -159.3}, "geometry": {"type": "Polygon", "coordinates": [[[23.329836493369697, 42.675860982381934], [23.329826988182297, 42.6758794684065], [23.3298887046303, 42.675896621618065], [23.3298982098177, 42.67587813559351], [23.329836493369697, 42.675860982381934]]]}}, {"type": "Feature", "properties": {"id": 17655, "objectid": 24244.0, "park_txt": "Надлъжн", "zona": "Зелена зона", "mestopoloz": "ул. Димитър Димов", "georef_201": "2017", "vid_txt_20": "Зона", "zabelezhka": null, "obekt": null, "dogovor_sr": null, "dogovor_nu": null, "type": null, "bezplatni_": null, "podzona_nu": "-", "sf_rayon": "-", "bearing_deg": -159.3}, "geometry": {"type": "Polygon", "coordinates": [[[23.3298983473697, 42.67587817338193], [23.3298888421823, 42.6758966594065], [23.3299505586303, 42.67591381261807], [23.3299600638177, 42.675895326593505], [23.3298983473697, 42.67587817338193]]]}}, {"type": "Feature", "properties": {"id": 17656, "objectid": 24245.0, "park_txt": "Надлъжн", "zona": "Зелена зона", "mestopoloz": "ул. Димитър Димов", "georef_201": "2017", "vid_txt_20": "Зона", "zabelezhka": null, "obekt": null, "dogovor_sr": null, "dogovor_nu": null, "type": null, "bezplatni_": null, "podzona_nu": "-", "sf_rayon": "-", "bearing_deg": -159.3}, "geometry": {"type": "Polygon", "coordinates": [[[23.329961114406267, 42.675895619352985], [23.329951609180934, 42.675914105366985], [23.330013325593733, 42.67593125864701], [23.33002283081907, 42.675912772633005], [23.329961114406267, 42.675895619352985]]]}}, {"type": "Feature", "properties": {"id": 17657, "objectid": 24247.0, "park_txt": "Надлъжн", "zona": "Зелена зона", "mestopoloz": "ул. Димитър Димов", "georef_201": "2017", "vid_txt_20": "Зона", "zabelezhka": null, "obekt": null, "dogovor_sr": null, "dogovor_nu": null, "type": null, "bezplatni_": null, "podzona_nu": "-", "sf_rayon": "-", "bearing_deg": -159.3}, "geometry": {"type": "Polygon", "coordinates": [[[23.330026534412315, 42.67591380134819], [23.330017029180713, 42.67593228736045], [23.33007874558769, 42.6759494406518], [23.330088250819294, 42.67593095463953], [23.330026534412315, 42.67591380134819]]]}}, {"type": "Feature", "properties": {"id": 17658, "objectid": 24248.0, "park_txt": "Надлъжн", "zona": "Зелена зона", "mestopoloz": "ул. Димитър Димов", "georef_201": "2017", "vid_txt_20": "Зона", "zabelezhka": null, "obekt": null, "dogovor_sr": null, "dogovor_nu": null, "type": null, "bezplatni_": null, "podzona_nu": "-", "sf_rayon": "-", "bearing_deg": -159.3}, "geometry": {"type": "Polygon", "coordinates": [[[23.330093129396534, 42.67593231136069], [23.3300836241813, 42.6759507973775], [23.330145340603472, 42.675967950639304], [23.330154845818704, 42.67594946462249], [23.330093129396534, 42.67593231136069]]]}}, {"type": "Feature", "properties": {"id": 17659, "objectid": 24249.0, "park_txt": "Надлъжн", "zona": "Зелена зона", "mestopoloz": "ул. Димитър Димов", "georef_201": "2017", "vid_txt_20": "Зона", "zabelezhka": null, "obekt": null, "dogovor_sr": null, "dogovor_nu": null, "type": null, "bezplatni_": null, "podzona_nu": "-", "sf_rayon": "-", "bearing_deg": -159.3}, "geometry": {"type": "Polygon", "coordinates": [[[23.33016606536676, 42.67595258238427], [23.33015656018241, 42.675971068409666], [23.33021827663324, 42.67598822161573], [23.33022778181759, 42.675969735590336], [23.33016606536676, 42.67595258238427]]]}}, {"type": "Feature", "properties": {"id": 17660, "objectid": 24259.0, "park_txt": "Надлъжн", "zona": "Зелена зона", "mestopoloz": "ул. Димитър Димов", "georef_201": "2017", "vid_txt_20": "Зона", "zabelezhka": null, "obekt": null, "dogovor_sr": null, "dogovor_nu": null, "type": null, "bezplatni_": null, "podzona_nu": "-", "sf_rayon": "-", "bearing_deg": -159.3}, "geometry": {"type": "Polygon", "coordinates": [[[23.330243882291775, 42.67597421044365], [23.330234377185214, 42.67599269649067], [23.330296093708224, 42.67600984955635], [23.330305598814785, 42.67599136350933], [23.330243882291775, 42.67597421044365]]]}}, {"type": "Feature", "properties": {"id": 17661, "objectid": 24260.0, "park_txt": "Надлъжн", "zona": "Зелена зона", "mestopoloz": "ул. Димитър Димов", "georef_201": "2017", "vid_txt_20": "Зона", "zabelezhka": null, "obekt": null, "dogovor_sr": null, "dogovor_nu": null, "type": null, "bezplatni_": null, "podzona_nu": "-", "sf_rayon": "-", "bearing_deg": -159.3}, "geometry": {"type": "Polygon", "coordinates": [[[23.330309835333175, 42.67599254141086], [23.330300330183668, 42.676011027445945], [23.330362046666828, 42.67602818058915], [23.330371551816334, 42.67600969455406], [23.330309835333175, 42.67599254141086]]]}}, {"type": "Feature", "properties": {"id": 17662, "objectid": 24261.0, "park_txt": "Надлъжн", "zona": "Зелена зона", "mestopoloz": "ул. Димитър Димов", "georef_201": "2017", "vid_txt_20": "Зона", "zabelezhka": null, "obekt": null, "dogovor_sr": null, "dogovor_nu": null, "type": null, "bezplatni_": null, "podzona_nu": "-", "sf_rayon": "-", "bearing_deg": -159.3}, "geometry": {"type": "Polygon", "coordinates": [[[23.330375053247884, 42.6760106674784], [23.330365548186858, 42.67602915353809], [23.330427264752117, 42.67604630652161], [23.330436769813144, 42.676027820461925], [23.330375053247884, 42.6760106674784]]]}}, {"type": "Feature", "properties": {"id": 17663, "objectid": 24262.0, "park_txt": "Надлъжн", "zona": "Зелена зона", "mestopoloz": "ул. Димитър Димов", "georef_201": "2017", "vid_txt_20": "Зона", "zabelezhka": null, "obekt": null, "dogovor_sr": null, "dogovor_nu": null, "type": null, "bezplatni_": null, "podzona_nu": "-", "sf_rayon": "-", "bearing_deg": -159.3}, "geometry": {"type": "Polygon", "coordinates": [[[23.330436907247883, 42.67602785847839], [23.330427402186853, 42.67604634453808], [23.330489118752116, 42.6760634975216], [23.330498623813142, 42.67604501146192], [23.330436907247883, 42.67602785847839]]]}}, {"type": "Feature", "properties": {"id": 17664, "objectid": 24263.0, "park_txt": "Надлъжн", "zona": "Зелена зона", "mestopoloz": "ул. Димитър Димов", "georef_201": "2017", "vid_txt_20": "Зона", "zabelezhka": null, "obekt": null, "dogovor_sr": null, "dogovor_nu": null, "type": null, "bezplatni_": null, "podzona_nu": "-", "sf_rayon": "-", "bearing_deg": -159.3}, "geometry": {"type": "Polygon", "coordinates": [[[23.330499668720485, 42.67604530964882], [23.330490170432334, 42.676063797590125], [23.330551893279512, 42.676080938351184], [23.33056139156766, 42.67606245040988], [23.330499668720485, 42.67604530964882]]]}}, {"type": "Feature", "properties": {"id": 17665, "objectid": 24264.0, "park_txt": "Надлъжн", "zona": "Зелена зона", "mestopoloz": "ул. Димитър Димов", "georef_201": "2017", "vid_txt_20": "Зона", "zabelezhka": null, "obekt": null, "dogovor_sr": null, "dogovor_nu": null, "type": null, "bezplatni_": null, "podzona_nu": "-", "sf_rayon": "-", "bearing_deg": -159.3}, "geometry": {"type": "Polygon", "coordinates": [[[23.330565091489344, 42.67606348845523], [23.330555590327887, 42.67608197559847], [23.330617310510657, 42.676099121544766], [23.33062681167212, 42.67608063440153], [23.330565091489344, 42.67606348845523]]]}}, {"type": "Feature", "properties": {"id": 17666, "objectid": 24265.0, "park_txt": "Надлъжн", "zona": "Зелена зона", "mestopoloz": "ул. Димитър Димов", "georef_201": "2017", "vid_txt_20": "Зона", "zabelezhka": null, "obekt": null, "dogovor_sr": null, "dogovor_nu": null, "type": null, "bezplatni_": null, "podzona_nu": "-", "sf_rayon": "-", "bearing_deg": -159.4}, "geometry": {"type": "Polygon", "coordinates": [[[23.3306353747039, 42.67608295090276], [23.330625900319163, 42.67610144547263], [23.3306876452961, 42.67611854309723], [23.330697119680835, 42.67610004852736], [23.3306353747039, 42.67608295090276]]]}}, {"type": "Feature", "properties": {"id": 17667, "objectid": 24266.0, "park_txt": "Надлъжн", "zona": "Зелена зона", "mestopoloz": "ул. Димитър Димов", "georef_201": "2017", "vid_txt_20": "Зона", "zabelezhka": null, "obekt": null, "dogovor_sr": null, "dogovor_nu": null, "type": null, "bezplatni_": null, "podzona_nu": "-", "sf_rayon": "-", "bearing_deg": -159.4}, "geometry": {"type": "Polygon", "coordinates": [[[23.330704589983625, 42.676102296033335], [23.330695123624036, 42.67612079282436], [23.33075687601637, 42.67613787596666], [23.330766342375963, 42.67611937917563], [23.330704589983625, 42.676102296033335]]]}}, {"type": "Feature", "properties": {"id": 17668, "objectid": 24267.0, "park_txt": "Надлъжн", "zona": "Зелена зона", "mestopoloz": "ул. Димитър Димов", "georef_201": "2017", "vid_txt_20": "Зона", "zabelezhka": null, "obekt": null, "dogovor_sr": null, "dogovor_nu": null, "type": null, "bezplatni_": null, "podzona_nu": "-", "sf_rayon": "-", "bearing_deg": -159.4}, "geometry": {"type": "Polygon", "coordinates": [[[23.330770434686265, 42.676120151192414], [23.330760984239156, 42.67613865238122], [23.330822751313733, 42.67615570680759], [23.330832201760842, 42.67613720561879], [23.330770434686265, 42.676120151192414]]]}}, {"type": "Feature", "properties": {"id": 17669, "objectid": 24268.0, "park_txt": "Надлъжн", "zona": "Зелена зона", "mestopoloz": "ул. Димитър Димов", "georef_201": "2017", "vid_txt_20": "Зона", "zabelezhka": null, "obekt": null, "dogovor_sr": null, "dogovor_nu": null, "type": null, "bezplatni_": null, "podzona_nu": "-", "sf_rayon": "-", "bearing_deg": -159.4}, "geometry": {"type": "Polygon", "coordinates": [[[23.330839656686265, 42.676139490192405], [23.330830206239156, 42.67615799138121], [23.330891973313733, 42.67617504580758], [23.330901423760842, 42.67615654461878], [23.330839656686265, 42.676139490192405]]]}}, {"type": "Feature", "properties": {"id": 17670, "objectid": 24269.0, "park_txt": "Напречн", "zona": "Зелена зона", "mestopoloz": "ул. Димитър Димов", "georef_201": "2017", "vid_txt_20": "Зона", "zabelezhka": null, "obekt": null, "dogovor_sr": null, "dogovor_nu": null, "type": null, "bezplatni_": null, "podzona_nu": "-", "sf_rayon": "-", "bearing_deg": -148.8}, "geometry": {"type": "Polygon", "coordinates": [[[23.331704049493926, 42.6764238031827], [23.331678965375787, 42.67641263643498], [23.33164858850607, 42.67644952081729], [23.33167367262421, 42.676460687565005], [23.331704049493926, 42.6764238031827]]]}}, {"type": "Feature", "properties": {"id": 17671, "objectid": 24270.0, "park_txt": "Напречн", "zona": "Зелена зона", "mestopoloz": "ул. Димитър Димов", "georef_201": "2017", "vid_txt_20": "Зона", "zabelezhka": null, "obekt": null, "dogovor_sr": null, "dogovor_nu": null, "type": null, "bezplatni_": null, "podzona_nu": "-", "sf_rayon": "-", "bearing_deg": -148.8}, "geometry": {"type": "Polygon", "coordinates": [[[23.33170323149393, 42.6763980571827], [23.33167814737579, 42.67638689043499], [23.331647770506073, 42.676423774817295], [23.331672854624212, 42.67643494156501], [23.33170323149393, 42.6763980571827]]]}}, {"type": "Feature", "properties": {"id": 17672, "objectid": 24271.0, "park_txt": "Надлъжн", "zona": "Зелена зона", "mestopoloz": "бул. Джеймс Баучер", "georef_201": "2017", "vid_txt_20": "Зона", "zabelezhka": null, "obekt": null, "dogovor_sr": null, "dogovor_nu": null, "type": null, "bezplatni_": null, "podzona_nu": "-", "sf_rayon": "-", "bearing_deg": -152.9}, "geometry": {"type": "Polygon", "coordinates": [[[23.331008853280554, 42.6752546817663], [23.330996601474265, 42.675272272430234], [23.33105532871945, 42.675294382233716], [23.33106758052574, 42.67527679156977], [23.331008853280554, 42.6752546817663]]]}}, {"type": "Feature", "properties": {"id": 17673, "objectid": 24272.0, "park_txt": "Надлъжн", "zona": "Зелена зона", "mestopoloz": "бул. Джеймс Баучер", "georef_201": "2017", "vid_txt_20": "Зона", "zabelezhka": null, "obekt": null, "dogovor_sr": null, "dogovor_nu": null, "type": null, "bezplatni_": null, "podzona_nu": "-", "sf_rayon": "-", "bearing_deg": -149.8}, "geometry": {"type": "Polygon", "coordinates": [[[23.330955949925926, 42.67523417632459], [23.33094244312451, 42.67525126308788], [23.330999488074074, 42.67527563767542], [23.33101299487549, 42.675258550912126], [23.330955949925926, 42.67523417632459]]]}}, {"type": "Feature", "properties": {"id": 17674, "objectid": 24273.0, "park_txt": "Надлъжн", "zona": "Зелена зона", "mestopoloz": "бул. Джеймс Баучер", "georef_201": "2017", "vid_txt_20": "Зона", "zabelezhka": null, "obekt": null, "dogovor_sr": null, "dogovor_nu": null, "type": null, "bezplatni_": null, "podzona_nu": "-", "sf_rayon": "-", "bearing_deg": -149.6}, "geometry": {"type": "Polygon", "coordinates": [[[23.330896839277692, 42.67521268818635], [23.330883231925853, 42.675229731771246], [23.33094013272231, 42.675254287813665], [23.33095374007415, 42.67523724422877], [23.330896839277692, 42.67521268818635]]]}}, {"type": "Feature", "properties": {"id": 17675, "objectid": 24274.0, "park_txt": "Надлъжн", "zona": "Зелена зона", "mestopoloz": "бул. Джеймс Баучер", "georef_201": "2017", "vid_txt_20": "Зона", "zabelezhka": null, "obekt": null, "dogovor_sr": null, "dogovor_nu": null, "type": null, "bezplatni_": null, "podzona_nu": "-", "sf_rayon": "-", "bearing_deg": -151.9}, "geometry": {"type": "Polygon", "coordinates": [[[23.33083580639557, 42.67519173612341], [23.33082316367711, 42.67520917662683], [23.33088138960443, 42.675231991876586], [23.330894032322888, 42.67521455137317], [23.33083580639557, 42.67519173612341]]]}}, {"type": "Feature", "properties": {"id": 17676, "objectid": 24275.0, "park_txt": "Надлъжн", "zona": "Зелена зона", "mestopoloz": "бул. Джеймс Баучер", "georef_201": "2017", "vid_txt_20": "Зона", "zabelezhka": null, "obekt": null, "dogovor_sr": null, "dogovor_nu": null, "type": null, "bezplatni_": null, "podzona_nu": "-", "sf_rayon": "-", "bearing_deg": -139.7}, "geometry": {"type": "Polygon", "coordinates": [[[23.330782590536153, 42.67516716197266], [23.330765221017433, 42.67518224471905], [23.330815575463845, 42.67521359002735], [23.330832944982564, 42.67519850728096], [23.330782590536153, 42.67516716197266]]]}}, {"type": "Feature", "properties": {"id": 17677, "objectid": 24276.0, "park_txt": "Надлъжн", "zona": "Зелена зона", "mestopoloz": "бул. Джеймс Баучер", "georef_201": "2017", "vid_txt_20": "Зона", "zabelezhka": null, "obekt": null, "dogovor_sr": null, "dogovor_nu": null, "type": null, "bezplatni_": null, "podzona_nu": "-", "sf_rayon": "-", "bearing_deg": -171.7}, "geometry": {"type": "Polygon", "coordinates": [[[23.33070573062566, 42.67515449393992], [23.330701865748765, 42.67517405144209], [23.33076715937434, 42.67518102606008], [23.330771024251234, 42.67516146855791], [23.33070573062566, 42.67515449393992]]]}}, {"type": "Feature", "properties": {"id": 17678, "objectid": 24277.0, "park_txt": "Надлъжн", "zona": "Зелена зона", "mestopoloz": "бул. Джеймс Баучер", "georef_201": "2017", "vid_txt_20": "Зона", "zabelezhka": null, "obekt": null, "dogovor_sr": null, "dogovor_nu": null, "type": null, "bezplatni_": null, "podzona_nu": "-", "sf_rayon": "-", "bearing_deg": -166.8}, "geometry": {"type": "Polygon", "coordinates": [[[23.3306428853422, 42.675129330493164], [23.33063676721161, 42.67514857463157], [23.330701014657794, 42.67515961550684], [23.330707132788383, 42.675140371368435], [23.3306428853422, 42.675129330493164]]]}}, {"type": "Feature", "properties": {"id": 17679, "objectid": 24278.0, "park_txt": "Надлъжн", "zona": "Зелена зона", "mestopoloz": "бул. Джеймс Баучер", "georef_201": "2017", "vid_txt_20": "Зона", "zabelezhka": null, "obekt": null, "dogovor_sr": null, "dogovor_nu": null, "type": null, "bezplatni_": null, "podzona_nu": "-", "sf_rayon": "-", "bearing_deg": -152.5}, "geometry": {"type": "Polygon", "coordinates": [[[23.330591631242783, 42.675103823787616], [23.330579211028237, 42.675121350496724], [23.33063772475722, 42.67514376421239], [23.330650144971763, 42.675126237503285], [23.330591631242783, 42.675103823787616]]]}}, {"type": "Feature", "properties": {"id": 17680, "objectid": 24279.0, "park_txt": "Надлъжн", "zona": "Зелена зона", "mestopoloz": "бул. Джеймс Баучер", "georef_201": "2017", "vid_txt_20": "Зона", "zabelezhka": null, "obekt": null, "dogovor_sr": null, "dogovor_nu": null, "type": null, "bezplatni_": null, "podzona_nu": "-", "sf_rayon": "-", "bearing_deg": -157.0}, "geometry": {"type": "Polygon", "coordinates": [[[23.330534743196747, 42.67508544502595], [23.330524256093405, 42.67510364178143], [23.33058500680325, 42.67512256697405], [23.330595493906593, 42.67510437021857], [23.330534743196747, 42.67508544502595]]]}}, {"type": "Feature", "properties": {"id": 17681, "objectid": 24280.0, "park_txt": "Надлъжн", "zona": "Зелена зона", "mestopoloz": "бул. Джеймс Баучер", "georef_201": "2017", "vid_txt_20": "Зона", "zabelezhka": null, "obekt": null, "dogovor_sr": null, "dogovor_nu": null, "type": null, "bezplatni_": null, "podzona_nu": "-", "sf_rayon": "-", "bearing_deg": -160.2}, "geometry": {"type": "Polygon", "coordinates": [[[23.330479319587166, 42.67506698556634], [23.330470226761722, 42.675085583377005], [23.33053231641283, 42.67510199243366], [23.330541409238275, 42.675083394623], [23.330479319587166, 42.67506698556634]]]}}, {"type": "Feature", "properties": {"id": 17682, "objectid": 24281.0, "park_txt": "Надлъжн", "zona": "Зелена зона", "mestopoloz": "бул. Джеймс Баучер", "georef_201": "2017", "vid_txt_20": "Зона", "zabelezhka": null, "obekt": null, "dogovor_sr": null, "dogovor_nu": null, "type": null, "bezplatni_": null, "podzona_nu": "-", "sf_rayon": "-", "bearing_deg": -161.8}, "geometry": {"type": "Polygon", "coordinates": [[[23.330420431425193, 42.67504651907671], [23.330412057036863, 42.67506529836962], [23.3304747525748, 42.6750804109233], [23.33048312696313, 42.67506163163039], [23.330420431425193, 42.67504651907671]]]}}, {"type": "Feature", "properties": {"id": 17683, "objectid": 24282.0, "park_txt": "Надлъжн", "zona": "Зелена зона", "mestopoloz": "бул. Джеймс Баучер", "georef_201": "2017", "vid_txt_20": "Зона", "zabelezhka": null, "obekt": null, "dogovor_sr": null, "dogovor_nu": null, "type": null, "bezplatni_": null, "podzona_nu": "-", "sf_rayon": "-", "bearing_deg": -145.1}, "geometry": {"type": "Polygon", "coordinates": [[[23.330369996664494, 42.67502044245341], [23.330354602867583, 42.67503664365712], [23.330408691335503, 42.675064423546594], [23.330424085132417, 42.67504822234289], [23.330369996664494, 42.67502044245341]]]}}, {"type": "Feature", "properties": {"id": 17684, "objectid": 24283.0, "park_txt": "Надлъжн", "zona": "Зелена зона", "mestopoloz": "бул. Джеймс Баучер", "georef_201": "2017", "vid_txt_20": "Зона", "zabelezhka": null, "obekt": null, "dogovor_sr": null, "dogovor_nu": null, "type": null, "bezplatni_": null, "podzona_nu": "-", "sf_rayon": "-", "bearing_deg": -149.3}, "geometry": {"type": "Polygon", "coordinates": [[[23.33030678373318, 42.674999521819956], [23.330293072259987, 42.675016520238586], [23.33034982226682, 42.67504126418004], [23.330363533740016, 42.67502426576141], [23.33030678373318, 42.674999521819956]]]}}, {"type": "Feature", "properties": {"id": 17685, "objectid": 24284.0, "park_txt": "Надлъжн", "zona": "Зелена зона", "mestopoloz": "бул. Джеймс Баучер", "georef_201": "2017", "vid_txt_20": "Зона", "zabelezhka": null, "obekt": null, "dogovor_sr": null, "dogovor_nu": null, "type": null, "bezplatni_": null, "podzona_nu": "-", "sf_rayon": "-", "bearing_deg": 63.0}, "geometry": {"type": "Polygon", "coordinates": [[[23.330268626842702, 42.67502385170529], [23.330292570856923, 42.67501487004161], [23.3302625851573, 42.67497166029471], [23.330238641143076, 42.67498064195839], [23.330268626842702, 42.67502385170529]]]}}, {"type": "Feature", "properties": {"id": 17686, "objectid": 24285.0, "park_txt": "Надлъжн", "zona": "Зелена зона", "mestopoloz": "бул. Джеймс Баучер", "georef_201": "2017", "vid_txt_20": "Зона", "zabelezhka": null, "obekt": null, "dogovor_sr": null, "dogovor_nu": null, "type": null, "bezplatni_": null, "podzona_nu": "-", "sf_rayon": "-", "bearing_deg": 63.0}, "geometry": {"type": "Polygon", "coordinates": [[[23.330198931842702, 42.67499817670529], [23.330222875856922, 42.674989195041604], [23.3301928901573, 42.674945985294706], [23.330168946143075, 42.67495496695839], [23.330198931842702, 42.67499817670529]]]}}, {"type": "Feature", "properties": {"id": 17687, "objectid": 24286.0, "park_txt": "Надлъжн", "zona": "Зелена зона", "mestopoloz": "бул. Джеймс Баучер", "georef_201": "2017", "vid_txt_20": "Зона", "zabelezhka": null, "obekt": null, "dogovor_sr": null, "dogovor_nu": null, "type": null, "bezplatni_": null, "podzona_nu": "-", "sf_rayon": "-", "bearing_deg": 50.3}, "geometry": {"type": "Polygon", "coordinates": [[[23.331264497108645, 42.6753793658862], [23.33128518024094, 42.6753667432216], [23.331243038891355, 42.675329418113805], [23.33122235575906, 42.67534204077841], [23.331264497108645, 42.6753793658862]]]}}, {"type": "Feature", "properties": {"id": 17688, "objectid": 24287.0, "park_txt": "Надлъжн", "zona": "Зелена зона", "mestopoloz": "бул. Джеймс Баучер", "georef_201": "2017", "vid_txt_20": "Зона", "zabelezhka": null, "obekt": null, "dogovor_sr": null, "dogovor_nu": null, "type": null, "bezplatni_": null, "podzona_nu": "-", "sf_rayon": "-", "bearing_deg": 80.8}, "geometry": {"type": "Polygon", "coordinates": [[[23.33119423510477, 42.675361428452206], [23.331220768115585, 42.67535826143891], [23.33121019489523, 42.6753103795478], [23.33118366188442, 42.6753135465611], [23.33119423510477, 42.675361428452206]]]}}, {"type": "Feature", "properties": {"id": 17689, "objectid": 24288.0, "park_txt": "Надлъжн", "zona": "Зелена зона", "mestopoloz": "бул. Джеймс Баучер", "georef_201": "2017", "vid_txt_20": "Зона", "zabelezhka": null, "obekt": null, "dogovor_sr": null, "dogovor_nu": null, "type": null, "bezplatni_": null, "podzona_nu": "-", "sf_rayon": "-", "bearing_deg": -156.9}, "geometry": {"type": "Polygon", "coordinates": [[[23.331117663427815, 42.67529573940653], [23.33110711249038, 42.67531391620483], [23.33116779657219, 42.675332956593465], [23.331178347509624, 42.675314779795166], [23.331117663427815, 42.67529573940653]]]}}, {"type": "Feature", "properties": {"id": 17690, "objectid": 24289.0, "park_txt": "Надлъжн", "zona": "Зелена зона", "mestopoloz": "бул. Джеймс Баучер", "georef_201": "2017", "vid_txt_20": "Зона", "zabelezhka": null, "obekt": null, "dogovor_sr": null, "dogovor_nu": null, "type": null, "bezplatni_": null, "podzona_nu": "-", "sf_rayon": "-", "bearing_deg": -139.6}, "geometry": {"type": "Polygon", "coordinates": [[[23.331070108607925, 42.675270898663896], [23.331052696222113, 42.675285954669164], [23.33110296139208, 42.6753173773361], [23.331120373777892, 42.67530232133083], [23.331070108607925, 42.675270898663896]]]}}, {"type": "Feature", "properties": {"id": 17691, "objectid": 24290.0, "park_txt": "Надлъжн", "zona": "Зелена зона", "mestopoloz": "бул. Джеймс Баучер", "georef_201": "2017", "vid_txt_20": "Зона", "zabelezhka": null, "obekt": null, "dogovor_sr": null, "dogovor_nu": null, "type": null, "bezplatni_": null, "podzona_nu": "-", "sf_rayon": "-", "bearing_deg": -162.3}, "geometry": {"type": "Polygon", "coordinates": [[[23.33169765398407, 42.67550695301604], [23.331689477384685, 42.67552577936336], [23.331752330015934, 42.675540534983966], [23.331760506615318, 42.67552170863665], [23.33169765398407, 42.67550695301604]]]}}, {"type": "Feature", "properties": {"id": 17692, "objectid": 24291.0, "park_txt": "Надлъжн", "zona": "Зелена зона", "mestopoloz": "бул. Джеймс Баучер", "georef_201": "2017", "vid_txt_20": "Зона", "zabelezhka": null, "obekt": null, "dogovor_sr": null, "dogovor_nu": null, "type": null, "bezplatni_": null, "podzona_nu": "-", "sf_rayon": "-", "bearing_deg": -162.1}, "geometry": {"type": "Polygon", "coordinates": [[[23.331643702181058, 42.67548722268772], [23.331635435901784, 42.67550602785393], [23.33169821781894, 42.67552094531229], [23.331706484098216, 42.67550214014609], [23.331643702181058, 42.67548722268772]]]}}, {"type": "Feature", "properties": {"id": 17693, "objectid": 24292.0, "park_txt": "Надлъжн", "zona": "Зелена зона", "mestopoloz": "бул. Джеймс Баучер", "georef_201": "2017", "vid_txt_20": "Зона", "zabelezhka": null, "obekt": null, "dogovor_sr": null, "dogovor_nu": null, "type": null, "bezplatni_": null, "podzona_nu": "-", "sf_rayon": "-", "bearing_deg": -160.7}, "geometry": {"type": "Polygon", "coordinates": [[[23.331585082764175, 42.675465201159426], [23.33157619282478, 42.675483851915274], [23.331638459235823, 42.67549989484056], [23.331647349175217, 42.675481244084715], [23.331585082764175, 42.675465201159426]]]}}, {"type": "Feature", "properties": {"id": 17694, "objectid": 24293.0, "park_txt": "Надлъжн", "zona": "Зелена зона", "mestopoloz": "бул. Джеймс Баучер", "georef_201": "2017", "vid_txt_20": "Зона", "zabelezhka": null, "obekt": null, "dogovor_sr": null, "dogovor_nu": null, "type": null, "bezplatni_": null, "podzona_nu": "-", "sf_rayon": "-", "bearing_deg": -144.2}, "geometry": {"type": "Polygon", "coordinates": [[[23.331532381132806, 42.67543929558935], [23.331516652293466, 42.67545532189831], [23.33157015686719, 42.67548370641065], [23.331585885706534, 42.67546768010169], [23.331532381132806, 42.67543929558935]]]}}, {"type": "Feature", "properties": {"id": 17695, "objectid": 24294.0, "park_txt": "Надлъжн", "zona": "Зелена зона", "mestopoloz": "бул. Джеймс Баучер", "georef_201": "2017", "vid_txt_20": "Зона", "zabelezhka": null, "obekt": null, "dogovor_sr": null, "dogovor_nu": null, "type": null, "bezplatni_": null, "podzona_nu": "-", "sf_rayon": "-", "bearing_deg": -153.9}, "geometry": {"type": "Polygon", "coordinates": [[[23.331468238615226, 42.67542021464932], [23.331456404426547, 42.675437959186546], [23.331515645384773, 42.67545931535068], [23.331527479573452, 42.675441570813454], [23.331468238615226, 42.67542021464932]]]}}, {"type": "Feature", "properties": {"id": 17696, "objectid": 24295.0, "park_txt": "Надлъжн", "zona": "Зелена зона", "mestopoloz": "бул. Джеймс Баучер", "georef_201": "2017", "vid_txt_20": "Зона", "zabelezhka": null, "obekt": null, "dogovor_sr": null, "dogovor_nu": null, "type": null, "bezplatni_": null, "podzona_nu": "-", "sf_rayon": "-", "bearing_deg": 164.8}, "geometry": {"type": "Polygon", "coordinates": [[[23.331394368140156, 42.67541454542208], [23.331401406827055, 42.67543361870367], [23.331465083859847, 42.67542091657793], [23.331458045172948, 42.675401843296335], [23.331394368140156, 42.67541454542208]]]}}, {"type": "Feature", "properties": {"id": 17697, "objectid": 24296.0, "park_txt": "Надлъжн", "zona": "Зелена зона", "mestopoloz": "бул. Джеймс Баучер", "georef_201": "2017", "vid_txt_20": "Зона", "zabelezhka": null, "obekt": null, "dogovor_sr": null, "dogovor_nu": null, "type": null, "bezplatni_": null, "podzona_nu": "-", "sf_rayon": "-", "bearing_deg": -140.5}, "geometry": {"type": "Polygon", "coordinates": [[[23.331347641820592, 42.67537119148258], [23.331330530306772, 42.67538643280883], [23.331381414179415, 42.6754173125174], [23.33139852569323, 42.67540207119116], [23.331347641820592, 42.67537119148258]]]}}, {"type": "Feature", "properties": {"id": 17698, "objectid": 24297.0, "park_txt": "Надлъжн", "zona": "Зелена зона", "mestopoloz": "бул. Джеймс Баучер", "georef_201": "2017", "vid_txt_20": "Зона", "zabelezhka": null, "obekt": null, "dogovor_sr": null, "dogovor_nu": null, "type": null, "bezplatni_": null, "podzona_nu": "-", "sf_rayon": "-", "bearing_deg": 76.2}, "geometry": {"type": "Polygon", "coordinates": [[[23.33194114845226, 42.67563018814917], [23.331967251556264, 42.67562546992533], [23.331951499547745, 42.67557836385084], [23.331925396443737, 42.67558308207468], [23.33194114845226, 42.67563018814917]]]}}, {"type": "Feature", "properties": {"id": 17699, "objectid": 24298.0, "park_txt": "Надлъжн", "zona": "Зелена зона", "mestopoloz": "бул. Джеймс Баучер", "georef_201": "2017", "vid_txt_20": "Зона", "zabelezhka": null, "obekt": null, "dogovor_sr": null, "dogovor_nu": null, "type": null, "bezplatni_": null, "podzona_nu": "-", "sf_rayon": "-", "bearing_deg": 72.8}, "geometry": {"type": "Polygon", "coordinates": [[[23.33189177733117, 42.675611646028905], [23.33191745802258, 42.675605807753115], [23.33189796666883, 42.675559463971084], [23.33187228597742, 42.67556530224688], [23.33189177733117, 42.675611646028905]]]}}, {"type": "Feature", "properties": {"id": 17700, "objectid": 24299.0, "park_txt": "Надлъжн", "zona": "Зелена зона", "mestopoloz": "бул. Джеймс Баучер", "georef_201": "2017", "vid_txt_20": "Зона", "zabelezhka": null, "obekt": null, "dogovor_sr": null, "dogovor_nu": null, "type": null, "bezplatni_": null, "podzona_nu": "-", "sf_rayon": "-", "bearing_deg": -158.6}, "geometry": {"type": "Polygon", "coordinates": [[[23.331809759980324, 42.67554570113665], [23.331799973253414, 42.67556410758113], [23.331861424019678, 42.67558176886335], [23.331871210746584, 42.67556336241886], [23.331809759980324, 42.67554570113665]]]}}, {"type": "Feature", "properties": {"id": 17701, "objectid": 24300.0, "park_txt": "Надлъжн", "zona": "Зелена зона", "mestopoloz": "бул. Джеймс Баучер", "georef_201": "2017", "vid_txt_20": "Зона", "zabelezhka": null, "obekt": null, "dogovor_sr": null, "dogovor_nu": null, "type": null, "bezplatni_": null, "podzona_nu": "-", "sf_rayon": "-", "bearing_deg": -159.5}, "geometry": {"type": "Polygon", "coordinates": [[[23.331753203035163, 42.67552577579186], [23.33174378868683, 42.67554428692616], [23.33180558896484, 42.67556127620813], [23.331815003313174, 42.67554276507383], [23.331753203035163, 42.67552577579186]]]}}, {"type": "Feature", "properties": {"id": 17702, "objectid": 24301.0, "park_txt": "Надлъжн", "zona": "Зелена зона", "mestopoloz": "бул. Джеймс Баучер", "georef_201": "2017", "vid_txt_20": "Зона", "zabelezhka": null, "obekt": null, "dogovor_sr": null, "dogovor_nu": null, "type": null, "bezplatni_": null, "podzona_nu": "-", "sf_rayon": "-", "bearing_deg": 85.0}, "geometry": {"type": "Polygon", "coordinates": [[[23.332321173140297, 42.675769516864], [23.332347952904655, 42.675767808322455], [23.3323422488597, 42.675719481135985], [23.33231546909534, 42.67572118967754], [23.332321173140297, 42.675769516864]]]}}, {"type": "Feature", "properties": {"id": 17703, "objectid": 24302.0, "park_txt": "Надлъжн", "zona": "Зелена зона", "mestopoloz": "бул. Джеймс Баучер", "georef_201": "2017", "vid_txt_20": "Зона", "zabelezhka": null, "obekt": null, "dogovor_sr": null, "dogovor_nu": null, "type": null, "bezplatni_": null, "podzona_nu": "-", "sf_rayon": "-", "bearing_deg": 85.3}, "geometry": {"type": "Polygon", "coordinates": [[[23.332372533339484, 42.67578822540886], [23.33239932366462, 42.67578660883575], [23.33239392666052, 42.67573826259114], [23.332367136335385, 42.67573987916425], [23.332372533339484, 42.67578822540886]]]}}, {"type": "Feature", "properties": {"id": 17704, "objectid": 24303.0, "park_txt": "Надлъжн", "zona": "Зелена зона", "mestopoloz": "бул. Джеймс Баучер", "georef_201": "2017", "vid_txt_20": "Зона", "zabelezhka": null, "obekt": null, "dogovor_sr": null, "dogovor_nu": null, "type": null, "bezplatni_": null, "podzona_nu": "-", "sf_rayon": "-", "bearing_deg": 171.7}, "geometry": {"type": "Polygon", "coordinates": [[[23.332141184240516, 42.67568146509713], [23.332145047588924, 42.67570102276254], [23.332210341759478, 42.67569405090288], [23.33220647841107, 42.675674493237466], [23.332141184240516, 42.67568146509713]]]}}, {"type": "Feature", "properties": {"id": 17705, "objectid": 24304.0, "park_txt": "Надлъжн", "zona": "Зелена зона", "mestopoloz": "бул. Джеймс Баучер", "georef_201": "2017", "vid_txt_20": "Зона", "zabelezhka": null, "obekt": null, "dogovor_sr": null, "dogovor_nu": null, "type": null, "bezplatni_": null, "podzona_nu": "-", "sf_rayon": "-", "bearing_deg": -168.3}, "geometry": {"type": "Polygon", "coordinates": [[[23.332198458118178, 42.67569216879506], [23.33219299548582, 42.675711519252154], [23.33225759788182, 42.675721377204944], [23.33226306051418, 42.67570202674785], [23.332198458118178, 42.67569216879506]]]}}, {"type": "Feature", "properties": {"id": 17706, "objectid": 24305.0, "park_txt": "Надлъжн", "zona": "Зелена зона", "mestopoloz": "бул. Джеймс Баучер", "georef_201": "2017", "vid_txt_20": "Зона", "zabelezhka": null, "obekt": null, "dogovor_sr": null, "dogovor_nu": null, "type": null, "bezplatni_": null, "podzona_nu": "-", "sf_rayon": "-", "bearing_deg": -140.4}, "geometry": {"type": "Polygon", "coordinates": [[[23.332265222520782, 42.67570335066512], [23.332248076215837, 42.675718570841674], [23.33229888947922, 42.67574951333487], [23.332316035784164, 42.675734293158314], [23.332265222520782, 42.67570335066512]]]}}, {"type": "Feature", "properties": {"id": 17707, "objectid": 24306.0, "park_txt": "Надлъжн", "zona": "Зелена зона", "mestopoloz": "бул. Джеймс Баучер", "georef_201": "2017", "vid_txt_20": "Инвалид", "zabelezhka": "-", "obekt": "-", "dogovor_sr": "-", "dogovor_nu": "-", "type": "-", "bezplatni_": "-", "podzona_nu": "-", "sf_rayon": "-", "bearing_deg": -169.5}, "geometry": {"type": "Polygon", "coordinates": [[[23.33267483013064, 42.67586609725259], [23.332669915048903, 42.67588552691315], [23.33273478186936, 42.67589439674741], [23.332739696951094, 42.67587496708685], [23.33267483013064, 42.67586609725259]]]}}, {"type": "Feature", "properties": {"id": 17708, "objectid": 24307.0, "park_txt": "Надлъжн", "zona": "Зелена зона", "mestopoloz": "бул. Джеймс Баучер", "georef_201": "2017", "vid_txt_20": "Зона", "zabelezhka": null, "obekt": null, "dogovor_sr": null, "dogovor_nu": null, "type": null, "bezplatni_": null, "podzona_nu": "-", "sf_rayon": "-", "bearing_deg": -169.5}, "geometry": {"type": "Polygon", "coordinates": [[[23.332622832130642, 42.67596611425259], [23.332617917048903, 42.67598554391315], [23.33268278386936, 42.67599441374741], [23.332687698951094, 42.67597498408686], [23.332622832130642, 42.67596611425259]]]}}, {"type": "Feature", "properties": {"id": 17709, "objectid": 24308.0, "park_txt": "Надлъжн", "zona": "Зелена зона", "mestopoloz": "бул. Джеймс Баучер", "georef_201": "2017", "vid_txt_20": "Зона", "zabelezhka": null, "obekt": null, "dogovor_sr": null, "dogovor_nu": null, "type": null, "bezplatni_": null, "podzona_nu": "-", "sf_rayon": "-", "bearing_deg": -169.5}, "geometry": {"type": "Polygon", "coordinates": [[[23.33255347513064, 42.675941253252596], [23.332548560048906, 42.67596068291315], [23.332613426869358, 42.67596955274742], [23.332618341951097, 42.67595012308686], [23.33255347513064, 42.675941253252596]]]}}, {"type": "Feature", "properties": {"id": 17710, "objectid": 24309.0, "park_txt": "Надлъжн", "zona": "Зелена зона", "mestopoloz": "бул. Джеймс Баучер", "georef_201": "2017", "vid_txt_20": "Зона", "zabelezhka": null, "obekt": null, "dogovor_sr": null, "dogovor_nu": null, "type": null, "bezplatni_": null, "podzona_nu": "-", "sf_rayon": "-", "bearing_deg": -169.5}, "geometry": {"type": "Polygon", "coordinates": [[[23.332481418130644, 42.675915424252594], [23.332476503048905, 42.67593485391315], [23.33254136986936, 42.67594372374741], [23.332546284951096, 42.675924294086855], [23.332481418130644, 42.675915424252594]]]}}, {"type": "Feature", "properties": {"id": 17711, "objectid": 24310.0, "park_txt": "Надлъжн", "zona": "Зелена зона", "mestopoloz": "бул. Джеймс Баучер", "georef_201": "2017", "vid_txt_20": "Зона", "zabelezhka": null, "obekt": null, "dogovor_sr": null, "dogovor_nu": null, "type": null, "bezplatni_": null, "podzona_nu": "-", "sf_rayon": "-", "bearing_deg": -138.2}, "geometry": {"type": "Polygon", "coordinates": [[[23.332430638607764, 42.67588271483726], [23.33241273683908, 42.67589745734775], [23.332461955392237, 42.67592976316275], [23.33247985716092, 42.675915020652255], [23.332430638607764, 42.67588271483726]]]}}, {"type": "Feature", "properties": {"id": 17712, "objectid": 24311.0, "park_txt": "Надлъжн", "zona": "Зелена зона", "mestopoloz": "бул. Джеймс Баучер", "georef_201": "2017", "vid_txt_20": "Зона", "zabelezhka": null, "obekt": null, "dogovor_sr": null, "dogovor_nu": null, "type": null, "bezplatni_": null, "podzona_nu": "-", "sf_rayon": "-", "bearing_deg": -143.4}, "geometry": {"type": "Polygon", "coordinates": [[[23.332361078527203, 42.67585993129493], [23.33234506185228, 42.67587580276009], [23.332398049472793, 42.675904706705076], [23.33241406614772, 42.675888835239924], [23.332361078527203, 42.67585993129493]]]}}, {"type": "Feature", "properties": {"id": 17713, "objectid": 24312.0, "park_txt": "Надлъжн", "zona": "Зелена зона", "mestopoloz": "бул. Джеймс Баучер", "georef_201": "2017", "vid_txt_20": "Зона", "zabelezhka": null, "obekt": null, "dogovor_sr": null, "dogovor_nu": null, "type": null, "bezplatni_": null, "podzona_nu": "-", "sf_rayon": "-", "bearing_deg": 161.1}, "geometry": {"type": "Polygon", "coordinates": [[[23.332271908589227, 42.675854997775815], [23.332280627312233, 42.67587369216966], [23.332343039410773, 42.67585795822419], [23.33233432068777, 42.67583926383034], [23.332271908589227, 42.675854997775815]]]}}, {"type": "Feature", "properties": {"id": 17714, "objectid": 24313.0, "park_txt": "Надлъжн", "zona": "Зелена зона", "mestopoloz": "бул. Джеймс Баучер", "georef_201": "2017", "vid_txt_20": "Зона", "zabelezhka": null, "obekt": null, "dogovor_sr": null, "dogovor_nu": null, "type": null, "bezplatni_": null, "podzona_nu": "-", "sf_rayon": "-", "bearing_deg": 68.2}, "geometry": {"type": "Polygon", "coordinates": [[[23.332244012650246, 42.67586000543512], [23.332268975089814, 42.67585267417828], [23.332244499349752, 42.67580762656488], [23.332219536910184, 42.67581495782172], [23.332244012650246, 42.67586000543512]]]}}, {"type": "Feature", "properties": {"id": 17715, "objectid": 24314.0, "park_txt": "Надлъжн", "zona": "Зелена зона", "mestopoloz": "бул. Джеймс Баучер", "georef_201": "2017", "vid_txt_20": "Зона", "zabelezhka": null, "obekt": null, "dogovor_sr": null, "dogovor_nu": null, "type": null, "bezplatni_": null, "podzona_nu": "-", "sf_rayon": "-", "bearing_deg": 73.8}, "geometry": {"type": "Polygon", "coordinates": [[[23.332177411715573, 42.67583690220992], [23.33220322194844, 42.67583138134466], [23.332184790284426, 42.67578480379007], [23.33215898005156, 42.67579032465534], [23.332177411715573, 42.67583690220992]]]}}, {"type": "Feature", "properties": {"id": 17716, "objectid": 24315.0, "park_txt": "Надлъжн", "zona": "Зелена зона", "mestopoloz": "бул. Джеймс Баучер", "georef_201": "2017", "vid_txt_20": "Зона", "zabelezhka": null, "obekt": null, "dogovor_sr": null, "dogovor_nu": null, "type": null, "bezplatni_": null, "podzona_nu": "-", "sf_rayon": "-", "bearing_deg": -175.8}, "geometry": {"type": "Polygon", "coordinates": [[[23.331997271313103, 42.67574373726043], [23.331995307776094, 42.675763447309606], [23.332061110686897, 42.67576699073956], [23.332063074223907, 42.67574728069039], [23.331997271313103, 42.67574373726043]]]}}, {"type": "Feature", "properties": {"id": 17717, "objectid": 24316.0, "park_txt": "Надлъжн", "zona": "Зелена зона", "mestopoloz": "бул. Джеймс Баучер", "georef_201": "2017", "vid_txt_20": "Зона", "zabelezhka": null, "obekt": null, "dogovor_sr": null, "dogovor_nu": null, "type": null, "bezplatni_": null, "podzona_nu": "-", "sf_rayon": "-", "bearing_deg": 62.0}, "geometry": {"type": "Polygon", "coordinates": [[[23.33196485948623, 42.675756887427156], [23.33198859354339, 42.67574760942791], [23.331957618513776, 42.67570477857285], [23.331933884456614, 42.6757140565721], [23.33196485948623, 42.675756887427156]]]}}, {"type": "Feature", "properties": {"id": 17718, "objectid": 24317.0, "park_txt": "Надлъжн", "zona": "Зелена зона", "mestopoloz": "бул. Джеймс Баучер", "georef_201": "2017", "vid_txt_20": "Зона", "zabelezhka": null, "obekt": null, "dogovor_sr": null, "dogovor_nu": null, "type": null, "bezplatni_": null, "podzona_nu": "-", "sf_rayon": "-", "bearing_deg": -151.7}, "geometry": {"type": "Polygon", "coordinates": [[[23.331867198854923, 42.675684861689426], [23.33185444776665, 42.67570225949495], [23.33191253114508, 42.675725270310586], [23.331925282233353, 42.67570787250506], [23.331867198854923, 42.675684861689426]]]}}, {"type": "Feature", "properties": {"id": 17719, "objectid": 24318.0, "park_txt": "Надлъжн", "zona": "Зелена зона", "mestopoloz": "бул. Джеймс Баучер", "georef_201": "2017", "vid_txt_20": "Зона", "zabelezhka": null, "obekt": null, "dogovor_sr": null, "dogovor_nu": null, "type": null, "bezplatni_": null, "podzona_nu": "-", "sf_rayon": "-", "bearing_deg": -154.6}, "geometry": {"type": "Polygon", "coordinates": [[[23.33179870679164, 42.67566149784566], [23.331787170862285, 42.67567934823369], [23.331846765208358, 42.675700166154336], [23.331858301137714, 42.675682315766295], [23.33179870679164, 42.67566149784566]]]}}, {"type": "Feature", "properties": {"id": 17720, "objectid": 24319.0, "park_txt": "Надлъжн", "zona": "Зелена зона", "mestopoloz": "бул. Джеймс Баучер", "georef_201": "2017", "vid_txt_20": "Зона", "zabelezhka": null, "obekt": null, "dogovor_sr": null, "dogovor_nu": null, "type": null, "bezplatni_": null, "podzona_nu": "-", "sf_rayon": "-", "bearing_deg": -156.0}, "geometry": {"type": "Polygon", "coordinates": [[[23.331732613707082, 42.675638301962856], [23.33172167131644, 42.67565635322586], [23.331781936292916, 42.675676100037144], [23.331792878683558, 42.67565804877414], [23.331732613707082, 42.675638301962856]]]}}, {"type": "Feature", "properties": {"id": 17721, "objectid": 24320.0, "park_txt": "Надлъжн", "zona": "Зелена зона", "mestopoloz": "бул. Джеймс Баучер", "georef_201": "2017", "vid_txt_20": "Зона", "zabelezhka": null, "obekt": null, "dogovor_sr": null, "dogovor_nu": null, "type": null, "bezplatni_": null, "podzona_nu": "-", "sf_rayon": "-", "bearing_deg": -157.7}, "geometry": {"type": "Polygon", "coordinates": [[[23.331674527734645, 42.67561810833139], [23.331664346692673, 42.67563639879918], [23.331725410265353, 42.6756547716686], [23.331735591307325, 42.67563648120081], [23.331674527734645, 42.67561810833139]]]}}, {"type": "Feature", "properties": {"id": 17722, "objectid": 24321.0, "park_txt": "Надлъжн", "zona": "Зелена зона", "mestopoloz": "бул. Джеймс Баучер", "georef_201": "2017", "vid_txt_20": "Зона", "zabelezhka": null, "obekt": null, "dogovor_sr": null, "dogovor_nu": null, "type": null, "bezplatni_": null, "podzona_nu": "-", "sf_rayon": "-", "bearing_deg": -159.7}, "geometry": {"type": "Polygon", "coordinates": [[[23.33160949602539, 42.675595213007426], [23.33160015903268, 42.67561374530779], [23.331662029974613, 42.67563059499257], [23.331671366967324, 42.6756120626922], [23.33160949602539, 42.675595213007426]]]}}, {"type": "Feature", "properties": {"id": 17723, "objectid": 24322.0, "park_txt": "Надлъжн", "zona": "Зелена зона", "mestopoloz": "бул. Джеймс Баучер", "georef_201": "2017", "vid_txt_20": "Зона", "zabelezhka": null, "obekt": null, "dogovor_sr": null, "dogovor_nu": null, "type": null, "bezplatni_": null, "podzona_nu": "-", "sf_rayon": "-", "bearing_deg": 78.3}, "geometry": {"type": "Polygon", "coordinates": [[[23.331571880178682, 42.675617607390635], [23.331598197365462, 42.675613583021004], [23.33158476182131, 42.675566090609365], [23.33155844463453, 42.675570114978996], [23.331571880178682, 42.675617607390635]]]}}, {"type": "Feature", "properties": {"id": 17724, "objectid": 24323.0, "park_txt": "Надлъжн", "zona": "Зелена зона", "mestopoloz": "бул. Джеймс Баучер", "georef_201": "2017", "vid_txt_20": "Зона", "zabelezhka": null, "obekt": null, "dogovor_sr": null, "dogovor_nu": null, "type": null, "bezplatni_": null, "podzona_nu": "-", "sf_rayon": "-", "bearing_deg": 61.3}, "geometry": {"type": "Polygon", "coordinates": [[[23.33152767079376, 42.675597819414705], [23.33155125086499, 42.67558833155491], [23.331519575206237, 42.675545778585295], [23.33149599513501, 42.67555526644509], [23.33152767079376, 42.675597819414705]]]}}, {"type": "Feature", "properties": {"id": 17725, "objectid": 24324.0, "park_txt": "Надлъжн", "zona": "Зелена зона", "mestopoloz": "бул. Джеймс Баучер", "georef_201": "2017", "vid_txt_20": "Зона", "zabelezhka": null, "obekt": null, "dogovor_sr": null, "dogovor_nu": null, "type": null, "bezplatni_": null, "podzona_nu": "-", "sf_rayon": "-", "bearing_deg": 173.3}, "geometry": {"type": "Polygon", "coordinates": [[[23.33139181635298, 42.67552963492336], [23.33139495048274, 42.6755492629768], [23.331460479647014, 42.67554360707665], [23.331457345517258, 42.6755239790232], [23.33139181635298, 42.67552963492336]]]}}, {"type": "Feature", "properties": {"id": 17726, "objectid": 24325.0, "park_txt": "Надлъжн", "zona": "Зелена зона", "mestopoloz": "бул. Джеймс Баучер", "georef_201": "2017", "vid_txt_20": "Зона", "zabelezhka": null, "obekt": null, "dogovor_sr": null, "dogovor_nu": null, "type": null, "bezplatni_": null, "podzona_nu": "-", "sf_rayon": "-", "bearing_deg": 170.3}, "geometry": {"type": "Polygon", "coordinates": [[[23.33133029634558, 42.67550896201618], [23.3313348363487, 42.67552844094528], [23.331399867654426, 42.67552024798381], [23.331395327651308, 42.67550076905472], [23.33133029634558, 42.67550896201618]]]}}, {"type": "Feature", "properties": {"id": 17727, "objectid": 24326.0, "park_txt": "Надлъжн", "zona": "Зелена зона", "mestopoloz": "бул. Джеймс Баучер", "georef_201": "2017", "vid_txt_20": "Зона", "zabelezhka": null, "obekt": null, "dogovor_sr": null, "dogovor_nu": null, "type": null, "bezplatni_": null, "podzona_nu": "-", "sf_rayon": "-", "bearing_deg": -154.4}, "geometry": {"type": "Polygon", "coordinates": [[[23.331280922586757, 42.675473513741245], [23.33126931773835, 42.67549133996571], [23.33132883141324, 42.67551228225876], [23.331340436261648, 42.67549445603429], [23.331280922586757, 42.675473513741245]]]}}, {"type": "Feature", "properties": {"id": 17728, "objectid": 24327.0, "park_txt": "Надлъжн", "zona": "Зелена зона", "mestopoloz": "бул. Джеймс Баучер", "georef_201": "2017", "vid_txt_20": "Зона", "zabelezhka": null, "obekt": null, "dogovor_sr": null, "dogovor_nu": null, "type": null, "bezplatni_": null, "podzona_nu": "-", "sf_rayon": "-", "bearing_deg": -143.9}, "geometry": {"type": "Polygon", "coordinates": [[[23.33120186911049, 42.67544002983123], [23.331186035256597, 42.675456000145516], [23.33123935288951, 42.67548457416876], [23.3312551867434, 42.675468603854476], [23.33120186911049, 42.67544002983123]]]}}, {"type": "Feature", "properties": {"id": 17729, "objectid": 24328.0, "park_txt": "Надлъжн", "zona": "Зелена зона", "mestopoloz": "бул. Джеймс Баучер", "georef_201": "2017", "vid_txt_20": "Зона", "zabelezhka": null, "obekt": null, "dogovor_sr": null, "dogovor_nu": null, "type": null, "bezplatni_": null, "podzona_nu": "-", "sf_rayon": "-", "bearing_deg": 135.5}, "geometry": {"type": "Polygon", "coordinates": [[[23.331134130798052, 42.67545281486609], [23.331152987078788, 42.67546689947646], [23.331200009201947, 42.675432871133914], [23.33118115292121, 42.67541878652354], [23.331134130798052, 42.67545281486609]]]}}, {"type": "Feature", "properties": {"id": 17730, "objectid": 24329.0, "park_txt": "Надлъжн", "zona": "Зелена зона", "mestopoloz": "бул. Джеймс Баучер", "georef_201": "2017", "vid_txt_20": "Зона", "zabelezhka": null, "obekt": null, "dogovor_sr": null, "dogovor_nu": null, "type": null, "bezplatni_": null, "podzona_nu": "-", "sf_rayon": "-", "bearing_deg": 85.6}, "geometry": {"type": "Polygon", "coordinates": [[[23.331105837616185, 42.67544947954769], [23.331132638659053, 42.67544796203832], [23.331127572383814, 42.675399596452316], [23.331100771340946, 42.675401113961684], [23.331105837616185, 42.67544947954769]]]}}, {"type": "Feature", "properties": {"id": 17731, "objectid": 24330.0, "park_txt": "Надлъжн", "zona": "Зелена зона", "mestopoloz": "бул. Джеймс Баучер", "georef_201": "2017", "vid_txt_20": "Зона", "zabelezhka": null, "obekt": null, "dogovor_sr": null, "dogovor_nu": null, "type": null, "bezplatni_": null, "podzona_nu": "-", "sf_rayon": "-", "bearing_deg": 68.3}, "geometry": {"type": "Polygon", "coordinates": [[[23.331070804213933, 42.67543414132816], [23.331095772370176, 42.675426820601636], [23.331071331786063, 42.67538176267185], [23.33104636362982, 42.675389083398365], [23.331070804213933, 42.67543414132816]]]}}, {"type": "Feature", "properties": {"id": 17732, "objectid": 24331.0, "park_txt": "Надлъжн", "zona": "Зелена зона", "mestopoloz": "бул. Джеймс Баучер", "georef_201": "2017", "vid_txt_20": "Зона", "zabelezhka": null, "obekt": null, "dogovor_sr": null, "dogovor_nu": null, "type": null, "bezplatni_": null, "podzona_nu": "-", "sf_rayon": "-", "bearing_deg": 167.8}, "geometry": {"type": "Polygon", "coordinates": [[[23.33093486229033, 42.675366994507876], [23.330940555222927, 42.675386309048356], [23.33100503770967, 42.675376035492135], [23.330999344777076, 42.67535672095165], [23.33093486229033, 42.675366994507876]]]}}, {"type": "Feature", "properties": {"id": 17733, "objectid": 24332.0, "park_txt": "Надлъжн", "zona": "Зелена зона", "mestopoloz": "бул. Джеймс Баучер", "georef_201": "2017", "vid_txt_20": "Зона", "zabelezhka": null, "obekt": null, "dogovor_sr": null, "dogovor_nu": null, "type": null, "bezplatni_": null, "podzona_nu": "-", "sf_rayon": "-", "bearing_deg": 158.1}, "geometry": {"type": "Polygon", "coordinates": [[[23.330886423056242, 42.675354322706205], [23.33089644574095, 42.675372660389186], [23.33095766694376, 42.67535457329379], [23.33094764425905, 42.67533623561081], [23.330886423056242, 42.675354322706205]]]}}, {"type": "Feature", "properties": {"id": 17734, "objectid": 24333.0, "park_txt": "Надлъжн", "zona": "Зелена зона", "mestopoloz": "бул. Джеймс Баучер", "georef_201": "2017", "vid_txt_20": "Зона", "zabelezhka": null, "obekt": null, "dogovor_sr": null, "dogovor_nu": null, "type": null, "bezplatni_": null, "podzona_nu": "-", "sf_rayon": "-", "bearing_deg": 104.1}, "geometry": {"type": "Polygon", "coordinates": [[[23.33084606762229, 42.675354955519985], [23.330872136955776, 42.675359773611675], [23.330888222377713, 42.67531272848002], [23.330862153044226, 42.67530791038833], [23.33084606762229, 42.675354955519985]]]}}, {"type": "Feature", "properties": {"id": 17735, "objectid": 24334.0, "park_txt": "Надлъжн", "zona": "Зелена зона", "mestopoloz": "бул. Джеймс Баучер", "georef_201": "2017", "vid_txt_20": "Дипломатически", "zabelezhka": "-", "obekt": "-", "dogovor_sr": "-", "dogovor_nu": "-", "type": "-", "bezplatni_": "-", "podzona_nu": "-", "sf_rayon": "-", "bearing_deg": 67.1}, "geometry": {"type": "Polygon", "coordinates": [[[23.330204377807767, 42.67512031474898], [23.3302291350351, 42.675112616535166], [23.330203434192235, 42.675067939251015], [23.3301786769649, 42.67507563746483], [23.330204377807767, 42.67512031474898]]]}}, {"type": "Feature", "properties": {"id": 17736, "objectid": 24335.0, "park_txt": "Надлъжн", "zona": "Зелена зона", "mestopoloz": "бул. Джеймс Баучер", "georef_201": "2017", "vid_txt_20": "Дипломатически", "zabelezhka": "-", "obekt": "-", "dogovor_sr": "-", "dogovor_nu": "-", "type": "-", "bezplatni_": "-", "podzona_nu": "-", "sf_rayon": "-", "bearing_deg": 51.1}, "geometry": {"type": "Polygon", "coordinates": [[[23.330289665126937, 42.675146613082], [23.330310580346566, 42.675134198854245], [23.330269134873056, 42.67509645491799], [23.330248219653427, 42.675108869145745], [23.330289665126937, 42.675146613082]]]}}, {"type": "Feature", "properties": {"id": 17737, "objectid": 24336.0, "park_txt": "Надлъжн", "zona": "Зелена зона", "mestopoloz": "бул. Джеймс Баучер", "georef_201": "2017", "vid_txt_20": "Дипломатически", "zabelezhka": "-", "obekt": "-", "dogovor_sr": "-", "dogovor_nu": "-", "type": "-", "bezplatni_": "-", "podzona_nu": "-", "sf_rayon": "-", "bearing_deg": 61.3}, "geometry": {"type": "Polygon", "coordinates": [[[23.33035980529802, 42.675175840178646], [23.33038337569794, 42.675166339337984], [23.33035165670198, 42.67512380382136], [23.33032808630206, 42.67513330466202], [23.33035980529802, 42.675175840178646]]]}}, {"type": "Feature", "properties": {"id": 17738, "objectid": 24337.0, "park_txt": "Надлъжн", "zona": "Зелена зона", "mestopoloz": "бул. Джеймс Баучер", "georef_201": "2017", "vid_txt_20": "Дипломатически", "zabelezhka": "-", "obekt": "-", "dogovor_sr": "-", "dogovor_nu": "-", "type": "-", "bezplatni_": "-", "podzona_nu": "-", "sf_rayon": "-", "bearing_deg": 63.9}, "geometry": {"type": "Polygon", "coordinates": [[[23.330423190476886, 42.6751998530896], [23.330447321583808, 42.67519114628775], [23.330418253523113, 42.6751475989104], [23.33039412241619, 42.67515630571225], [23.330423190476886, 42.6751998530896]]]}}, {"type": "Feature", "properties": {"id": 17739, "objectid": 24338.0, "park_txt": "Надлъжн", "zona": "Зелена зона", "mestopoloz": "бул. Джеймс Баучер", "georef_201": "2017", "vid_txt_20": "Дипломатически", "zabelezhka": "-", "obekt": "-", "dogovor_sr": "-", "dogovor_nu": "-", "type": "-", "bezplatni_": "-", "podzona_nu": "-", "sf_rayon": "-", "bearing_deg": 169.3}, "geometry": {"type": "Polygon", "coordinates": [[[23.330452270790673, 42.67519158227602], [23.330457238587314, 42.675211004688386], [23.330522081209324, 42.67520203972398], [23.330517113412686, 42.675182617311606], [23.330452270790673, 42.67519158227602]]]}}, {"type": "Feature", "properties": {"id": 17740, "objectid": 24339.0, "park_txt": "Надлъжн", "zona": "Зелена зона", "mestopoloz": "бул. Джеймс Баучер", "georef_201": "2017", "vid_txt_20": "Дипломатически", "zabelezhka": "-", "obekt": "-", "dogovor_sr": "-", "dogovor_nu": "-", "type": "-", "bezplatni_": "-", "podzona_nu": "-", "sf_rayon": "-", "bearing_deg": 156.4}, "geometry": {"type": "Polygon", "coordinates": [[[23.33052212418812, 42.6752230405746], [23.330532896377402, 42.67524114708861], [23.330593345811877, 42.67522170742541], [23.330582573622596, 42.675203600911395], [23.33052212418812, 42.6752230405746]]]}}, {"type": "Feature", "properties": {"id": 19724, "objectid": 26830.0, "park_txt": "Надлъжн", "zona": "Зелена зона", "mestopoloz": "ул. Златовръх", "georef_201": "2018", "vid_txt_20": "Зона", "zabelezhka": null, "obekt": null, "dogovor_sr": null, "dogovor_nu": null, "type": null, "bezplatni_": null, "podzona_nu": "-", "sf_rayon": "-", "bearing_deg": 75.7}, "geometry": {"type": "Polygon", "coordinates": [[[23.333385654766264, 42.67281431830775], [23.333411702839573, 42.67280943845748], [23.333395411233738, 42.67276243169226], [23.333369363160426, 42.672767311542536], [23.333385654766264, 42.67281431830775]]]}}, {"type": "Feature", "properties": {"id": 19881, "objectid": 27062.0, "park_txt": "Надлъжн", "zona": "Зелена зона", "mestopoloz": "ул. Якубица след кръстовището с ул. Галичица", "georef_201": "2018", "vid_txt_20": "Служебен", "zabelezhka": "-", "obekt": "-", "dogovor_sr": "-", "dogovor_nu": "-", "type": "-", "bezplatni_": "-", "podzona_nu": "-", "sf_rayon": "-", "bearing_deg": -93.0}, "geometry": {"type": "Polygon", "coordinates": [[[23.328892601906745, 42.67245368025109], [23.3288657572754, 42.67245469950246], [23.32886916009326, 42.67250314374891], [23.328896004724605, 42.672502124497534], [23.328892601906745, 42.67245368025109]]]}}, {"type": "Feature", "properties": {"id": 22421, "objectid": 31263.0, "park_txt": "Надлъжн", "zona": "Зелена зона", "mestopoloz": "ул. Галичица", "georef_201": "2018", "vid_txt_20": "Зона", "zabelezhka": null, "obekt": null, "dogovor_sr": null, "dogovor_nu": null, "type": null, "bezplatni_": null, "podzona_nu": "-", "sf_rayon": "-", "bearing_deg": 178.5}, "geometry": {"type": "Polygon", "coordinates": [[[23.32858062027036, 42.67259835250408], [23.32858130816285, 42.6726181088776], [23.328647265729646, 42.672616867495925], [23.328646577837155, 42.6725971111224], [23.32858062027036, 42.67259835250408]]]}}, {"type": "Feature", "properties": {"id": 22422, "objectid": 31264.0, "park_txt": "Надлъжн", "zona": "Зелена зона", "mestopoloz": "ул. Галичица", "georef_201": "2018", "vid_txt_20": "Зона", "zabelezhka": null, "obekt": null, "dogovor_sr": null, "dogovor_nu": null, "type": null, "bezplatni_": null, "podzona_nu": "-", "sf_rayon": "-", "bearing_deg": 178.5}, "geometry": {"type": "Polygon", "coordinates": [[[23.328504491270355, 42.67259987750408], [23.32850517916285, 42.672619633877595], [23.328571136729646, 42.67261839249592], [23.328570448837155, 42.6725986361224], [23.328504491270355, 42.67259987750408]]]}}, {"type": "Feature", "properties": {"id": 22423, "objectid": 31265.0, "park_txt": "Надлъжн", "zona": "Зелена зона", "mestopoloz": "ул. Галичица", "georef_201": "2018", "vid_txt_20": "Инвалид", "zabelezhka": "-", "obekt": "-", "dogovor_sr": "-", "dogovor_nu": "-", "type": "-", "bezplatni_": "-", "podzona_nu": "-", "sf_rayon": "-", "bearing_deg": 177.8}, "geometry": {"type": "Polygon", "coordinates": [[[23.328730177381445, 42.672596170624], [23.328731196918937, 42.67261591924949], [23.328797128618557, 42.672614079376], [23.32879610908106, 42.672594330750506], [23.328730177381445, 42.672596170624]]]}}, {"type": "Feature", "properties": {"id": 22424, "objectid": 31266.0, "park_txt": "Надлъжн", "zona": "Зелена зона", "mestopoloz": "ул. Галичица", "georef_201": "2018", "vid_txt_20": "Зона", "zabelezhka": null, "obekt": null, "dogovor_sr": null, "dogovor_nu": null, "type": null, "bezplatni_": null, "podzona_nu": "-", "sf_rayon": "-", "bearing_deg": 178.5}, "geometry": {"type": "Polygon", "coordinates": [[[23.328654201270353, 42.67259739250407], [23.328654889162845, 42.67261714887759], [23.32872084672964, 42.67261590749592], [23.32872015883715, 42.6725961511224], [23.328654201270353, 42.67259739250407]]]}}, {"type": "Feature", "properties": {"id": 22425, "objectid": 31267.0, "park_txt": "Надлъжн", "zona": "Зелена зона", "mestopoloz": "ул. Галичица", "georef_201": "2018", "vid_txt_20": "Зона", "zabelezhka": null, "obekt": null, "dogovor_sr": null, "dogovor_nu": null, "type": null, "bezplatni_": null, "podzona_nu": "-", "sf_rayon": "-", "bearing_deg": 178.5}, "geometry": {"type": "Polygon", "coordinates": [[[23.32827781247999, 42.67260401215084], [23.32827849779133, 42.67262376857285], [23.32834445552001, 42.67262253184916], [23.328343770208665, 42.672602775427144], [23.32827781247999, 42.67260401215084]]]}}, {"type": "Feature", "properties": {"id": 22426, "objectid": 31268.0, "park_txt": "Надлъжн", "zona": "Зелена зона", "mestopoloz": "ул. Галичица", "georef_201": "2018", "vid_txt_20": "Зона", "zabelezhka": null, "obekt": null, "dogovor_sr": null, "dogovor_nu": null, "type": null, "bezplatni_": null, "podzona_nu": "-", "sf_rayon": "-", "bearing_deg": 178.5}, "geometry": {"type": "Polygon", "coordinates": [[[23.328201681498314, 42.672605540006366], [23.32820237103855, 42.67262529634885], [23.328268328501686, 42.67262405199363], [23.328267638961453, 42.67260429565115], [23.328201681498314, 42.672605540006366]]]}}, {"type": "Feature", "properties": {"id": 22427, "objectid": 31269.0, "park_txt": "Надлъжн", "zona": "Зелена зона", "mestopoloz": "ул. Галичица", "georef_201": "2018", "vid_txt_20": "Зона", "zabelezhka": null, "obekt": null, "dogovor_sr": null, "dogovor_nu": null, "type": null, "bezplatni_": null, "podzona_nu": "-", "sf_rayon": "-", "bearing_deg": 178.5}, "geometry": {"type": "Polygon", "coordinates": [[[23.328427522303567, 42.672601529439454], [23.32842821012518, 42.67262128581431], [23.32849416769643, 42.67262004456055], [23.32849347987482, 42.67260028818569], [23.328427522303567, 42.672601529439454]]]}}, {"type": "Feature", "properties": {"id": 22428, "objectid": 31270.0, "park_txt": "Надлъжн", "zona": "Зелена зона", "mestopoloz": "ул. Галичица", "georef_201": "2018", "vid_txt_20": "Зона", "zabelezhka": null, "obekt": null, "dogovor_sr": null, "dogovor_nu": null, "type": null, "bezplatni_": null, "podzona_nu": "-", "sf_rayon": "-", "bearing_deg": 178.5}, "geometry": {"type": "Polygon", "coordinates": [[[23.328351393303567, 42.67260305443945], [23.32835208112518, 42.67262281081431], [23.32841803869643, 42.67262156956055], [23.32841735087482, 42.67260181318569], [23.328351393303567, 42.67260305443945]]]}}, {"type": "Feature", "properties": {"id": 22429, "objectid": 31271.0, "park_txt": "Надлъжн", "zona": "Зелена зона", "mestopoloz": "ул. Галичица", "georef_201": "2018", "vid_txt_20": "Зона", "zabelezhka": null, "obekt": null, "dogovor_sr": null, "dogovor_nu": null, "type": null, "bezplatni_": null, "podzona_nu": "-", "sf_rayon": "-", "bearing_deg": 178.6}, "geometry": {"type": "Polygon", "coordinates": [[[23.327849898991325, 42.67261214385115], [23.327850557643664, 42.6726319007633], [23.327916517008678, 42.67263071214886], [23.327915858356338, 42.672610955236706], [23.327849898991325, 42.67261214385115]]]}}, {"type": "Feature", "properties": {"id": 22430, "objectid": 31272.0, "park_txt": "Надлъжн", "zona": "Зелена зона", "mestopoloz": "ул. Галичица", "georef_201": "2018", "vid_txt_20": "Зона", "zabelezhka": null, "obekt": null, "dogovor_sr": null, "dogovor_nu": null, "type": null, "bezplatni_": null, "podzona_nu": "-", "sf_rayon": "-", "bearing_deg": 178.6}, "geometry": {"type": "Polygon", "coordinates": [[[23.32777376999132, 42.67261366885115], [23.327774428643664, 42.672633425763294], [23.327840388008674, 42.672632237148854], [23.327839729356334, 42.67261248023671], [23.32777376999132, 42.67261366885115]]]}}, {"type": "Feature", "properties": {"id": 22431, "objectid": 31273.0, "park_txt": "Надлъжн", "zona": "Зелена зона", "mestopoloz": "ул. Галичица", "georef_201": "2018", "vid_txt_20": "Зона", "zabelezhka": null, "obekt": null, "dogovor_sr": null, "dogovor_nu": null, "type": null, "bezplatni_": null, "podzona_nu": "-", "sf_rayon": "-", "bearing_deg": 178.5}, "geometry": {"type": "Polygon", "coordinates": [[[23.328073567382646, 42.67260814534018], [23.328074252901686, 42.67262790175831], [23.328140210617356, 42.67262666465981], [23.32813952509832, 42.67260690824168], [23.328073567382646, 42.67260814534018]]]}}, {"type": "Feature", "properties": {"id": 22432, "objectid": 31274.0, "park_txt": "Надлъжн", "zona": "Зелена зона", "mestopoloz": "ул. Галичица", "georef_201": "2018", "vid_txt_20": "Зона", "zabelezhka": null, "obekt": null, "dogovor_sr": null, "dogovor_nu": null, "type": null, "bezplatni_": null, "podzona_nu": "-", "sf_rayon": "-", "bearing_deg": 178.5}, "geometry": {"type": "Polygon", "coordinates": [[[23.3279974317023, 42.67260968039699], [23.3279981293481, 42.67262943658565], [23.3280640862977, 42.67262817760301], [23.328063388651906, 42.67260842141435], [23.3279974317023, 42.67260968039699]]]}}, {"type": "Feature", "properties": {"id": 22433, "objectid": 31275.0, "park_txt": "Надлъжн", "zona": "Зелена зона", "mestopoloz": "ул. Галичица", "georef_201": "2018", "vid_txt_20": "Зона", "zabelezhka": null, "obekt": null, "dogovor_sr": null, "dogovor_nu": null, "type": null, "bezplatni_": null, "podzona_nu": "-", "sf_rayon": "-", "bearing_deg": 178.6}, "geometry": {"type": "Polygon", "coordinates": [[[23.327542438833607, 42.672617583340944], [23.32754309143927, 42.672637340361554], [23.327609051166394, 42.67263616265905], [23.32760839856073, 42.67261640563844], [23.327542438833607, 42.672617583340944]]]}}, {"type": "Feature", "properties": {"id": 22434, "objectid": 31276.0, "park_txt": "Надлъжн", "zona": "Зелена зона", "mestopoloz": "ул. Галичица", "georef_201": "2018", "vid_txt_20": "Зона", "zabelezhka": null, "obekt": null, "dogovor_sr": null, "dogovor_nu": null, "type": null, "bezplatni_": null, "podzona_nu": "-", "sf_rayon": "-", "bearing_deg": 178.6}, "geometry": {"type": "Polygon", "coordinates": [[[23.327466308833607, 42.672619108340946], [23.32746696143927, 42.672638865361556], [23.327532921166394, 42.67263768765905], [23.32753226856073, 42.67261793063844], [23.327466308833607, 42.672619108340946]]]}}, {"type": "Feature", "properties": {"id": 22435, "objectid": 31277.0, "park_txt": "Надлъжн", "zona": "Зелена зона", "mestopoloz": "ул. Галичица", "georef_201": "2018", "vid_txt_20": "Зона", "zabelezhka": null, "obekt": null, "dogovor_sr": null, "dogovor_nu": null, "type": null, "bezplatni_": null, "podzona_nu": "-", "sf_rayon": "-", "bearing_deg": 178.6}, "geometry": {"type": "Polygon", "coordinates": [[[23.327616019833606, 42.67261662434095], [23.32761667243927, 42.672636381361556], [23.327682632166393, 42.672635203659055], [23.32768197956073, 42.672615446638446], [23.327616019833606, 42.67261662434095]]]}}, {"type": "Feature", "properties": {"id": 22445, "objectid": 31287.0, "park_txt": "Надлъжн", "zona": "Зелена зона", "mestopoloz": "ул. Минзухар", "georef_201": "2018", "vid_txt_20": "Зона", "zabelezhka": null, "obekt": null, "dogovor_sr": null, "dogovor_nu": null, "type": null, "bezplatni_": null, "podzona_nu": "-", "sf_rayon": "-", "bearing_deg": -165.0}, "geometry": {"type": "Polygon", "coordinates": [[[23.32782711513439, 42.67321582858027], [23.327820163948665, 42.673234919199984], [23.327883898865608, 42.67324746341972], [23.327890850051332, 42.673228372800004], [23.32782711513439, 42.67321582858027]]]}}, {"type": "Feature", "properties": {"id": 22446, "objectid": 31288.0, "park_txt": "Надлъжн", "zona": "Зелена зона", "mestopoloz": "ул. Минзухар", "georef_201": "2018", "vid_txt_20": "Зона", "zabelezhka": null, "obekt": null, "dogovor_sr": null, "dogovor_nu": null, "type": null, "bezplatni_": null, "podzona_nu": "-", "sf_rayon": "-", "bearing_deg": -165.0}, "geometry": {"type": "Polygon", "coordinates": [[[23.32775592713439, 42.67320169558027], [23.327748975948666, 42.673220786199984], [23.327812710865608, 42.67323333041972], [23.327819662051333, 42.673214239800004], [23.32775592713439, 42.67320169558027]]]}}, {"type": "Feature", "properties": {"id": 22447, "objectid": 31289.0, "park_txt": "Надлъжн", "zona": "Зелена зона", "mestopoloz": "ул. Минзухар", "georef_201": "2018", "vid_txt_20": "Зона", "zabelezhka": null, "obekt": null, "dogovor_sr": null, "dogovor_nu": null, "type": null, "bezplatni_": null, "podzona_nu": "-", "sf_rayon": "-", "bearing_deg": -165.0}, "geometry": {"type": "Polygon", "coordinates": [[[23.328031166805143, 42.673256000694025], [23.32802422446775, 42.67327509305408], [23.32808796519486, 42.67328762130596], [23.32809490753225, 42.67326852894591], [23.328031166805143, 42.673256000694025]]]}}, {"type": "Feature", "properties": {"id": 22448, "objectid": 31290.0, "park_txt": "Надлъжн", "zona": "Зелена зона", "mestopoloz": "ул. Минзухар", "georef_201": "2018", "vid_txt_20": "Зона", "zabelezhka": null, "obekt": null, "dogovor_sr": null, "dogovor_nu": null, "type": null, "bezplatni_": null, "podzona_nu": "-", "sf_rayon": "-", "bearing_deg": -165.0}, "geometry": {"type": "Polygon", "coordinates": [[[23.32795998513439, 42.673241860580276], [23.32795303394867, 42.67326095119999], [23.328016768865613, 42.67327349541973], [23.328023720051334, 42.67325440480001], [23.32795998513439, 42.673241860580276]]]}}, {"type": "Feature", "properties": {"id": 22449, "objectid": 31291.0, "park_txt": "Надлъжн", "zona": "Зелена зона", "mestopoloz": "ул. Минзухар", "georef_201": "2018", "vid_txt_20": "Зона", "zabelezhka": null, "obekt": null, "dogovor_sr": null, "dogovor_nu": null, "type": null, "bezplatni_": null, "podzona_nu": "-", "sf_rayon": "-", "bearing_deg": -165.0}, "geometry": {"type": "Polygon", "coordinates": [[[23.328299648994655, 42.673308560745625], [23.32829269677068, 42.673327651160996], [23.32835643100534, 42.67334019725438], [23.328363383229316, 42.67332110683902], [23.328299648994655, 42.673308560745625]]]}}, {"type": "Feature", "properties": {"id": 22450, "objectid": 31292.0, "park_txt": "Надлъжн", "zona": "Зелена зона", "mestopoloz": "ул. Минзухар", "georef_201": "2018", "vid_txt_20": "Зона", "zabelezhka": null, "obekt": null, "dogovor_sr": null, "dogovor_nu": null, "type": null, "bezplatni_": null, "podzona_nu": "-", "sf_rayon": "-", "bearing_deg": -165.0}, "geometry": {"type": "Polygon", "coordinates": [[[23.328167598994657, 42.673282757745625], [23.328160646770684, 42.67330184816099], [23.32822438100534, 42.67331439425438], [23.32823133322932, 42.67329530383901], [23.328167598994657, 42.673282757745625]]]}}, {"type": "Feature", "properties": {"id": 22451, "objectid": 31293.0, "park_txt": "Надлъжн", "zona": "Зелена зона", "mestopoloz": "ул. Минзухар", "georef_201": "2018", "vid_txt_20": "Зона", "zabelezhka": null, "obekt": null, "dogovor_sr": null, "dogovor_nu": null, "type": null, "bezplatni_": null, "podzona_nu": "-", "sf_rayon": "-", "bearing_deg": -165.0}, "geometry": {"type": "Polygon", "coordinates": [[[23.328437816994654, 42.67333606574562], [23.32843086477068, 42.67335515616099], [23.32849459900534, 42.673367702254374], [23.328501551229316, 42.67334861183901], [23.328437816994654, 42.67333606574562]]]}}, {"type": "Feature", "properties": {"id": 22452, "objectid": 31294.0, "park_txt": "Надлъжн", "zona": "Зелена зона", "mestopoloz": "ул. Минзухар", "georef_201": "2018", "vid_txt_20": "Зона", "zabelezhka": null, "obekt": null, "dogovor_sr": null, "dogovor_nu": null, "type": null, "bezplatni_": null, "podzona_nu": "-", "sf_rayon": "-", "bearing_deg": -165.0}, "geometry": {"type": "Polygon", "coordinates": [[[23.328366627994654, 42.67332193374562], [23.32835967577068, 42.67334102416099], [23.328423410005342, 42.67335357025438], [23.328430362229316, 42.67333447983901], [23.328366627994654, 42.67332193374562]]]}}, {"type": "Feature", "properties": {"id": 22453, "objectid": 31295.0, "park_txt": "Надлъжн", "zona": "Зелена зона", "mestopoloz": "ул. Минзухар", "georef_201": "2018", "vid_txt_20": "Зона", "zabelezhka": null, "obekt": null, "dogovor_sr": null, "dogovor_nu": null, "type": null, "bezplatni_": null, "podzona_nu": "-", "sf_rayon": "-", "bearing_deg": -165.0}, "geometry": {"type": "Polygon", "coordinates": [[[23.32768951113439, 42.67318869958028], [23.327682559948666, 42.673207790199996], [23.32774629486561, 42.67322033441973], [23.327753246051333, 42.673201243800015], [23.32768951113439, 42.67318869958028]]]}}, {"type": "Feature", "properties": {"id": 22454, "objectid": 31296.0, "park_txt": "Надлъжн", "zona": "Зелена зона", "mestopoloz": "ул. Якубица", "georef_201": "2018", "vid_txt_20": "Зона", "zabelezhka": null, "obekt": null, "dogovor_sr": null, "dogovor_nu": null, "type": null, "bezplatni_": null, "podzona_nu": "-", "sf_rayon": "-", "bearing_deg": 109.0}, "geometry": {"type": "Polygon", "coordinates": [[[23.328256492299122, 42.67423139066159], [23.328281912661257, 42.6742378153261], [23.328303361700883, 42.67419194133841], [23.328277941338747, 42.674185516673894], [23.328256492299122, 42.67423139066159]]]}}, {"type": "Feature", "properties": {"id": 22455, "objectid": 31297.0, "park_txt": "Надлъжн", "zona": "Зелена зона", "mestopoloz": "ул. Якубица", "georef_201": "2018", "vid_txt_20": "Зона", "zabelezhka": null, "obekt": null, "dogovor_sr": null, "dogovor_nu": null, "type": null, "bezplatni_": null, "podzona_nu": "-", "sf_rayon": "-", "bearing_deg": 109.0}, "geometry": {"type": "Polygon", "coordinates": [[[23.32827979329912, 42.674181558661594], [23.328305213661256, 42.67418798332611], [23.32832666270088, 42.67414210933841], [23.328301242338746, 42.6741356846739], [23.32827979329912, 42.674181558661594]]]}}, {"type": "Feature", "properties": {"id": 22456, "objectid": 31298.0, "park_txt": "Надлъжн", "zona": "Зелена зона", "mestopoloz": "ул. Якубица", "georef_201": "2018", "vid_txt_20": "Зона", "zabelezhka": null, "obekt": null, "dogovor_sr": null, "dogovor_nu": null, "type": null, "bezplatni_": null, "podzona_nu": "-", "sf_rayon": "-", "bearing_deg": 109.0}, "geometry": {"type": "Polygon", "coordinates": [[[23.328303073299118, 42.67413176866159], [23.328328493661253, 42.6741381933261], [23.32834994270088, 42.6740923193384], [23.328324522338743, 42.674085894673894], [23.328303073299118, 42.67413176866159]]]}}, {"type": "Feature", "properties": {"id": 22457, "objectid": 31299.0, "park_txt": "Надлъжн", "zona": "Зелена зона", "mestopoloz": "ул. Якубица", "georef_201": "2018", "vid_txt_20": "Зона", "zabelezhka": null, "obekt": null, "dogovor_sr": null, "dogovor_nu": null, "type": null, "bezplatni_": null, "podzona_nu": "-", "sf_rayon": "-", "bearing_deg": 109.0}, "geometry": {"type": "Polygon", "coordinates": [[[23.32832522529912, 42.67408439266159], [23.328350645661256, 42.6740908173261], [23.32837209470088, 42.6740449433384], [23.328346674338746, 42.67403851867389], [23.32832522529912, 42.67408439266159]]]}}, {"type": "Feature", "properties": {"id": 22458, "objectid": 31300.0, "park_txt": "Надлъжн", "zona": "Зелена зона", "mestopoloz": "ул. Якубица", "georef_201": "2018", "vid_txt_20": "Зона", "zabelezhka": null, "obekt": null, "dogovor_sr": null, "dogovor_nu": null, "type": null, "bezplatni_": null, "podzona_nu": "-", "sf_rayon": "-", "bearing_deg": 109.0}, "geometry": {"type": "Polygon", "coordinates": [[[23.328371218348828, 42.673986022693526], [23.328396638727156, 42.67399244732341], [23.328418087651173, 42.67394657330648], [23.328392667272848, 42.6739401486766], [23.328371218348828, 42.673986022693526]]]}}, {"type": "Feature", "properties": {"id": 22459, "objectid": 31301.0, "park_txt": "Надлъжн", "zona": "Зелена зона", "mestopoloz": "ул. Якубица", "georef_201": "2018", "vid_txt_20": "Зона", "zabelezhka": null, "obekt": null, "dogovor_sr": null, "dogovor_nu": null, "type": null, "bezplatni_": null, "podzona_nu": "-", "sf_rayon": "-", "bearing_deg": 109.0}, "geometry": {"type": "Polygon", "coordinates": [[[23.328394518348826, 42.67393618969353], [23.328419938727155, 42.6739426143234], [23.328441387651175, 42.673896740306475], [23.328415967272846, 42.673890315676594], [23.328394518348826, 42.67393618969353]]]}}, {"type": "Feature", "properties": {"id": 22460, "objectid": 31302.0, "park_txt": "Надлъжн", "zona": "Зелена зона", "mestopoloz": "ул. Якубица", "georef_201": "2018", "vid_txt_20": "Зона", "zabelezhka": null, "obekt": null, "dogovor_sr": null, "dogovor_nu": null, "type": null, "bezplatni_": null, "podzona_nu": "-", "sf_rayon": "-", "bearing_deg": 108.7}, "geometry": {"type": "Polygon", "coordinates": [[[23.328417935512164, 42.67388648832843], [23.32844340013659, 42.67389281753571], [23.328464530487835, 42.67384686367157], [23.32843906586341, 42.67384053446429], [23.328417935512164, 42.67388648832843]]]}}, {"type": "Feature", "properties": {"id": 22461, "objectid": 31303.0, "park_txt": "Надлъжн", "zona": "Зелена зона", "mestopoloz": "ул. Якубица 2А", "georef_201": "2018", "vid_txt_20": "Служебен", "zabelezhka": "-", "obekt": "-", "dogovor_sr": "-", "dogovor_nu": "-", "type": "-", "bezplatni_": "-", "podzona_nu": "-", "sf_rayon": "-", "bearing_deg": 109.0}, "geometry": {"type": "Polygon", "coordinates": [[[23.328439949420865, 42.673839024739785], [23.328465369822656, 42.67384544931948], [23.328486818579133, 42.67379957526022], [23.328461398177343, 42.673793150680524], [23.328439949420865, 42.673839024739785]]]}}, {"type": "Feature", "properties": {"id": 22462, "objectid": 31304.0, "park_txt": "Надлъжн", "zona": "Зелена зона", "mestopoloz": "ул. Якубица", "georef_201": "2018", "vid_txt_20": "Зона", "zabelezhka": null, "obekt": null, "dogovor_sr": null, "dogovor_nu": null, "type": null, "bezplatni_": null, "podzona_nu": "-", "sf_rayon": "-", "bearing_deg": 108.3}, "geometry": {"type": "Polygon", "coordinates": [[[23.328534128208958, 42.673629991718194], [23.328559642025436, 42.67363621291869], [23.328580411791044, 42.67359017028181], [23.32855489797457, 42.67358394908131], [23.328534128208958, 42.673629991718194]]]}}, {"type": "Feature", "properties": {"id": 22463, "objectid": 31305.0, "park_txt": "Надлъжн", "zona": "Зелена зона", "mestopoloz": "ул. Якубица", "georef_201": "2018", "vid_txt_20": "Зона", "zabelezhka": null, "obekt": null, "dogovor_sr": null, "dogovor_nu": null, "type": null, "bezplatni_": null, "podzona_nu": "-", "sf_rayon": "-", "bearing_deg": 108.3}, "geometry": {"type": "Polygon", "coordinates": [[[23.328556979041327, 42.67357951670594], [23.328582505268244, 42.67358571032701], [23.32860318295867, 42.67353964529405], [23.32857765673175, 42.67353345167298], [23.328556979041327, 42.67357951670594]]]}}, {"type": "Feature", "properties": {"id": 22464, "objectid": 31306.0, "park_txt": "Надлъжн", "zona": "Зелена зона", "mestopoloz": "ул. Якубица", "georef_201": "2018", "vid_txt_20": "Зона", "zabelezhka": null, "obekt": null, "dogovor_sr": null, "dogovor_nu": null, "type": null, "bezplatni_": null, "podzona_nu": "-", "sf_rayon": "-", "bearing_deg": 108.3}, "geometry": {"type": "Polygon", "coordinates": [[[23.328578626041327, 42.67353150870594], [23.328604152268248, 42.67353770232701], [23.32862482995867, 42.67349163729405], [23.328599303731753, 42.67348544367298], [23.328578626041327, 42.67353150870594]]]}}, {"type": "Feature", "properties": {"id": 22465, "objectid": 31307.0, "park_txt": "Надлъжн", "zona": "Зелена зона", "mestopoloz": "ул. Якубица", "georef_201": "2018", "vid_txt_20": "Зона", "zabelezhka": null, "obekt": null, "dogovor_sr": null, "dogovor_nu": null, "type": null, "bezplatni_": null, "podzona_nu": "-", "sf_rayon": "-", "bearing_deg": 107.0}, "geometry": {"type": "Polygon", "coordinates": [[[23.328681088616722, 42.67330338622543], [23.328706788138806, 42.67330917953875], [23.328726129383284, 42.67326280177458], [23.3287004298612, 42.67325700846125], [23.328681088616722, 42.67330338622543]]]}}, {"type": "Feature", "properties": {"id": 22466, "objectid": 31308.0, "park_txt": "Надлъжн", "zona": "Зелена зона", "mestopoloz": "ул. Якубица", "georef_201": "2018", "vid_txt_20": "Зона", "zabelezhka": null, "obekt": null, "dogovor_sr": null, "dogovor_nu": null, "type": null, "bezplatni_": null, "podzona_nu": "-", "sf_rayon": "-", "bearing_deg": 106.3}, "geometry": {"type": "Polygon", "coordinates": [[[23.328703091012873, 42.67325479324475], [23.328728892878594, 42.67326033521036], [23.32874739498713, 42.67321377275525], [23.328721593121408, 42.67320823078964], [23.328703091012873, 42.67325479324475]]]}}, {"type": "Feature", "properties": {"id": 22467, "objectid": 31309.0, "park_txt": "Надлъжн", "zona": "Зелена зона", "mestopoloz": "ул. Якубица", "georef_201": "2018", "vid_txt_20": "Зона", "zabelezhka": null, "obekt": null, "dogovor_sr": null, "dogovor_nu": null, "type": null, "bezplatni_": null, "podzona_nu": "-", "sf_rayon": "-", "bearing_deg": 104.2}, "geometry": {"type": "Polygon", "coordinates": [[[23.32875708346716, 42.67310972065087], [23.328783137160567, 42.67311458425648], [23.32879937453284, 42.673067567349136], [23.32877332083943, 42.673062703743526], [23.32875708346716, 42.67310972065087]]]}}, {"type": "Feature", "properties": {"id": 22468, "objectid": 31310.0, "park_txt": "Надлъжн", "zona": "Зелена зона", "mestopoloz": "ул. Якубица", "georef_201": "2018", "vid_txt_20": "Зона", "zabelezhka": null, "obekt": null, "dogovor_sr": null, "dogovor_nu": null, "type": null, "bezplatni_": null, "podzona_nu": "-", "sf_rayon": "-", "bearing_deg": 102.9}, "geometry": {"type": "Polygon", "coordinates": [[[23.32877521445476, 42.6730590652501], [23.328801414446662, 42.673063483669814], [23.328816165545238, 42.6730162027499], [23.328789965553334, 42.67301178433019], [23.32877521445476, 42.6730590652501]]]}}, {"type": "Feature", "properties": {"id": 22469, "objectid": 31311.0, "park_txt": "Надлъжн", "zona": "Зелена зона", "mestopoloz": "ул. Якубица", "georef_201": "2018", "vid_txt_20": "Зона", "zabelezhka": null, "obekt": null, "dogovor_sr": null, "dogovor_nu": null, "type": null, "bezplatni_": null, "podzona_nu": "-", "sf_rayon": "-", "bearing_deg": 102.9}, "geometry": {"type": "Polygon", "coordinates": [[[23.32878885445476, 42.673008799250105], [23.32881505444666, 42.67301321766982], [23.328829805545237, 42.672965936749904], [23.328803605553333, 42.67296151833019], [23.32878885445476, 42.673008799250105]]]}}, {"type": "Feature", "properties": {"id": 22470, "objectid": 31312.0, "park_txt": "Надлъжн", "zona": "Зелена зона", "mestopoloz": "ул. Якубица", "georef_201": "2018", "vid_txt_20": "Зона", "zabelezhka": null, "obekt": null, "dogovor_sr": null, "dogovor_nu": null, "type": null, "bezplatni_": null, "podzona_nu": "-", "sf_rayon": "-", "bearing_deg": 102.9}, "geometry": {"type": "Polygon", "coordinates": [[[23.328801065454762, 42.672959424250095], [23.328827265446666, 42.67296384266981], [23.328842016545238, 42.672916561749894], [23.328815816553337, 42.67291214333019], [23.328801065454762, 42.672959424250095]]]}}, {"type": "Feature", "properties": {"id": 22471, "objectid": 31313.0, "park_txt": "Надлъжн", "zona": "Зелена зона", "mestopoloz": "ул. Якубица", "georef_201": "2018", "vid_txt_20": "Зона", "zabelezhka": null, "obekt": null, "dogovor_sr": null, "dogovor_nu": null, "type": null, "bezplatni_": null, "podzona_nu": "-", "sf_rayon": "-", "bearing_deg": 102.9}, "geometry": {"type": "Polygon", "coordinates": [[[23.328812623454763, 42.6729073192501], [23.328838823446667, 42.672911737669814], [23.32885357454524, 42.672864456749906], [23.328827374553338, 42.67286003833019], [23.328812623454763, 42.6729073192501]]]}}, {"type": "Feature", "properties": {"id": 22475, "objectid": 31320.0, "park_txt": "Надлъжн", "zona": "Зелена зона", "mestopoloz": "ул. Якубица", "georef_201": "2018", "vid_txt_20": "Инвалид", "zabelezhka": "-", "obekt": "-", "dogovor_sr": "-", "dogovor_nu": "-", "type": "-", "bezplatni_": "-", "podzona_nu": "-", "sf_rayon": "-", "bearing_deg": 90.9}, "geometry": {"type": "Polygon", "coordinates": [[[23.328843342775944, 42.672237278728616], [23.328870219845008, 42.672237590055445], [23.328871259224055, 42.67218908727138], [23.32884438215499, 42.67218877594454], [23.328843342775944, 42.672237278728616]]]}}, {"type": "Feature", "properties": {"id": 22476, "objectid": 31322.0, "park_txt": "Надлъжн", "zona": "Зелена зона", "mestopoloz": "ул. Якубица", "georef_201": "2018", "vid_txt_20": "Зона", "zabelezhka": null, "obekt": null, "dogovor_sr": null, "dogovor_nu": null, "type": null, "bezplatni_": null, "podzona_nu": "-", "sf_rayon": "-", "bearing_deg": 90.9}, "geometry": {"type": "Polygon", "coordinates": [[[23.328826948775944, 42.67213309472863], [23.32885382584501, 42.67213340605546], [23.32885486522406, 42.67208490327138], [23.328827988154995, 42.672084591944554], [23.328826948775944, 42.67213309472863]]]}}, {"type": "Feature", "properties": {"id": 22477, "objectid": 31323.0, "park_txt": "Надлъжн", "zona": "Зелена зона", "mestopoloz": "ул. Якубица", "georef_201": "2018", "vid_txt_20": "Зона", "zabelezhka": null, "obekt": null, "dogovor_sr": null, "dogovor_nu": null, "type": null, "bezplatni_": null, "podzona_nu": "-", "sf_rayon": "-", "bearing_deg": 90.9}, "geometry": {"type": "Polygon", "coordinates": [[[23.328855996775943, 42.67234697672862], [23.328882873845007, 42.672347288055455], [23.328883913224058, 42.67229878527138], [23.328857036154993, 42.67229847394455], [23.328855996775943, 42.67234697672862]]]}}, {"type": "Feature", "properties": {"id": 22478, "objectid": 31325.0, "park_txt": "Надлъжн", "zona": "Зелена зона", "mestopoloz": "ул. Якубица", "georef_201": "2018", "vid_txt_20": "Зона", "zabelezhka": null, "obekt": null, "dogovor_sr": null, "dogovor_nu": null, "type": null, "bezplatni_": null, "podzona_nu": "-", "sf_rayon": "-", "bearing_deg": 90.9}, "geometry": {"type": "Polygon", "coordinates": [[[23.328863290775946, 42.672450800728626], [23.328890167845007, 42.672451112055455], [23.328891207224057, 42.67240260927138], [23.328864330154993, 42.67240229794455], [23.328863290775946, 42.672450800728626]]]}}, {"type": "Feature", "properties": {"id": 22479, "objectid": 31326.0, "park_txt": "Надлъжн", "zona": "Зелена зона", "mestopoloz": "ул. Якубица", "georef_201": "2018", "vid_txt_20": "Зона", "zabelezhka": null, "obekt": null, "dogovor_sr": null, "dogovor_nu": null, "type": null, "bezplatni_": null, "podzona_nu": "-", "sf_rayon": "-", "bearing_deg": 90.9}, "geometry": {"type": "Polygon", "coordinates": [[[23.328859669775944, 42.67239925772862], [23.32888654684501, 42.67239956905545], [23.32888758622406, 42.672351066271375], [23.328860709154995, 42.672350754944546], [23.328859669775944, 42.67239925772862]]]}}, {"type": "Feature", "properties": {"id": 22480, "objectid": 31327.0, "park_txt": "Надлъжн", "zona": "Зелена зона", "mestopoloz": "ул. Галичица", "georef_201": "2018", "vid_txt_20": "Зона", "zabelezhka": null, "obekt": null, "dogovor_sr": null, "dogovor_nu": null, "type": null, "bezplatni_": null, "podzona_nu": "-", "sf_rayon": "-", "bearing_deg": 175.0}, "geometry": {"type": "Polygon", "coordinates": [[[23.330634469992184, 42.67247895791826], [23.330636804029233, 42.67249864612192], [23.33070253400782, 42.67249443408174], [23.330700199970767, 42.67247474587807], [23.330634469992184, 42.67247895791826]]]}}, {"type": "Feature", "properties": {"id": 22481, "objectid": 31328.0, "park_txt": "Надлъжн", "zona": "Зелена зона", "mestopoloz": "ул. Галичица", "georef_201": "2018", "vid_txt_20": "Зона", "zabelezhka": null, "obekt": null, "dogovor_sr": null, "dogovor_nu": null, "type": null, "bezplatni_": null, "podzona_nu": "-", "sf_rayon": "-", "bearing_deg": 175.0}, "geometry": {"type": "Polygon", "coordinates": [[[23.330559405992183, 42.67248368591826], [23.330561740029236, 42.67250337412193], [23.330627470007823, 42.67249916208174], [23.33062513597077, 42.67247947387808], [23.330559405992183, 42.67248368591826]]]}}, {"type": "Feature", "properties": {"id": 22482, "objectid": 31329.0, "park_txt": "Надлъжн", "zona": "Зелена зона", "mestopoloz": "ул. Галичица", "georef_201": "2018", "vid_txt_20": "Зона", "zabelezhka": null, "obekt": null, "dogovor_sr": null, "dogovor_nu": null, "type": null, "bezplatni_": null, "podzona_nu": "-", "sf_rayon": "-", "bearing_deg": 175.4}, "geometry": {"type": "Polygon", "coordinates": [[[23.330707896657483, 42.67247417220518], [23.330710055250513, 42.67249387122596], [23.330775821342517, 42.672489975794825], [23.330773662749486, 42.67247027677404], [23.330707896657483, 42.67247417220518]]]}}, {"type": "Feature", "properties": {"id": 22483, "objectid": 31334.0, "park_txt": "Надлъжн", "zona": "Зелена зона", "mestopoloz": "ул. Галичица", "georef_201": "2018", "vid_txt_20": "Инвалид", "zabelezhka": "-", "obekt": "-", "dogovor_sr": "-", "dogovor_nu": "-", "type": "-", "bezplatni_": "-", "podzona_nu": "-", "sf_rayon": "-", "bearing_deg": 175.5}, "geometry": {"type": "Polygon", "coordinates": [[[23.330789167752624, 42.67246899744232], [23.330791266482823, 42.672488699959395], [23.330857044247374, 42.67248491255768], [23.330854945517174, 42.672465210040606], [23.330789167752624, 42.67246899744232]]]}}, {"type": "Feature", "properties": {"id": 22484, "objectid": 31335.0, "park_txt": "Надлъжн", "zona": "Зелена зона", "mestopoloz": "ул. Галичица", "georef_201": "2018", "vid_txt_20": "Зона", "zabelezhka": null, "obekt": null, "dogovor_sr": null, "dogovor_nu": null, "type": null, "bezplatni_": null, "podzona_nu": "-", "sf_rayon": "-", "bearing_deg": 174.9}, "geometry": {"type": "Polygon", "coordinates": [[[23.330377607288273, 42.67249557109966], [23.330379999288883, 42.67251525554249], [23.330445716711726, 42.672510938900345], [23.330443324711112, 42.672491254457505], [23.330377607288273, 42.67249557109966]]]}}, {"type": "Feature", "properties": {"id": 22485, "objectid": 31336.0, "park_txt": "Надлъжн", "zona": "Зелена зона", "mestopoloz": "ул. Галичица", "georef_201": "2018", "vid_txt_20": "Зона", "zabelezhka": null, "obekt": null, "dogovor_sr": null, "dogovor_nu": null, "type": null, "bezplatni_": null, "podzona_nu": "-", "sf_rayon": "-", "bearing_deg": 174.8}, "geometry": {"type": "Polygon", "coordinates": [[[23.330230388892137, 42.67250549954557], [23.330232835883887, 42.67252518033445], [23.330298541107858, 42.672520764454426], [23.33029609411611, 42.67250108366555], [23.330230388892137, 42.67250549954557]]]}}, {"type": "Feature", "properties": {"id": 22486, "objectid": 31337.0, "park_txt": "Надлъжн", "zona": "Зелена зона", "mestopoloz": "ул. Галичица", "georef_201": "2018", "vid_txt_20": "Зона", "zabelezhka": null, "obekt": null, "dogovor_sr": null, "dogovor_nu": null, "type": null, "bezplatni_": null, "podzona_nu": "-", "sf_rayon": "-", "bearing_deg": 174.9}, "geometry": {"type": "Polygon", "coordinates": [[[23.330450973514694, 42.672490930419634], [23.330453344467262, 42.672510616238874], [23.33051906648531, 42.672506337580366], [23.33051669553274, 42.672486651761126], [23.330450973514694, 42.672490930419634]]]}}, {"type": "Feature", "properties": {"id": 22487, "objectid": 31338.0, "park_txt": "Надлъжн", "zona": "Зелена зона", "mestopoloz": "ул. Галичица", "georef_201": "2018", "vid_txt_20": "Зона", "zabelezhka": null, "obekt": null, "dogovor_sr": null, "dogovor_nu": null, "type": null, "bezplatni_": null, "podzona_nu": "-", "sf_rayon": "-", "bearing_deg": 174.8}, "geometry": {"type": "Polygon", "coordinates": [[[23.330302529693217, 42.67250033515169], [23.330304959166224, 42.672520017113726], [23.33037066830678, 42.6725156328483], [23.330368238833774, 42.672495950886265], [23.330302529693217, 42.67250033515169]]]}}, {"type": "Feature", "properties": {"id": 22488, "objectid": 31339.0, "park_txt": "Надлъжн", "zona": "Зелена зона", "mestopoloz": "ул. Галичица", "georef_201": "2018", "vid_txt_20": "Дипломатически", "zabelezhka": "-", "obekt": "-", "dogovor_sr": "-", "dogovor_nu": "-", "type": "-", "bezplatni_": "-", "podzona_nu": "-", "sf_rayon": "-", "bearing_deg": 174.7}, "geometry": {"type": "Polygon", "coordinates": [[[23.33008513076159, 42.67251541461527], [23.33008760133019, 42.672535093811916], [23.33015330123841, 42.67253063538472], [23.330150830669808, 42.67251095618807], [23.33008513076159, 42.67251541461527]]]}}, {"type": "Feature", "properties": {"id": 22489, "objectid": 31340.0, "park_txt": "Надлъжн", "zona": "Зелена зона", "mestopoloz": "ул. Галичица", "georef_201": "2018", "vid_txt_20": "Дипломатически", "zabelezhka": "-", "obekt": "-", "dogovor_sr": "-", "dogovor_nu": "-", "type": "-", "bezplatni_": "-", "podzona_nu": "-", "sf_rayon": "-", "bearing_deg": 174.7}, "geometry": {"type": "Polygon", "coordinates": [[[23.330157264761592, 42.67251026661527], [23.33015973533019, 42.67252994581192], [23.33022543523841, 42.67252548738472], [23.330222964669808, 42.67250580818808], [23.330157264761592, 42.67251026661527]]]}}, {"type": "Feature", "properties": {"id": 22490, "objectid": 31341.0, "park_txt": "Надлъжн", "zona": "Зелена зона", "mestopoloz": "ул. Галичица", "georef_201": "2018", "vid_txt_20": "Зона", "zabelezhka": null, "obekt": null, "dogovor_sr": null, "dogovor_nu": null, "type": null, "bezplatni_": null, "podzona_nu": "-", "sf_rayon": "-", "bearing_deg": 174.8}, "geometry": {"type": "Polygon", "coordinates": [[[23.32974340361598, 42.67253810021206], [23.329745851319853, 42.672557780953085], [23.32981155638402, 42.67255336378794], [23.329809108680145, 42.67253368304692], [23.32974340361598, 42.67253810021206]]]}}, {"type": "Feature", "properties": {"id": 22491, "objectid": 31342.0, "park_txt": "Надлъжн", "zona": "Зелена зона", "mestopoloz": "ул. Галичица", "georef_201": "2018", "vid_txt_20": "Зона", "zabelezhka": null, "obekt": null, "dogovor_sr": null, "dogovor_nu": null, "type": null, "bezplatni_": null, "podzona_nu": "-", "sf_rayon": "-", "bearing_deg": 174.7}, "geometry": {"type": "Polygon", "coordinates": [[[23.329595545447905, 42.672548173922], [23.32959805051466, 42.67256785076111], [23.3296637425521, 42.67256333007799], [23.32966123748534, 42.67254365323889], [23.329595545447905, 42.672548173922]]]}}, {"type": "Feature", "properties": {"id": 22492, "objectid": 31343.0, "park_txt": "Надлъжн", "zona": "Зелена зона", "mestopoloz": "ул. Галичица", "georef_201": "2018", "vid_txt_20": "Зона", "zabelezhka": null, "obekt": null, "dogovor_sr": null, "dogovor_nu": null, "type": null, "bezplatni_": null, "podzona_nu": "-", "sf_rayon": "-", "bearing_deg": 174.8}, "geometry": {"type": "Polygon", "coordinates": [[[23.32981687895606, 42.67253318239131], [23.32981932578299, 42.67255286319127], [23.329885031043943, 42.672548447608676], [23.329882584217014, 42.67252876680872], [23.32981687895606, 42.67253318239131]]]}}, {"type": "Feature", "properties": {"id": 22493, "objectid": 31344.0, "park_txt": "Надлъжн", "zona": "Зелена зона", "mestopoloz": "ул. Галичица", "georef_201": "2018", "vid_txt_20": "Зона", "zabelezhka": null, "obekt": null, "dogovor_sr": null, "dogovor_nu": null, "type": null, "bezplatni_": null, "podzona_nu": "-", "sf_rayon": "-", "bearing_deg": 174.7}, "geometry": {"type": "Polygon", "coordinates": [[[23.329668259397334, 42.67254316161404], [23.329670743848553, 42.67256283986594], [23.32973644060267, 42.67255835638597], [23.329733956151454, 42.67253867813407], [23.329668259397334, 42.67254316161404]]]}}, {"type": "Feature", "properties": {"id": 22494, "objectid": 31345.0, "park_txt": "Надлъжн", "zona": "Зелена зона", "mestopoloz": "ул. Галичица", "georef_201": "2018", "vid_txt_20": "Зона", "zabelezhka": null, "obekt": null, "dogovor_sr": null, "dogovor_nu": null, "type": null, "bezplatni_": null, "podzona_nu": "-", "sf_rayon": "-", "bearing_deg": 174.7}, "geometry": {"type": "Polygon", "coordinates": [[[23.329522944447906, 42.672553205922], [23.329525449514662, 42.67257288276111], [23.3295911415521, 42.67256836207799], [23.32958863648534, 42.67254868523889], [23.329522944447906, 42.672553205922]]]}}, {"type": "Feature", "properties": {"id": 22495, "objectid": 31346.0, "park_txt": "Надлъжн", "zona": "Зелена зона", "mestopoloz": "ул. Галичица", "georef_201": "2018", "vid_txt_20": "Зона", "zabelezhka": null, "obekt": null, "dogovor_sr": null, "dogovor_nu": null, "type": null, "bezplatni_": null, "podzona_nu": "-", "sf_rayon": "-", "bearing_deg": 174.6}, "geometry": {"type": "Polygon", "coordinates": [[[23.329374623590336, 42.672563502621244], [23.329377146482173, 42.67258317822929], [23.32944283440966, 42.67257862537877], [23.329440311517825, 42.672558949770725], [23.329374623590336, 42.672563502621244]]]}}, {"type": "Feature", "properties": {"id": 22496, "objectid": 31348.0, "park_txt": "Надлъжн", "zona": "Зелена зона", "mestopoloz": "ул. Галичица", "georef_201": "2018", "vid_txt_20": "Зона", "zabelezhka": null, "obekt": null, "dogovor_sr": null, "dogovor_nu": null, "type": null, "bezplatni_": null, "podzona_nu": "-", "sf_rayon": "-", "bearing_deg": 174.6}, "geometry": {"type": "Polygon", "coordinates": [[[23.329449011590334, 42.672558346621244], [23.329451534482175, 42.67257802222929], [23.329517222409663, 42.67257346937877], [23.329514699517823, 42.672553793770724], [23.329449011590334, 42.672558346621244]]]}}, {"type": "Feature", "properties": {"id": 22497, "objectid": 31349.0, "park_txt": "Надлъжн", "zona": "Зелена зона", "mestopoloz": "ул. Галичица", "georef_201": "2018", "vid_txt_20": "Зона", "zabelezhka": null, "obekt": null, "dogovor_sr": null, "dogovor_nu": null, "type": null, "bezplatni_": null, "podzona_nu": "-", "sf_rayon": "-", "bearing_deg": 174.6}, "geometry": {"type": "Polygon", "coordinates": [[[23.32930136659034, 42.67256857962124], [23.329303889482176, 42.672588255229286], [23.329369577409665, 42.67258370237876], [23.329367054517824, 42.67256402677072], [23.32930136659034, 42.67256857962124]]]}}, {"type": "Feature", "properties": {"id": 22498, "objectid": 31351.0, "park_txt": "Надлъжн", "zona": "Зелена зона", "mestopoloz": "ул. Галичица", "georef_201": "2018", "vid_txt_20": "Инвалид", "zabelezhka": "-", "obekt": "-", "dogovor_sr": "-", "dogovor_nu": "-", "type": "-", "bezplatni_": "-", "podzona_nu": "-", "sf_rayon": "-", "bearing_deg": 176.2}, "geometry": {"type": "Polygon", "coordinates": [[[23.3290071019968, 42.67258614515834], [23.329008905500107, 42.67260586347227], [23.3290747360032, 42.672602608841665], [23.329072932499898, 42.672582890527735], [23.3290071019968, 42.67258614515834]]]}}, {"type": "Feature", "properties": {"id": 22499, "objectid": 31379.0, "park_txt": "Надлъжн", "zona": "Зелена зона", "mestopoloz": "ул. Галичица", "georef_201": "2018", "vid_txt_20": "Зона", "zabelezhka": null, "obekt": null, "dogovor_sr": null, "dogovor_nu": null, "type": null, "bezplatni_": null, "podzona_nu": "-", "sf_rayon": "-", "bearing_deg": 174.7}, "geometry": {"type": "Polygon", "coordinates": [[[23.332283278388033, 42.67237443184133], [23.332285739584503, 42.672394111672766], [23.332351441611966, 42.67238967015868], [23.3323489804155, 42.67236999032724], [23.332283278388033, 42.67237443184133]]]}}, {"type": "Feature", "properties": {"id": 22500, "objectid": 31380.0, "park_txt": "Надлъжн", "zona": "Зелена зона", "mestopoloz": "ул. Галичица", "georef_201": "2018", "vid_txt_20": "Зона", "zabelezhka": null, "obekt": null, "dogovor_sr": null, "dogovor_nu": null, "type": null, "bezplatni_": null, "podzona_nu": "-", "sf_rayon": "-", "bearing_deg": 174.9}, "geometry": {"type": "Polygon", "coordinates": [[[23.33213610675788, 42.6723842531642], [23.332138505243286, 42.6724039371805], [23.332204221242126, 42.67239960883579], [23.332201822756716, 42.672379924819495], [23.33213610675788, 42.6723842531642]]]}}, {"type": "Feature", "properties": {"id": 22501, "objectid": 31382.0, "park_txt": "Надлъжн", "zona": "Зелена зона", "mestopoloz": "ул. Галичица", "georef_201": "2018", "vid_txt_20": "Зона", "zabelezhka": null, "obekt": null, "dogovor_sr": null, "dogovor_nu": null, "type": null, "bezplatni_": null, "podzona_nu": "-", "sf_rayon": "-", "bearing_deg": 174.9}, "geometry": {"type": "Polygon", "coordinates": [[[23.33220824075788, 42.672379103164204], [23.332210639243286, 42.6723987871805], [23.332276355242126, 42.6723944588358], [23.332273956756715, 42.672374774819495], [23.33220824075788, 42.672379103164204]]]}}, {"type": "Feature", "properties": {"id": 22502, "objectid": 31383.0, "park_txt": "Надлъжн", "zona": "Зелена зона", "mestopoloz": "ул. Галичица", "georef_201": "2018", "vid_txt_20": "Зона", "zabelezhka": null, "obekt": null, "dogovor_sr": null, "dogovor_nu": null, "type": null, "bezplatni_": null, "podzona_nu": "-", "sf_rayon": "-", "bearing_deg": 175.0}, "geometry": {"type": "Polygon", "coordinates": [[[23.331990872474414, 42.67239411058108], [23.331993230762325, 42.672413797222596], [23.33205895552559, 42.672409541418915], [23.332056597237678, 42.6723898547774], [23.331990872474414, 42.67239411058108]]]}}, {"type": "Feature", "properties": {"id": 22503, "objectid": 31384.0, "park_txt": "Надлъжн", "zona": "Зелена зона", "mestopoloz": "ул. Галичица", "georef_201": "2018", "vid_txt_20": "Зона", "zabelezhka": null, "obekt": null, "dogovor_sr": null, "dogovor_nu": null, "type": null, "bezplatni_": null, "podzona_nu": "-", "sf_rayon": "-", "bearing_deg": 175.0}, "geometry": {"type": "Polygon", "coordinates": [[[23.33206300747441, 42.67238896058108], [23.332065365762325, 42.672408647222596], [23.33213109052559, 42.67240439141892], [23.332128732237678, 42.6723847047774], [23.33206300747441, 42.67238896058108]]]}}, {"type": "Feature", "properties": {"id": 22504, "objectid": 31385.0, "park_txt": "Надлъжн", "zona": "Зелена зона", "mestopoloz": "ул. Галичица", "georef_201": "2018", "vid_txt_20": "Зона", "zabelezhka": null, "obekt": null, "dogovor_sr": null, "dogovor_nu": null, "type": null, "bezplatni_": null, "podzona_nu": "-", "sf_rayon": "-", "bearing_deg": 175.0}, "geometry": {"type": "Polygon", "coordinates": [[[23.331918529923495, 42.67239792183785], [23.33192086922559, 42.672417609703736], [23.331986598076508, 42.672413388162155], [23.331984258774412, 42.67239370029626], [23.331918529923495, 42.67239792183785]]]}}, {"type": "Feature", "properties": {"id": 22505, "objectid": 31386.0, "park_txt": "Надлъжн", "zona": "Зелена зона", "mestopoloz": "ул. Галичица", "georef_201": "2018", "vid_txt_20": "Зона", "zabelezhka": null, "obekt": null, "dogovor_sr": null, "dogovor_nu": null, "type": null, "bezplatni_": null, "podzona_nu": "-", "sf_rayon": "-", "bearing_deg": 175.0}, "geometry": {"type": "Polygon", "coordinates": [[[23.331773281923496, 42.67240781683784], [23.33177562122559, 42.672427504703734], [23.331841350076505, 42.672423283162146], [23.33183901077441, 42.67240359529626], [23.331773281923496, 42.67240781683784]]]}}, {"type": "Feature", "properties": {"id": 22506, "objectid": 31387.0, "park_txt": "Надлъжн", "zona": "Зелена зона", "mestopoloz": "ул. Галичица", "georef_201": "2018", "vid_txt_20": "Зона", "zabelezhka": null, "obekt": null, "dogovor_sr": null, "dogovor_nu": null, "type": null, "bezplatni_": null, "podzona_nu": "-", "sf_rayon": "-", "bearing_deg": 175.0}, "geometry": {"type": "Polygon", "coordinates": [[[23.331845415923496, 42.67240266683784], [23.33184775522559, 42.672422354703734], [23.331913484076505, 42.672418133162154], [23.33191114477441, 42.67239844529626], [23.331845415923496, 42.67240266683784]]]}}, {"type": "Feature", "properties": {"id": 22507, "objectid": 31388.0, "park_txt": "Надлъжн", "zona": "Зелена зона", "mestopoloz": "ул. Галичица", "georef_201": "2018", "vid_txt_20": "Зона", "zabelezhka": null, "obekt": null, "dogovor_sr": null, "dogovor_nu": null, "type": null, "bezplatni_": null, "podzona_nu": "-", "sf_rayon": "-", "bearing_deg": 175.3}, "geometry": {"type": "Polygon", "coordinates": [[[23.331256312310146, 42.67244147594884], [23.331258501739498, 42.672461173129996], [23.331324261689858, 42.67245722205115], [23.331322072260505, 42.67243752486999], [23.331256312310146, 42.67244147594884]]]}}, {"type": "Feature", "properties": {"id": 22508, "objectid": 31389.0, "park_txt": "Надлъжн", "zona": "Зелена зона", "mestopoloz": "ул. Галичица", "georef_201": "2018", "vid_txt_20": "Зона", "zabelezhka": null, "obekt": null, "dogovor_sr": null, "dogovor_nu": null, "type": null, "bezplatni_": null, "podzona_nu": "-", "sf_rayon": "-", "bearing_deg": 175.3}, "geometry": {"type": "Polygon", "coordinates": [[[23.331109115310145, 42.672451353948844], [23.331111304739498, 42.67247105113], [23.331177064689857, 42.67246710005115], [23.331174875260505, 42.67244740286999], [23.331109115310145, 42.672451353948844]]]}}, {"type": "Feature", "properties": {"id": 22509, "objectid": 31390.0, "park_txt": "Надлъжн", "zona": "Зелена зона", "mestopoloz": "ул. Галичица", "georef_201": "2018", "vid_txt_20": "Зона", "zabelezhka": null, "obekt": null, "dogovor_sr": null, "dogovor_nu": null, "type": null, "bezplatni_": null, "podzona_nu": "-", "sf_rayon": "-", "bearing_deg": 174.9}, "geometry": {"type": "Polygon", "coordinates": [[[23.331329591770096, 42.67243703955063], [23.331331979975452, 42.672456724242544], [23.331397698229903, 42.67245241444936], [23.331395310024543, 42.672432729757446], [23.331329591770096, 42.67243703955063]]]}}, {"type": "Feature", "properties": {"id": 22510, "objectid": 31391.0, "park_txt": "Надлъжн", "zona": "Зелена зона", "mestopoloz": "ул. Галичица", "georef_201": "2018", "vid_txt_20": "Зона", "zabelezhka": null, "obekt": null, "dogovor_sr": null, "dogovor_nu": null, "type": null, "bezplatni_": null, "podzona_nu": "-", "sf_rayon": "-", "bearing_deg": 175.3}, "geometry": {"type": "Polygon", "coordinates": [[[23.331181249310145, 42.67244620494884], [23.331183438739497, 42.67246590213], [23.331249198689857, 42.672461951051154], [23.331247009260505, 42.672442253869995], [23.331181249310145, 42.67244620494884]]]}}, {"type": "Feature", "properties": {"id": 22511, "objectid": 31392.0, "park_txt": "Надлъжн", "zona": "Зелена зона", "mestopoloz": "ул. Галичица", "georef_201": "2018", "vid_txt_20": "Зона", "zabelezhka": null, "obekt": null, "dogovor_sr": null, "dogovor_nu": null, "type": null, "bezplatni_": null, "podzona_nu": "-", "sf_rayon": "-", "bearing_deg": 175.3}, "geometry": {"type": "Polygon", "coordinates": [[[23.331036001310142, 42.67245609894884], [23.331038190739495, 42.67247579613], [23.331103950689855, 42.672471845051156], [23.331101761260502, 42.67245214787], [23.331036001310142, 42.67245609894884]]]}}, {"type": "Feature", "properties": {"id": 22512, "objectid": 31393.0, "park_txt": "Надлъжн", "zona": "Зелена зона", "mestopoloz": "ул. Галичица", "georef_201": "2018", "vid_txt_20": "Зона", "zabelezhka": null, "obekt": null, "dogovor_sr": null, "dogovor_nu": null, "type": null, "bezplatni_": null, "podzona_nu": "-", "sf_rayon": "-", "bearing_deg": 174.9}, "geometry": {"type": "Polygon", "coordinates": [[[23.333075648414393, 42.672321676185526], [23.333078055476, 42.672341359635936], [23.333143769585607, 42.67233701581448], [23.333141362523996, 42.67231733236407], [23.333075648414393, 42.672321676185526]]]}}, {"type": "Feature", "properties": {"id": 22513, "objectid": 31394.0, "park_txt": "Надлъжн", "zona": "Зелена зона", "mestopoloz": "ул. Галичица", "georef_201": "2018", "vid_txt_20": "Зона", "zabelezhka": null, "obekt": null, "dogovor_sr": null, "dogovor_nu": null, "type": null, "bezplatni_": null, "podzona_nu": "-", "sf_rayon": "-", "bearing_deg": 174.9}, "geometry": {"type": "Polygon", "coordinates": [[[23.332928450414393, 42.67233155718553], [23.332930857476004, 42.67235124063594], [23.332996571585607, 42.672346896814474], [23.332994164524, 42.67232721336407], [23.332928450414393, 42.67233155718553]]]}}, {"type": "Feature", "properties": {"id": 22514, "objectid": 31395.0, "park_txt": "Надлъжн", "zona": "Зелена зона", "mestopoloz": "ул. Галичица", "georef_201": "2018", "vid_txt_20": "Зона", "zabelezhka": null, "obekt": null, "dogovor_sr": null, "dogovor_nu": null, "type": null, "bezplatni_": null, "podzona_nu": "-", "sf_rayon": "-", "bearing_deg": 174.9}, "geometry": {"type": "Polygon", "coordinates": [[[23.333000583414393, 42.67232640618552], [23.333002990476004, 42.67234608963593], [23.33306870458561, 42.67234174581447], [23.333066297524, 42.67232206236406], [23.333000583414393, 42.67232640618552]]]}}, {"type": "Feature", "properties": {"id": 22515, "objectid": 31396.0, "park_txt": "Надлъжн", "zona": "Зелена зона", "mestopoloz": "ул. Галичица", "georef_201": "2018", "vid_txt_20": "Зона", "zabelezhka": null, "obekt": null, "dogovor_sr": null, "dogovor_nu": null, "type": null, "bezplatni_": null, "podzona_nu": "-", "sf_rayon": "-", "bearing_deg": 175.0}, "geometry": {"type": "Polygon", "coordinates": [[[23.33278322237216, 42.67234140782495], [23.332785580920984, 42.67236109444957], [23.33285130562784, 42.67235683817504], [23.332848947079018, 42.67233715155042], [23.33278322237216, 42.67234140782495]]]}}, {"type": "Feature", "properties": {"id": 22516, "objectid": 31397.0, "park_txt": "Надлъжн", "zona": "Зелена зона", "mestopoloz": "ул. Галичица", "georef_201": "2018", "vid_txt_20": "Зона", "zabelezhka": null, "obekt": null, "dogovor_sr": null, "dogovor_nu": null, "type": null, "bezplatni_": null, "podzona_nu": "-", "sf_rayon": "-", "bearing_deg": 175.0}, "geometry": {"type": "Polygon", "coordinates": [[[23.33285535637216, 42.67233625782495], [23.332857714920983, 42.67235594444957], [23.33292343962784, 42.67235168817504], [23.332921081079018, 42.67233200155042], [23.33285535637216, 42.67233625782495]]]}}, {"type": "Feature", "properties": {"id": 22517, "objectid": 31398.0, "park_txt": "Надлъжн", "zona": "Зелена зона", "mestopoloz": "ул. Галичица", "georef_201": "2018", "vid_txt_20": "Зона", "zabelezhka": null, "obekt": null, "dogovor_sr": null, "dogovor_nu": null, "type": null, "bezplatni_": null, "podzona_nu": "-", "sf_rayon": "-", "bearing_deg": 175.0}, "geometry": {"type": "Polygon", "coordinates": [[[23.332710876854186, 42.67234521900271], [23.332713216332724, 42.672364906857275], [23.332778945145808, 42.67236068499729], [23.332776605667274, 42.672340997142726], [23.332710876854186, 42.67234521900271]]]}}, {"type": "Feature", "properties": {"id": 22518, "objectid": 31399.0, "park_txt": "Надлъжн", "zona": "Зелена зона", "mestopoloz": "ул. Галичица", "georef_201": "2018", "vid_txt_20": "Зона", "zabelezhka": null, "obekt": null, "dogovor_sr": null, "dogovor_nu": null, "type": null, "bezplatni_": null, "podzona_nu": "-", "sf_rayon": "-", "bearing_deg": 174.8}, "geometry": {"type": "Polygon", "coordinates": [[[23.33256559835712, 42.67235518793162], [23.332568015837555, 42.67237487069182], [23.332633727642875, 42.67237050806838], [23.332631310162444, 42.672350825308186], [23.33256559835712, 42.67235518793162]]]}}, {"type": "Feature", "properties": {"id": 22519, "objectid": 31400.0, "park_txt": "Надлъжн", "zona": "Зелена зона", "mestopoloz": "ул. Галичица", "georef_201": "2018", "vid_txt_20": "Зона", "zabelezhka": null, "obekt": null, "dogovor_sr": null, "dogovor_nu": null, "type": null, "bezplatni_": null, "podzona_nu": "-", "sf_rayon": "-", "bearing_deg": 175.0}, "geometry": {"type": "Polygon", "coordinates": [[[23.332637762854187, 42.6723499650027], [23.332640102332725, 42.67236965285727], [23.33270583114581, 42.67236543099729], [23.332703491667274, 42.67234574314272], [23.332637762854187, 42.6723499650027]]]}}, {"type": "Feature", "properties": {"id": 22520, "objectid": 31401.0, "park_txt": "Надлъжн", "zona": "Зелена зона", "mestopoloz": "ул. Галичица", "georef_201": "2018", "vid_txt_20": "Инвалид", "zabelezhka": "-", "obekt": "-", "dogovor_sr": "-", "dogovor_nu": "-", "type": "-", "bezplatni_": "-", "podzona_nu": "-", "sf_rayon": "-", "bearing_deg": 174.9}, "geometry": {"type": "Polygon", "coordinates": [[[23.333140512414392, 42.67231796318552], [23.333142919476003, 42.67233764663593], [23.33320863358561, 42.67233330281447], [23.333206226524, 42.67231361936406], [23.333140512414392, 42.67231796318552]]]}}, {"type": "Feature", "properties": {"id": 22524, "objectid": 31406.0, "park_txt": "Надлъжн", "zona": "Зелена зона", "mestopoloz": "ул. Бабуна планина", "georef_201": "2018", "vid_txt_20": "Зона", "zabelezhka": null, "obekt": null, "dogovor_sr": null, "dogovor_nu": null, "type": null, "bezplatni_": null, "podzona_nu": "-", "sf_rayon": "-", "bearing_deg": 82.1}, "geometry": {"type": "Polygon", "coordinates": [[[23.330856543755324, 42.67216459963444], [23.330883167747135, 42.67216187644243], [23.330874076244676, 42.67211383036556], [23.330847452252865, 42.67211655355757], [23.330856543755324, 42.67216459963444]]]}}, {"type": "Feature", "properties": {"id": 22525, "objectid": 31407.0, "park_txt": "Надлъжн", "zona": "Зелена зона", "mestopoloz": "ул. Бабуна планина", "georef_201": "2018", "vid_txt_20": "Зона", "zabelezhka": null, "obekt": null, "dogovor_sr": null, "dogovor_nu": null, "type": null, "bezplatni_": null, "podzona_nu": "-", "sf_rayon": "-", "bearing_deg": 82.1}, "geometry": {"type": "Polygon", "coordinates": [[[23.330886300755324, 42.67232185663443], [23.330912924747135, 42.67231913344243], [23.330903833244676, 42.67227108736556], [23.330877209252865, 42.67227381055757], [23.330886300755324, 42.67232185663443]]]}}, {"type": "Feature", "properties": {"id": 22526, "objectid": 31408.0, "park_txt": "Надлъжн", "zona": "Зелена зона", "mestopoloz": "ул. Бабуна планина", "georef_201": "2018", "vid_txt_20": "Зона", "zabelezhka": null, "obekt": null, "dogovor_sr": null, "dogovor_nu": null, "type": null, "bezplatni_": null, "podzona_nu": "-", "sf_rayon": "-", "bearing_deg": 82.1}, "geometry": {"type": "Polygon", "coordinates": [[[23.330876316755322, 42.67226909763444], [23.330902940747134, 42.67226637444243], [23.330893849244674, 42.67221832836556], [23.330867225252863, 42.67222105155757], [23.330876316755322, 42.67226909763444]]]}}, {"type": "Feature", "properties": {"id": 22527, "objectid": 31409.0, "park_txt": "Надлъжн", "zona": "Зелена зона", "mestopoloz": "ул. Бабуна планина", "georef_201": "2018", "vid_txt_20": "Зона", "zabelezhka": null, "obekt": null, "dogovor_sr": null, "dogovor_nu": null, "type": null, "bezplatni_": null, "podzona_nu": "-", "sf_rayon": "-", "bearing_deg": 82.1}, "geometry": {"type": "Polygon", "coordinates": [[[23.330866734755325, 42.67221846063444], [23.330893358747137, 42.67221573744243], [23.330884267244677, 42.67216769136556], [23.330857643252866, 42.67217041455757], [23.330866734755325, 42.67221846063444]]]}}, {"type": "Feature", "properties": {"id": 22528, "objectid": 31410.0, "park_txt": "Надлъжн", "zona": "Зелена зона", "mestopoloz": "ул. Бабуна планина", "georef_201": "2018", "vid_txt_20": "Зона", "zabelezhka": null, "obekt": null, "dogovor_sr": null, "dogovor_nu": null, "type": null, "bezplatni_": null, "podzona_nu": "-", "sf_rayon": "-", "bearing_deg": 82.1}, "geometry": {"type": "Polygon", "coordinates": [[[23.330896187755325, 42.67237410963444], [23.330922811747136, 42.67237138644243], [23.330913720244677, 42.67232334036556], [23.330887096252866, 42.67232606355757], [23.330896187755325, 42.67237410963444]]]}}, {"type": "Feature", "properties": {"id": 22709, "objectid": 31630.0, "park_txt": "Надлъжн", "zona": "Зелена зона", "mestopoloz": "ул. Златовръх", "georef_201": "2018", "vid_txt_20": "Зона", "zabelezhka": null, "obekt": null, "dogovor_sr": null, "dogovor_nu": null, "type": null, "bezplatni_": null, "podzona_nu": "-", "sf_rayon": "-", "bearing_deg": 75.1}, "geometry": {"type": "Polygon", "coordinates": [[[23.33316153577137, 42.67218665014861], [23.333187509345237, 42.672181560173726], [23.33317051622863, 42.67213468785138], [23.333144542654765, 42.67213977782627], [23.33316153577137, 42.67218665014861]]]}}, {"type": "Feature", "properties": {"id": 22710, "objectid": 31631.0, "park_txt": "Надлъжн", "zona": "Зелена зона", "mestopoloz": "ул. Златовръх", "georef_201": "2018", "vid_txt_20": "Зона", "zabelezhka": null, "obekt": null, "dogovor_sr": null, "dogovor_nu": null, "type": null, "bezplatni_": null, "podzona_nu": "-", "sf_rayon": "-", "bearing_deg": 75.1}, "geometry": {"type": "Polygon", "coordinates": [[[23.33317833377137, 42.67223621014861], [23.333204307345238, 42.67223112017373], [23.33318731422863, 42.67218424785138], [23.333161340654765, 42.67218933782627], [23.33317833377137, 42.67223621014861]]]}}, {"type": "Feature", "properties": {"id": 22712, "objectid": 31633.0, "park_txt": "Надлъжн", "zona": "Зелена зона", "mestopoloz": "ул. Златовръх", "georef_201": "2018", "vid_txt_20": "Зона", "zabelezhka": null, "obekt": null, "dogovor_sr": null, "dogovor_nu": null, "type": null, "bezplatni_": null, "podzona_nu": "-", "sf_rayon": "-", "bearing_deg": 75.1}, "geometry": {"type": "Polygon", "coordinates": [[[23.33314378577137, 42.672133642148616], [23.333169759345235, 42.67212855217373], [23.33315276622863, 42.67208167985139], [23.333126792654763, 42.67208676982627], [23.33314378577137, 42.672133642148616]]]}}, {"type": "Feature", "properties": {"id": 22717, "objectid": 31638.0, "park_txt": "Надлъжн", "zona": "Зелена зона", "mestopoloz": "ул. Златовръх", "georef_201": "2018", "vid_txt_20": "Зона", "zabelezhka": null, "obekt": null, "dogovor_sr": null, "dogovor_nu": null, "type": null, "bezplatni_": null, "podzona_nu": "-", "sf_rayon": "-", "bearing_deg": 75.2}, "geometry": {"type": "Polygon", "coordinates": [[[23.333283419541665, 42.67252488187003], [23.33330941226276, 42.67251984500573], [23.333292596458335, 42.67247293812998], [23.33326660373724, 42.67247797499428], [23.333283419541665, 42.67252488187003]]]}}, {"type": "Feature", "properties": {"id": 22718, "objectid": 31640.0, "park_txt": "Надлъжн", "zona": "Зелена зона", "mestopoloz": "ул. Златовръх", "georef_201": "2018", "vid_txt_20": "Зона", "zabelezhka": null, "obekt": null, "dogovor_sr": null, "dogovor_nu": null, "type": null, "bezplatni_": null, "podzona_nu": "-", "sf_rayon": "-", "bearing_deg": 75.1}, "geometry": {"type": "Polygon", "coordinates": [[[23.33324893774593, 42.67242232114598], [23.333274917583605, 42.67241724848014], [23.33325798225407, 42.672370364854025], [23.3332320024164, 42.67237543751986], [23.33324893774593, 42.67242232114598]]]}}, {"type": "Feature", "properties": {"id": 22719, "objectid": 31641.0, "park_txt": "Надлъжн", "zona": "Зелена зона", "mestopoloz": "ул. Златовръх", "georef_201": "2018", "vid_txt_20": "Зона", "zabelezhka": null, "obekt": null, "dogovor_sr": null, "dogovor_nu": null, "type": null, "bezplatni_": null, "podzona_nu": "-", "sf_rayon": "-", "bearing_deg": 75.2}, "geometry": {"type": "Polygon", "coordinates": [[[23.333265669541664, 42.67247187387002], [23.33329166226276, 42.67246683700573], [23.333274846458334, 42.672419930129976], [23.33324885373724, 42.67242496699428], [23.333265669541664, 42.67247187387002]]]}}, {"type": "Feature", "properties": {"id": 22720, "objectid": 31642.0, "park_txt": "Надлъжн", "zona": "Зелена зона", "mestopoloz": "ул. Златовръх", "georef_201": "2018", "vid_txt_20": "Зона", "zabelezhka": null, "obekt": null, "dogovor_sr": null, "dogovor_nu": null, "type": null, "bezplatni_": null, "podzona_nu": "-", "sf_rayon": "-", "bearing_deg": 75.0}, "geometry": {"type": "Polygon", "coordinates": [[[23.333498918083144, 42.673128677248855], [23.333524885119743, 42.67312356927622], [23.333507831916855, 42.67307670875114], [23.333481864880255, 42.67308181672377], [23.333498918083144, 42.673128677248855]]]}}, {"type": "Feature", "properties": {"id": 22721, "objectid": 31643.0, "park_txt": "Надлъжн", "zona": "Зелена зона", "mestopoloz": "ул. Златовръх", "georef_201": "2018", "vid_txt_20": "Зона", "zabelezhka": null, "obekt": null, "dogovor_sr": null, "dogovor_nu": null, "type": null, "bezplatni_": null, "podzona_nu": "-", "sf_rayon": "-", "bearing_deg": 75.0}, "geometry": {"type": "Polygon", "coordinates": [[[23.333515716083145, 42.67317823624886], [23.333541683119744, 42.67317312827622], [23.333524629916855, 42.67312626775114], [23.333498662880256, 42.67313137572377], [23.333515716083145, 42.67317823624886]]]}}, {"type": "Feature", "properties": {"id": 22722, "objectid": 31644.0, "park_txt": "Надлъжн", "zona": "Зелена зона", "mestopoloz": "ул. Златовръх", "georef_201": "2018", "vid_txt_20": "Зона", "zabelezhka": null, "obekt": null, "dogovor_sr": null, "dogovor_nu": null, "type": null, "bezplatni_": null, "podzona_nu": "-", "sf_rayon": "-", "bearing_deg": 75.0}, "geometry": {"type": "Polygon", "coordinates": [[[23.333464370083146, 42.67302610924886], [23.333490337119745, 42.673021001276226], [23.333473283916856, 42.67297414075114], [23.333447316880257, 42.67297924872378], [23.333464370083146, 42.67302610924886]]]}}, {"type": "Feature", "properties": {"id": 22723, "objectid": 31645.0, "park_txt": "Надлъжн", "zona": "Зелена зона", "mestopoloz": "ул. Златовръх", "georef_201": "2018", "vid_txt_20": "Зона", "zabelezhka": null, "obekt": null, "dogovor_sr": null, "dogovor_nu": null, "type": null, "bezplatni_": null, "podzona_nu": "-", "sf_rayon": "-", "bearing_deg": 75.0}, "geometry": {"type": "Polygon", "coordinates": [[[23.333481168083146, 42.67307566924886], [23.333507135119746, 42.673070561276226], [23.333490081916857, 42.67302370075114], [23.333464114880258, 42.67302880872378], [23.333481168083146, 42.67307566924886]]]}}, {"type": "Feature", "properties": {"id": 22724, "objectid": 31646.0, "park_txt": "Надлъжн", "zona": "Зелена зона", "mestopoloz": "ул. Златовръх", "georef_201": "2018", "vid_txt_20": "Зона", "zabelezhka": null, "obekt": null, "dogovor_sr": null, "dogovor_nu": null, "type": null, "bezplatni_": null, "podzona_nu": "-", "sf_rayon": "-", "bearing_deg": 74.9}, "geometry": {"type": "Polygon", "coordinates": [[[23.333423388002874, 42.67292214394251], [23.333449345003654, 42.67291700847179], [23.333432199997127, 42.672870166057486], [23.333406242996347, 42.6728753015282], [23.333423388002874, 42.67292214394251]]]}}, {"type": "Feature", "properties": {"id": 22725, "objectid": 31647.0, "park_txt": "Надлъжн", "zona": "Зелена зона", "mestopoloz": "ул. Златовръх", "georef_201": "2018", "vid_txt_20": "Зона", "zabelezhka": null, "obekt": null, "dogovor_sr": null, "dogovor_nu": null, "type": null, "bezplatni_": null, "podzona_nu": "-", "sf_rayon": "-", "bearing_deg": 74.9}, "geometry": {"type": "Polygon", "coordinates": [[[23.333440186002875, 42.67297170394251], [23.333466143003655, 42.6729665684718], [23.333448997997127, 42.672919726057486], [23.333423040996344, 42.6729248615282], [23.333440186002875, 42.67297170394251]]]}}, {"type": "Feature", "properties": {"id": 22726, "objectid": 31649.0, "park_txt": "Надлъжн", "zona": "Зелена зона", "mestopoloz": "ул. Златовръх", "georef_201": "2018", "vid_txt_20": "Зона", "zabelezhka": null, "obekt": null, "dogovor_sr": null, "dogovor_nu": null, "type": null, "bezplatni_": null, "podzona_nu": "-", "sf_rayon": "-", "bearing_deg": 75.2}, "geometry": {"type": "Polygon", "coordinates": [[[23.33340546835603, 42.672869121092006], [23.33343145859032, 42.67286407729598], [23.333414619643975, 42.67281717490798], [23.333388629409683, 42.672822218704006], [23.33340546835603, 42.672869121092006]]]}}, {"type": "Feature", "properties": {"id": 22727, "objectid": 31650.0, "park_txt": "Надлъжн", "zona": "Зелена зона", "mestopoloz": "ул. Златовръх", "georef_201": "2018", "vid_txt_20": "Зона", "zabelezhka": null, "obekt": null, "dogovor_sr": null, "dogovor_nu": null, "type": null, "bezplatni_": null, "podzona_nu": "-", "sf_rayon": "-", "bearing_deg": 75.7}, "geometry": {"type": "Polygon", "coordinates": [[[23.333365674766267, 42.67275711030775], [23.333391722839576, 42.672752230457476], [23.333375431233737, 42.672705223692255], [23.333349383160428, 42.672710103542535], [23.333365674766267, 42.67275711030775]]]}}, {"type": "Feature", "properties": {"id": 26924, "objectid": 36531.0, "park_txt": "Надлъжн", "zona": "Зелена зона", "mestopoloz": "ул. Галичица", "georef_201": "2018", "vid_txt_20": "Дипломатически", "zabelezhka": "-", "obekt": "-", "dogovor_sr": "-", "dogovor_nu": "-", "type": "-", "bezplatni_": "-", "podzona_nu": "-", "sf_rayon": "-", "bearing_deg": 174.8}, "geometry": {"type": "Polygon", "coordinates": [[[23.3299447333925, 42.672524783925674], [23.32994717651636, 42.67254446497431], [23.3300128826075, 42.67254005607433], [23.33001043948364, 42.6725203750257], [23.3299447333925, 42.672524783925674]]]}}, {"type": "Feature", "properties": {"id": 26925, "objectid": 36532.0, "park_txt": "Надлъжн", "zona": "Зелена зона", "mestopoloz": "ул. Галичица", "georef_201": "2018", "vid_txt_20": "Дипломатически", "zabelezhka": "-", "obekt": "-", "dogovor_sr": "-", "dogovor_nu": "-", "type": "-", "bezplatni_": "-", "podzona_nu": "-", "sf_rayon": "-", "bearing_deg": 174.8}, "geometry": {"type": "Polygon", "coordinates": [[[23.330016866773317, 42.67251963741935], [23.3300193114932, 42.67253931836084], [23.330085017226683, 42.67253490658066], [23.3300825725068, 42.67251522563917], [23.330016866773317, 42.67251963741935]]]}}, {"type": "Feature", "properties": {"id": 26928, "objectid": 36536.0, "park_txt": "Надлъжн", "zona": "Зелена зона", "mestopoloz": "ул. Златовръх", "georef_201": "2018", "vid_txt_20": "Зона", "zabelezhka": null, "obekt": null, "dogovor_sr": null, "dogovor_nu": null, "type": null, "bezplatni_": null, "podzona_nu": "-", "sf_rayon": "-", "bearing_deg": 75.5}, "geometry": {"type": "Polygon", "coordinates": [[[23.33334621253399, 42.672700986700974], [23.333372233356602, 42.6726960288872], [23.33335568146601, 42.67264907129902], [23.333329660643397, 42.672654029112785], [23.33334621253399, 42.672700986700974]]]}}, {"type": "Feature", "properties": {"id": 28694, "objectid": 38721.0, "park_txt": "Напречн", "zona": "Зелена зона", "mestopoloz": "ул. Черноризец Храбър", "georef_201": "2017", "vid_txt_20": "Зона", "zabelezhka": null, "obekt": null, "dogovor_sr": null, "dogovor_nu": null, "type": null, "bezplatni_": null, "podzona_nu": "-", "sf_rayon": "-", "bearing_deg": 179.0}, "geometry": {"type": "Polygon", "coordinates": [[[23.328286228190887, 42.67656015241386], [23.32825690889331, 42.67656054167864], [23.328257967809108, 42.676603653586135], [23.328287287106686, 42.676603264321365], [23.328286228190887, 42.67656015241386]]]}}, {"type": "Feature", "properties": {"id": 28695, "objectid": 38723.0, "park_txt": "Напречн", "zona": "Зелена зона", "mestopoloz": "ул. Черноризец Храбър", "georef_201": "2017", "vid_txt_20": "Зона", "zabelezhka": null, "obekt": null, "dogovor_sr": null, "dogovor_nu": null, "type": null, "bezplatni_": null, "podzona_nu": "-", "sf_rayon": "-", "bearing_deg": 179.0}, "geometry": {"type": "Polygon", "coordinates": [[[23.32825638019089, 42.67656054641387], [23.32822706089331, 42.676560935678644], [23.32822811980911, 42.676604047586146], [23.32825743910669, 42.67660365832137], [23.32825638019089, 42.67656054641387]]]}}, {"type": "Feature", "properties": {"id": 28696, "objectid": 38724.0, "park_txt": "Напречн", "zona": "Зелена зона", "mestopoloz": "ул. Черноризец Храбър", "georef_201": "2017", "vid_txt_20": "Зона", "zabelezhka": null, "obekt": null, "dogovor_sr": null, "dogovor_nu": null, "type": null, "bezplatni_": null, "podzona_nu": "-", "sf_rayon": "-", "bearing_deg": 179.0}, "geometry": {"type": "Polygon", "coordinates": [[[23.32822840319089, 42.676560917413866], [23.328199083893313, 42.67656130667864], [23.328200142809113, 42.67660441858614], [23.32822946210669, 42.67660402932136], [23.32822840319089, 42.676560917413866]]]}}, {"type": "Feature", "properties": {"id": 28697, "objectid": 38725.0, "park_txt": "Напречн", "zona": "Зелена зона", "mestopoloz": "ул. Черноризец Храбър", "georef_201": "2017", "vid_txt_20": "Зона", "zabelezhka": null, "obekt": null, "dogovor_sr": null, "dogovor_nu": null, "type": null, "bezplatni_": null, "podzona_nu": "-", "sf_rayon": "-", "bearing_deg": 179.0}, "geometry": {"type": "Polygon", "coordinates": [[[23.3282006091021, 42.67656134413884], [23.328171289717027, 42.676561729825], [23.328172338897897, 42.676604841861156], [23.32820165828297, 42.67660445617499], [23.3282006091021, 42.67656134413884]]]}}, {"type": "Feature", "properties": {"id": 28698, "objectid": 38726.0, "park_txt": "Напречн", "zona": "Зелена зона", "mestopoloz": "ул. Черноризец Храбър", "georef_201": "2017", "vid_txt_20": "Зона", "zabelezhka": null, "obekt": null, "dogovor_sr": null, "dogovor_nu": null, "type": null, "bezplatni_": null, "podzona_nu": "-", "sf_rayon": "-", "bearing_deg": 179.0}, "geometry": {"type": "Polygon", "coordinates": [[[23.328172207102103, 42.67656166113884], [23.32814288771703, 42.676562046825005], [23.3281439368979, 42.67660515886116], [23.328173256282973, 42.676604773174994], [23.328172207102103, 42.67656166113884]]]}}, {"type": "Feature", "properties": {"id": 28699, "objectid": 38727.0, "park_txt": "Напречн", "zona": "Зелена зона", "mestopoloz": "ул. Черноризец Храбър", "georef_201": "2017", "vid_txt_20": "Зона", "zabelezhka": null, "obekt": null, "dogovor_sr": null, "dogovor_nu": null, "type": null, "bezplatni_": null, "podzona_nu": "-", "sf_rayon": "-", "bearing_deg": 179.0}, "geometry": {"type": "Polygon", "coordinates": [[[23.328144605080254, 42.67656202788809], [23.328115285607318, 42.67656240994655], [23.328116324919748, 42.676605522111906], [23.328145644392684, 42.676605140053454], [23.328144605080254, 42.67656202788809]]]}}, {"type": "Feature", "properties": {"id": 28700, "objectid": 38728.0, "park_txt": "Напречн", "zona": "Зелена зона", "mestopoloz": "ул. Черноризец Храбър", "georef_201": "2017", "vid_txt_20": "Зона", "zabelezhka": null, "obekt": null, "dogovor_sr": null, "dogovor_nu": null, "type": null, "bezplatni_": null, "podzona_nu": "-", "sf_rayon": "-", "bearing_deg": 179.0}, "geometry": {"type": "Polygon", "coordinates": [[[23.32811665147104, 42.676562398431585], [23.328087331921278, 42.67656277729011], [23.32808836252896, 42.676605889568414], [23.32811768207872, 42.67660551070989], [23.32811665147104, 42.676562398431585]]]}}, {"type": "Feature", "properties": {"id": 28701, "objectid": 38729.0, "park_txt": "Напречн", "zona": "Зелена зона", "mestopoloz": "ул. Черноризец Храбър", "georef_201": "2017", "vid_txt_20": "Зона", "zabelezhka": null, "obekt": null, "dogovor_sr": null, "dogovor_nu": null, "type": null, "bezplatni_": null, "podzona_nu": "-", "sf_rayon": "-", "bearing_deg": 179.0}, "geometry": {"type": "Polygon", "coordinates": [[[23.328086272955808, 42.67656279538491], [23.328056953608872, 42.67656318263503], [23.328058007044188, 42.67660629461509], [23.328087326391124, 42.67660590736497], [23.328086272955808, 42.67656279538491]]]}}, {"type": "Feature", "properties": {"id": 28702, "objectid": 38730.0, "park_txt": "Напречн", "zona": "Зелена зона", "mestopoloz": "ул. Черноризец Храбър", "georef_201": "2017", "vid_txt_20": "Зона", "zabelezhka": null, "obekt": null, "dogovor_sr": null, "dogovor_nu": null, "type": null, "bezplatni_": null, "podzona_nu": "-", "sf_rayon": "-", "bearing_deg": 179.0}, "geometry": {"type": "Polygon", "coordinates": [[[23.328057454138406, 42.676563176449044], [23.328028134788223, 42.676563563566106], [23.32802918786159, 42.67660667555096], [23.328058507211775, 42.676606288433895], [23.328057454138406, 42.676563176449044]]]}}, {"type": "Feature", "properties": {"id": 28703, "objectid": 38731.0, "park_txt": "Напречн", "zona": "Зелена зона", "mestopoloz": "ул. Черноризец Храбър", "georef_201": "2017", "vid_txt_20": "Зона", "zabelezhka": null, "obekt": null, "dogovor_sr": null, "dogovor_nu": null, "type": null, "bezplatni_": null, "podzona_nu": "-", "sf_rayon": "-", "bearing_deg": 179.0}, "geometry": {"type": "Polygon", "coordinates": [[[23.328027673146682, 42.67656356945194], [23.32799835379635, 42.67656395656298], [23.32799940685332, 42.67660706854805], [23.32802872620365, 42.676606681437015], [23.328027673146682, 42.67656356945194]]]}}, {"type": "Feature", "properties": {"id": 28704, "objectid": 38732.0, "park_txt": "Напречн", "zona": "Зелена зона", "mestopoloz": "ул. Черноризец Храбър", "georef_201": "2017", "vid_txt_20": "Зона", "zabelezhka": null, "obekt": null, "dogovor_sr": null, "dogovor_nu": null, "type": null, "bezplatni_": null, "podzona_nu": "-", "sf_rayon": "-", "bearing_deg": 179.0}, "geometry": {"type": "Polygon", "coordinates": [[[23.327999644335353, 42.67656393951821], [23.327970324981663, 42.67656432649178], [23.32797137766465, 42.67660743848178], [23.32800069701834, 42.67660705150822], [23.327999644335353, 42.67656393951821]]]}}, {"type": "Feature", "properties": {"id": 28705, "objectid": 38733.0, "park_txt": "Напречн", "zona": "Зелена зона", "mestopoloz": "ул. Черноризец Храбър", "georef_201": "2017", "vid_txt_20": "Зона", "zabelezhka": null, "obekt": null, "dogovor_sr": null, "dogovor_nu": null, "type": null, "bezplatni_": null, "podzona_nu": "-", "sf_rayon": "-", "bearing_deg": 179.0}, "geometry": {"type": "Polygon", "coordinates": [[[23.32797212619902, 42.676564302470325], [23.32794280684776, 42.67656468954323], [23.327943859800982, 42.67660780152967], [23.32797317915224, 42.67660741445677], [23.32797212619902, 42.676564302470325]]]}}, {"type": "Feature", "properties": {"id": 28706, "objectid": 38734.0, "park_txt": "Напречн", "zona": "Зелена зона", "mestopoloz": "ул. Черноризец Храбър", "georef_201": "2017", "vid_txt_20": "Зона", "zabelezhka": null, "obekt": null, "dogovor_sr": null, "dogovor_nu": null, "type": null, "bezplatni_": null, "podzona_nu": "-", "sf_rayon": "-", "bearing_deg": 179.0}, "geometry": {"type": "Polygon", "coordinates": [[[23.32794315519902, 42.676564685470325], [23.32791383584776, 42.67656507254323], [23.327914888800983, 42.67660818452967], [23.327944208152243, 42.67660779745677], [23.32794315519902, 42.676564685470325]]]}}, {"type": "Feature", "properties": {"id": 28707, "objectid": 38735.0, "park_txt": "Напречн", "zona": "Зелена зона", "mestopoloz": "ул. Черноризец Храбър", "georef_201": "2017", "vid_txt_20": "Зона", "zabelezhka": null, "obekt": null, "dogovor_sr": null, "dogovor_nu": null, "type": null, "bezplatni_": null, "podzona_nu": "-", "sf_rayon": "-", "bearing_deg": 179.0}, "geometry": {"type": "Polygon", "coordinates": [[[23.32788740697258, 42.67656542139079], [23.327858087625344, 42.676565808628695], [23.327859141027425, 42.67660892060921], [23.327888460374655, 42.67660853337131], [23.32788740697258, 42.67656542139079]]]}}, {"type": "Feature", "properties": {"id": 28708, "objectid": 38736.0, "park_txt": "Напречн", "zona": "Зелена зона", "mestopoloz": "ул. Черноризец Храбър", "georef_201": "2017", "vid_txt_20": "Зона", "zabelezhka": null, "obekt": null, "dogovor_sr": null, "dogovor_nu": null, "type": null, "bezplatni_": null, "podzona_nu": "-", "sf_rayon": "-", "bearing_deg": 179.0}, "geometry": {"type": "Polygon", "coordinates": [[[23.32785829297258, 42.67656580639079], [23.327828973625348, 42.676566193628695], [23.327830027027424, 42.67660930560921], [23.32785934637466, 42.67660891837131], [23.32785829297258, 42.67656580639079]]]}}, {"type": "Feature", "properties": {"id": 28709, "objectid": 38737.0, "park_txt": "Напречн", "zona": "Зелена зона", "mestopoloz": "ул. Черноризец Храбър", "georef_201": "2017", "vid_txt_20": "Зона", "zabelezhka": null, "obekt": null, "dogovor_sr": null, "dogovor_nu": null, "type": null, "bezplatni_": null, "podzona_nu": "-", "sf_rayon": "-", "bearing_deg": 179.0}, "geometry": {"type": "Polygon", "coordinates": [[[23.327828327972576, 42.67656620139079], [23.327799008625345, 42.676566588628695], [23.327800062027425, 42.67660970060921], [23.327829381374656, 42.67660931337131], [23.327828327972576, 42.67656620139079]]]}}, {"type": "Feature", "properties": {"id": 28710, "objectid": 38738.0, "park_txt": "Напречн", "zona": "Зелена зона", "mestopoloz": "ул. Черноризец Храбър", "georef_201": "2017", "vid_txt_20": "Зона", "zabelezhka": null, "obekt": null, "dogovor_sr": null, "dogovor_nu": null, "type": null, "bezplatni_": null, "podzona_nu": "-", "sf_rayon": "-", "bearing_deg": 179.0}, "geometry": {"type": "Polygon", "coordinates": [[[23.327914767982616, 42.67656505939432], [23.327885448635207, 42.67656544662491], [23.327886502017385, 42.67660855860568], [23.32791582136479, 42.67660817137509], [23.327914767982616, 42.67656505939432]]]}}, {"type": "Feature", "properties": {"id": 29090, "objectid": 39252.0, "park_txt": "Надлъжн", "zona": "Зелена зона", "mestopoloz": "ул. Галичица", "georef_201": "2018", "vid_txt_20": "Зона", "zabelezhka": null, "obekt": null, "dogovor_sr": null, "dogovor_nu": null, "type": null, "bezplatni_": null, "podzona_nu": "-", "sf_rayon": "-", "bearing_deg": 174.9}, "geometry": {"type": "Polygon", "coordinates": [[[23.329230339700864, 42.67257337114495], [23.329232717846978, 42.67259305649515], [23.329298438299134, 42.67258876485504], [23.32929606015302, 42.67256907950485], [23.329230339700864, 42.67257337114495]]]}}, {"type": "Feature", "properties": {"id": 29551, "objectid": 40256.0, "park_txt": "Надлъжн", "zona": "Зелена зона", "mestopoloz": "ул. Милин камък", "georef_201": "2017", "vid_txt_20": "Зона", "zabelezhka": null, "obekt": null, "dogovor_sr": null, "dogovor_nu": null, "type": null, "bezplatni_": null, "podzona_nu": "-", "sf_rayon": "-", "bearing_deg": 119.1}, "geometry": {"type": "Polygon", "coordinates": [[[23.32818041859359, 42.67448117087488], [23.328203895534426, 42.674490795984006], [23.328236029406412, 42.67444842912513], [23.328212552465576, 42.674438804016], [23.32818041859359, 42.67448117087488]]]}}, {"type": "Feature", "properties": {"id": 29552, "objectid": 40257.0, "park_txt": "Надлъжн", "zona": "Зелена зона", "mestopoloz": "ул. Милин камък", "georef_201": "2017", "vid_txt_20": "Зона", "zabelezhka": null, "obekt": null, "dogovor_sr": null, "dogovor_nu": null, "type": null, "bezplatni_": null, "podzona_nu": "-", "sf_rayon": "-", "bearing_deg": 119.1}, "geometry": {"type": "Polygon", "coordinates": [[[23.32814485159359, 42.674527899874874], [23.328168328534424, 42.674537524984004], [23.32820046240641, 42.67449515812513], [23.328176985465575, 42.674485533016004], [23.32814485159359, 42.674527899874874]]]}}, {"type": "Feature", "properties": {"id": 29553, "objectid": 40258.0, "park_txt": "Надлъжн", "zona": "Зелена зона", "mestopoloz": "ул. Милин камък", "georef_201": "2017", "vid_txt_20": "Зона", "zabelezhka": null, "obekt": null, "dogovor_sr": null, "dogovor_nu": null, "type": null, "bezplatni_": null, "podzona_nu": "-", "sf_rayon": "-", "bearing_deg": 119.1}, "geometry": {"type": "Polygon", "coordinates": [[[23.32810905859359, 42.674574926874875], [23.328132535534426, 42.674584551984005], [23.328164669406412, 42.67454218512513], [23.328141192465576, 42.674532560016], [23.32810905859359, 42.674574926874875]]]}}, {"type": "Feature", "properties": {"id": 29554, "objectid": 40259.0, "park_txt": "Надлъжн", "zona": "Зелена зона", "mestopoloz": "ул. Милин камък", "georef_201": "2017", "vid_txt_20": "Зона", "zabelezhka": null, "obekt": null, "dogovor_sr": null, "dogovor_nu": null, "type": null, "bezplatni_": null, "podzona_nu": "-", "sf_rayon": "-", "bearing_deg": 119.1}, "geometry": {"type": "Polygon", "coordinates": [[[23.328073237593593, 42.674621988874875], [23.328096714534425, 42.674631613984005], [23.32812884840641, 42.67458924712513], [23.328105371465576, 42.674579622016], [23.328073237593593, 42.674621988874875]]]}}, {"type": "Feature", "properties": {"id": 29555, "objectid": 40260.0, "park_txt": "Надлъжн", "zona": "Зелена зона", "mestopoloz": "ул. Милин камък", "georef_201": "2017", "vid_txt_20": "Зона", "zabelezhka": null, "obekt": null, "dogovor_sr": null, "dogovor_nu": null, "type": null, "bezplatni_": null, "podzona_nu": "-", "sf_rayon": "-", "bearing_deg": 119.1}, "geometry": {"type": "Polygon", "coordinates": [[[23.328037454650516, 42.67466902510376], [23.328060937500176, 42.67467864241827], [23.328093045349487, 42.674636264896236], [23.32806956249983, 42.674626647581725], [23.328037454650516, 42.67466902510376]]]}}, {"type": "Feature", "properties": {"id": 29556, "objectid": 40261.0, "park_txt": "Надлъжн", "zona": "Зелена зона", "mestopoloz": "ул. Милин камък", "georef_201": "2017", "vid_txt_20": "Зона", "zabelezhka": null, "obekt": null, "dogovor_sr": null, "dogovor_nu": null, "type": null, "bezplatni_": null, "podzona_nu": "-", "sf_rayon": "-", "bearing_deg": 118.9}, "geometry": {"type": "Polygon", "coordinates": [[[23.327942607419487, 42.67479500700381], [23.327966136850225, 42.67480456257916], [23.32799803858051, 42.67476210099618], [23.327974509149772, 42.67475254542083], [23.327942607419487, 42.67479500700381]]]}}, {"type": "Feature", "properties": {"id": 29557, "objectid": 40262.0, "park_txt": "Надлъжн", "zona": "Зелена зона", "mestopoloz": "ул. Милин камък", "georef_201": "2017", "vid_txt_20": "Зона", "zabelezhka": null, "obekt": null, "dogovor_sr": null, "dogovor_nu": null, "type": null, "bezplatni_": null, "podzona_nu": "-", "sf_rayon": "-", "bearing_deg": 118.9}, "geometry": {"type": "Polygon", "coordinates": [[[23.327906838264692, 42.67484205569255], [23.327930381521785, 42.6748515928417], [23.327962221735305, 42.67480910630745], [23.327938678478212, 42.67479956915831], [23.327906838264692, 42.67484205569255]]]}}, {"type": "Feature", "properties": {"id": 29558, "objectid": 40263.0, "park_txt": "Надлъжн", "zona": "Зелена зона", "mestopoloz": "ул. Милин камък", "georef_201": "2017", "vid_txt_20": "Зона", "zabelezhka": null, "obekt": null, "dogovor_sr": null, "dogovor_nu": null, "type": null, "bezplatni_": null, "podzona_nu": "-", "sf_rayon": "-", "bearing_deg": 118.9}, "geometry": {"type": "Polygon", "coordinates": [[[23.32778863099116, 42.67500151208182], [23.32781217003554, 42.6750110548501], [23.327844029008844, 42.674968575918186], [23.327820489964466, 42.674959033149904], [23.32778863099116, 42.67500151208182]]]}}, {"type": "Feature", "properties": {"id": 29559, "objectid": 40264.0, "park_txt": "Надлъжн", "zona": "Зелена зона", "mestopoloz": "ул. Милин камък", "georef_201": "2017", "vid_txt_20": "Зона", "zabelezhka": null, "obekt": null, "dogovor_sr": null, "dogovor_nu": null, "type": null, "bezplatni_": null, "podzona_nu": "-", "sf_rayon": "-", "bearing_deg": 119.1}, "geometry": {"type": "Polygon", "coordinates": [[[23.32775298366013, 42.67504816969346], [23.32777647648512, 42.67505777383021], [23.32780854033987, 42.675015378306526], [23.32778504751488, 42.675005774169776], [23.32775298366013, 42.67504816969346]]]}}, {"type": "Feature", "properties": {"id": 29560, "objectid": 40265.0, "park_txt": "Надлъжн", "zona": "Зелена зона", "mestopoloz": "ул. Милин камък", "georef_201": "2017", "vid_txt_20": "Зона", "zabelezhka": null, "obekt": null, "dogovor_sr": null, "dogovor_nu": null, "type": null, "bezplatni_": null, "podzona_nu": "-", "sf_rayon": "-", "bearing_deg": 119.1}, "geometry": {"type": "Polygon", "coordinates": [[[23.32771719066013, 42.675095195693466], [23.327740683485125, 42.675104799830216], [23.32777274733987, 42.67506240430654], [23.32774925451488, 42.67505280016978], [23.32771719066013, 42.675095195693466]]]}}, {"type": "Feature", "properties": {"id": 29561, "objectid": 40266.0, "park_txt": "Надлъжн", "zona": "Зелена зона", "mestopoloz": "ул. Милин камък", "georef_201": "2017", "vid_txt_20": "Зона", "zabelezhka": null, "obekt": null, "dogovor_sr": null, "dogovor_nu": null, "type": null, "bezplatni_": null, "podzona_nu": "-", "sf_rayon": "-", "bearing_deg": 119.1}, "geometry": {"type": "Polygon", "coordinates": [[[23.32768136866013, 42.67514225869346], [23.32770486148512, 42.67515186283022], [23.32773692533987, 42.675109467306534], [23.327713432514877, 42.675099863169784], [23.32768136866013, 42.67514225869346]]]}}, {"type": "Feature", "properties": {"id": 29562, "objectid": 40267.0, "park_txt": "Надлъжн", "zona": "Зелена зона", "mestopoloz": "ул. Милин камък", "georef_201": "2017", "vid_txt_20": "Зона", "zabelezhka": null, "obekt": null, "dogovor_sr": null, "dogovor_nu": null, "type": null, "bezplatni_": null, "podzona_nu": "-", "sf_rayon": "-", "bearing_deg": 119.3}, "geometry": {"type": "Polygon", "coordinates": [[[23.327645506385284, 42.675189221970086], [23.327668959029705, 42.67519887904312], [23.32770119961472, 42.675156556029926], [23.327677746970295, 42.67514689895689], [23.327645506385284, 42.675189221970086]]]}}, {"type": "Feature", "properties": {"id": 29563, "objectid": 40268.0, "park_txt": "Надлъжн", "zona": "Зелена зона", "mestopoloz": "ул. Милин камък", "georef_201": "2017", "vid_txt_20": "Зона", "zabelezhka": null, "obekt": null, "dogovor_sr": null, "dogovor_nu": null, "type": null, "bezplatni_": null, "podzona_nu": "-", "sf_rayon": "-", "bearing_deg": 118.8}, "geometry": {"type": "Polygon", "coordinates": [[[23.327821680741962, 42.674956036022614], [23.327845231215978, 42.674965563535395], [23.327877039258038, 42.67492306397738], [23.32785348878402, 42.6749135364646], [23.327821680741962, 42.674956036022614]]]}}, {"type": "Feature", "properties": {"id": 29564, "objectid": 40269.0, "park_txt": "Надлъжн", "zona": "Зелена зона", "mestopoloz": "ул. Милин камък", "georef_201": "2017", "vid_txt_20": "Зона", "zabelezhka": null, "obekt": null, "dogovor_sr": null, "dogovor_nu": null, "type": null, "bezplatni_": null, "podzona_nu": "-", "sf_rayon": "-", "bearing_deg": 119.2}, "geometry": {"type": "Polygon", "coordinates": [[[23.327502043417518, 42.675379601876855], [23.327525519078755, 42.675389228672856], [23.327557658582485, 42.67534686412315], [23.327534182921248, 42.67533723732715], [23.327502043417518, 42.675379601876855]]]}}, {"type": "Feature", "properties": {"id": 29569, "objectid": 40274.0, "park_txt": "Надлъжн", "zona": "Зелена зона", "mestopoloz": "ул. Милин камък", "georef_201": "2017", "vid_txt_20": "Зона", "zabelezhka": null, "obekt": null, "dogovor_sr": null, "dogovor_nu": null, "type": null, "bezplatni_": null, "podzona_nu": "-", "sf_rayon": "-", "bearing_deg": 119.2}, "geometry": {"type": "Polygon", "coordinates": [[[23.327535073417515, 42.67533410787685], [23.327558549078752, 42.67534373467285], [23.327590688582482, 42.675301370123144], [23.327567212921245, 42.67529174332714], [23.327535073417515, 42.67533410787685]]]}}, {"type": "Feature", "properties": {"id": 31337, "objectid": 42831.0, "park_txt": "Надлъжн", "zona": "Зелена зона", "mestopoloz": "ул. Галичица 33", "georef_201": "2020", "vid_txt_20": "Служебен", "zabelezhka": "-", "obekt": "-", "dogovor_sr": "-", "dogovor_nu": "-", "type": "-", "bezplatni_": "-", "podzona_nu": "-", "sf_rayon": "-", "bearing_deg": -5.0}, "geometry": {"type": "Polygon", "coordinates": [[[23.329950721702048, 42.672544146294044], [23.329948378260482, 42.67252445869425], [23.329882650297954, 42.67252868770597], [23.32988499373952, 42.672548375305766], [23.329950721702048, 42.672544146294044]]]}}]}