{"type": "FeatureCollection", "features": [{"type": "Feature", "properties": {"osm_id": 64714907, "kind": "building", "name": null, "building": "house", "landuse": null, "leisure": null, "natural": null, "height": null, "levels": "1", "min_levels": null}, "geometry": {"type": "Polygon", "coordinates": [[[23.3337592, 42.6783562], [23.3337341, 42.6784172], [23.3338613, 42.6784435], [23.3338864, 42.6783825], [23.3337592, 42.6783562]]]}}, {"type": "Feature", "properties": {"osm_id": 96382426, "kind": "building", "name": "Сграда В", "building": "university", "landuse": null, "leisure": null, "natural": null, "height": null, "levels": "4", "min_levels": null}, "geometry": {"type": "Polygon", "coordinates": [[[23.3290395, 42.6733764], [23.3293548, 42.6729135], [23.3295885, 42.6729996], [23.3295229, 42.6730959], [23.3293272, 42.6733832], [23.3292732, 42.6734624], [23.3290395, 42.6733764]]]}}, {"type": "Feature", "properties": {"osm_id": 96382428, "kind": "building", "name": "Факултет по химия и фармация", "building": "university", "landuse": null, "leisure": null, "natural": null, "height": null, "levels": null, "min_levels": null}, "geometry": {"type": "Polygon", "coordinates": [[[23.3316845, 42.6743601], [23.3318142, 42.6741642], [23.3319325, 42.6742065], [23.3320513, 42.6742491], [23.332032, 42.6742781], [23.33248, 42.6744417], [23.3324908, 42.6744282], [23.3325199, 42.6744387], [23.3326867, 42.6744985], [23.3327063, 42.6745056], [23.3326989, 42.6745193], [23.3331854, 42.6746926], [23.3332072, 42.6746605], [23.3332804, 42.674688], [23.3333064, 42.6746487], [23.3333312, 42.6746111], [23.3333788, 42.6745392], [23.3333257, 42.6745178], [23.3334008, 42.6744049], [23.3334409, 42.6743459], [23.3335112, 42.6742399], [23.3335225, 42.6742263], [23.3337332, 42.6743038], [23.3336866, 42.6743807], [23.3335421, 42.6745965], [23.3334981, 42.6745819], [23.3334519, 42.6746516], [23.3334258, 42.674691], [23.3333995, 42.6747306], [23.3334295, 42.6747426], [23.3332949, 42.6749294], [23.3330732, 42.6748565], [23.3330893, 42.6748351], [23.3326004, 42.6746652], [23.3325903, 42.6746802], [23.3324829, 42.6746414], [23.3323755, 42.6746026], [23.3323829, 42.6745854], [23.3319366, 42.6744223], [23.3319215, 42.6744449], [23.3318123, 42.6744058], [23.3316845, 42.6743601]]]}}, {"type": "Feature", "properties": {"osm_id": 96382432, "kind": "building", "name": "Факултет по математика и информатика", "building": "university", "landuse": null, "leisure": null, "natural": null, "height": null, "levels": "4", "min_levels": null}, "geometry": {"type": "Polygon", "coordinates": [[[23.3300138, 42.6742577], [23.330039, 42.6742203], [23.3300139, 42.6742113], [23.330025, 42.6741945], [23.3300088, 42.6741887], [23.3300705, 42.6740954], [23.3301121, 42.6741115], [23.3303899, 42.6742125], [23.3305471, 42.6742696], [23.3305521, 42.6742714], [23.3307182, 42.674331], [23.3309941, 42.6744313], [23.3310395, 42.6744508], [23.3309849, 42.6745314], [23.3309391, 42.6745146], [23.3308962, 42.6745795], [23.3307485, 42.6745267], [23.3307284, 42.6745195], [23.3305796, 42.6744664], [23.3305654, 42.6744878], [23.330546, 42.6744809], [23.3304348, 42.674441], [23.3303208, 42.6744001], [23.3303013, 42.6743931], [23.3303175, 42.6743681], [23.3301524, 42.6743081], [23.3300138, 42.6742577]]]}}, {"type": "Feature", "properties": {"osm_id": 96382435, "kind": "building", "name": null, "building": "school", "landuse": null, "leisure": null, "natural": null, "height": null, "levels": null, "min_levels": null}, "geometry": {"type": "Polygon", "coordinates": [[[23.3354661, 42.6752961], [23.335796, 42.6753127], [23.3357691, 42.6756023], [23.3356669, 42.6755971], [23.3356627, 42.6756426], [23.3357921, 42.6756491], [23.335789, 42.6756822], [23.3361222, 42.675699], [23.3361262, 42.6756561], [23.3362412, 42.6756619], [23.3362366, 42.675712], [23.3365469, 42.6757276], [23.3365491, 42.6757034], [23.3366953, 42.6757108], [23.3366888, 42.6757808], [23.3367268, 42.6757827], [23.3367313, 42.675734], [23.3368493, 42.6757399], [23.3368388, 42.6758531], [23.3366726, 42.6758448], [23.3366684, 42.6758906], [23.3365248, 42.6758834], [23.3365303, 42.6758241], [23.3362599, 42.6758105], [23.3362543, 42.6758711], [23.3360559, 42.6758611], [23.3360617, 42.6757994], [23.3357847, 42.6757855], [23.335779, 42.6758458], [23.3356403, 42.6758388], [23.3356458, 42.675779], [23.3354857, 42.675771], [23.3355167, 42.675438], [23.3354532, 42.6754348], [23.3354661, 42.6752961]]]}}, {"type": "Feature", "properties": {"osm_id": 96382441, "kind": "building", "name": "Св. Иван Рилски", "building": "church", "landuse": null, "leisure": null, "natural": null, "height": null, "levels": null, "min_levels": null}, "geometry": {"type": "Polygon", "coordinates": [[[23.3373796, 42.6760541], [23.3372942, 42.6760494], [23.3372967, 42.6760245], [23.3371647, 42.6760171], [23.3371617, 42.6760453], [23.3370762, 42.6760406], [23.337069, 42.6760906], [23.3370647, 42.6761523], [23.3371476, 42.6761568], [23.3371459, 42.6761735], [23.3372664, 42.6761801], [23.3372685, 42.6761593], [23.3373683, 42.6761648], [23.3373796, 42.6760541]]]}}, {"type": "Feature", "properties": {"osm_id": 157686291, "kind": "green", "name": "Резиденция \"Лозенец\"", "building": null, "landuse": null, "leisure": "garden", "natural": null, "height": null, "levels": null, "min_levels": null}, "geometry": {"type": "Polygon", "coordinates": [[[23.3280885, 42.6744111], [23.3270503, 42.675761], [23.3268694, 42.6760908], [23.3267319, 42.6764154], [23.326721, 42.6768118], [23.3268105, 42.6771983], [23.3268368, 42.6773119], [23.3252861, 42.6773747], [23.3253831, 42.6765718], [23.3253541, 42.674643], [23.3254538, 42.6737912], [23.3255128, 42.6736905], [23.3280885, 42.6744111]]]}}, {"type": "Feature", "properties": {"osm_id": 157686475, "kind": "green", "name": null, "building": null, "landuse": null, "leisure": "park", "natural": null, "height": null, "levels": null, "min_levels": null}, "geometry": {"type": "Polygon", "coordinates": [[[23.3256055, 42.6734904], [23.3257924, 42.6731363], [23.3259307, 42.6728821], [23.3260816, 42.6726646], [23.3263204, 42.6726486], [23.3263321, 42.672805], [23.3264213, 42.6728092], [23.3264185, 42.6729651], [23.3263353, 42.673321], [23.3262271, 42.673667], [23.3256055, 42.6734904]]]}}, {"type": "Feature", "properties": {"osm_id": 157727482, "kind": "green", "name": null, "building": null, "landuse": null, "leisure": "park", "natural": null, "height": null, "levels": null, "min_levels": null}, "geometry": {"type": "Polygon", "coordinates": [[[23.3341014, 42.675074], [23.3341038, 42.6750457], [23.3341136, 42.6748804], [23.3341104, 42.6748724], [23.3341022, 42.674865], [23.3340819, 42.674859], [23.3340116, 42.6748514], [23.33397, 42.6748492], [23.3339366, 42.6748529], [23.3339234, 42.6748641], [23.3339102, 42.6749393], [23.3339024, 42.6750369], [23.3339, 42.6750682], [23.3338666, 42.6754877], [23.3338525, 42.6755769], [23.3338489, 42.6755996], [23.3338404, 42.6756532], [23.3338099, 42.6759348], [23.3337788, 42.6760788], [23.3337781, 42.6760958], [23.3337769, 42.6761221], [23.3337879, 42.6761435], [23.3338099, 42.6761563], [23.33385, 42.6761658], [23.3338887, 42.6761847], [23.3339096, 42.6761595], [23.3339136, 42.6761548], [23.3339359, 42.676131], [23.3339469, 42.6761193], [23.3339594, 42.676106], [23.3339988, 42.6760015], [23.3340397, 42.6756135], [23.3340427, 42.6755854], [23.3341014, 42.675074]]]}}, {"type": "Feature", "properties": {"osm_id": 166212967, "kind": "building", "name": null, "building": "school", "landuse": null, "leisure": null, "natural": null, "height": null, "levels": "4", "min_levels": null}, "geometry": {"type": "Polygon", "coordinates": [[[23.32934, 42.6706305], [23.3295259, 42.6706188], [23.3301284, 42.670581], [23.330319, 42.670569], [23.3303144, 42.6705293], [23.3305402, 42.6705151], [23.3305286, 42.670415], [23.3302503, 42.6704326], [23.3302375, 42.6703233], [23.330472, 42.6703085], [23.3304577, 42.6701861], [23.3300277, 42.6702132], [23.330057, 42.6704643], [23.3294833, 42.6704954], [23.3293312, 42.6705058], [23.32934, 42.6706305]]]}}, {"type": "Feature", "properties": {"osm_id": 166213063, "kind": "building", "name": null, "building": "school", "landuse": null, "leisure": null, "natural": null, "height": null, "levels": "4", "min_levels": null}, "geometry": {"type": "Polygon", "coordinates": [[[23.328092, 42.6777647], [23.328354, 42.6777527], [23.328365, 42.6778797], [23.328639, 42.6778667], [23.328616, 42.6775947], [23.328563, 42.6775977], [23.328551, 42.6774527], [23.328076, 42.6774737], [23.328083, 42.6775657], [23.32802, 42.6775687], [23.32803, 42.6776787], [23.327439, 42.6777047], [23.327414, 42.6774047], [23.327639, 42.6773937], [23.327628, 42.6772527], [23.327264, 42.6772687], [23.327275, 42.6774077], [23.327213, 42.6774107], [23.327245, 42.6777857], [23.327332, 42.6777817], [23.327342, 42.6778937], [23.3281, 42.6778597], [23.328092, 42.6777647]]]}}, {"type": "Feature", "properties": {"osm_id": 166213119, "kind": "building", "name": "Резиденция \"Лозенец\"", "building": "government", "landuse": null, "leisure": null, "natural": null, "height": null, "levels": null, "min_levels": null}, "geometry": {"type": "Polygon", "coordinates": [[[23.3267808, 42.6756128], [23.3267958, 42.6754328], [23.3264718, 42.6754176], [23.3261368, 42.6754018], [23.3261218, 42.6755818], [23.3264489, 42.6755972], [23.3267808, 42.6756128]]]}}, {"type": "Feature", "properties": {"osm_id": 166213376, "kind": "building", "name": null, "building": "apartments", "landuse": null, "leisure": null, "natural": null, "height": null, "levels": "14", "min_levels": null}, "geometry": {"type": "Polygon", "coordinates": [[[23.3298193, 42.6779743], [23.3297271, 42.6782391], [23.329908, 42.6782731], [23.3300002, 42.6780084], [23.3298193, 42.6779743]]]}}, {"type": "Feature", "properties": {"osm_id": 166213867, "kind": "building", "name": "МВР", "building": "government", "landuse": null, "leisure": null, "natural": null, "height": null, "levels": null, "min_levels": null}, "geometry": {"type": "Polygon", "coordinates": [[[23.324735, 42.675803], [23.325124, 42.675799], [23.325102, 42.675407], [23.324748, 42.675411], [23.324749, 42.675438], [23.324649, 42.675439], [23.324652, 42.675577], [23.325054, 42.675573], [23.325056, 42.675685], [23.324733, 42.675689], [23.324735, 42.675803]]]}}, {"type": "Feature", "properties": {"osm_id": 166213899, "kind": "building", "name": null, "building": "apartments", "landuse": null, "leisure": null, "natural": null, "height": null, "levels": "7", "min_levels": null}, "geometry": {"type": "Polygon", "coordinates": [[[23.3247265, 42.6729629], [23.3246479, 42.6731281], [23.3250725, 42.6732373], [23.3250886, 42.6732034], [23.325391, 42.6732811], [23.3254168, 42.6732268], [23.3255924, 42.673272], [23.3256318, 42.6731892], [23.3252426, 42.6730891], [23.3252212, 42.6731342], [23.3249739, 42.6730706], [23.3249926, 42.6730314], [23.3247265, 42.6729629]]]}}, {"type": "Feature", "properties": {"osm_id": 166214176, "kind": "building", "name": "Вип авто сервиз", "building": "garages", "landuse": null, "leisure": null, "natural": null, "height": null, "levels": "1", "min_levels": null}, "geometry": {"type": "Polygon", "coordinates": [[[23.33608, 42.672938], [23.335989, 42.672996], [23.336154, 42.673137], [23.336245, 42.673079], [23.33608, 42.672938]]]}}, {"type": "Feature", "properties": {"osm_id": 166214180, "kind": "building", "name": null, "building": "apartments", "landuse": null, "leisure": null, "natural": null, "height": null, "levels": null, "min_levels": null}, "geometry": {"type": "Polygon", "coordinates": [[[23.3255016, 42.6714902], [23.3256283, 42.6714824], [23.3258442, 42.6714692], [23.3259625, 42.6714619], [23.325949, 42.6713428], [23.325488, 42.6713712], [23.3255016, 42.6714902]]]}}, {"type": "Feature", "properties": {"osm_id": 166214218, "kind": "building", "name": null, "building": "apartments", "landuse": null, "leisure": null, "natural": null, "height": null, "levels": "7", "min_levels": null}, "geometry": {"type": "Polygon", "coordinates": [[[23.3312478, 42.6701205], [23.3312629, 42.6702692], [23.3314587, 42.6702584], [23.3314435, 42.6701097], [23.3314253, 42.6701107], [23.3312478, 42.6701205]]]}}, {"type": "Feature", "properties": {"osm_id": 166214312, "kind": "building", "name": null, "building": "apartments", "landuse": null, "leisure": null, "natural": null, "height": null, "levels": null, "min_levels": null}, "geometry": {"type": "Polygon", "coordinates": [[[23.3338544, 42.6712853], [23.334058, 42.6711592], [23.333956, 42.6710702], [23.3337524, 42.6711962], [23.3338544, 42.6712853]]]}}, {"type": "Feature", "properties": {"osm_id": 166214382, "kind": "building", "name": null, "building": "apartments", "landuse": null, "leisure": null, "natural": null, "height": null, "levels": "5", "min_levels": null}, "geometry": {"type": "Polygon", "coordinates": [[[23.3246576, 42.6746428], [23.3245055, 42.674641], [23.3245021, 42.6748018], [23.3246542, 42.6748036], [23.3246576, 42.6746428]]]}}, {"type": "Feature", "properties": {"osm_id": 166214446, "kind": "building", "name": null, "building": "apartments", "landuse": null, "leisure": null, "natural": null, "height": null, "levels": null, "min_levels": null}, "geometry": {"type": "Polygon", "coordinates": [[[23.3246776, 42.6709696], [23.3246909, 42.6711064], [23.3247189, 42.6711049], [23.3248048, 42.6711004], [23.3247914, 42.6709635], [23.3246776, 42.6709696]]]}}, {"type": "Feature", "properties": {"osm_id": 166214482, "kind": "building", "name": null, "building": "apartments", "landuse": null, "leisure": null, "natural": null, "height": null, "levels": "6", "min_levels": null}, "geometry": {"type": "Polygon", "coordinates": [[[23.3258073, 42.6717468], [23.325827, 42.6719221], [23.3259394, 42.6719153], [23.3260518, 42.6719084], [23.3260321, 42.6717331], [23.3258073, 42.6717468]]]}}, {"type": "Feature", "properties": {"osm_id": 166214510, "kind": "building", "name": null, "building": "apartments", "landuse": null, "leisure": null, "natural": null, "height": null, "levels": null, "min_levels": null}, "geometry": {"type": "Polygon", "coordinates": [[[23.3271561, 42.6711468], [23.3271803, 42.671321], [23.3272634, 42.6713147], [23.3273464, 42.6713085], [23.3273222, 42.6711343], [23.3271561, 42.6711468]]]}}, {"type": "Feature", "properties": {"osm_id": 166214522, "kind": "building", "name": null, "building": "apartments", "landuse": null, "leisure": null, "natural": null, "height": null, "levels": null, "min_levels": null}, "geometry": {"type": "Polygon", "coordinates": [[[23.3253, 42.671402], [23.3253109, 42.6715361], [23.3254269, 42.671531], [23.3254161, 42.671397], [23.3253, 42.671402]]]}}, {"type": "Feature", "properties": {"osm_id": 166214527, "kind": "building", "name": null, "building": "apartments", "landuse": null, "leisure": null, "natural": null, "height": null, "levels": "5", "min_levels": null}, "geometry": {"type": "Polygon", "coordinates": [[[23.3267816, 42.670414], [23.326795, 42.6705425], [23.3274866, 42.6705037], [23.3274733, 42.6703752], [23.327354, 42.6703819], [23.3271275, 42.6703946], [23.3268953, 42.6704076], [23.3267816, 42.670414]]]}}, {"type": "Feature", "properties": {"osm_id": 166214531, "kind": "building", "name": null, "building": "apartments", "landuse": null, "leisure": null, "natural": null, "height": null, "levels": "4", "min_levels": null}, "geometry": {"type": "Polygon", "coordinates": [[[23.3319334, 42.6733233], [23.3319348, 42.6733964], [23.331937, 42.6735124], [23.3321357, 42.6735104], [23.3321322, 42.6733213], [23.3319334, 42.6733233]]]}}, {"type": "Feature", "properties": {"osm_id": 166214649, "kind": "building", "name": null, "building": "apartments", "landuse": null, "leisure": null, "natural": null, "height": null, "levels": "3", "min_levels": null}, "geometry": {"type": "Polygon", "coordinates": [[[23.3322868, 42.6768675], [23.332454, 42.6768932], [23.332492, 42.6767597], [23.3323249, 42.676734], [23.3322868, 42.6768675]]]}}, {"type": "Feature", "properties": {"osm_id": 166214683, "kind": "building", "name": null, "building": "apartments", "landuse": null, "leisure": null, "natural": null, "height": null, "levels": null, "min_levels": null}, "geometry": {"type": "Polygon", "coordinates": [[[23.3281576, 42.6723802], [23.3281651, 42.6725093], [23.3283851, 42.6725024], [23.3283776, 42.6723733], [23.3281576, 42.6723802]]]}}, {"type": "Feature", "properties": {"osm_id": 166214774, "kind": "building", "name": null, "building": "apartments", "landuse": null, "leisure": null, "natural": null, "height": null, "levels": "5", "min_levels": null}, "geometry": {"type": "Polygon", "coordinates": [[[23.3301293, 42.6709495], [23.3301332, 42.670983], [23.3301433, 42.6710695], [23.3302833, 42.6710604], [23.3305164, 42.6710451], [23.3306483, 42.6710365], [23.3306343, 42.6709175], [23.3301293, 42.6709495]]]}}, {"type": "Feature", "properties": {"osm_id": 166214816, "kind": "building", "name": null, "building": "ruins", "landuse": null, "leisure": null, "natural": null, "height": null, "levels": "1", "min_levels": null}, "geometry": {"type": "Polygon", "coordinates": [[[23.3319367, 42.674027], [23.3320527, 42.674067], [23.3323417, 42.673616], [23.3322257, 42.673576], [23.3319367, 42.674027]]]}}, {"type": "Feature", "properties": {"osm_id": 166214830, "kind": "building", "name": null, "building": "apartments", "landuse": null, "leisure": null, "natural": null, "height": null, "levels": "6", "min_levels": null}, "geometry": {"type": "Polygon", "coordinates": [[[23.326507, 42.671436], [23.3266386, 42.6714262], [23.3268972, 42.671407], [23.327031, 42.671397], [23.327014, 42.671273], [23.3268187, 42.6712871], [23.326489, 42.671311], [23.326507, 42.671436]]]}}, {"type": "Feature", "properties": {"osm_id": 166214855, "kind": "building", "name": null, "building": "apartments", "landuse": null, "leisure": null, "natural": null, "height": null, "levels": null, "min_levels": null}, "geometry": {"type": "Polygon", "coordinates": [[[23.3298427, 42.675216], [23.3299264, 42.6750744], [23.3297307, 42.6750119], [23.329647, 42.6751535], [23.3298427, 42.675216]]]}}, {"type": "Feature", "properties": {"osm_id": 166214913, "kind": "building", "name": null, "building": "detached", "landuse": null, "leisure": null, "natural": null, "height": null, "levels": null, "min_levels": null}, "geometry": {"type": "Polygon", "coordinates": [[[23.3305288, 42.6722973], [23.3303138, 42.672308], [23.3303225, 42.6724028], [23.3305375, 42.6723921], [23.3305288, 42.6722973]]]}}, {"type": "Feature", "properties": {"osm_id": 166214934, "kind": "building", "name": null, "building": "yes", "landuse": null, "leisure": null, "natural": null, "height": null, "levels": null, "min_levels": null}, "geometry": {"type": "Polygon", "coordinates": [[[23.336634, 42.674141], [23.336632, 42.674181], [23.336774, 42.674185], [23.336776, 42.674145], [23.336634, 42.674141]]]}}, {"type": "Feature", "properties": {"osm_id": 166215004, "kind": "building", "name": null, "building": "apartments", "landuse": null, "leisure": null, "natural": null, "height": null, "levels": "6", "min_levels": null}, "geometry": {"type": "Polygon", "coordinates": [[[23.3251752, 42.674997], [23.3249347, 42.674997], [23.3249347, 42.6751058], [23.3251753, 42.6751058], [23.3251752, 42.674997]]]}}, {"type": "Feature", "properties": {"osm_id": 166215022, "kind": "building", "name": null, "building": "apartments", "landuse": null, "leisure": null, "natural": null, "height": null, "levels": "5", "min_levels": null}, "geometry": {"type": "Polygon", "coordinates": [[[23.3293127, 42.6717356], [23.3294801, 42.6717217], [23.3294615, 42.671579], [23.3294541, 42.6715256], [23.3292836, 42.6715366], [23.3292981, 42.6716361], [23.3293127, 42.6717356]]]}}, {"type": "Feature", "properties": {"osm_id": 166215046, "kind": "building", "name": null, "building": "apartments", "landuse": null, "leisure": null, "natural": null, "height": null, "levels": null, "min_levels": null}, "geometry": {"type": "Polygon", "coordinates": [[[23.3289078, 42.6748322], [23.328841, 42.674946], [23.3289748, 42.6749898], [23.329043, 42.6748739], [23.3289078, 42.6748322]]]}}, {"type": "Feature", "properties": {"osm_id": 166215059, "kind": "building", "name": null, "building": "apartments", "landuse": null, "leisure": null, "natural": null, "height": null, "levels": "4", "min_levels": null}, "geometry": {"type": "Polygon", "coordinates": [[[23.3288423, 42.6711111], [23.3290773, 42.671097], [23.3290637, 42.6709751], [23.3288287, 42.6709892], [23.3288386, 42.6710782], [23.3288423, 42.6711111]]]}}, {"type": "Feature", "properties": {"osm_id": 166215110, "kind": "building", "name": null, "building": "apartments", "landuse": null, "leisure": null, "natural": null, "height": null, "levels": "4", "min_levels": null}, "geometry": {"type": "Polygon", "coordinates": [[[23.3236253, 42.6712079], [23.3237786, 42.6711994], [23.3237399, 42.6708186], [23.3235866, 42.670827], [23.323595, 42.67091], [23.3236156, 42.6711122], [23.3236253, 42.6712079]]]}}, {"type": "Feature", "properties": {"osm_id": 166215152, "kind": "building", "name": null, "building": "apartments", "landuse": null, "leisure": null, "natural": null, "height": null, "levels": null, "min_levels": null}, "geometry": {"type": "Polygon", "coordinates": [[[23.3337762, 42.6774896], [23.3336228, 42.6774419], [23.3337202, 42.6772677], [23.3338756, 42.6773109], [23.3338259, 42.6774003], [23.3337762, 42.6774896]]]}}, {"type": "Feature", "properties": {"osm_id": 166215189, "kind": "building", "name": null, "building": "apartments", "landuse": null, "leisure": null, "natural": null, "height": null, "levels": null, "min_levels": null}, "geometry": {"type": "Polygon", "coordinates": [[[23.3289874, 42.6754009], [23.3289374, 42.6755209], [23.3291184, 42.6755619], [23.3291684, 42.6754419], [23.3289874, 42.6754009]]]}}, {"type": "Feature", "properties": {"osm_id": 166215219, "kind": "building", "name": null, "building": "apartments", "landuse": null, "leisure": null, "natural": null, "height": null, "levels": "4", "min_levels": null}, "geometry": {"type": "Polygon", "coordinates": [[[23.3309605, 42.6717724], [23.3309739, 42.671856], [23.3310006, 42.6720233], [23.3310139, 42.6721069], [23.3311495, 42.6720951], [23.3310961, 42.6717606], [23.3309605, 42.6717724]]]}}, {"type": "Feature", "properties": {"osm_id": 166215222, "kind": "building", "name": null, "building": "apartments", "landuse": null, "leisure": null, "natural": null, "height": null, "levels": null, "min_levels": null}, "geometry": {"type": "Polygon", "coordinates": [[[23.3244877, 42.6758315], [23.3246138, 42.675831], [23.3246125, 42.6756561], [23.3244864, 42.6756566], [23.3244877, 42.6758315]]]}}, {"type": "Feature", "properties": {"osm_id": 166215233, "kind": "building", "name": null, "building": "apartments", "landuse": null, "leisure": null, "natural": null, "height": null, "levels": "3", "min_levels": null}, "geometry": {"type": "Polygon", "coordinates": [[[23.3234756, 42.6713794], [23.3234874, 42.6714885], [23.3236285, 42.6714803], [23.3237696, 42.6714721], [23.3237578, 42.671363], [23.3234756, 42.6713794]]]}}, {"type": "Feature", "properties": {"osm_id": 166215303, "kind": "building", "name": null, "building": "apartments", "landuse": null, "leisure": null, "natural": null, "height": null, "levels": null, "min_levels": null}, "geometry": {"type": "Polygon", "coordinates": [[[23.327889, 42.6762261], [23.3282986, 42.6764143], [23.3283959, 42.6762998], [23.3279862, 42.6761117], [23.327889, 42.6762261]]]}}, {"type": "Feature", "properties": {"osm_id": 166215320, "kind": "building", "name": null, "building": "apartments", "landuse": null, "leisure": null, "natural": null, "height": null, "levels": null, "min_levels": null}, "geometry": {"type": "Polygon", "coordinates": [[[23.3244564, 42.679873], [23.3245621, 42.6798153], [23.3246027, 42.6797912], [23.3246114, 42.6797262], [23.3244457, 42.6795754], [23.324412, 42.6795954], [23.3243073, 42.6795], [23.3242794, 42.6795166], [23.3241949, 42.6794397], [23.3241677, 42.6794558], [23.3240832, 42.6793702], [23.324026, 42.679404], [23.3239386, 42.6793237], [23.3236963, 42.6794665], [23.3237731, 42.6795369], [23.3239067, 42.6794581], [23.3239659, 42.6794232], [23.3240702, 42.6795189], [23.3242279, 42.6796635], [23.3243997, 42.679821], [23.3244564, 42.679873]]]}}, {"type": "Feature", "properties": {"osm_id": 166215349, "kind": "building", "name": null, "building": "apartments", "landuse": null, "leisure": null, "natural": null, "height": null, "levels": null, "min_levels": null}, "geometry": {"type": "Polygon", "coordinates": [[[23.3310186, 42.6759477], [23.3309654, 42.6760536], [23.3310621, 42.6760806], [23.3311168, 42.6759747], [23.3310186, 42.6759477]]]}}, {"type": "Feature", "properties": {"osm_id": 166215372, "kind": "building", "name": null, "building": "apartments", "landuse": null, "leisure": null, "natural": null, "height": null, "levels": "4", "min_levels": null}, "geometry": {"type": "Polygon", "coordinates": [[[23.3268788, 42.6720337], [23.3268878, 42.6721497], [23.3269751, 42.6721462], [23.3271562, 42.672139], [23.3272378, 42.6721357], [23.3272288, 42.6720197], [23.3268788, 42.6720337]]]}}, {"type": "Feature", "properties": {"osm_id": 166215392, "kind": "building", "name": null, "building": "apartments", "landuse": null, "leisure": null, "natural": null, "height": null, "levels": "8", "min_levels": null}, "geometry": {"type": "Polygon", "coordinates": [[[23.3327851, 42.6707912], [23.3329744, 42.6707336], [23.332796, 42.6704242], [23.3326067, 42.6704838], [23.332647, 42.670553], [23.3327417, 42.6707155], [23.3327851, 42.6707912]]]}}, {"type": "Feature", "properties": {"osm_id": 166215395, "kind": "building", "name": null, "building": "apartments", "landuse": null, "leisure": null, "natural": null, "height": null, "levels": "9", "min_levels": null}, "geometry": {"type": "Polygon", "coordinates": [[[23.3297505, 42.6715298], [23.3297716, 42.6716395], [23.3297801, 42.6716837], [23.3298577, 42.6716743], [23.3300903, 42.6716518], [23.3303935, 42.6716199], [23.3306309, 42.6715953], [23.3307193, 42.6715861], [23.3306897, 42.6714322], [23.3306226, 42.6714392], [23.3297505, 42.6715298]]]}}, {"type": "Feature", "properties": {"osm_id": 166215398, "kind": "building", "name": null, "building": "apartments", "landuse": null, "leisure": null, "natural": null, "height": null, "levels": null, "min_levels": null}, "geometry": {"type": "Polygon", "coordinates": [[[23.327255, 42.6761018], [23.3271141, 42.67636], [23.3272705, 42.6764061], [23.3274114, 42.6761479], [23.327255, 42.6761018]]]}}, {"type": "Feature", "properties": {"osm_id": 166215401, "kind": "building", "name": null, "building": "yes", "landuse": null, "leisure": null, "natural": null, "height": null, "levels": null, "min_levels": null}, "geometry": {"type": "Polygon", "coordinates": [[[23.336632, 42.674181], [23.336566, 42.674179], [23.336563, 42.674231], [23.336629, 42.674233], [23.336632, 42.674181]]]}}, {"type": "Feature", "properties": {"osm_id": 166215416, "kind": "building", "name": null, "building": "apartments", "landuse": null, "leisure": null, "natural": null, "height": null, "levels": "4", "min_levels": null}, "geometry": {"type": "Polygon", "coordinates": [[[23.330916, 42.6778183], [23.3316126, 42.6775815], [23.3315287, 42.6774482], [23.3308321, 42.677685], [23.330916, 42.6778183]]]}}, {"type": "Feature", "properties": {"osm_id": 166215419, "kind": "building", "name": null, "building": "apartments", "landuse": null, "leisure": null, "natural": null, "height": null, "levels": null, "min_levels": null}, "geometry": {"type": "Polygon", "coordinates": [[[23.331513, 42.6705021], [23.331524, 42.6706271], [23.3317206, 42.6706179], [23.331907, 42.6706091], [23.331896, 42.6704841], [23.331513, 42.6705021]]]}}, {"type": "Feature", "properties": {"osm_id": 166215437, "kind": "building", "name": null, "building": "apartments", "landuse": null, "leisure": null, "natural": null, "height": null, "levels": null, "min_levels": null}, "geometry": {"type": "Polygon", "coordinates": [[[23.3278293, 42.6754419], [23.3276403, 42.6753809], [23.3275833, 42.6754759], [23.3277723, 42.6755369], [23.3278293, 42.6754419]]]}}, {"type": "Feature", "properties": {"osm_id": 166215474, "kind": "building", "name": null, "building": "apartments", "landuse": null, "leisure": null, "natural": null, "height": null, "levels": "5", "min_levels": null}, "geometry": {"type": "Polygon", "coordinates": [[[23.3333877, 42.6721899], [23.3335701, 42.6721529], [23.3334876, 42.671933], [23.3333052, 42.67197], [23.3333877, 42.6721899]]]}}, {"type": "Feature", "properties": {"osm_id": 166215516, "kind": "building", "name": null, "building": "apartments", "landuse": null, "leisure": null, "natural": null, "height": null, "levels": "5", "min_levels": null}, "geometry": {"type": "Polygon", "coordinates": [[[23.3273114, 42.6720239], [23.3273214, 42.6721509], [23.3274814, 42.6721439], [23.3274714, 42.6720169], [23.3273114, 42.6720239]]]}}, {"type": "Feature", "properties": {"osm_id": 166215562, "kind": "building", "name": null, "building": "apartments", "landuse": null, "leisure": null, "natural": null, "height": null, "levels": null, "min_levels": null}, "geometry": {"type": "Polygon", "coordinates": [[[23.3340103, 42.6724213], [23.3342215, 42.672384], [23.3341934, 42.672298], [23.3339822, 42.6723354], [23.3340103, 42.6724213]]]}}, {"type": "Feature", "properties": {"osm_id": 166215575, "kind": "building", "name": null, "building": "apartments", "landuse": null, "leisure": null, "natural": null, "height": null, "levels": "5", "min_levels": null}, "geometry": {"type": "Polygon", "coordinates": [[[23.3292376, 42.6695064], [23.3289702, 42.669522], [23.3289768, 42.6696022], [23.3289833, 42.6696823], [23.3290425, 42.6697546], [23.3291281, 42.6697497], [23.3291457, 42.6696766], [23.3291451, 42.6696435], [23.3292518, 42.6696372], [23.3292376, 42.6695064]]]}}, {"type": "Feature", "properties": {"osm_id": 166215624, "kind": "building", "name": null, "building": "apartments", "landuse": null, "leisure": null, "natural": null, "height": null, "levels": null, "min_levels": null}, "geometry": {"type": "Polygon", "coordinates": [[[23.3319538, 42.673079], [23.331956, 42.6731671], [23.3321399, 42.6731646], [23.3321377, 42.6730765], [23.3319538, 42.673079]]]}}, {"type": "Feature", "properties": {"osm_id": 166215629, "kind": "building", "name": null, "building": "apartments", "landuse": null, "leisure": null, "natural": null, "height": null, "levels": null, "min_levels": null}, "geometry": {"type": "Polygon", "coordinates": [[[23.3251574, 42.6714224], [23.3250455, 42.6714294], [23.3250598, 42.6715533], [23.3251718, 42.6715463], [23.3251574, 42.6714224]]]}}, {"type": "Feature", "properties": {"osm_id": 166215649, "kind": "building", "name": null, "building": "apartments", "landuse": null, "leisure": null, "natural": null, "height": null, "levels": "4", "min_levels": null}, "geometry": {"type": "Polygon", "coordinates": [[[23.3277585, 42.6703559], [23.3277718, 42.6704844], [23.3279242, 42.6704758], [23.3281451, 42.6704635], [23.3283987, 42.6704492], [23.3285183, 42.6704425], [23.328505, 42.670314], [23.3277585, 42.6703559]]]}}, {"type": "Feature", "properties": {"osm_id": 166215670, "kind": "building", "name": null, "building": "apartments", "landuse": null, "leisure": null, "natural": null, "height": null, "levels": null, "min_levels": null}, "geometry": {"type": "Polygon", "coordinates": [[[23.3307547, 42.6707161], [23.3309012, 42.6707062], [23.3309991, 42.6706986], [23.3309811, 42.6705534], [23.3307362, 42.6705688], [23.3307547, 42.6707161]]]}}, {"type": "Feature", "properties": {"osm_id": 166215717, "kind": "building", "name": null, "building": "apartments", "landuse": null, "leisure": null, "natural": null, "height": null, "levels": "6", "min_levels": null}, "geometry": {"type": "Polygon", "coordinates": [[[23.3320691, 42.6770525], [23.3315863, 42.6772102], [23.331542, 42.6771368], [23.3315565, 42.6771321], [23.3315136, 42.677061], [23.3317794, 42.6769742], [23.3317971, 42.6770035], [23.3318428, 42.6769886], [23.3318562, 42.6769311], [23.3320906, 42.6769608], [23.3320691, 42.6770525]]]}}, {"type": "Feature", "properties": {"osm_id": 166215730, "kind": "building", "name": null, "building": "apartments", "landuse": null, "leisure": null, "natural": null, "height": null, "levels": null, "min_levels": null}, "geometry": {"type": "Polygon", "coordinates": [[[23.3305918, 42.6788258], [23.3308147, 42.6788686], [23.3308544, 42.6787539], [23.3306305, 42.6787134], [23.3305918, 42.6788258]]]}}, {"type": "Feature", "properties": {"osm_id": 166215735, "kind": "building", "name": null, "building": "apartments", "landuse": null, "leisure": null, "natural": null, "height": null, "levels": "2", "min_levels": null}, "geometry": {"type": "Polygon", "coordinates": [[[23.3248256, 42.6760203], [23.324831, 42.6760865], [23.3251145, 42.6760738], [23.3251091, 42.6760077], [23.3248256, 42.6760203]]]}}, {"type": "Feature", "properties": {"osm_id": 166215782, "kind": "building", "name": null, "building": "apartments", "landuse": null, "leisure": null, "natural": null, "height": null, "levels": null, "min_levels": null}, "geometry": {"type": "Polygon", "coordinates": [[[23.327048, 42.6726666], [23.3270548, 42.6727919], [23.327162, 42.6727887], [23.3273691, 42.6727826], [23.3274718, 42.6727795], [23.3274649, 42.6726542], [23.327048, 42.6726666]]]}}, {"type": "Feature", "properties": {"osm_id": 166215829, "kind": "building", "name": null, "building": "commercial", "landuse": null, "leisure": null, "natural": null, "height": null, "levels": "2", "min_levels": null}, "geometry": {"type": "Polygon", "coordinates": [[[23.3346023, 42.6739896], [23.3346096, 42.6739813], [23.3346519, 42.6739329], [23.3346718, 42.6739101], [23.3344979, 42.6738198], [23.3344285, 42.6738938], [23.3346023, 42.6739896]]]}}, {"type": "Feature", "properties": {"osm_id": 166215869, "kind": "building", "name": null, "building": "apartments", "landuse": null, "leisure": null, "natural": null, "height": null, "levels": null, "min_levels": null}, "geometry": {"type": "Polygon", "coordinates": [[[23.3248393, 42.6706435], [23.3248493, 42.6707565], [23.3249642, 42.6707508], [23.3252282, 42.6707376], [23.3253526, 42.6707314], [23.3253426, 42.6706184], [23.3248393, 42.6706435]]]}}, {"type": "Feature", "properties": {"osm_id": 166215874, "kind": "building", "name": null, "building": "apartments", "landuse": null, "leisure": null, "natural": null, "height": null, "levels": "4", "min_levels": null}, "geometry": {"type": "Polygon", "coordinates": [[[23.3258657, 42.6708625], [23.3260408, 42.6708524], [23.3260307, 42.6707575], [23.3260205, 42.6706626], [23.3258454, 42.6706727], [23.3258657, 42.6708625]]]}}, {"type": "Feature", "properties": {"osm_id": 166215881, "kind": "building", "name": null, "building": "apartments", "landuse": null, "leisure": null, "natural": null, "height": null, "levels": "5", "min_levels": null}, "geometry": {"type": "Polygon", "coordinates": [[[23.3284389, 42.6718111], [23.3286214, 42.6717991], [23.3288039, 42.6717871], [23.3287899, 42.6716701], [23.3284249, 42.6716941], [23.3284389, 42.6718111]]]}}, {"type": "Feature", "properties": {"osm_id": 166215888, "kind": "building", "name": null, "building": "service", "landuse": null, "leisure": null, "natural": null, "height": null, "levels": null, "min_levels": null}, "geometry": {"type": "Polygon", "coordinates": [[[23.3312962, 42.6744663], [23.331436, 42.674516], [23.3314997, 42.6744191], [23.3315574, 42.6743313], [23.3314176, 42.6742816], [23.3312962, 42.6744663]]]}}, {"type": "Feature", "properties": {"osm_id": 166215904, "kind": "building", "name": null, "building": "apartments", "landuse": null, "leisure": null, "natural": null, "height": null, "levels": null, "min_levels": null}, "geometry": {"type": "Polygon", "coordinates": [[[23.3278653, 42.6733386], [23.3278036, 42.6734441], [23.3279465, 42.6734889], [23.3281553, 42.6735545], [23.3283117, 42.6736036], [23.3283723, 42.6734982], [23.3278653, 42.6733386]]]}}, {"type": "Feature", "properties": {"osm_id": 166215946, "kind": "building", "name": null, "building": "apartments", "landuse": null, "leisure": null, "natural": null, "height": null, "levels": "5", "min_levels": null}, "geometry": {"type": "Polygon", "coordinates": [[[23.3272717, 42.6717448], [23.3274996, 42.6717349], [23.3276041, 42.6717304], [23.3275907, 42.6715641], [23.3272584, 42.6715785], [23.3272717, 42.6717448]]]}}, {"type": "Feature", "properties": {"osm_id": 166215985, "kind": "building", "name": null, "building": "apartments", "landuse": null, "leisure": null, "natural": null, "height": null, "levels": null, "min_levels": null}, "geometry": {"type": "Polygon", "coordinates": [[[23.3297305, 42.6757622], [23.3298775, 42.6757962], [23.3299705, 42.6755772], [23.3298235, 42.6755432], [23.3297305, 42.6757622]]]}}, {"type": "Feature", "properties": {"osm_id": 166216034, "kind": "building", "name": null, "building": "apartments", "landuse": null, "leisure": null, "natural": null, "height": null, "levels": "4", "min_levels": null}, "geometry": {"type": "Polygon", "coordinates": [[[23.3289592, 42.6717282], [23.3289979, 42.6717245], [23.3291298, 42.6717119], [23.3291164, 42.6716361], [23.3290908, 42.6716385], [23.3289458, 42.6716524], [23.3289592, 42.6717282]]]}}, {"type": "Feature", "properties": {"osm_id": 166216041, "kind": "building", "name": null, "building": "yes", "landuse": null, "leisure": null, "natural": null, "height": null, "levels": null, "min_levels": null}, "geometry": {"type": "Polygon", "coordinates": [[[23.33684, 42.674187], [23.336774, 42.674185], [23.336771, 42.674237], [23.336837, 42.674239], [23.33684, 42.674187]]]}}, {"type": "Feature", "properties": {"osm_id": 166216084, "kind": "building", "name": null, "building": "apartments", "landuse": null, "leisure": null, "natural": null, "height": null, "levels": "7", "min_levels": null}, "geometry": {"type": "Polygon", "coordinates": [[[23.3289255, 42.6712063], [23.3289551, 42.6714005], [23.329067, 42.6713913], [23.329275, 42.6713741], [23.3293897, 42.6713646], [23.32936, 42.6711705], [23.3289255, 42.6712063]]]}}, {"type": "Feature", "properties": {"osm_id": 166216149, "kind": "building", "name": null, "building": "semidetached_house", "landuse": null, "leisure": null, "natural": null, "height": null, "levels": null, "min_levels": null}, "geometry": {"type": "Polygon", "coordinates": [[[23.3285404, 42.6756297], [23.3284922, 42.6757284], [23.3286022, 42.6757561], [23.3286488, 42.6756589], [23.3285404, 42.6756297]]]}}, {"type": "Feature", "properties": {"osm_id": 166216180, "kind": "building", "name": null, "building": "apartments", "landuse": null, "leisure": null, "natural": null, "height": null, "levels": null, "min_levels": null}, "geometry": {"type": "Polygon", "coordinates": [[[23.324595, 42.6724507], [23.3245991, 42.6725816], [23.324757, 42.6725789], [23.3249127, 42.6725762], [23.3249085, 42.6724453], [23.324595, 42.6724507]]]}}, {"type": "Feature", "properties": {"osm_id": 166216213, "kind": "building", "name": null, "building": "apartments", "landuse": null, "leisure": null, "natural": null, "height": null, "levels": null, "min_levels": null}, "geometry": {"type": "Polygon", "coordinates": [[[23.3240883, 42.6725818], [23.3242623, 42.6725779], [23.3242553, 42.6724102], [23.3240813, 42.6724141], [23.3240848, 42.6724973], [23.3240883, 42.6725818]]]}}, {"type": "Feature", "properties": {"osm_id": 166216224, "kind": "building", "name": null, "building": "apartments", "landuse": null, "leisure": null, "natural": null, "height": null, "levels": null, "min_levels": null}, "geometry": {"type": "Polygon", "coordinates": [[[23.3318497, 42.6724407], [23.3318879, 42.6727613], [23.3321355, 42.6727454], [23.3321174, 42.6725929], [23.3324448, 42.6725719], [23.3324248, 42.6724038], [23.3323346, 42.6724096], [23.3322555, 42.6724147], [23.3318497, 42.6724407]]]}}, {"type": "Feature", "properties": {"osm_id": 166216237, "kind": "building", "name": null, "building": "apartments", "landuse": null, "leisure": null, "natural": null, "height": null, "levels": "4", "min_levels": null}, "geometry": {"type": "Polygon", "coordinates": [[[23.3322161, 42.671658], [23.3317558, 42.6716936], [23.3317718, 42.6718041], [23.331897, 42.6717943], [23.3321209, 42.6717768], [23.3322318, 42.6717681], [23.3322161, 42.671658]]]}}, {"type": "Feature", "properties": {"osm_id": 166216244, "kind": "building", "name": null, "building": "apartments", "landuse": null, "leisure": null, "natural": null, "height": null, "levels": null, "min_levels": null}, "geometry": {"type": "Polygon", "coordinates": [[[23.3292316, 42.6754873], [23.3291854, 42.6755826], [23.3294013, 42.6756377], [23.329446, 42.6755444], [23.3292316, 42.6754873]]]}}, {"type": "Feature", "properties": {"osm_id": 166216348, "kind": "building", "name": null, "building": "apartments", "landuse": null, "leisure": null, "natural": null, "height": null, "levels": null, "min_levels": null}, "geometry": {"type": "Polygon", "coordinates": [[[23.3241918, 42.6758392], [23.3243979, 42.6758392], [23.3243979, 42.6757134], [23.3241917, 42.6757134], [23.3241918, 42.6758392]]]}}, {"type": "Feature", "properties": {"osm_id": 166216382, "kind": "building", "name": null, "building": "commercial", "landuse": null, "leisure": null, "natural": null, "height": null, "levels": "1", "min_levels": null}, "geometry": {"type": "Polygon", "coordinates": [[[23.328858, 42.6732883], [23.328974, 42.6733343], [23.329057, 42.6732203], [23.328941, 42.6731743], [23.328858, 42.6732883]]]}}, {"type": "Feature", "properties": {"osm_id": 166216390, "kind": "building", "name": null, "building": "apartments", "landuse": null, "leisure": null, "natural": null, "height": null, "levels": "4", "min_levels": null}, "geometry": {"type": "Polygon", "coordinates": [[[23.3288069, 42.6708756], [23.3289712, 42.6708661], [23.3289538, 42.6707035], [23.3287895, 42.670713], [23.3287988, 42.6707997], [23.3288069, 42.6708756]]]}}, {"type": "Feature", "properties": {"osm_id": 166216405, "kind": "building", "name": null, "building": "apartments", "landuse": null, "leisure": null, "natural": null, "height": null, "levels": null, "min_levels": null}, "geometry": {"type": "Polygon", "coordinates": [[[23.3322584, 42.6759983], [23.3322085, 42.6760865], [23.3321892, 42.6761184], [23.3323405, 42.6761655], [23.3324096, 42.6760453], [23.3322584, 42.6759983]]]}}, {"type": "Feature", "properties": {"osm_id": 166216412, "kind": "building", "name": null, "building": "apartments", "landuse": null, "leisure": null, "natural": null, "height": null, "levels": "4", "min_levels": null}, "geometry": {"type": "Polygon", "coordinates": [[[23.327863, 42.6720296], [23.327873, 42.6721586], [23.327969, 42.6721546], [23.328065, 42.6721506], [23.328055, 42.6720226], [23.327863, 42.6720296]]]}}, {"type": "Feature", "properties": {"osm_id": 166216478, "kind": "building", "name": null, "building": "apartments", "landuse": null, "leisure": null, "natural": null, "height": null, "levels": "6", "min_levels": null}, "geometry": {"type": "Polygon", "coordinates": [[[23.3265513, 42.670233], [23.3266389, 42.6702284], [23.3267265, 42.6702238], [23.3267167, 42.6701228], [23.3265415, 42.670132], [23.3265513, 42.670233]]]}}, {"type": "Feature", "properties": {"osm_id": 166216518, "kind": "building", "name": null, "building": "apartments", "landuse": null, "leisure": null, "natural": null, "height": null, "levels": null, "min_levels": null}, "geometry": {"type": "Polygon", "coordinates": [[[23.3279742, 42.6757863], [23.3278863, 42.6759018], [23.3280496, 42.675969], [23.3280542, 42.6759546], [23.3281375, 42.6758535], [23.3279742, 42.6757863]]]}}, {"type": "Feature", "properties": {"osm_id": 166216538, "kind": "building", "name": null, "building": "apartments", "landuse": null, "leisure": null, "natural": null, "height": null, "levels": null, "min_levels": null}, "geometry": {"type": "Polygon", "coordinates": [[[23.3278162, 42.6751993], [23.3279542, 42.6752423], [23.3280732, 42.6750363], [23.3279352, 42.6749933], [23.3278162, 42.6751993]]]}}, {"type": "Feature", "properties": {"osm_id": 166216553, "kind": "building", "name": null, "building": "apartments", "landuse": null, "leisure": null, "natural": null, "height": null, "levels": "4", "min_levels": null}, "geometry": {"type": "Polygon", "coordinates": [[[23.3275818, 42.6720042], [23.3275928, 42.6721452], [23.3277738, 42.6721382], [23.3277628, 42.6719972], [23.3276723, 42.6720007], [23.3275818, 42.6720042]]]}}, {"type": "Feature", "properties": {"osm_id": 166216557, "kind": "building", "name": null, "building": "apartments", "landuse": null, "leisure": null, "natural": null, "height": null, "levels": null, "min_levels": null}, "geometry": {"type": "Polygon", "coordinates": [[[23.3239837, 42.6751427], [23.3241427, 42.6751528], [23.3241555, 42.6750433], [23.3239966, 42.6750332], [23.3239837, 42.6751427]]]}}, {"type": "Feature", "properties": {"osm_id": 166216576, "kind": "building", "name": null, "building": "apartments", "landuse": null, "leisure": null, "natural": null, "height": null, "levels": null, "min_levels": null}, "geometry": {"type": "Polygon", "coordinates": [[[23.3342095, 42.6730175], [23.3344124, 42.672979], [23.3343486, 42.6727974], [23.3341458, 42.6728359], [23.3342095, 42.6730175]]]}}, {"type": "Feature", "properties": {"osm_id": 166216681, "kind": "building", "name": null, "building": "apartments", "landuse": null, "leisure": null, "natural": null, "height": null, "levels": null, "min_levels": null}, "geometry": {"type": "Polygon", "coordinates": [[[23.3319404, 42.6781756], [23.3318045, 42.6781563], [23.3317688, 42.678292], [23.3318938, 42.6783098], [23.3320733, 42.6783741], [23.3320162, 42.6784603], [23.332182, 42.6785197], [23.33232, 42.6783117], [23.3319404, 42.6781756]]]}}, {"type": "Feature", "properties": {"osm_id": 166216683, "kind": "building", "name": null, "building": "apartments", "landuse": null, "leisure": null, "natural": null, "height": null, "levels": null, "min_levels": null}, "geometry": {"type": "Polygon", "coordinates": [[[23.3303635, 42.6759052], [23.3305636, 42.6759619], [23.3306164, 42.6758612], [23.3304163, 42.6758045], [23.3303984, 42.6758385], [23.3303635, 42.6759052]]]}}, {"type": "Feature", "properties": {"osm_id": 166216686, "kind": "building", "name": null, "building": "apartments", "landuse": null, "leisure": null, "natural": null, "height": null, "levels": null, "min_levels": null}, "geometry": {"type": "Polygon", "coordinates": [[[23.3248429, 42.6713201], [23.3246931, 42.6713293], [23.3247103, 42.6714807], [23.3248236, 42.6714737], [23.3248601, 42.6714715], [23.3248429, 42.6713201]]]}}, {"type": "Feature", "properties": {"osm_id": 166216698, "kind": "building", "name": null, "building": "apartments", "landuse": null, "leisure": null, "natural": null, "height": null, "levels": "5", "min_levels": null}, "geometry": {"type": "Polygon", "coordinates": [[[23.3331992, 42.6703906], [23.3330684, 42.6704691], [23.3333614, 42.6707329], [23.3334922, 42.6706544], [23.3331992, 42.6703906]]]}}, {"type": "Feature", "properties": {"osm_id": 166216709, "kind": "building", "name": null, "building": "apartments", "landuse": null, "leisure": null, "natural": null, "height": null, "levels": null, "min_levels": null}, "geometry": {"type": "Polygon", "coordinates": [[[23.3273176, 42.6758277], [23.3272265, 42.67594], [23.3274731, 42.676048], [23.3275642, 42.6759356], [23.3273176, 42.6758277]]]}}, {"type": "Feature", "properties": {"osm_id": 166216717, "kind": "building", "name": null, "building": "apartments", "landuse": null, "leisure": null, "natural": null, "height": null, "levels": null, "min_levels": null}, "geometry": {"type": "Polygon", "coordinates": [[[23.3265629, 42.6710253], [23.3266813, 42.6710179], [23.3269215, 42.671003], [23.3270245, 42.6709966], [23.3270108, 42.6708779], [23.3265492, 42.6709066], [23.3265629, 42.6710253]]]}}, {"type": "Feature", "properties": {"osm_id": 166216720, "kind": "building", "name": null, "building": "apartments", "landuse": null, "leisure": null, "natural": null, "height": null, "levels": null, "min_levels": null}, "geometry": {"type": "Polygon", "coordinates": [[[23.3340853, 42.6726804], [23.3342963, 42.6726452], [23.3342876, 42.6726169], [23.3342633, 42.6725385], [23.3342383, 42.6724575], [23.3340273, 42.6724927], [23.3340853, 42.6726804]]]}}, {"type": "Feature", "properties": {"osm_id": 166216726, "kind": "building", "name": null, "building": "apartments", "landuse": null, "leisure": null, "natural": null, "height": null, "levels": "5", "min_levels": null}, "geometry": {"type": "Polygon", "coordinates": [[[23.3306439, 42.6701493], [23.3306672, 42.670314], [23.33089, 42.670297], [23.3308667, 42.6701323], [23.3307553, 42.6701408], [23.3306439, 42.6701493]]]}}, {"type": "Feature", "properties": {"osm_id": 166216729, "kind": "building", "name": null, "building": "apartments", "landuse": null, "leisure": null, "natural": null, "height": null, "levels": null, "min_levels": null}, "geometry": {"type": "Polygon", "coordinates": [[[23.3234778, 42.6752775], [23.3234672, 42.6754156], [23.3237458, 42.6754272], [23.3237564, 42.675289], [23.3234778, 42.6752775]]]}}, {"type": "Feature", "properties": {"osm_id": 166216739, "kind": "building", "name": null, "building": "apartments", "landuse": null, "leisure": null, "natural": null, "height": null, "levels": null, "min_levels": null}, "geometry": {"type": "Polygon", "coordinates": [[[23.332559, 42.6703985], [23.3327229, 42.6703436], [23.3326588, 42.6702401], [23.3324949, 42.6702949], [23.332559, 42.6703985]]]}}, {"type": "Feature", "properties": {"osm_id": 166216742, "kind": "building", "name": null, "building": "apartments", "landuse": null, "leisure": null, "natural": null, "height": null, "levels": "7", "min_levels": null}, "geometry": {"type": "Polygon", "coordinates": [[[23.3254594, 42.6700899], [23.3254817, 42.6702791], [23.325509, 42.6702774], [23.32565, 42.6702684], [23.3259577, 42.6702487], [23.3259354, 42.6700595], [23.3254594, 42.6700899]]]}}, {"type": "Feature", "properties": {"osm_id": 166216748, "kind": "building", "name": null, "building": "apartments", "landuse": null, "leisure": null, "natural": null, "height": null, "levels": null, "min_levels": null}, "geometry": {"type": "Polygon", "coordinates": [[[23.3270942, 42.6729021], [23.3270572, 42.6730021], [23.3275352, 42.6730981], [23.3275722, 42.6729981], [23.3270942, 42.6729021]]]}}, {"type": "Feature", "properties": {"osm_id": 166216761, "kind": "building", "name": null, "building": "apartments", "landuse": null, "leisure": null, "natural": null, "height": null, "levels": "4", "min_levels": null}, "geometry": {"type": "Polygon", "coordinates": [[[23.3239795, 42.6746316], [23.3239752, 42.6747363], [23.3243337, 42.6747443], [23.324338, 42.6746396], [23.3242484, 42.6746376], [23.3240691, 42.6746336], [23.3239795, 42.6746316]]]}}, {"type": "Feature", "properties": {"osm_id": 166216762, "kind": "building", "name": null, "building": "apartments", "landuse": null, "leisure": null, "natural": null, "height": null, "levels": "5", "min_levels": null}, "geometry": {"type": "Polygon", "coordinates": [[[23.329242, 42.6710048], [23.3292556, 42.6711208], [23.3293836, 42.6711127], [23.3296381, 42.6710965], [23.3299015, 42.6710798], [23.3300206, 42.6710722], [23.3300114, 42.6709941], [23.330007, 42.6709563], [23.329242, 42.6710048]]]}}, {"type": "Feature", "properties": {"osm_id": 166216765, "kind": "building", "name": null, "building": "apartments", "landuse": null, "leisure": null, "natural": null, "height": null, "levels": "5", "min_levels": null}, "geometry": {"type": "Polygon", "coordinates": [[[23.3345522, 42.6731446], [23.3347753, 42.6732614], [23.3348668, 42.6731649], [23.3346397, 42.6730502], [23.3345522, 42.6731446]]]}}, {"type": "Feature", "properties": {"osm_id": 166216773, "kind": "building", "name": null, "building": "apartments", "landuse": null, "leisure": null, "natural": null, "height": null, "levels": "3", "min_levels": null}, "geometry": {"type": "Polygon", "coordinates": [[[23.3239257, 42.6710456], [23.3239432, 42.6711679], [23.3240072, 42.671163], [23.3241764, 42.6711499], [23.3242631, 42.6711432], [23.3242456, 42.6710209], [23.3239257, 42.6710456]]]}}, {"type": "Feature", "properties": {"osm_id": 166216792, "kind": "building", "name": null, "building": "apartments", "landuse": null, "leisure": null, "natural": null, "height": null, "levels": "6", "min_levels": null}, "geometry": {"type": "Polygon", "coordinates": [[[23.3284146, 42.6708489], [23.3285714, 42.6708356], [23.3285222, 42.6705224], [23.3283654, 42.6705357], [23.3283792, 42.6706234], [23.3284018, 42.6707673], [23.3284146, 42.6708489]]]}}, {"type": "Feature", "properties": {"osm_id": 166216805, "kind": "building", "name": null, "building": "apartments", "landuse": null, "leisure": null, "natural": null, "height": null, "levels": "6", "min_levels": null}, "geometry": {"type": "Polygon", "coordinates": [[[23.3235077, 42.6781498], [23.3236608, 42.6781432], [23.3238272, 42.6781361], [23.3239267, 42.6781318], [23.3239157, 42.6779958], [23.3234967, 42.6780138], [23.3235077, 42.6781498]]]}}, {"type": "Feature", "properties": {"osm_id": 166216809, "kind": "building", "name": null, "building": "apartments", "landuse": null, "leisure": null, "natural": null, "height": null, "levels": "4", "min_levels": null}, "geometry": {"type": "Polygon", "coordinates": [[[23.326556, 42.6715423], [23.3265667, 42.6716444], [23.3268403, 42.671629], [23.3268296, 42.6715268], [23.326556, 42.6715423]]]}}, {"type": "Feature", "properties": {"osm_id": 166216824, "kind": "building", "name": null, "building": "apartments", "landuse": null, "leisure": null, "natural": null, "height": null, "levels": "4", "min_levels": null}, "geometry": {"type": "Polygon", "coordinates": [[[23.3284266, 42.671969], [23.3284378, 42.6720831], [23.3286131, 42.6720739], [23.3287883, 42.6720646], [23.3287771, 42.6719505], [23.3284266, 42.671969]]]}}, {"type": "Feature", "properties": {"osm_id": 166216827, "kind": "building", "name": null, "building": "apartments", "landuse": null, "leisure": null, "natural": null, "height": null, "levels": null, "min_levels": null}, "geometry": {"type": "Polygon", "coordinates": [[[23.3238095, 42.676488], [23.324129, 42.6764809], [23.3241251, 42.6763657], [23.3238047, 42.6763728], [23.3238095, 42.676488]]]}}, {"type": "Feature", "properties": {"osm_id": 166216847, "kind": "building", "name": null, "building": "apartments", "landuse": null, "leisure": null, "natural": null, "height": null, "levels": null, "min_levels": null}, "geometry": {"type": "Polygon", "coordinates": [[[23.3319796, 42.6768332], [23.3320791, 42.6768469], [23.3320836, 42.6768292], [23.3321498, 42.6768382], [23.3321757, 42.6767359], [23.3320358, 42.6767167], [23.3320217, 42.6767724], [23.3319959, 42.6767689], [23.3319796, 42.6768332]]]}}, {"type": "Feature", "properties": {"osm_id": 166216854, "kind": "building", "name": null, "building": "yes", "landuse": null, "leisure": null, "natural": null, "height": null, "levels": null, "min_levels": null}, "geometry": {"type": "Polygon", "coordinates": [[[23.336768, 42.673979], [23.336744, 42.674027], [23.336885, 42.674064], [23.336908, 42.674016], [23.336768, 42.673979]]]}}, {"type": "Feature", "properties": {"osm_id": 166216870, "kind": "building", "name": null, "building": "apartments", "landuse": null, "leisure": null, "natural": null, "height": null, "levels": null, "min_levels": null}, "geometry": {"type": "Polygon", "coordinates": [[[23.3277593, 42.6723941], [23.3277683, 42.6725131], [23.3280573, 42.6725021], [23.3280483, 42.6723831], [23.3277593, 42.6723941]]]}}, {"type": "Feature", "properties": {"osm_id": 166216890, "kind": "building", "name": null, "building": "university", "landuse": null, "leisure": null, "natural": null, "height": null, "levels": null, "min_levels": null}, "geometry": {"type": "Polygon", "coordinates": [[[23.33278, 42.672892], [23.332898, 42.672699], [23.332581, 42.672594], [23.3325607, 42.6726271], [23.332463, 42.672787], [23.33278, 42.672892]]]}}, {"type": "Feature", "properties": {"osm_id": 166216895, "kind": "building", "name": null, "building": "apartments", "landuse": null, "leisure": null, "natural": null, "height": null, "levels": "4", "min_levels": null}, "geometry": {"type": "Polygon", "coordinates": [[[23.3255494, 42.6725756], [23.325705, 42.6725729], [23.3258617, 42.6725702], [23.3258577, 42.6724483], [23.3255455, 42.6724537], [23.3255494, 42.6725756]]]}}, {"type": "Feature", "properties": {"osm_id": 166216917, "kind": "building", "name": null, "building": "apartments", "landuse": null, "leisure": null, "natural": null, "height": null, "levels": "4", "min_levels": null}, "geometry": {"type": "Polygon", "coordinates": [[[23.3327444, 42.6723674], [23.3327559, 42.6725105], [23.3329562, 42.6725007], [23.3329619, 42.6725371], [23.333189, 42.672521], [23.3331744, 42.6724786], [23.3331303, 42.6723502], [23.3327444, 42.6723674]]]}}, {"type": "Feature", "properties": {"osm_id": 166216944, "kind": "building", "name": null, "building": "apartments", "landuse": null, "leisure": null, "natural": null, "height": null, "levels": "4", "min_levels": null}, "geometry": {"type": "Polygon", "coordinates": [[[23.3318656, 42.6721764], [23.3313385, 42.6722086], [23.3313525, 42.6723328], [23.3314748, 42.6723254], [23.3317465, 42.6723088], [23.3318796, 42.6723006], [23.3318656, 42.6721764]]]}}, {"type": "Feature", "properties": {"osm_id": 166216947, "kind": "building", "name": null, "building": "apartments", "landuse": null, "leisure": null, "natural": null, "height": null, "levels": null, "min_levels": null}, "geometry": {"type": "Polygon", "coordinates": [[[23.329653, 42.6755258], [23.329773, 42.6753138], [23.32962, 42.6752668], [23.3295, 42.6754788], [23.329653, 42.6755258]]]}}, {"type": "Feature", "properties": {"osm_id": 166216966, "kind": "building", "name": null, "building": "apartments", "landuse": null, "leisure": null, "natural": null, "height": null, "levels": "7", "min_levels": null}, "geometry": {"type": "Polygon", "coordinates": [[[23.3327056, 42.6716067], [23.3325811, 42.6716168], [23.3324566, 42.6716268], [23.3324731, 42.6717371], [23.3325483, 42.671731], [23.33255, 42.6717419], [23.3326586, 42.6717331], [23.332657, 42.6717222], [23.3327221, 42.6717169], [23.3327056, 42.6716067]]]}}, {"type": "Feature", "properties": {"osm_id": 166216970, "kind": "building", "name": null, "building": "yes", "landuse": null, "leisure": null, "natural": null, "height": null, "levels": null, "min_levels": null}, "geometry": {"type": "Polygon", "coordinates": [[[23.337112, 42.674397], [23.33718, 42.6744], [23.3372, 42.674164], [23.337132, 42.674161], [23.337112, 42.674397]]]}}, {"type": "Feature", "properties": {"osm_id": 166216994, "kind": "building", "name": null, "building": "apartments", "landuse": null, "leisure": null, "natural": null, "height": null, "levels": null, "min_levels": null}, "geometry": {"type": "Polygon", "coordinates": [[[23.3290539, 42.6708652], [23.3292293, 42.670855], [23.3292091, 42.6706662], [23.3290337, 42.6706764], [23.3290392, 42.6707275], [23.3290539, 42.6708652]]]}}, {"type": "Feature", "properties": {"osm_id": 166217014, "kind": "building", "name": null, "building": "retail", "landuse": null, "leisure": null, "natural": null, "height": null, "levels": null, "min_levels": null}, "geometry": {"type": "Polygon", "coordinates": [[[23.323866, 42.6723551], [23.3238632, 42.672194], [23.3237452, 42.6721951], [23.323748, 42.6723567], [23.323866, 42.6723551]]]}}, {"type": "Feature", "properties": {"osm_id": 166217031, "kind": "building", "name": null, "building": "apartments", "landuse": null, "leisure": null, "natural": null, "height": null, "levels": null, "min_levels": null}, "geometry": {"type": "Polygon", "coordinates": [[[23.3279193, 42.6754759], [23.3278713, 42.6755839], [23.3282133, 42.6756659], [23.3282613, 42.6755579], [23.3279193, 42.6754759]]]}}, {"type": "Feature", "properties": {"osm_id": 166217039, "kind": "building", "name": null, "building": "apartments", "landuse": null, "leisure": null, "natural": null, "height": null, "levels": "5", "min_levels": null}, "geometry": {"type": "Polygon", "coordinates": [[[23.3335593, 42.6724875], [23.3336913, 42.6724605], [23.3336083, 42.6722405], [23.3334773, 42.6722675], [23.3335593, 42.6724875]]]}}, {"type": "Feature", "properties": {"osm_id": 166217052, "kind": "building", "name": null, "building": "apartments", "landuse": null, "leisure": null, "natural": null, "height": null, "levels": "4", "min_levels": null}, "geometry": {"type": "Polygon", "coordinates": [[[23.3315946, 42.6715396], [23.3317126, 42.6715321], [23.3316876, 42.6713186], [23.3315695, 42.6713261], [23.3315825, 42.6714366], [23.3315946, 42.6715396]]]}}, {"type": "Feature", "properties": {"osm_id": 166217055, "kind": "building", "name": null, "building": "semidetached_house", "landuse": null, "leisure": null, "natural": null, "height": null, "levels": null, "min_levels": null}, "geometry": {"type": "Polygon", "coordinates": [[[23.3281209, 42.675187], [23.3280823, 42.6752783], [23.3281862, 42.6753043], [23.3282294, 42.6752123], [23.3281209, 42.675187]]]}}, {"type": "Feature", "properties": {"osm_id": 166217072, "kind": "building", "name": null, "building": "apartments", "landuse": null, "leisure": null, "natural": null, "height": null, "levels": null, "min_levels": null}, "geometry": {"type": "Polygon", "coordinates": [[[23.324397, 42.675348], [23.324396, 42.675449], [23.324577, 42.67545], [23.324578, 42.67535], [23.324397, 42.675348]]]}}, {"type": "Feature", "properties": {"osm_id": 166217076, "kind": "building", "name": null, "building": "shed", "landuse": null, "leisure": null, "natural": null, "height": null, "levels": "2", "min_levels": null}, "geometry": {"type": "Polygon", "coordinates": [[[23.334384, 42.674868], [23.334506, 42.674873], [23.334521, 42.67469], [23.334399, 42.674685], [23.334384, 42.674868]]]}}, {"type": "Feature", "properties": {"osm_id": 166217077, "kind": "building", "name": null, "building": "apartments", "landuse": null, "leisure": null, "natural": null, "height": null, "levels": null, "min_levels": null}, "geometry": {"type": "Polygon", "coordinates": [[[23.3341806, 42.6733236], [23.3344296, 42.6730736], [23.3343166, 42.6730126], [23.3340676, 42.6732626], [23.3341806, 42.6733236]]]}}, {"type": "Feature", "properties": {"osm_id": 166217089, "kind": "building", "name": null, "building": "apartments", "landuse": null, "leisure": null, "natural": null, "height": null, "levels": "6", "min_levels": null}, "geometry": {"type": "Polygon", "coordinates": [[[23.3301241, 42.6698308], [23.3299035, 42.6698456], [23.3299245, 42.6700148], [23.3300353, 42.6700074], [23.330145, 42.6700001], [23.3301241, 42.6698308]]]}}, {"type": "Feature", "properties": {"osm_id": 166217098, "kind": "building", "name": null, "building": "apartments", "landuse": null, "leisure": null, "natural": null, "height": null, "levels": "4", "min_levels": null}, "geometry": {"type": "Polygon", "coordinates": [[[23.3270063, 42.6736814], [23.3275313, 42.6738274], [23.3276103, 42.6736754], [23.3270863, 42.6735284], [23.3270063, 42.6736814]]]}}, {"type": "Feature", "properties": {"osm_id": 166217108, "kind": "building", "name": null, "building": "apartments", "landuse": null, "leisure": null, "natural": null, "height": null, "levels": null, "min_levels": null}, "geometry": {"type": "Polygon", "coordinates": [[[23.3306341, 42.6754171], [23.3305671, 42.6755181], [23.3307561, 42.6755851], [23.3308231, 42.6754841], [23.3306341, 42.6754171]]]}}, {"type": "Feature", "properties": {"osm_id": 166217110, "kind": "building", "name": null, "building": "apartments", "landuse": null, "leisure": null, "natural": null, "height": null, "levels": "6", "min_levels": null}, "geometry": {"type": "Polygon", "coordinates": [[[23.3265959, 42.6717305], [23.3266039, 42.6718445], [23.3267163, 42.67184], [23.3269468, 42.6718307], [23.3270519, 42.6718265], [23.3270439, 42.6717125], [23.3265959, 42.6717305]]]}}, {"type": "Feature", "properties": {"osm_id": 166217119, "kind": "building", "name": null, "building": "apartments", "landuse": null, "leisure": null, "natural": null, "height": null, "levels": "6", "min_levels": null}, "geometry": {"type": "Polygon", "coordinates": [[[23.3330118, 42.6712507], [23.3333191, 42.6711728], [23.3331302, 42.670788], [23.3330213, 42.6708168], [23.332832, 42.6708744], [23.3328833, 42.6709675], [23.3329345, 42.6710606], [23.3329731, 42.6711557], [23.3329992, 42.6712197], [23.3330118, 42.6712507]]]}}, {"type": "Feature", "properties": {"osm_id": 166217128, "kind": "building", "name": null, "building": "apartments", "landuse": null, "leisure": null, "natural": null, "height": null, "levels": null, "min_levels": null}, "geometry": {"type": "Polygon", "coordinates": [[[23.3276119, 42.67595], [23.3275263, 42.6760591], [23.3276599, 42.6761131], [23.3277414, 42.6760049], [23.3276119, 42.67595]]]}}, {"type": "Feature", "properties": {"osm_id": 166217190, "kind": "building", "name": null, "building": "apartments", "landuse": null, "leisure": null, "natural": null, "height": null, "levels": null, "min_levels": null}, "geometry": {"type": "Polygon", "coordinates": [[[23.3264844, 42.6733578], [23.3266804, 42.6733928], [23.3267064, 42.6733158], [23.3270446, 42.673374], [23.3270949, 42.6732325], [23.3269668, 42.6732086], [23.3265594, 42.6731328], [23.3265219, 42.6732453], [23.3264844, 42.6733578]]]}}, {"type": "Feature", "properties": {"osm_id": 166217251, "kind": "building", "name": null, "building": "university", "landuse": null, "leisure": null, "natural": null, "height": null, "levels": null, "min_levels": null}, "geometry": {"type": "Polygon", "coordinates": [[[23.332581, 42.672594], [23.332898, 42.672699], [23.33278, 42.672892], [23.332938, 42.672944], [23.333086, 42.672703], [23.33261, 42.672546], [23.332581, 42.672594]]]}}, {"type": "Feature", "properties": {"osm_id": 166217438, "kind": "building", "name": null, "building": "apartments", "landuse": null, "leisure": null, "natural": null, "height": null, "levels": null, "min_levels": null}, "geometry": {"type": "Polygon", "coordinates": [[[23.332417, 42.6791291], [23.3322695, 42.6791089], [23.3322646, 42.6791279], [23.33216, 42.6791135], [23.3321779, 42.6790429], [23.3322146, 42.6790479], [23.3322498, 42.6789094], [23.3322897, 42.6789149], [23.3323103, 42.6788339], [23.3323543, 42.6788399], [23.3323591, 42.6788212], [23.332315, 42.6788152], [23.3323382, 42.678724], [23.3326029, 42.6787604], [23.3325749, 42.6788703], [23.3325316, 42.6788643], [23.3324997, 42.6789897], [23.332454, 42.6789834], [23.332417, 42.6791291]]]}}, {"type": "Feature", "properties": {"osm_id": 166217466, "kind": "building", "name": null, "building": "office", "landuse": null, "leisure": null, "natural": null, "height": null, "levels": null, "min_levels": null}, "geometry": {"type": "Polygon", "coordinates": [[[23.32729, 42.6739586], [23.3276819, 42.67405], [23.3277729, 42.67384], [23.327656, 42.6738126], [23.327603, 42.6739356], [23.327327, 42.6738716], [23.32729, 42.6739586]]]}}, {"type": "Feature", "properties": {"osm_id": 166217500, "kind": "building", "name": null, "building": "apartments", "landuse": null, "leisure": null, "natural": null, "height": null, "levels": null, "min_levels": null}, "geometry": {"type": "Polygon", "coordinates": [[[23.3324685, 42.6777305], [23.3326412, 42.677791], [23.3327046, 42.6776931], [23.332768, 42.6775952], [23.332506, 42.6775035], [23.332437, 42.67761], [23.3325263, 42.6776412], [23.3324685, 42.6777305]]]}}, {"type": "Feature", "properties": {"osm_id": 166217541, "kind": "building", "name": null, "building": "apartments", "landuse": null, "leisure": null, "natural": null, "height": null, "levels": "4", "min_levels": null}, "geometry": {"type": "Polygon", "coordinates": [[[23.3238735, 42.6705582], [23.3238865, 42.6707031], [23.3240131, 42.670697], [23.3242679, 42.6706847], [23.3242898, 42.6706836], [23.3242958, 42.6707508], [23.3242989, 42.6707859], [23.3244428, 42.670779], [23.3244206, 42.6705316], [23.3238735, 42.6705582]]]}}, {"type": "Feature", "properties": {"osm_id": 166217573, "kind": "building", "name": null, "building": "apartments", "landuse": null, "leisure": null, "natural": null, "height": null, "levels": "4", "min_levels": null}, "geometry": {"type": "Polygon", "coordinates": [[[23.3240637, 42.6717142], [23.3241756, 42.671713], [23.3241758, 42.671723], [23.3241769, 42.6717774], [23.3243082, 42.671776], [23.3243052, 42.6716191], [23.3242116, 42.67162], [23.3242104, 42.6715548], [23.3240607, 42.6715563], [23.3240637, 42.6717142]]]}}, {"type": "Feature", "properties": {"osm_id": 166217582, "kind": "building", "name": null, "building": "apartments", "landuse": null, "leisure": null, "natural": null, "height": null, "levels": "3", "min_levels": null}, "geometry": {"type": "Polygon", "coordinates": [[[23.3234589, 42.6743072], [23.3234542, 42.6743693], [23.3234493, 42.6744339], [23.3236299, 42.6744414], [23.3237463, 42.6744462], [23.3237559, 42.6743195], [23.3234589, 42.6743072]]]}}, {"type": "Feature", "properties": {"osm_id": 166217633, "kind": "building", "name": null, "building": "apartments", "landuse": null, "leisure": null, "natural": null, "height": null, "levels": "9", "min_levels": null}, "geometry": {"type": "Polygon", "coordinates": [[[23.3325157, 42.6713432], [23.3326326, 42.6713357], [23.3326199, 42.6712298], [23.3325248, 42.6712362], [23.3321605, 42.6712596], [23.3321573, 42.6712327], [23.3319235, 42.6712478], [23.3319342, 42.6713377], [23.3320515, 42.6713301], [23.3321696, 42.6713225], [23.3321747, 42.6713653], [23.3322966, 42.6713574], [23.3325157, 42.6713432]]]}}, {"type": "Feature", "properties": {"osm_id": 166217656, "kind": "building", "name": null, "building": "apartments", "landuse": null, "leisure": null, "natural": null, "height": null, "levels": "5", "min_levels": null}, "geometry": {"type": "Polygon", "coordinates": [[[23.3235129, 42.6771424], [23.3235291, 42.677258], [23.3236953, 42.6772453], [23.3236738, 42.6770928], [23.3235076, 42.6771054], [23.3235129, 42.6771424]]]}}, {"type": "Feature", "properties": {"osm_id": 166217681, "kind": "building", "name": null, "building": "kindergarten", "landuse": null, "leisure": null, "natural": null, "height": null, "levels": "2", "min_levels": null}, "geometry": {"type": "Polygon", "coordinates": [[[23.3298081, 42.6775568], [23.3299713, 42.6775104], [23.3300332, 42.6776282], [23.3303075, 42.6775503], [23.3302619, 42.6774636], [23.3300852, 42.6775138], [23.330025, 42.6773991], [23.3297641, 42.6774732], [23.3298081, 42.6775568]]]}}, {"type": "Feature", "properties": {"osm_id": 166217692, "kind": "building", "name": null, "building": "residential", "landuse": null, "leisure": null, "natural": null, "height": null, "levels": null, "min_levels": null}, "geometry": {"type": "Polygon", "coordinates": [[[23.3371184, 42.6745019], [23.3370957, 42.6747364], [23.3372251, 42.6747431], [23.3372396, 42.6745936], [23.3373575, 42.6745998], [23.3373544, 42.674631], [23.3374206, 42.6746345], [23.3374237, 42.6746027], [23.3375243, 42.674608], [23.3375101, 42.6747562], [23.3376523, 42.6747636], [23.3376747, 42.6745309], [23.3371184, 42.6745019]]]}}, {"type": "Feature", "properties": {"osm_id": 166217693, "kind": "building", "name": null, "building": "semidetached_house", "landuse": null, "leisure": null, "natural": null, "height": null, "levels": null, "min_levels": null}, "geometry": {"type": "Polygon", "coordinates": [[[23.3264213, 42.6704194], [23.3264289, 42.6705241], [23.3265811, 42.6705181], [23.3265735, 42.6704135], [23.3264213, 42.6704194]]]}}, {"type": "Feature", "properties": {"osm_id": 166217708, "kind": "building", "name": null, "building": "retail", "landuse": null, "leisure": null, "natural": null, "height": null, "levels": "1", "min_levels": null}, "geometry": {"type": "Polygon", "coordinates": [[[23.3328541, 42.6722495], [23.3329494, 42.6722447], [23.3329507, 42.6722593], [23.3330157, 42.672256], [23.3330482, 42.6722544], [23.3330639, 42.6722481], [23.3330764, 42.6722387], [23.3330847, 42.6722271], [23.333088, 42.6722142], [23.3330861, 42.6722012], [23.3329868, 42.6719458], [23.3328265, 42.6719539], [23.3328375, 42.6720715], [23.3329511, 42.6720658], [23.3329617, 42.6721803], [23.3328481, 42.672186], [23.3328541, 42.6722495]]]}}, {"type": "Feature", "properties": {"osm_id": 166217822, "kind": "building", "name": "Национален център по мехатроника и чисти технологии", "building": "university", "landuse": null, "leisure": null, "natural": null, "height": null, "levels": null, "min_levels": null}, "geometry": {"type": "Polygon", "coordinates": [[[23.3333685, 42.6731927], [23.3331095, 42.6731017], [23.3330935, 42.6731257], [23.3329345, 42.6730697], [23.3328575, 42.6731877], [23.3330015, 42.6732377], [23.3329875, 42.6732587], [23.3331065, 42.6733007], [23.3332625, 42.6733557], [23.3333685, 42.6731927]]]}}, {"type": "Feature", "properties": {"osm_id": 166217931, "kind": "building", "name": null, "building": "school", "landuse": null, "leisure": null, "natural": null, "height": null, "levels": "3", "min_levels": null}, "geometry": {"type": "Polygon", "coordinates": [[[23.3295896, 42.676397], [23.3296516, 42.676407], [23.3296086, 42.676545], [23.3295676, 42.676538], [23.3295246, 42.676677], [23.3297676, 42.676717], [23.3297856, 42.676658], [23.3299186, 42.676681], [23.3299106, 42.676706], [23.3301636, 42.676748], [23.3301976, 42.676638], [23.3299566, 42.676598], [23.3299496, 42.676623], [23.3298046, 42.676599], [23.3298816, 42.676346], [23.3298416, 42.67634], [23.3299476, 42.675995], [23.3297236, 42.675958], [23.3295896, 42.676397]]]}}, {"type": "Feature", "properties": {"osm_id": 166217944, "kind": "building", "name": null, "building": "kindergarten", "landuse": null, "leisure": null, "natural": null, "height": null, "levels": "2", "min_levels": null}, "geometry": {"type": "Polygon", "coordinates": [[[23.327693, 42.6718124], [23.3279649, 42.6718019], [23.328057, 42.6717984], [23.328053, 42.6717434], [23.328251, 42.6717354], [23.328242, 42.6716104], [23.327996, 42.6716204], [23.328, 42.6716794], [23.327825, 42.6716864], [23.327823, 42.6716604], [23.327682, 42.6716664], [23.327693, 42.6718124]]]}}, {"type": "Feature", "properties": {"osm_id": 166218001, "kind": "building", "name": null, "building": "apartments", "landuse": null, "leisure": null, "natural": null, "height": null, "levels": "12", "min_levels": null}, "geometry": {"type": "Polygon", "coordinates": [[[23.326732, 42.669463], [23.326909, 42.669456], [23.326892, 42.669201], [23.326715, 42.669207], [23.3267235, 42.6693357], [23.326732, 42.669463]]]}}, {"type": "Feature", "properties": {"osm_id": 166218037, "kind": "building", "name": null, "building": "apartments", "landuse": null, "leisure": null, "natural": null, "height": null, "levels": "14", "min_levels": null}, "geometry": {"type": "Polygon", "coordinates": [[[23.3242977, 42.6729158], [23.3243327, 42.6729258], [23.3242897, 42.6730018], [23.3245307, 42.6730758], [23.3245837, 42.6729808], [23.3245397, 42.6729668], [23.3246207, 42.6728238], [23.3243897, 42.6727528], [23.3243132, 42.6728883], [23.3242977, 42.6729158]]]}}, {"type": "Feature", "properties": {"osm_id": 166218046, "kind": "building", "name": null, "building": "apartments", "landuse": null, "leisure": null, "natural": null, "height": null, "levels": null, "min_levels": null}, "geometry": {"type": "Polygon", "coordinates": [[[23.3232784, 42.6739649], [23.3239404, 42.6739778], [23.3239446, 42.6738618], [23.3232826, 42.6738489], [23.3232784, 42.6739649]]]}}, {"type": "Feature", "properties": {"osm_id": 166218052, "kind": "building", "name": null, "building": "apartments", "landuse": null, "leisure": null, "natural": null, "height": null, "levels": null, "min_levels": null}, "geometry": {"type": "Polygon", "coordinates": [[[23.3240838, 42.675786], [23.3240842, 42.6756926], [23.3239588, 42.6756923], [23.3239589, 42.6756777], [23.3238542, 42.6756775], [23.3238541, 42.6757067], [23.3237183, 42.6757066], [23.3237184, 42.6756889], [23.3235951, 42.6756888], [23.3235951, 42.6756676], [23.323466, 42.6756677], [23.323466, 42.6756519], [23.3233473, 42.675652], [23.3233473, 42.675668], [23.3232136, 42.6756681], [23.3232136, 42.6756496], [23.3230893, 42.6756497], [23.3230893, 42.6756894], [23.3230894, 42.6757616], [23.3231634, 42.6757616], [23.3231879, 42.6757616], [23.323188, 42.67579], [23.3232463, 42.67579], [23.3232463, 42.6757667], [23.3232697, 42.6757667], [23.3232697, 42.6757886], [23.3233509, 42.6757887], [23.323351, 42.6757689], [23.3234153, 42.6757691], [23.3234338, 42.6757691], [23.3234337, 42.675784], [23.3235011, 42.6757842], [23.3235012, 42.6757701], [23.3235251, 42.6757702], [23.323525, 42.6757795], [23.3235944, 42.67578], [23.3235942, 42.6757992], [23.3236809, 42.6757998], [23.3237006, 42.6757999], [23.3237003, 42.6758228], [23.3237529, 42.6758232], [23.3237532, 42.675803], [23.3237886, 42.6758032], [23.3237884, 42.6758127], [23.3238085, 42.6758129], [23.3238086, 42.6758053], [23.3238435, 42.6758055], [23.3238437, 42.6757778], [23.3239383, 42.6757783], [23.3239574, 42.6757784], [23.3239573, 42.6757936], [23.3239885, 42.6757938], [23.3239885, 42.6757857], [23.3240838, 42.675786]]]}}, {"type": "Feature", "properties": {"osm_id": 166218142, "kind": "building", "name": null, "building": "apartments", "landuse": null, "leisure": null, "natural": null, "height": null, "levels": "4", "min_levels": null}, "geometry": {"type": "Polygon", "coordinates": [[[23.3258923, 42.6693723], [23.3254937, 42.6693892], [23.3254968, 42.6694288], [23.3251873, 42.6694419], [23.3251955, 42.6695458], [23.3253413, 42.6695397], [23.325487, 42.6695335], [23.3254832, 42.669485], [23.325602, 42.6694799], [23.3258058, 42.6694712], [23.3258997, 42.6694672], [23.3258923, 42.6693723]]]}}, {"type": "Feature", "properties": {"osm_id": 166218147, "kind": "building", "name": null, "building": "kindergarten", "landuse": null, "leisure": null, "natural": null, "height": null, "levels": null, "min_levels": null}, "geometry": {"type": "Polygon", "coordinates": [[[23.3287979, 42.676294], [23.3291661, 42.6763515], [23.3291813, 42.6762988], [23.329301, 42.6763175], [23.3293348, 42.6762005], [23.3291477, 42.6761713], [23.3291354, 42.676214], [23.3289384, 42.6761832], [23.3289473, 42.6761522], [23.3288435, 42.676136], [23.3287979, 42.676294]]]}}, {"type": "Feature", "properties": {"osm_id": 166218190, "kind": "building", "name": null, "building": "apartments", "landuse": null, "leisure": null, "natural": null, "height": null, "levels": "4", "min_levels": null}, "geometry": {"type": "Polygon", "coordinates": [[[23.3244752, 42.6695833], [23.3244494, 42.6692283], [23.3243917, 42.6692306], [23.3243782, 42.6690451], [23.3242147, 42.6690516], [23.3242216, 42.6691464], [23.3242285, 42.6692411], [23.3242963, 42.6692384], [23.3243031, 42.6693317], [23.3243155, 42.6695014], [23.3243219, 42.6695894], [23.3244752, 42.6695833]]]}}, {"type": "Feature", "properties": {"osm_id": 166218223, "kind": "building", "name": null, "building": "apartments", "landuse": null, "leisure": null, "natural": null, "height": null, "levels": "4", "min_levels": null}, "geometry": {"type": "Polygon", "coordinates": [[[23.3239129, 42.6696098], [23.3238861, 42.66924], [23.3238283, 42.6692422], [23.3238159, 42.6690716], [23.3236524, 42.669078], [23.3236593, 42.6691728], [23.3236662, 42.6692675], [23.323734, 42.6692649], [23.3237415, 42.6693673], [23.3237532, 42.6695288], [23.3237595, 42.6696158], [23.3239129, 42.6696098]]]}}, {"type": "Feature", "properties": {"osm_id": 166218370, "kind": "building", "name": null, "building": "apartments", "landuse": null, "leisure": null, "natural": null, "height": null, "levels": "5", "min_levels": null}, "geometry": {"type": "Polygon", "coordinates": [[[23.3243243, 42.6698735], [23.3243223, 42.6698443], [23.324476, 42.6698379], [23.3244915, 42.6700415], [23.3243379, 42.6700479], [23.3243311, 42.6699607], [23.3243243, 42.6698735]]]}}, {"type": "Feature", "properties": {"osm_id": 166218404, "kind": "building", "name": null, "building": "apartments", "landuse": null, "leisure": null, "natural": null, "height": null, "levels": "4", "min_levels": null}, "geometry": {"type": "Polygon", "coordinates": [[[23.3238205, 42.6698942], [23.3239664, 42.6698882], [23.3241918, 42.6698789], [23.3243243, 42.6698735], [23.3243223, 42.6698443], [23.3243153, 42.6697553], [23.3238115, 42.6697758], [23.3238205, 42.6698942]]]}}, {"type": "Feature", "properties": {"osm_id": 166218476, "kind": "building", "name": null, "building": "apartments", "landuse": null, "leisure": null, "natural": null, "height": null, "levels": "4", "min_levels": null}, "geometry": {"type": "Polygon", "coordinates": [[[23.325284, 42.6698917], [23.3253468, 42.6698888], [23.3254633, 42.6698834], [23.3256837, 42.6698732], [23.3258813, 42.669864], [23.3260206, 42.6698575], [23.3260106, 42.6697385], [23.3253357, 42.6697699], [23.325274, 42.6697727], [23.325284, 42.6698917]]]}}, {"type": "Feature", "properties": {"osm_id": 166218535, "kind": "building", "name": null, "building": "apartments", "landuse": null, "leisure": null, "natural": null, "height": null, "levels": "4", "min_levels": null}, "geometry": {"type": "Polygon", "coordinates": [[[23.3268083, 42.6700909], [23.3269659, 42.6700837], [23.3269471, 42.6698592], [23.3268774, 42.6698623], [23.3267895, 42.6698663], [23.3267989, 42.6699786], [23.3268083, 42.6700909]]]}}, {"type": "Feature", "properties": {"osm_id": 166218537, "kind": "building", "name": null, "building": "apartments", "landuse": null, "leisure": null, "natural": null, "height": null, "levels": "4", "min_levels": null}, "geometry": {"type": "Polygon", "coordinates": [[[23.3263812, 42.6698478], [23.3264976, 42.6698427], [23.3267001, 42.6698339], [23.3267863, 42.6698302], [23.3267895, 42.6698663], [23.3268774, 42.6698623], [23.3268648, 42.6697056], [23.3263715, 42.6697271], [23.3263812, 42.6698478]]]}}, {"type": "Feature", "properties": {"osm_id": 166218584, "kind": "building", "name": null, "building": "apartments", "landuse": null, "leisure": null, "natural": null, "height": null, "levels": "4", "min_levels": null}, "geometry": {"type": "Polygon", "coordinates": [[[23.3275504, 42.6702031], [23.3275404, 42.6700821], [23.3270254, 42.6701061], [23.3270354, 42.6702261], [23.3271217, 42.6702222], [23.3274448, 42.6702078], [23.3275504, 42.6702031]]]}}, {"type": "Feature", "properties": {"osm_id": 166218606, "kind": "building", "name": null, "building": "apartments", "landuse": null, "leisure": null, "natural": null, "height": null, "levels": "4", "min_levels": null}, "geometry": {"type": "Polygon", "coordinates": [[[23.3275848, 42.6700068], [23.3277553, 42.6700003], [23.3277402, 42.6697843], [23.3276022, 42.6697917], [23.3275992, 42.6697578], [23.3275671, 42.6697593], [23.3275773, 42.6699016], [23.3275848, 42.6700068]]]}}, {"type": "Feature", "properties": {"osm_id": 166218609, "kind": "building", "name": null, "building": "apartments", "landuse": null, "leisure": null, "natural": null, "height": null, "levels": "4", "min_levels": null}, "geometry": {"type": "Polygon", "coordinates": [[[23.3278267, 42.669741], [23.3279606, 42.6697347], [23.3281832, 42.6697241], [23.3282888, 42.6697191], [23.3283196, 42.6697176], [23.3283317, 42.669717], [23.3283207, 42.669591], [23.3278157, 42.669614], [23.3278267, 42.669741]]]}}, {"type": "Feature", "properties": {"osm_id": 166218612, "kind": "building", "name": null, "building": "apartments", "landuse": null, "leisure": null, "natural": null, "height": null, "levels": "4", "min_levels": null}, "geometry": {"type": "Polygon", "coordinates": [[[23.3275992, 42.6697578], [23.3275902, 42.6696488], [23.3271112, 42.6696718], [23.3271202, 42.6697798], [23.3272325, 42.6697747], [23.3274644, 42.669764], [23.3275671, 42.6697593], [23.3275992, 42.6697578]]]}}, {"type": "Feature", "properties": {"osm_id": 166218617, "kind": "building", "name": null, "building": "apartments", "landuse": null, "leisure": null, "natural": null, "height": null, "levels": "4", "min_levels": null}, "geometry": {"type": "Polygon", "coordinates": [[[23.3283145, 42.6699624], [23.3284769, 42.669952], [23.3284534, 42.6697547], [23.3283225, 42.6697632], [23.3283196, 42.6697176], [23.3282888, 42.6697191], [23.3283034, 42.6698575], [23.3283145, 42.6699624]]]}}, {"type": "Feature", "properties": {"osm_id": 166218630, "kind": "building", "name": null, "building": "apartments", "landuse": null, "leisure": null, "natural": null, "height": null, "levels": "4", "min_levels": null}, "geometry": {"type": "Polygon", "coordinates": [[[23.327929, 42.6701832], [23.328084, 42.6701759], [23.3283347, 42.6701641], [23.328461, 42.6701582], [23.328451, 42.6700402], [23.327919, 42.6700652], [23.327929, 42.6701832]]]}}, {"type": "Feature", "properties": {"osm_id": 166218720, "kind": "building", "name": null, "building": "apartments", "landuse": null, "leisure": null, "natural": null, "height": null, "levels": null, "min_levels": null}, "geometry": {"type": "Polygon", "coordinates": [[[23.3270117, 42.6792955], [23.3271101, 42.6792803], [23.3272949, 42.6792518], [23.3273245, 42.6792473], [23.3273337, 42.6792795], [23.3274257, 42.6792653], [23.3273829, 42.6791154], [23.3269781, 42.6791778], [23.3270117, 42.6792955]]]}}, {"type": "Feature", "properties": {"osm_id": 166218813, "kind": "building", "name": null, "building": "apartments", "landuse": null, "leisure": null, "natural": null, "height": null, "levels": "8", "min_levels": null}, "geometry": {"type": "Polygon", "coordinates": [[[23.3265828, 42.6725245], [23.3268123, 42.6725162], [23.326802, 42.6723622], [23.3267222, 42.6723651], [23.3267199, 42.6723309], [23.3268019, 42.672328], [23.3267903, 42.6721545], [23.3265587, 42.6721629], [23.3265626, 42.6722216], [23.3265828, 42.6725245]]]}}, {"type": "Feature", "properties": {"osm_id": 166218855, "kind": "building", "name": null, "building": "apartments", "landuse": null, "leisure": null, "natural": null, "height": null, "levels": "4", "min_levels": null}, "geometry": {"type": "Polygon", "coordinates": [[[23.3254826, 42.6706187], [23.3256251, 42.6706106], [23.325888, 42.6705955], [23.3260076, 42.6705887], [23.3259966, 42.6704837], [23.3254716, 42.6705127], [23.3254826, 42.6706187]]]}}, {"type": "Feature", "properties": {"osm_id": 166218887, "kind": "building", "name": null, "building": "apartments", "landuse": null, "leisure": null, "natural": null, "height": null, "levels": "8", "min_levels": null}, "geometry": {"type": "Polygon", "coordinates": [[[23.324548, 42.6703024], [23.3246851, 42.6702953], [23.3249435, 42.6702821], [23.3251869, 42.6702695], [23.3253389, 42.6702617], [23.3253292, 42.6701579], [23.3253279, 42.6701437], [23.3252308, 42.6701487], [23.324537, 42.6701844], [23.324548, 42.6703024]]]}}, {"type": "Feature", "properties": {"osm_id": 166219032, "kind": "building", "name": null, "building": "apartments", "landuse": null, "leisure": null, "natural": null, "height": null, "levels": "5", "min_levels": null}, "geometry": {"type": "Polygon", "coordinates": [[[23.3247118, 42.6695787], [23.3248238, 42.6695731], [23.3250301, 42.6695628], [23.3251483, 42.6695569], [23.3251363, 42.6694283], [23.3246999, 42.6694501], [23.3247118, 42.6695787]]]}}, {"type": "Feature", "properties": {"osm_id": 166219115, "kind": "building", "name": null, "building": "apartments", "landuse": null, "leisure": null, "natural": null, "height": null, "levels": "12", "min_levels": null}, "geometry": {"type": "Polygon", "coordinates": [[[23.3254546, 42.6729866], [23.32566, 42.6730466], [23.3257193, 42.6729369], [23.3257855, 42.6728146], [23.32558, 42.6727545], [23.3254546, 42.6729866]]]}}, {"type": "Feature", "properties": {"osm_id": 166219118, "kind": "building", "name": null, "building": "kindergarten", "landuse": null, "leisure": null, "natural": null, "height": null, "levels": "3", "min_levels": null}, "geometry": {"type": "Polygon", "coordinates": [[[23.3254718, 42.6780309], [23.3259638, 42.6780109], [23.3259558, 42.6779039], [23.3254638, 42.6779229], [23.3254718, 42.6780309]]]}}, {"type": "Feature", "properties": {"osm_id": 169566251, "kind": "building", "name": null, "building": "apartments", "landuse": null, "leisure": null, "natural": null, "height": null, "levels": null, "min_levels": null}, "geometry": {"type": "Polygon", "coordinates": [[[23.3310812, 42.6762695], [23.3311962, 42.676304], [23.3311452, 42.6763959], [23.3310302, 42.6763614], [23.3310812, 42.6762695]]]}}, {"type": "Feature", "properties": {"osm_id": 169566252, "kind": "building", "name": null, "building": "school", "landuse": null, "leisure": null, "natural": null, "height": null, "levels": null, "min_levels": null}, "geometry": {"type": "Polygon", "coordinates": [[[23.3307196, 42.6762088], [23.3309076, 42.6762622], [23.3308523, 42.6763673], [23.3308092, 42.6763551], [23.3306299, 42.6766964], [23.330485, 42.6766553], [23.3307196, 42.6762088]]]}}, {"type": "Feature", "properties": {"osm_id": 169566253, "kind": "building", "name": null, "building": "apartments", "landuse": null, "leisure": null, "natural": null, "height": null, "levels": null, "min_levels": null}, "geometry": {"type": "Polygon", "coordinates": [[[23.3312289, 42.6763796], [23.331268, 42.6762982], [23.3314343, 42.6763396], [23.3314585, 42.6765072], [23.3313005, 42.6765614], [23.3312466, 42.6764875], [23.3312841, 42.6764619], [23.3312734, 42.6764027], [23.3312289, 42.6763796]]]}}, {"type": "Feature", "properties": {"osm_id": 208907117, "kind": "green", "name": "Славейковите дъбове", "building": null, "landuse": null, "leisure": "park", "natural": null, "height": null, "levels": null, "min_levels": null}, "geometry": {"type": "Polygon", "coordinates": [[[23.328576, 42.6763421], [23.3293846, 42.6765318], [23.3294394, 42.6772095], [23.3296699, 42.6778271], [23.3295012, 42.6778688], [23.3293129, 42.6778938], [23.3292472, 42.6776023], [23.3287312, 42.6776682], [23.3287244, 42.6774394], [23.3287146, 42.6771523], [23.3285184, 42.6767746], [23.328326, 42.6766252], [23.328576, 42.6763421]]]}}, {"type": "Feature", "properties": {"osm_id": 259445365, "kind": "building", "name": null, "building": "detached", "landuse": null, "leisure": null, "natural": null, "height": null, "levels": "3", "min_levels": null}, "geometry": {"type": "Polygon", "coordinates": [[[23.3240072, 42.6775118], [23.3239822, 42.6773682], [23.3241334, 42.677354], [23.3241583, 42.6774976], [23.3240072, 42.6775118]]]}}, {"type": "Feature", "properties": {"osm_id": 259445366, "kind": "building", "name": null, "building": "apartments", "landuse": null, "leisure": null, "natural": null, "height": null, "levels": "4", "min_levels": null}, "geometry": {"type": "Polygon", "coordinates": [[[23.3241359, 42.6781585], [23.3244753, 42.6781461], [23.324466, 42.6780087], [23.3241266, 42.6780211], [23.3241359, 42.6781585]]]}}, {"type": "Feature", "properties": {"osm_id": 259445368, "kind": "building", "name": null, "building": "apartments", "landuse": null, "leisure": null, "natural": null, "height": null, "levels": null, "min_levels": null}, "geometry": {"type": "Polygon", "coordinates": [[[23.3238248, 42.677847], [23.3241739, 42.6778219], [23.3241575, 42.6776991], [23.3238085, 42.6777242], [23.3238248, 42.677847]]]}}, {"type": "Feature", "properties": {"osm_id": 259445375, "kind": "building", "name": null, "building": "detached", "landuse": null, "leisure": null, "natural": null, "height": null, "levels": "2", "min_levels": null}, "geometry": {"type": "Polygon", "coordinates": [[[23.3237819, 42.6776459], [23.323927, 42.6776309], [23.3239027, 42.6775038], [23.3237576, 42.6775188], [23.3237819, 42.6776459]]]}}, {"type": "Feature", "properties": {"osm_id": 259445873, "kind": "building", "name": null, "building": "apartments", "landuse": null, "leisure": null, "natural": null, "height": null, "levels": null, "min_levels": null}, "geometry": {"type": "Polygon", "coordinates": [[[23.3245785, 42.6767801], [23.3248065, 42.6767746], [23.3248013, 42.6766578], [23.3245733, 42.6766633], [23.3245785, 42.6767801]]]}}, {"type": "Feature", "properties": {"osm_id": 259445874, "kind": "building", "name": null, "building": "apartments", "landuse": null, "leisure": null, "natural": null, "height": null, "levels": null, "min_levels": null}, "geometry": {"type": "Polygon", "coordinates": [[[23.3242828, 42.6768023], [23.3244026, 42.6768005], [23.3243991, 42.6766728], [23.3242793, 42.6766746], [23.3242828, 42.6768023]]]}}, {"type": "Feature", "properties": {"osm_id": 259445876, "kind": "building", "name": null, "building": "apartments", "landuse": null, "leisure": null, "natural": null, "height": null, "levels": "4", "min_levels": null}, "geometry": {"type": "Polygon", "coordinates": [[[23.3237819, 42.6772436], [23.3240005, 42.6772219], [23.3239751, 42.6770838], [23.3237565, 42.6771054], [23.3237819, 42.6772436]]]}}, {"type": "Feature", "properties": {"osm_id": 259445877, "kind": "building", "name": null, "building": "apartments", "landuse": null, "leisure": null, "natural": null, "height": null, "levels": null, "min_levels": null}, "geometry": {"type": "Polygon", "coordinates": [[[23.3249164, 42.6769498], [23.3251356, 42.676945], [23.3251311, 42.6768334], [23.3249119, 42.6768382], [23.3249164, 42.6769498]]]}}, {"type": "Feature", "properties": {"osm_id": 259445878, "kind": "building", "name": null, "building": "apartments", "landuse": null, "leisure": null, "natural": null, "height": null, "levels": "3", "min_levels": null}, "geometry": {"type": "Polygon", "coordinates": [[[23.3249893, 42.676774], [23.3249882, 42.6766487], [23.3249877, 42.6766445], [23.3250075, 42.6766445], [23.3250073, 42.6766286], [23.3250366, 42.6766285], [23.3250365, 42.6766115], [23.3250905, 42.6766112], [23.3250907, 42.6766312], [23.3251456, 42.6766309], [23.3251468, 42.6767845], [23.3250388, 42.676785], [23.3250387, 42.6767734], [23.3249893, 42.676774]]]}}, {"type": "Feature", "properties": {"osm_id": 259445879, "kind": "building", "name": null, "building": "detached", "landuse": null, "leisure": null, "natural": null, "height": null, "levels": "1", "min_levels": null}, "geometry": {"type": "Polygon", "coordinates": [[[23.3247743, 42.677076], [23.3249316, 42.677062], [23.3249193, 42.6769871], [23.324762, 42.6770011], [23.3247743, 42.677076]]]}}, {"type": "Feature", "properties": {"osm_id": 259445880, "kind": "building", "name": null, "building": "apartments", "landuse": null, "leisure": null, "natural": null, "height": null, "levels": "4", "min_levels": null}, "geometry": {"type": "Polygon", "coordinates": [[[23.3248601, 42.677214], [23.3250864, 42.6772071], [23.3250802, 42.6770976], [23.324854, 42.6771045], [23.3248601, 42.677214]]]}}, {"type": "Feature", "properties": {"osm_id": 259445881, "kind": "building", "name": null, "building": "detached", "landuse": null, "leisure": null, "natural": null, "height": null, "levels": null, "min_levels": null}, "geometry": {"type": "Polygon", "coordinates": [[[23.324034, 42.6772318], [23.3241583, 42.6772269], [23.3241495, 42.6771055], [23.3240252, 42.6771103], [23.324034, 42.6772318]]]}}, {"type": "Feature", "properties": {"osm_id": 259445882, "kind": "building", "name": null, "building": "apartments", "landuse": null, "leisure": null, "natural": null, "height": null, "levels": "5", "min_levels": null}, "geometry": {"type": "Polygon", "coordinates": [[[23.3244662, 42.6772002], [23.3247709, 42.6772021], [23.3247692, 42.6770968], [23.3244676, 42.6770994], [23.3244662, 42.6772002]]]}}, {"type": "Feature", "properties": {"osm_id": 259445885, "kind": "building", "name": null, "building": "apartments", "landuse": null, "leisure": null, "natural": null, "height": null, "levels": null, "min_levels": null}, "geometry": {"type": "Polygon", "coordinates": [[[23.3239133, 42.6768275], [23.3242064, 42.6768267], [23.3242058, 42.6767111], [23.3239127, 42.6767119], [23.3239133, 42.6768275]]]}}, {"type": "Feature", "properties": {"osm_id": 259445886, "kind": "building", "name": null, "building": "apartments", "landuse": null, "leisure": null, "natural": null, "height": null, "levels": null, "min_levels": null}, "geometry": {"type": "Polygon", "coordinates": [[[23.3235779, 42.6768214], [23.3238122, 42.6768084], [23.3238021, 42.6766993], [23.3235685, 42.6767089], [23.3235779, 42.6768214]]]}}, {"type": "Feature", "properties": {"osm_id": 259450606, "kind": "building", "name": "Best Western Plus Lozenets", "building": "hotel", "landuse": null, "leisure": null, "natural": null, "height": null, "levels": "6", "min_levels": null}, "geometry": {"type": "Polygon", "coordinates": [[[23.3261965, 42.6782446], [23.3262055, 42.6783881], [23.3260197, 42.6783944], [23.3260107, 42.6782509], [23.3261787, 42.6782452], [23.3261965, 42.6782446]]]}}, {"type": "Feature", "properties": {"osm_id": 259451696, "kind": "building", "name": null, "building": "apartments", "landuse": null, "leisure": null, "natural": null, "height": null, "levels": null, "min_levels": null}, "geometry": {"type": "Polygon", "coordinates": [[[23.3255387, 42.6787541], [23.3260023, 42.6786847], [23.3259707, 42.6785706], [23.3255071, 42.67864], [23.3255387, 42.6787541]]]}}, {"type": "Feature", "properties": {"osm_id": 259451697, "kind": "building", "name": null, "building": "apartments", "landuse": null, "leisure": null, "natural": null, "height": null, "levels": "4", "min_levels": null}, "geometry": {"type": "Polygon", "coordinates": [[[23.3268772, 42.67834], [23.3271319, 42.6783226], [23.3271187, 42.6782176], [23.326864, 42.6782349], [23.3268772, 42.67834]]]}}, {"type": "Feature", "properties": {"osm_id": 259451698, "kind": "building", "name": null, "building": "apartments", "landuse": null, "leisure": null, "natural": null, "height": null, "levels": "4", "min_levels": null}, "geometry": {"type": "Polygon", "coordinates": [[[23.3246641, 42.6784566], [23.3248686, 42.6784511], [23.3248613, 42.6783184], [23.324657, 42.6783249], [23.3246641, 42.6784566]]]}}, {"type": "Feature", "properties": {"osm_id": 259451699, "kind": "building", "name": null, "building": "apartments", "landuse": null, "leisure": null, "natural": null, "height": null, "levels": null, "min_levels": null}, "geometry": {"type": "Polygon", "coordinates": [[[23.3236907, 42.678969], [23.3238654, 42.6789548], [23.3238303, 42.6787204], [23.3236556, 42.6787346], [23.3236907, 42.678969]]]}}, {"type": "Feature", "properties": {"osm_id": 259451701, "kind": "building", "name": null, "building": "apartments", "landuse": null, "leisure": null, "natural": null, "height": null, "levels": null, "min_levels": null}, "geometry": {"type": "Polygon", "coordinates": [[[23.3242701, 42.6787443], [23.3245247, 42.6787182], [23.3245036, 42.6786061], [23.3242489, 42.6786321], [23.3242701, 42.6787443]]]}}, {"type": "Feature", "properties": {"osm_id": 259451702, "kind": "building", "name": null, "building": "apartments", "landuse": null, "leisure": null, "natural": null, "height": null, "levels": "6", "min_levels": null}, "geometry": {"type": "Polygon", "coordinates": [[[23.3266251, 42.6782488], [23.3266365, 42.6783446], [23.3267569, 42.6783371], [23.3267459, 42.6782413], [23.3266377, 42.678248], [23.3266251, 42.6782488]]]}}, {"type": "Feature", "properties": {"osm_id": 259451705, "kind": "building", "name": null, "building": "apartments", "landuse": null, "leisure": null, "natural": null, "height": null, "levels": "4", "min_levels": null}, "geometry": {"type": "Polygon", "coordinates": [[[23.3242486, 42.6784839], [23.3245776, 42.6784691], [23.324568, 42.6783537], [23.324239, 42.6783685], [23.3242486, 42.6784839]]]}}, {"type": "Feature", "properties": {"osm_id": 259451706, "kind": "building", "name": null, "building": "apartments", "landuse": null, "leisure": null, "natural": null, "height": null, "levels": "5", "min_levels": null}, "geometry": {"type": "Polygon", "coordinates": [[[23.3252088, 42.6784228], [23.3256034, 42.6784131], [23.3255979, 42.6782906], [23.3252033, 42.6783002], [23.3252088, 42.6784228]]]}}, {"type": "Feature", "properties": {"osm_id": 259451707, "kind": "building", "name": null, "building": "apartments", "landuse": null, "leisure": null, "natural": null, "height": null, "levels": "5", "min_levels": null}, "geometry": {"type": "Polygon", "coordinates": [[[23.3256997, 42.6784149], [23.3259413, 42.6784045], [23.3259305, 42.6782689], [23.3256889, 42.6782793], [23.3256997, 42.6784149]]]}}, {"type": "Feature", "properties": {"osm_id": 259451708, "kind": "building", "name": null, "building": "apartments", "landuse": null, "leisure": null, "natural": null, "height": null, "levels": "4", "min_levels": null}, "geometry": {"type": "Polygon", "coordinates": [[[23.3251766, 42.6786218], [23.3253408, 42.6786255], [23.3253458, 42.6785035], [23.3251816, 42.6784999], [23.3251766, 42.6786218]]]}}, {"type": "Feature", "properties": {"osm_id": 259451709, "kind": "building", "name": null, "building": "apartments", "landuse": null, "leisure": null, "natural": null, "height": null, "levels": null, "min_levels": null}, "geometry": {"type": "Polygon", "coordinates": [[[23.3265741, 42.6785884], [23.3268143, 42.6785507], [23.3267834, 42.6784444], [23.3265432, 42.6784821], [23.3265741, 42.6785884]]]}}, {"type": "Feature", "properties": {"osm_id": 259451710, "kind": "building", "name": null, "building": "apartments", "landuse": null, "leisure": null, "natural": null, "height": null, "levels": "7", "min_levels": null}, "geometry": {"type": "Polygon", "coordinates": [[[23.3248249, 42.6788429], [23.3250209, 42.6788385], [23.3250076, 42.6785229], [23.3248117, 42.6785273], [23.3248249, 42.6788429]]]}}, {"type": "Feature", "properties": {"osm_id": 259451711, "kind": "building", "name": null, "building": "apartments", "landuse": null, "leisure": null, "natural": null, "height": null, "levels": "7", "min_levels": null}, "geometry": {"type": "Polygon", "coordinates": [[[23.3236234, 42.6784916], [23.323961, 42.6784773], [23.3239507, 42.6783598], [23.3237205, 42.6783691], [23.3236148, 42.6783733], [23.3236234, 42.6784916]]]}}, {"type": "Feature", "properties": {"osm_id": 259451713, "kind": "building", "name": null, "building": "detached", "landuse": null, "leisure": null, "natural": null, "height": null, "levels": null, "min_levels": null}, "geometry": {"type": "Polygon", "coordinates": [[[23.324034, 42.6787797], [23.3241565, 42.6787709], [23.3241414, 42.6786574], [23.3240189, 42.6786662], [23.324034, 42.6787797]]]}}, {"type": "Feature", "properties": {"osm_id": 259451714, "kind": "building", "name": null, "building": "apartments", "landuse": null, "leisure": null, "natural": null, "height": null, "levels": "4", "min_levels": null}, "geometry": {"type": "Polygon", "coordinates": [[[23.3252008, 42.678825], [23.3254364, 42.6787885], [23.3254101, 42.6786968], [23.3251745, 42.6787333], [23.3252008, 42.678825]]]}}, {"type": "Feature", "properties": {"osm_id": 259451717, "kind": "building", "name": null, "building": "apartments", "landuse": null, "leisure": null, "natural": null, "height": null, "levels": null, "min_levels": null}, "geometry": {"type": "Polygon", "coordinates": [[[23.3261181, 42.6786712], [23.3264808, 42.6786152], [23.3264455, 42.6784917], [23.3260828, 42.6785477], [23.3261181, 42.6786712]]]}}, {"type": "Feature", "properties": {"osm_id": 259451718, "kind": "building", "name": null, "building": "apartments", "landuse": null, "leisure": null, "natural": null, "height": null, "levels": null, "min_levels": null}, "geometry": {"type": "Polygon", "coordinates": [[[23.3269415, 42.6785469], [23.3271994, 42.6785083], [23.3271697, 42.678401], [23.3269118, 42.6784396], [23.3269415, 42.6785469]]]}}, {"type": "Feature", "properties": {"osm_id": 262533936, "kind": "building", "name": null, "building": "apartments", "landuse": null, "leisure": null, "natural": null, "height": null, "levels": "7", "min_levels": null}, "geometry": {"type": "Polygon", "coordinates": [[[23.3296086, 42.6700355], [23.3295854, 42.6698748], [23.3298047, 42.6698577], [23.3298279, 42.6700184], [23.3297106, 42.6700275], [23.3296086, 42.6700355]]]}}, {"type": "Feature", "properties": {"osm_id": 262533937, "kind": "building", "name": null, "building": "apartments", "landuse": null, "leisure": null, "natural": null, "height": null, "levels": "6", "min_levels": null}, "geometry": {"type": "Polygon", "coordinates": [[[23.3298978, 42.6697513], [23.329862, 42.669464], [23.3296066, 42.6694812], [23.3296228, 42.6696176], [23.3297026, 42.6696122], [23.3297221, 42.6697632], [23.3298978, 42.6697513]]]}}, {"type": "Feature", "properties": {"osm_id": 262534771, "kind": "building", "name": "\"July\" business centre", "building": "office", "landuse": null, "leisure": null, "natural": null, "height": null, "levels": "8", "min_levels": null}, "geometry": {"type": "Polygon", "coordinates": [[[23.3287421, 42.6705465], [23.3287206, 42.6703981], [23.3289585, 42.6703795], [23.32898, 42.6705279], [23.3287421, 42.6705465]]]}}, {"type": "Feature", "properties": {"osm_id": 262540558, "kind": "building", "name": null, "building": "apartments", "landuse": null, "leisure": null, "natural": null, "height": null, "levels": "5", "min_levels": null}, "geometry": {"type": "Polygon", "coordinates": [[[23.3310185, 42.6723815], [23.3310753, 42.6723777], [23.3312407, 42.6723666], [23.3312375, 42.6723405], [23.3312186, 42.6721884], [23.3310019, 42.6722029], [23.3309739, 42.6722048], [23.330994, 42.6723664], [23.3310185, 42.6723815]]]}}, {"type": "Feature", "properties": {"osm_id": 262540559, "kind": "building", "name": null, "building": "apartments", "landuse": null, "leisure": null, "natural": null, "height": null, "levels": null, "min_levels": null}, "geometry": {"type": "Polygon", "coordinates": [[[23.3276145, 42.6713109], [23.3275888, 42.6710745], [23.3278807, 42.6710574], [23.3281726, 42.6710402], [23.3282099, 42.6713841], [23.3279499, 42.6713993], [23.3279402, 42.67131], [23.3280235, 42.6713052], [23.3280177, 42.6712517], [23.3277473, 42.6712676], [23.3277511, 42.6713029], [23.3276145, 42.6713109]]]}}, {"type": "Feature", "properties": {"osm_id": 262545183, "kind": "building", "name": null, "building": "apartments", "landuse": null, "leisure": null, "natural": null, "height": null, "levels": null, "min_levels": null}, "geometry": {"type": "Polygon", "coordinates": [[[23.3273872, 42.6734368], [23.3274399, 42.6732841], [23.3276904, 42.673335], [23.3276311, 42.6734876], [23.3273872, 42.6734368]]]}}, {"type": "Feature", "properties": {"osm_id": 262545663, "kind": "building", "name": null, "building": "apartments", "landuse": null, "leisure": null, "natural": null, "height": null, "levels": null, "min_levels": null}, "geometry": {"type": "Polygon", "coordinates": [[[23.3266047, 42.6737471], [23.3263617, 42.6736822], [23.3264766, 42.673445], [23.3267328, 42.6735068], [23.3266047, 42.6737471]]]}}, {"type": "Feature", "properties": {"osm_id": 263343690, "kind": "building", "name": null, "building": "apartments", "landuse": null, "leisure": null, "natural": null, "height": null, "levels": "6", "min_levels": null}, "geometry": {"type": "Polygon", "coordinates": [[[23.3263442, 42.6719103], [23.3261748, 42.6719199], [23.3261488, 42.6716038], [23.3263149, 42.6715966], [23.3263298, 42.671756], [23.3263388, 42.6718521], [23.3263442, 42.6719103]]]}}, {"type": "Feature", "properties": {"osm_id": 263343691, "kind": "building", "name": null, "building": "apartments", "landuse": null, "leisure": null, "natural": null, "height": null, "levels": null, "min_levels": null}, "geometry": {"type": "Polygon", "coordinates": [[[23.3283255, 42.674019], [23.3282057, 42.6739859], [23.3282304, 42.6739379], [23.3279805, 42.6737835], [23.3280101, 42.6737299], [23.3283549, 42.6737169], [23.3284616, 42.6737456], [23.3284055, 42.6738585], [23.3283581, 42.6739539], [23.3283255, 42.674019]]]}}, {"type": "Feature", "properties": {"osm_id": 263343692, "kind": "green", "name": null, "building": null, "landuse": null, "leisure": null, "natural": "scrub", "height": null, "levels": null, "min_levels": null}, "geometry": {"type": "Polygon", "coordinates": [[[23.3295752, 42.6744941], [23.3295987, 42.6744575], [23.3296766, 42.674336], [23.3297397, 42.6742376], [23.3290111, 42.6739851], [23.3288466, 42.6742416], [23.3295752, 42.6744941]]]}}, {"type": "Feature", "properties": {"osm_id": 263345346, "kind": "building", "name": null, "building": "apartments", "landuse": null, "leisure": null, "natural": null, "height": null, "levels": "6", "min_levels": null}, "geometry": {"type": "Polygon", "coordinates": [[[23.3307391, 42.6727634], [23.3306062, 42.6727708], [23.3305951, 42.6726627], [23.3305809, 42.6725247], [23.3308394, 42.6725103], [23.3307391, 42.6727634]]]}}, {"type": "Feature", "properties": {"osm_id": 263349000, "kind": "building", "name": "Karoll", "building": "office", "landuse": null, "leisure": null, "natural": null, "height": null, "levels": "4", "min_levels": null}, "geometry": {"type": "Polygon", "coordinates": [[[23.3342481, 42.6740679], [23.3342955, 42.6740455], [23.3343468, 42.6739927], [23.3345098, 42.6740787], [23.3343093, 42.6743156], [23.3342105, 42.6743285], [23.3341035, 42.6740576], [23.3342369, 42.6740385], [23.3342481, 42.6740679]]]}}, {"type": "Feature", "properties": {"osm_id": 263349001, "kind": "building", "name": null, "building": "apartments", "landuse": null, "leisure": null, "natural": null, "height": null, "levels": null, "min_levels": null}, "geometry": {"type": "Polygon", "coordinates": [[[23.3340708, 42.673662], [23.3342491, 42.6737686], [23.3343084, 42.6737149], [23.3341301, 42.6736084], [23.3340708, 42.673662]]]}}, {"type": "Feature", "properties": {"osm_id": 263349003, "kind": "building", "name": null, "building": "apartments", "landuse": null, "leisure": null, "natural": null, "height": null, "levels": null, "min_levels": null}, "geometry": {"type": "Polygon", "coordinates": [[[23.3351413, 42.6734154], [23.3349598, 42.6733215], [23.3350589, 42.673218], [23.3352404, 42.6733119], [23.3351413, 42.6734154]]]}}, {"type": "Feature", "properties": {"osm_id": 263349004, "kind": "building", "name": null, "building": "apartments", "landuse": null, "leisure": null, "natural": null, "height": null, "levels": "6", "min_levels": null}, "geometry": {"type": "Polygon", "coordinates": [[[23.3354054, 42.6731571], [23.3352035, 42.6730528], [23.3352752, 42.6729637], [23.3354923, 42.6730796], [23.3354308, 42.6731418], [23.3354054, 42.6731571]]]}}, {"type": "Feature", "properties": {"osm_id": 263349287, "kind": "building", "name": null, "building": "apartments", "landuse": null, "leisure": null, "natural": null, "height": null, "levels": null, "min_levels": null}, "geometry": {"type": "Polygon", "coordinates": [[[23.3344132, 42.6717097], [23.3345434, 42.6716236], [23.3344674, 42.6715609], [23.3343374, 42.6716489], [23.3344132, 42.6717097]]]}}, {"type": "Feature", "properties": {"osm_id": 263349288, "kind": "building", "name": null, "building": "apartments", "landuse": null, "leisure": null, "natural": null, "height": null, "levels": null, "min_levels": null}, "geometry": {"type": "Polygon", "coordinates": [[[23.3346368, 42.6723592], [23.3347015, 42.6724077], [23.3348349, 42.672311], [23.3347701, 42.6722626], [23.3347207, 42.6722985], [23.3347112, 42.6723054], [23.3346368, 42.6723592]]]}}, {"type": "Feature", "properties": {"osm_id": 263350019, "kind": "building", "name": null, "building": "apartments", "landuse": null, "leisure": null, "natural": null, "height": null, "levels": null, "min_levels": null}, "geometry": {"type": "Polygon", "coordinates": [[[23.3341201, 42.671958], [23.3342761, 42.6718572], [23.334163, 42.6717605], [23.3340042, 42.6718629], [23.3341201, 42.671958]]]}}, {"type": "Feature", "properties": {"osm_id": 263350020, "kind": "building", "name": null, "building": "apartments", "landuse": null, "leisure": null, "natural": null, "height": null, "levels": null, "min_levels": null}, "geometry": {"type": "Polygon", "coordinates": [[[23.3339222, 42.6715039], [23.3338205, 42.6714102], [23.3341208, 42.6712339], [23.3342936, 42.671393], [23.3341852, 42.6714567], [23.334114, 42.6713912], [23.3339222, 42.6715039]]]}}, {"type": "Feature", "properties": {"osm_id": 268548243, "kind": "building", "name": null, "building": "apartments", "landuse": null, "leisure": null, "natural": null, "height": null, "levels": null, "min_levels": null}, "geometry": {"type": "Polygon", "coordinates": [[[23.3280623, 42.6769309], [23.3280563, 42.6768093], [23.3279705, 42.6768115], [23.3279718, 42.6768381], [23.327958, 42.6768385], [23.3279442, 42.6768388], [23.3279437, 42.6768284], [23.3277707, 42.676833], [23.3277729, 42.6768794], [23.3277566, 42.6768799], [23.3277403, 42.6768803], [23.3277397, 42.6768681], [23.3275635, 42.6768729], [23.327564, 42.6768833], [23.3275447, 42.6768838], [23.3275254, 42.6768843], [23.3275228, 42.6768338], [23.3273487, 42.6768387], [23.3273491, 42.6768466], [23.3273305, 42.6768471], [23.3273119, 42.6768476], [23.327309, 42.6767935], [23.3271333, 42.6767985], [23.3271343, 42.6768173], [23.3271153, 42.6768178], [23.3270963, 42.6768183], [23.3270934, 42.676762], [23.3269924, 42.6767648], [23.3269989, 42.6768876], [23.3271324, 42.6768838], [23.3271345, 42.6769227], [23.3273547, 42.6769164], [23.3273568, 42.6769564], [23.3275749, 42.6769502], [23.3275772, 42.6769935], [23.3277582, 42.6769883], [23.3277559, 42.6769444], [23.3277749, 42.6769438], [23.3277751, 42.6769478], [23.3279539, 42.676943], [23.3279534, 42.6769338], [23.3280623, 42.6769309]]]}}, {"type": "Feature", "properties": {"osm_id": 268548244, "kind": "building", "name": null, "building": "apartments", "landuse": null, "leisure": null, "natural": null, "height": null, "levels": null, "min_levels": null}, "geometry": {"type": "Polygon", "coordinates": [[[23.3282114, 42.6770465], [23.3283049, 42.6770446], [23.3283041, 42.6770218], [23.3283605, 42.6770207], [23.3283615, 42.6770491], [23.3284665, 42.677047], [23.3284633, 42.6769607], [23.3284902, 42.6769602], [23.3284855, 42.6768346], [23.3284535, 42.6768353], [23.3284518, 42.6767898], [23.3282901, 42.6767931], [23.3282921, 42.6768454], [23.3282807, 42.6768456], [23.3282698, 42.6768459], [23.3282684, 42.6768085], [23.3281972, 42.67681], [23.3281994, 42.67687], [23.3281857, 42.6768702], [23.328188, 42.6769332], [23.3282071, 42.6769328], [23.3282114, 42.6770465]]]}}, {"type": "Feature", "properties": {"osm_id": 268549418, "kind": "building", "name": null, "building": "government", "landuse": null, "leisure": null, "natural": null, "height": null, "levels": null, "min_levels": null}, "geometry": {"type": "Polygon", "coordinates": [[[23.3301454, 42.6754428], [23.330215, 42.675333], [23.3300401, 42.675273], [23.3299704, 42.6753829], [23.3301454, 42.6754428]]]}}, {"type": "Feature", "properties": {"osm_id": 288712088, "kind": "building", "name": null, "building": "apartments", "landuse": null, "leisure": null, "natural": null, "height": null, "levels": null, "min_levels": null}, "geometry": {"type": "Polygon", "coordinates": [[[23.326589, 42.6729296], [23.3268268, 42.6729701], [23.3268525, 42.6728881], [23.3266147, 42.6728477], [23.326589, 42.6729296]]]}}, {"type": "Feature", "properties": {"osm_id": 288712090, "kind": "building", "name": null, "building": "detached", "landuse": null, "leisure": null, "natural": null, "height": null, "levels": "2", "min_levels": null}, "geometry": {"type": "Polygon", "coordinates": [[[23.3268286, 42.6727969], [23.3266055, 42.6728058], [23.3265986, 42.6727123], [23.3268218, 42.6727035], [23.3268286, 42.6727969]]]}}, {"type": "Feature", "properties": {"osm_id": 288712091, "kind": "building", "name": "Водна кула", "building": "yes", "landuse": null, "leisure": null, "natural": null, "height": "27", "levels": null, "min_levels": null}, "geometry": {"type": "Polygon", "coordinates": [[[23.3262341, 42.6727036], [23.3262165, 42.6727062], [23.326201, 42.6727128], [23.3261892, 42.6727228], [23.3261824, 42.672735], [23.3261814, 42.6727482], [23.3261863, 42.6727609], [23.3261965, 42.6727718], [23.3262109, 42.6727796], [23.326228, 42.6727837], [23.3262461, 42.6727834], [23.326263, 42.6727788], [23.326277, 42.6727703], [23.3262865, 42.672759], [23.3262905, 42.6727461], [23.3262885, 42.6727329], [23.3262808, 42.6727209], [23.3262681, 42.6727114], [23.326252, 42.6727054], [23.3262341, 42.6727036]]]}}, {"type": "Feature", "properties": {"osm_id": 293672653, "kind": "building", "name": null, "building": "apartments", "landuse": null, "leisure": null, "natural": null, "height": null, "levels": "4", "min_levels": null}, "geometry": {"type": "Polygon", "coordinates": [[[23.333136, 42.6715281], [23.3331667, 42.6715415], [23.3332647, 42.6715266], [23.333258, 42.6715022], [23.3333076, 42.6714946], [23.3332622, 42.6713804], [23.333223, 42.6713894], [23.3332061, 42.6713486], [23.3330734, 42.6713822], [23.333136, 42.6715281]]]}}, {"type": "Feature", "properties": {"osm_id": 293672654, "kind": "building", "name": null, "building": "apartments", "landuse": null, "leisure": null, "natural": null, "height": null, "levels": "2", "min_levels": null}, "geometry": {"type": "Polygon", "coordinates": [[[23.3317759, 42.6709297], [23.331897, 42.6709223], [23.3318844, 42.6708106], [23.3317634, 42.670818], [23.3317759, 42.6709297]]]}}, {"type": "Feature", "properties": {"osm_id": 293672655, "kind": "building", "name": null, "building": "apartments", "landuse": null, "leisure": null, "natural": null, "height": null, "levels": "2", "min_levels": null}, "geometry": {"type": "Polygon", "coordinates": [[[23.3319878, 42.6709848], [23.3321255, 42.6709795], [23.3321187, 42.6708835], [23.331981, 42.6708888], [23.3319878, 42.6709848]]]}}, {"type": "Feature", "properties": {"osm_id": 293672656, "kind": "building", "name": null, "building": "apartments", "landuse": null, "leisure": null, "natural": null, "height": null, "levels": "2", "min_levels": null}, "geometry": {"type": "Polygon", "coordinates": [[[23.3322046, 42.6709024], [23.3323797, 42.6708918], [23.3323669, 42.6707776], [23.3321918, 42.6707882], [23.3322046, 42.6709024]]]}}, {"type": "Feature", "properties": {"osm_id": 293672657, "kind": "building", "name": null, "building": "house", "landuse": null, "leisure": null, "natural": null, "height": null, "levels": "1", "min_levels": null}, "geometry": {"type": "Polygon", "coordinates": [[[23.3337857, 42.6720596], [23.3338918, 42.6720001], [23.3338099, 42.6719211], [23.3337037, 42.6719806], [23.3337857, 42.6720596]]]}}, {"type": "Feature", "properties": {"osm_id": 293672658, "kind": "building", "name": null, "building": "house", "landuse": null, "leisure": null, "natural": null, "height": null, "levels": "1", "min_levels": null}, "geometry": {"type": "Polygon", "coordinates": [[[23.3336376, 42.6719249], [23.3337232, 42.6718743], [23.3336452, 42.671803], [23.3335596, 42.6718536], [23.3336376, 42.6719249]]]}}, {"type": "Feature", "properties": {"osm_id": 293672659, "kind": "building", "name": null, "building": "apartments", "landuse": null, "leisure": null, "natural": null, "height": null, "levels": "6", "min_levels": null}, "geometry": {"type": "Polygon", "coordinates": [[[23.3330734, 42.6713822], [23.3332061, 42.6713486], [23.3333808, 42.6713044], [23.3333191, 42.6711728], [23.3330118, 42.6712507], [23.3330423, 42.6713158], [23.3330734, 42.6713822]]]}}, {"type": "Feature", "properties": {"osm_id": 293672661, "kind": "building", "name": null, "building": "apartments", "landuse": null, "leisure": null, "natural": null, "height": null, "levels": null, "min_levels": null}, "geometry": {"type": "Polygon", "coordinates": [[[23.3313619, 42.6711137], [23.3316878, 42.6710875], [23.3316811, 42.6710423], [23.3316716, 42.6709789], [23.3313457, 42.6710051], [23.3313619, 42.6711137]]]}}, {"type": "Feature", "properties": {"osm_id": 293672662, "kind": "building", "name": null, "building": "apartments", "landuse": null, "leisure": null, "natural": null, "height": null, "levels": "5", "min_levels": null}, "geometry": {"type": "Polygon", "coordinates": [[[23.3309029, 42.6715685], [23.3309789, 42.6715636], [23.3310548, 42.6715586], [23.3310413, 42.6714466], [23.3308894, 42.6714565], [23.3309029, 42.6715685]]]}}, {"type": "Feature", "properties": {"osm_id": 293672663, "kind": "building", "name": null, "building": "apartments", "landuse": null, "leisure": null, "natural": null, "height": null, "levels": "2", "min_levels": null}, "geometry": {"type": "Polygon", "coordinates": [[[23.3309319, 42.6709902], [23.3307926, 42.671], [23.3307797, 42.6709018], [23.330919, 42.6708919], [23.3309319, 42.6709902]]]}}, {"type": "Feature", "properties": {"osm_id": 293672664, "kind": "building", "name": null, "building": "house", "landuse": null, "leisure": null, "natural": null, "height": null, "levels": "3", "min_levels": null}, "geometry": {"type": "Polygon", "coordinates": [[[23.3312312, 42.6709723], [23.3312911, 42.6709678], [23.3313988, 42.6709596], [23.3313812, 42.6708344], [23.3312136, 42.6708471], [23.3312312, 42.6709723]]]}}, {"type": "Feature", "properties": {"osm_id": 293672665, "kind": "building", "name": null, "building": "apartments", "landuse": null, "leisure": null, "natural": null, "height": null, "levels": "3", "min_levels": null}, "geometry": {"type": "Polygon", "coordinates": [[[23.3308729, 42.6713749], [23.3310415, 42.6713649], [23.3310307, 42.6712673], [23.3308622, 42.6712774], [23.3308729, 42.6713749]]]}}, {"type": "Feature", "properties": {"osm_id": 293672667, "kind": "building", "name": null, "building": "apartments", "landuse": null, "leisure": null, "natural": null, "height": null, "levels": null, "min_levels": null}, "geometry": {"type": "Polygon", "coordinates": [[[23.3314659, 42.6709374], [23.3315603, 42.6709319], [23.3315595, 42.6709243], [23.3315587, 42.6709166], [23.3316317, 42.6709123], [23.3316193, 42.6707982], [23.3314519, 42.6708079], [23.3314659, 42.6709374]]]}}, {"type": "Feature", "properties": {"osm_id": 302155894, "kind": "building", "name": null, "building": "apartments", "landuse": null, "leisure": null, "natural": null, "height": null, "levels": "3", "min_levels": null}, "geometry": {"type": "Polygon", "coordinates": [[[23.3248633, 42.6711009], [23.3251611, 42.6710807], [23.3251451, 42.6709529], [23.3248473, 42.6709731], [23.3248633, 42.6711009]]]}}, {"type": "Feature", "properties": {"osm_id": 302155895, "kind": "building", "name": null, "building": "apartments", "landuse": null, "leisure": null, "natural": null, "height": null, "levels": "3", "min_levels": null}, "geometry": {"type": "Polygon", "coordinates": [[[23.3239165, 42.6708812], [23.324074, 42.67087], [23.3240623, 42.6707815], [23.3239048, 42.6707928], [23.3239137, 42.6708604], [23.3239165, 42.6708812]]]}}, {"type": "Feature", "properties": {"osm_id": 302155896, "kind": "building", "name": null, "building": "residential", "landuse": null, "leisure": null, "natural": null, "height": null, "levels": "4", "min_levels": null}, "geometry": {"type": "Polygon", "coordinates": [[[23.3260836, 42.6702798], [23.3260855, 42.670302], [23.326217, 42.6702962], [23.3262095, 42.6702059], [23.3260162, 42.6702145], [23.3260218, 42.6702825], [23.3260527, 42.6702812], [23.3260836, 42.6702798]]]}}, {"type": "Feature", "properties": {"osm_id": 302155897, "kind": "building", "name": null, "building": "apartments", "landuse": null, "leisure": null, "natural": null, "height": null, "levels": "5", "min_levels": null}, "geometry": {"type": "Polygon", "coordinates": [[[23.3263759, 42.6700686], [23.3266222, 42.6700552], [23.3266125, 42.6699579], [23.3263662, 42.6699713], [23.3263759, 42.6700686]]]}}, {"type": "Feature", "properties": {"osm_id": 302155898, "kind": "building", "name": null, "building": "residential", "landuse": null, "leisure": null, "natural": null, "height": null, "levels": "2", "min_levels": null}, "geometry": {"type": "Polygon", "coordinates": [[[23.3280901, 42.6709204], [23.3281205, 42.6709181], [23.3282273, 42.67091], [23.3282109, 42.6707942], [23.3280738, 42.6708047], [23.3280901, 42.6709204]]]}}, {"type": "Feature", "properties": {"osm_id": 302155899, "kind": "building", "name": null, "building": "apartments", "landuse": null, "leisure": null, "natural": null, "height": null, "levels": "6", "min_levels": null}, "geometry": {"type": "Polygon", "coordinates": [[[23.3260653, 42.6710474], [23.3261505, 42.6710428], [23.3262802, 42.6710358], [23.3262684, 42.6709181], [23.3262651, 42.6708846], [23.326016, 42.6708971], [23.3260266, 42.6710223], [23.3260626, 42.6710207], [23.3260653, 42.6710474]]]}}, {"type": "Feature", "properties": {"osm_id": 302155901, "kind": "building", "name": null, "building": "apartments", "landuse": null, "leisure": null, "natural": null, "height": null, "levels": "2", "min_levels": null}, "geometry": {"type": "Polygon", "coordinates": [[[23.3243859, 42.6714736], [23.3244955, 42.6714695], [23.3246051, 42.6714654], [23.324598, 42.6713612], [23.3243788, 42.6713693], [23.3243859, 42.6714736]]]}}, {"type": "Feature", "properties": {"osm_id": 302155902, "kind": "building", "name": null, "building": "apartments", "landuse": null, "leisure": null, "natural": null, "height": null, "levels": "5", "min_levels": null}, "geometry": {"type": "Polygon", "coordinates": [[[23.3260262, 42.6701609], [23.32616, 42.6701527], [23.3261552, 42.6701101], [23.3261441, 42.6700121], [23.3260103, 42.6700203], [23.3260262, 42.6701609]]]}}, {"type": "Feature", "properties": {"osm_id": 302155903, "kind": "building", "name": null, "building": "apartments", "landuse": null, "leisure": null, "natural": null, "height": null, "levels": null, "min_levels": null}, "geometry": {"type": "Polygon", "coordinates": [[[23.3275697, 42.670954], [23.3276989, 42.6709453], [23.3278282, 42.6709365], [23.3278113, 42.670802], [23.3275528, 42.6708196], [23.3275697, 42.670954]]]}}, {"type": "Feature", "properties": {"osm_id": 302155905, "kind": "building", "name": null, "building": "apartments", "landuse": null, "leisure": null, "natural": null, "height": null, "levels": null, "min_levels": null}, "geometry": {"type": "Polygon", "coordinates": [[[23.3271148, 42.6709894], [23.3272764, 42.6709798], [23.3272675, 42.6708992], [23.3271675, 42.6709052], [23.3271655, 42.6708879], [23.3271039, 42.6708916], [23.3271148, 42.6709894]]]}}, {"type": "Feature", "properties": {"osm_id": 302155906, "kind": "building", "name": "Хотел Калифорния", "building": "hotel", "landuse": null, "leisure": null, "natural": null, "height": null, "levels": "4", "min_levels": null}, "geometry": {"type": "Polygon", "coordinates": [[[23.3258331, 42.6710318], [23.3259299, 42.6710271], [23.3260266, 42.6710223], [23.326016, 42.6708971], [23.3258209, 42.6709065], [23.3258331, 42.6710318]]]}}, {"type": "Feature", "properties": {"osm_id": 302155908, "kind": "building", "name": null, "building": "apartments", "landuse": null, "leisure": null, "natural": null, "height": null, "levels": "3", "min_levels": null}, "geometry": {"type": "Polygon", "coordinates": [[[23.3244219, 42.6711196], [23.3244454, 42.6711179], [23.3245271, 42.671112], [23.3245074, 42.6709643], [23.3244022, 42.6709718], [23.3244219, 42.6711196]]]}}, {"type": "Feature", "properties": {"osm_id": 302155912, "kind": "building", "name": null, "building": "apartments", "landuse": null, "leisure": null, "natural": null, "height": null, "levels": "4", "min_levels": null}, "geometry": {"type": "Polygon", "coordinates": [[[23.3239595, 42.6714933], [23.3240752, 42.6714861], [23.3241106, 42.6714839], [23.3240964, 42.6713612], [23.3239453, 42.6713706], [23.3239595, 42.6714933]]]}}, {"type": "Feature", "properties": {"osm_id": 302155915, "kind": "building", "name": null, "building": "detached", "landuse": null, "leisure": null, "natural": null, "height": null, "levels": "3", "min_levels": null}, "geometry": {"type": "Polygon", "coordinates": [[[23.3275643, 42.6704954], [23.3277045, 42.670487], [23.3276975, 42.6704242], [23.3276905, 42.6703613], [23.3275504, 42.6703697], [23.3275643, 42.6704954]]]}}, {"type": "Feature", "properties": {"osm_id": 302155919, "kind": "building", "name": null, "building": "apartments", "landuse": null, "leisure": null, "natural": null, "height": null, "levels": "3", "min_levels": null}, "geometry": {"type": "Polygon", "coordinates": [[[23.3251906, 42.671091], [23.3253185, 42.6710829], [23.3253056, 42.6709726], [23.3252926, 42.6708622], [23.3251647, 42.6708703], [23.3251906, 42.671091]]]}}, {"type": "Feature", "properties": {"osm_id": 302155920, "kind": "building", "name": null, "building": "apartments", "landuse": null, "leisure": null, "natural": null, "height": null, "levels": "3", "min_levels": null}, "geometry": {"type": "Polygon", "coordinates": [[[23.3261321, 42.6714913], [23.3263214, 42.6714878], [23.3263154, 42.6713131], [23.3263119, 42.6712093], [23.3261225, 42.6712128], [23.3261321, 42.6714913]]]}}, {"type": "Feature", "properties": {"osm_id": 302155922, "kind": "building", "name": null, "building": "apartments", "landuse": null, "leisure": null, "natural": null, "height": null, "levels": "2", "min_levels": null}, "geometry": {"type": "Polygon", "coordinates": [[[23.3253842, 42.6710693], [23.3254731, 42.6710638], [23.3255146, 42.6710612], [23.325616, 42.671055], [23.3256038, 42.670949], [23.3253716, 42.6709634], [23.3253828, 42.6710589], [23.3253842, 42.6710693]]]}}, {"type": "Feature", "properties": {"osm_id": 302155926, "kind": "building", "name": null, "building": "residential", "landuse": null, "leisure": null, "natural": null, "height": null, "levels": null, "min_levels": null}, "geometry": {"type": "Polygon", "coordinates": [[[23.3278594, 42.6709481], [23.3279572, 42.6709422], [23.328055, 42.6709363], [23.3280366, 42.6707725], [23.327841, 42.6707844], [23.3278594, 42.6709481]]]}}, {"type": "Feature", "properties": {"osm_id": 302155928, "kind": "building", "name": null, "building": "apartments", "landuse": null, "leisure": null, "natural": null, "height": null, "levels": null, "min_levels": null}, "geometry": {"type": "Polygon", "coordinates": [[[23.3245442, 42.6707677], [23.3247501, 42.670754], [23.3247374, 42.6706512], [23.3245616, 42.6706629], [23.3245315, 42.6706649], [23.3245442, 42.6707677]]]}}, {"type": "Feature", "properties": {"osm_id": 302155930, "kind": "building", "name": null, "building": "apartments", "landuse": null, "leisure": null, "natural": null, "height": null, "levels": "3", "min_levels": null}, "geometry": {"type": "Polygon", "coordinates": [[[23.3241767, 42.6714874], [23.3243098, 42.6714781], [23.3242922, 42.6713414], [23.3241591, 42.6713507], [23.3241741, 42.6714675], [23.3241767, 42.6714874]]]}}, {"type": "Feature", "properties": {"osm_id": 302155937, "kind": "building", "name": null, "building": "apartments", "landuse": null, "leisure": null, "natural": null, "height": null, "levels": null, "min_levels": null}, "geometry": {"type": "Polygon", "coordinates": [[[23.3273577, 42.6709667], [23.3274914, 42.6709587], [23.3274814, 42.6708682], [23.3273477, 42.6708761], [23.3273554, 42.6709463], [23.3273577, 42.6709667]]]}}, {"type": "Feature", "properties": {"osm_id": 302156583, "kind": "building", "name": null, "building": "apartments", "landuse": null, "leisure": null, "natural": null, "height": null, "levels": null, "min_levels": null}, "geometry": {"type": "Polygon", "coordinates": [[[23.3237842, 42.6700575], [23.3239888, 42.6700491], [23.3239833, 42.6699774], [23.3237787, 42.6699858], [23.3237828, 42.6700392], [23.3237842, 42.6700575]]]}}, {"type": "Feature", "properties": {"osm_id": 302156584, "kind": "building", "name": "Медицински център Иновамед", "building": "hospital", "landuse": null, "leisure": null, "natural": null, "height": null, "levels": null, "min_levels": null}, "geometry": {"type": "Polygon", "coordinates": [[[23.3247862, 42.6699876], [23.3249101, 42.669979], [23.3249029, 42.6699232], [23.3248901, 42.6699241], [23.3248857, 42.6698899], [23.324789, 42.6698966], [23.3247934, 42.6699308], [23.3247791, 42.6699317], [23.3247862, 42.6699876]]]}}, {"type": "Feature", "properties": {"osm_id": 302156897, "kind": "building", "name": null, "building": "apartments", "landuse": null, "leisure": null, "natural": null, "height": null, "levels": "3", "min_levels": null}, "geometry": {"type": "Polygon", "coordinates": [[[23.3235276, 42.6718493], [23.3236773, 42.6718403], [23.3238269, 42.6718314], [23.3238147, 42.6717211], [23.3235154, 42.6717389], [23.3235276, 42.6718493]]]}}, {"type": "Feature", "properties": {"osm_id": 302156898, "kind": "building", "name": null, "building": "apartments", "landuse": null, "leisure": null, "natural": null, "height": null, "levels": null, "min_levels": null}, "geometry": {"type": "Polygon", "coordinates": [[[23.3235705, 42.6720289], [23.3236949, 42.6720231], [23.3238192, 42.6720172], [23.3238103, 42.6719144], [23.3235616, 42.6719261], [23.3235705, 42.6720289]]]}}, {"type": "Feature", "properties": {"osm_id": 302156899, "kind": "building", "name": null, "building": "apartments", "landuse": null, "leisure": null, "natural": null, "height": null, "levels": null, "min_levels": null}, "geometry": {"type": "Polygon", "coordinates": [[[23.3234981, 42.6716719], [23.323597, 42.6716655], [23.3236959, 42.6716591], [23.3236833, 42.6715534], [23.3234855, 42.6715662], [23.3234981, 42.6716719]]]}}, {"type": "Feature", "properties": {"osm_id": 302157494, "kind": "building", "name": null, "building": "apartments", "landuse": null, "leisure": null, "natural": null, "height": null, "levels": "4", "min_levels": null}, "geometry": {"type": "Polygon", "coordinates": [[[23.331977, 42.6722904], [23.3321205, 42.6722822], [23.3321071, 42.6721557], [23.3319636, 42.6721639], [23.331977, 42.6722904]]]}}, {"type": "Feature", "properties": {"osm_id": 302157496, "kind": "building", "name": "Къща музей \"Панчо Владигеров\"", "building": "museum", "landuse": null, "leisure": null, "natural": null, "height": null, "levels": null, "min_levels": null}, "geometry": {"type": "Polygon", "coordinates": [[[23.3284375, 42.6721667], [23.3284425, 42.6722449], [23.3285173, 42.6722423], [23.3285202, 42.6722872], [23.3286439, 42.6722829], [23.3286361, 42.6721599], [23.3284375, 42.6721667]]]}}, {"type": "Feature", "properties": {"osm_id": 302157497, "kind": "building", "name": null, "building": "apartments", "landuse": null, "leisure": null, "natural": null, "height": null, "levels": null, "min_levels": null}, "geometry": {"type": "Polygon", "coordinates": [[[23.3300213, 42.672087], [23.3302064, 42.6720765], [23.3301944, 42.6719614], [23.3301823, 42.6718463], [23.3299972, 42.6718568], [23.3300213, 42.672087]]]}}, {"type": "Feature", "properties": {"osm_id": 302157498, "kind": "building", "name": null, "building": "detached", "landuse": null, "leisure": null, "natural": null, "height": null, "levels": "2", "min_levels": null}, "geometry": {"type": "Polygon", "coordinates": [[[23.3292273, 42.6720476], [23.3293647, 42.6720373], [23.3293508, 42.671937], [23.3292135, 42.6719473], [23.3292273, 42.6720476]]]}}, {"type": "Feature", "properties": {"osm_id": 302157499, "kind": "building", "name": null, "building": "detached", "landuse": null, "leisure": null, "natural": null, "height": null, "levels": "1", "min_levels": null}, "geometry": {"type": "Polygon", "coordinates": [[[23.3295063, 42.6720298], [23.3296374, 42.6720165], [23.3296217, 42.6719331], [23.3294906, 42.6719464], [23.3295063, 42.6720298]]]}}, {"type": "Feature", "properties": {"osm_id": 302157500, "kind": "building", "name": null, "building": "detached", "landuse": null, "leisure": null, "natural": null, "height": null, "levels": "2", "min_levels": null}, "geometry": {"type": "Polygon", "coordinates": [[[23.3296753, 42.6720426], [23.3298032, 42.6720301], [23.32978, 42.6719025], [23.3296521, 42.671915], [23.3296753, 42.6720426]]]}}, {"type": "Feature", "properties": {"osm_id": 302157501, "kind": "building", "name": null, "building": "apartments", "landuse": null, "leisure": null, "natural": null, "height": null, "levels": null, "min_levels": null}, "geometry": {"type": "Polygon", "coordinates": [[[23.327213, 42.672501], [23.3273332, 42.6724988], [23.3273274, 42.6723933], [23.3273285, 42.6723709], [23.3272071, 42.6723739], [23.327213, 42.672501]]]}}, {"type": "Feature", "properties": {"osm_id": 302157502, "kind": "building", "name": null, "building": "apartments", "landuse": null, "leisure": null, "natural": null, "height": null, "levels": null, "min_levels": null}, "geometry": {"type": "Polygon", "coordinates": [[[23.3269126, 42.6725385], [23.327163, 42.6725344], [23.3271595, 42.6724182], [23.3269091, 42.6724223], [23.3269126, 42.6725385]]]}}, {"type": "Feature", "properties": {"osm_id": 302157503, "kind": "building", "name": null, "building": "apartments", "landuse": null, "leisure": null, "natural": null, "height": null, "levels": "4", "min_levels": null}, "geometry": {"type": "Polygon", "coordinates": [[[23.3281447, 42.6721469], [23.3282788, 42.6721416], [23.3283334, 42.6721395], [23.3283246, 42.6720186], [23.3281359, 42.6720261], [23.3281447, 42.6721469]]]}}, {"type": "Feature", "properties": {"osm_id": 302157504, "kind": "building", "name": null, "building": "detached", "landuse": null, "leisure": null, "natural": null, "height": null, "levels": null, "min_levels": null}, "geometry": {"type": "Polygon", "coordinates": [[[23.3242465, 42.6720002], [23.3242768, 42.6719991], [23.3243932, 42.6719949], [23.3243861, 42.6718877], [23.3242393, 42.671893], [23.3242465, 42.6720002]]]}}, {"type": "Feature", "properties": {"osm_id": 302157505, "kind": "building", "name": null, "building": "apartments", "landuse": null, "leisure": null, "natural": null, "height": null, "levels": null, "min_levels": null}, "geometry": {"type": "Polygon", "coordinates": [[[23.3252818, 42.6719469], [23.3255097, 42.671935], [23.3255069, 42.6719058], [23.3254965, 42.671799], [23.3252686, 42.6718109], [23.3252789, 42.6719167], [23.3252818, 42.6719469]]]}}, {"type": "Feature", "properties": {"osm_id": 302157506, "kind": "building", "name": null, "building": "apartments", "landuse": null, "leisure": null, "natural": null, "height": null, "levels": null, "min_levels": null}, "geometry": {"type": "Polygon", "coordinates": [[[23.3306918, 42.6721619], [23.3308575, 42.6721478], [23.3308314, 42.6719824], [23.3306657, 42.6719965], [23.3306918, 42.6721619]]]}}, {"type": "Feature", "properties": {"osm_id": 302157507, "kind": "building", "name": null, "building": "house", "landuse": null, "leisure": null, "natural": null, "height": null, "levels": "2", "min_levels": null}, "geometry": {"type": "Polygon", "coordinates": [[[23.3313968, 42.6718294], [23.3314205, 42.6718279], [23.3314231, 42.6718495], [23.3314862, 42.6718454], [23.3314835, 42.6718237], [23.3314937, 42.671823], [23.3314813, 42.6717207], [23.3313844, 42.6717271], [23.3313968, 42.6718294]]]}}, {"type": "Feature", "properties": {"osm_id": 302157508, "kind": "building", "name": null, "building": "apartments", "landuse": null, "leisure": null, "natural": null, "height": null, "levels": null, "min_levels": null}, "geometry": {"type": "Polygon", "coordinates": [[[23.3250082, 42.6719549], [23.3250893, 42.6719515], [23.3252245, 42.6719459], [23.3252149, 42.6718207], [23.3249986, 42.6718296], [23.3250082, 42.6719549]]]}}, {"type": "Feature", "properties": {"osm_id": 302157510, "kind": "building", "name": null, "building": "apartments", "landuse": null, "leisure": null, "natural": null, "height": null, "levels": null, "min_levels": null}, "geometry": {"type": "Polygon", "coordinates": [[[23.3247507, 42.6719646], [23.3248338, 42.6719619], [23.3249168, 42.6719591], [23.3249091, 42.6718345], [23.3247431, 42.67184], [23.3247507, 42.6719646]]]}}, {"type": "Feature", "properties": {"osm_id": 302157511, "kind": "building", "name": null, "building": "detached", "landuse": null, "leisure": null, "natural": null, "height": null, "levels": null, "min_levels": null}, "geometry": {"type": "Polygon", "coordinates": [[[23.3305818, 42.6723926], [23.3307149, 42.6723849], [23.3307027, 42.6722703], [23.3305696, 42.672278], [23.3305818, 42.6723926]]]}}, {"type": "Feature", "properties": {"osm_id": 302157512, "kind": "building", "name": null, "building": "house", "landuse": null, "leisure": null, "natural": null, "height": null, "levels": "2", "min_levels": null}, "geometry": {"type": "Polygon", "coordinates": [[[23.3327182, 42.671874], [23.3328342, 42.671853], [23.3328069, 42.6717713], [23.3326909, 42.6717922], [23.3327182, 42.671874]]]}}, {"type": "Feature", "properties": {"osm_id": 302157513, "kind": "building", "name": null, "building": "apartments", "landuse": null, "leisure": null, "natural": null, "height": null, "levels": "4", "min_levels": null}, "geometry": {"type": "Polygon", "coordinates": [[[23.3290771, 42.672507], [23.329407, 42.6724867], [23.3293964, 42.6723945], [23.3290666, 42.6724149], [23.3290771, 42.672507]]]}}, {"type": "Feature", "properties": {"osm_id": 302157514, "kind": "building", "name": null, "building": "service", "landuse": null, "leisure": null, "natural": null, "height": null, "levels": null, "min_levels": null}, "geometry": {"type": "Polygon", "coordinates": [[[23.3312819, 42.6720732], [23.3314088, 42.6720623], [23.3313974, 42.6719903], [23.3312705, 42.6720012], [23.3312819, 42.6720732]]]}}, {"type": "Feature", "properties": {"osm_id": 302157515, "kind": "building", "name": null, "building": "apartments", "landuse": null, "leisure": null, "natural": null, "height": null, "levels": null, "min_levels": null}, "geometry": {"type": "Polygon", "coordinates": [[[23.3294956, 42.6724183], [23.3297291, 42.6724029], [23.3297129, 42.6722821], [23.3294794, 42.6722975], [23.3294956, 42.6724183]]]}}, {"type": "Feature", "properties": {"osm_id": 302157516, "kind": "building", "name": null, "building": "apartments", "landuse": null, "leisure": null, "natural": null, "height": null, "levels": "3", "min_levels": null}, "geometry": {"type": "Polygon", "coordinates": [[[23.3289779, 42.6720476], [23.3291462, 42.6720328], [23.3291255, 42.6719055], [23.3289572, 42.6719202], [23.32897, 42.6719987], [23.3289779, 42.6720476]]]}}, {"type": "Feature", "properties": {"osm_id": 302157517, "kind": "building", "name": null, "building": "apartments", "landuse": null, "leisure": null, "natural": null, "height": null, "levels": null, "min_levels": null}, "geometry": {"type": "Polygon", "coordinates": [[[23.3284597, 42.6725003], [23.3287943, 42.6724931], [23.3287897, 42.6723799], [23.3284551, 42.6723872], [23.3284597, 42.6725003]]]}}, {"type": "Feature", "properties": {"osm_id": 302157518, "kind": "building", "name": null, "building": "apartments", "landuse": null, "leisure": null, "natural": null, "height": null, "levels": "6", "min_levels": null}, "geometry": {"type": "Polygon", "coordinates": [[[23.3285005, 42.6716176], [23.3286562, 42.6716033], [23.3287505, 42.6715947], [23.3287232, 42.6714341], [23.3284732, 42.6714571], [23.3285005, 42.6716176]]]}}, {"type": "Feature", "properties": {"osm_id": 302157519, "kind": "building", "name": null, "building": "apartments", "landuse": null, "leisure": null, "natural": null, "height": null, "levels": "4", "min_levels": null}, "geometry": {"type": "Polygon", "coordinates": [[[23.3240426, 42.6720159], [23.3241248, 42.6720117], [23.3242071, 42.6720075], [23.324193, 42.6718581], [23.3240284, 42.6718666], [23.3240426, 42.6720159]]]}}, {"type": "Feature", "properties": {"osm_id": 302157520, "kind": "building", "name": null, "building": "semidetached_house", "landuse": null, "leisure": null, "natural": null, "height": null, "levels": "2", "min_levels": null}, "geometry": {"type": "Polygon", "coordinates": [[[23.3255418, 42.6719057], [23.3256323, 42.6719029], [23.3256277, 42.6718189], [23.3256226, 42.6717516], [23.3255313, 42.6717551], [23.3255418, 42.6719057]]]}}, {"type": "Feature", "properties": {"osm_id": 302157522, "kind": "building", "name": "ЧДГ „Жирафче“", "building": "kindergarten", "landuse": null, "leisure": null, "natural": null, "height": null, "levels": "3", "min_levels": null}, "geometry": {"type": "Polygon", "coordinates": [[[23.3305899, 42.6719429], [23.3306902, 42.6719333], [23.3307904, 42.6719237], [23.3307724, 42.6718226], [23.330572, 42.6718419], [23.3305899, 42.6719429]]]}}, {"type": "Feature", "properties": {"osm_id": 302157523, "kind": "building", "name": null, "building": "apartments", "landuse": null, "leisure": null, "natural": null, "height": null, "levels": null, "min_levels": null}, "geometry": {"type": "Polygon", "coordinates": [[[23.3256323, 42.6719029], [23.325729, 42.6719001], [23.3257274, 42.6718706], [23.3257245, 42.6718161], [23.3256277, 42.6718189], [23.3256323, 42.6719029]]]}}, {"type": "Feature", "properties": {"osm_id": 302157524, "kind": "building", "name": null, "building": "apartments", "landuse": null, "leisure": null, "natural": null, "height": null, "levels": "4", "min_levels": null}, "geometry": {"type": "Polygon", "coordinates": [[[23.324453, 42.6719962], [23.3245464, 42.6719929], [23.3245998, 42.671991], [23.3246998, 42.6719874], [23.3246918, 42.671866], [23.324445, 42.6718748], [23.324453, 42.6719962]]]}}, {"type": "Feature", "properties": {"osm_id": 302157525, "kind": "building", "name": null, "building": "service", "landuse": null, "leisure": null, "natural": null, "height": null, "levels": null, "min_levels": null}, "geometry": {"type": "Polygon", "coordinates": [[[23.3283181, 42.6714086], [23.3284351, 42.6714017], [23.3284255, 42.6713138], [23.3283085, 42.6713207], [23.3283181, 42.6714086]]]}}, {"type": "Feature", "properties": {"osm_id": 302157526, "kind": "building", "name": null, "building": "apartments", "landuse": null, "leisure": null, "natural": null, "height": null, "levels": null, "min_levels": null}, "geometry": {"type": "Polygon", "coordinates": [[[23.3273332, 42.6724988], [23.3274858, 42.6724944], [23.3274829, 42.6723898], [23.3273274, 42.6723933], [23.3273332, 42.6724988]]]}}, {"type": "Feature", "properties": {"osm_id": 302157527, "kind": "building", "name": null, "building": "apartments", "landuse": null, "leisure": null, "natural": null, "height": null, "levels": "3", "min_levels": null}, "geometry": {"type": "Polygon", "coordinates": [[[23.3315524, 42.6718361], [23.3316406, 42.6718312], [23.3316374, 42.6717994], [23.3316206, 42.6718004], [23.3316108, 42.6717038], [23.3315122, 42.6717093], [23.3315232, 42.6718177], [23.3315504, 42.6718162], [23.3315524, 42.6718361]]]}}, {"type": "Feature", "properties": {"osm_id": 302157528, "kind": "building", "name": null, "building": "apartments", "landuse": null, "leisure": null, "natural": null, "height": null, "levels": "6", "min_levels": null}, "geometry": {"type": "Polygon", "coordinates": [[[23.3290101, 42.6722841], [23.3293161, 42.6722667], [23.3292999, 42.6721125], [23.3289939, 42.6721299], [23.3290101, 42.6722841]]]}}, {"type": "Feature", "properties": {"osm_id": 302157529, "kind": "building", "name": null, "building": "apartments", "landuse": null, "leisure": null, "natural": null, "height": null, "levels": null, "min_levels": null}, "geometry": {"type": "Polygon", "coordinates": [[[23.3285139, 42.6713987], [23.3286835, 42.6713812], [23.3286782, 42.6713534], [23.3286642, 42.6712803], [23.3284946, 42.6712978], [23.3285139, 42.6713987]]]}}, {"type": "Feature", "properties": {"osm_id": 302157530, "kind": "building", "name": null, "building": "apartments", "landuse": null, "leisure": null, "natural": null, "height": null, "levels": null, "min_levels": null}, "geometry": {"type": "Polygon", "coordinates": [[[23.3274866, 42.6725218], [23.327684, 42.6725216], [23.3276825, 42.6723709], [23.3274824, 42.672372], [23.3274829, 42.6723898], [23.3274858, 42.6724944], [23.3274866, 42.6725218]]]}}, {"type": "Feature", "properties": {"osm_id": 302157531, "kind": "building", "name": null, "building": "detached", "landuse": null, "leisure": null, "natural": null, "height": null, "levels": null, "min_levels": null}, "geometry": {"type": "Polygon", "coordinates": [[[23.3307669, 42.6723966], [23.330903, 42.6723865], [23.3308878, 42.6722762], [23.3307517, 42.6722864], [23.3307669, 42.6723966]]]}}, {"type": "Feature", "properties": {"osm_id": 302158283, "kind": "building", "name": null, "building": "detached", "landuse": null, "leisure": null, "natural": null, "height": null, "levels": null, "min_levels": null}, "geometry": {"type": "Polygon", "coordinates": [[[23.3250592, 42.6722742], [23.3252229, 42.6722696], [23.3252176, 42.6721677], [23.3250538, 42.6721724], [23.3250576, 42.6722445], [23.3250592, 42.6722742]]]}}, {"type": "Feature", "properties": {"osm_id": 302158284, "kind": "building", "name": null, "building": "apartments", "landuse": null, "leisure": null, "natural": null, "height": null, "levels": null, "min_levels": null}, "geometry": {"type": "Polygon", "coordinates": [[[23.3252365, 42.6725603], [23.3253267, 42.6725584], [23.325322, 42.6724302], [23.3252316, 42.6724321], [23.3252365, 42.6725603]]]}}, {"type": "Feature", "properties": {"osm_id": 302158285, "kind": "building", "name": null, "building": "semidetached_house", "landuse": null, "leisure": null, "natural": null, "height": null, "levels": null, "min_levels": null}, "geometry": {"type": "Polygon", "coordinates": [[[23.3255688, 42.6722093], [23.3256072, 42.6722077], [23.3258286, 42.6721988], [23.3258211, 42.6720968], [23.3257748, 42.6720987], [23.3255612, 42.6721072], [23.3255688, 42.6722093]]]}}, {"type": "Feature", "properties": {"osm_id": 302158286, "kind": "building", "name": null, "building": "detached", "landuse": null, "leisure": null, "natural": null, "height": null, "levels": "2", "min_levels": null}, "geometry": {"type": "Polygon", "coordinates": [[[23.3253462, 42.6725583], [23.3254773, 42.6725568], [23.3254751, 42.6724537], [23.3253439, 42.6724552], [23.3253462, 42.6725583]]]}}, {"type": "Feature", "properties": {"osm_id": 302158287, "kind": "building", "name": null, "building": "shed", "landuse": null, "leisure": null, "natural": null, "height": null, "levels": null, "min_levels": null}, "geometry": {"type": "Polygon", "coordinates": [[[23.3254481, 42.6724282], [23.3256588, 42.6724216], [23.3256548, 42.6723512], [23.325444, 42.6723577], [23.3254481, 42.6724282]]]}}, {"type": "Feature", "properties": {"osm_id": 302158288, "kind": "building", "name": null, "building": "construction", "landuse": null, "leisure": null, "natural": null, "height": null, "levels": "3", "min_levels": null}, "geometry": {"type": "Polygon", "coordinates": [[[23.3240694, 42.6722605], [23.3242872, 42.6722498], [23.3242788, 42.6721579], [23.324061, 42.6721687], [23.3240694, 42.6722605]]]}}, {"type": "Feature", "properties": {"osm_id": 302158289, "kind": "building", "name": null, "building": "detached", "landuse": null, "leisure": null, "natural": null, "height": null, "levels": null, "min_levels": null}, "geometry": {"type": "Polygon", "coordinates": [[[23.3243135, 42.6722821], [23.3244992, 42.6722755], [23.3244934, 42.6721875], [23.3243077, 42.6721941], [23.3243135, 42.6722821]]]}}, {"type": "Feature", "properties": {"osm_id": 302158290, "kind": "building", "name": null, "building": "industrial", "landuse": null, "leisure": null, "natural": null, "height": null, "levels": null, "min_levels": null}, "geometry": {"type": "Polygon", "coordinates": [[[23.3255178, 42.6723374], [23.3256274, 42.672333], [23.3256221, 42.6722626], [23.3256199, 42.6722328], [23.3255103, 42.6722373], [23.3255178, 42.6723374]]]}}, {"type": "Feature", "properties": {"osm_id": 302158291, "kind": "building", "name": null, "building": "detached", "landuse": null, "leisure": null, "natural": null, "height": null, "levels": null, "min_levels": null}, "geometry": {"type": "Polygon", "coordinates": [[[23.3265961, 42.6706098], [23.3266062, 42.6707105], [23.3267893, 42.6707006], [23.3267792, 42.6705999], [23.3265961, 42.6706098]]]}}, {"type": "Feature", "properties": {"osm_id": 302158292, "kind": "building", "name": null, "building": "apartments", "landuse": null, "leisure": null, "natural": null, "height": null, "levels": null, "min_levels": null}, "geometry": {"type": "Polygon", "coordinates": [[[23.3240292, 42.6723472], [23.3242609, 42.6723366], [23.3242546, 42.6722624], [23.324023, 42.672273], [23.3240241, 42.6722867], [23.3240292, 42.6723472]]]}}, {"type": "Feature", "properties": {"osm_id": 302158293, "kind": "building", "name": null, "building": "apartments", "landuse": null, "leisure": null, "natural": null, "height": null, "levels": null, "min_levels": null}, "geometry": {"type": "Polygon", "coordinates": [[[23.3248124, 42.6722862], [23.3249994, 42.6722808], [23.3249949, 42.6721973], [23.324808, 42.6722027], [23.3248124, 42.6722862]]]}}, {"type": "Feature", "properties": {"osm_id": 302158294, "kind": "building", "name": null, "building": "apartments", "landuse": null, "leisure": null, "natural": null, "height": null, "levels": null, "min_levels": null}, "geometry": {"type": "Polygon", "coordinates": [[[23.3245329, 42.672318], [23.3247224, 42.6723107], [23.3247128, 42.672176], [23.3245233, 42.6721834], [23.3245329, 42.672318]]]}}, {"type": "Feature", "properties": {"osm_id": 302158295, "kind": "building", "name": null, "building": "retail", "landuse": null, "leisure": null, "natural": null, "height": null, "levels": "1", "min_levels": null}, "geometry": {"type": "Polygon", "coordinates": [[[23.3259684, 42.6723966], [23.3260779, 42.6724281], [23.3261429, 42.6723058], [23.3260335, 42.6722743], [23.3259684, 42.6723966]]]}}, {"type": "Feature", "properties": {"osm_id": 302158296, "kind": "building", "name": null, "building": "detached", "landuse": null, "leisure": null, "natural": null, "height": null, "levels": "2", "min_levels": null}, "geometry": {"type": "Polygon", "coordinates": [[[23.3260438, 42.6722208], [23.3261474, 42.6722144], [23.3261304, 42.6720648], [23.3260268, 42.6720712], [23.3260438, 42.6722208]]]}}, {"type": "Feature", "properties": {"osm_id": 302158297, "kind": "building", "name": null, "building": "apartments", "landuse": null, "leisure": null, "natural": null, "height": null, "levels": null, "min_levels": null}, "geometry": {"type": "Polygon", "coordinates": [[[23.3252898, 42.6722901], [23.3254579, 42.6722849], [23.3254509, 42.6721638], [23.3252829, 42.672169], [23.3252898, 42.6722901]]]}}, {"type": "Feature", "properties": {"osm_id": 302158298, "kind": "building", "name": null, "building": "detached", "landuse": null, "leisure": null, "natural": null, "height": null, "levels": null, "min_levels": null}, "geometry": {"type": "Polygon", "coordinates": [[[23.3243323, 42.6725741], [23.3245211, 42.6725733], [23.3245202, 42.6724596], [23.3243314, 42.6724604], [23.3243323, 42.6725741]]]}}, {"type": "Feature", "properties": {"osm_id": 302158299, "kind": "building", "name": null, "building": "apartments", "landuse": null, "leisure": null, "natural": null, "height": null, "levels": null, "min_levels": null}, "geometry": {"type": "Polygon", "coordinates": [[[23.3257217, 42.6723887], [23.3259296, 42.6723842], [23.3259257, 42.6722861], [23.3257177, 42.6722906], [23.3257217, 42.6723887]]]}}, {"type": "Feature", "properties": {"osm_id": 302158300, "kind": "building", "name": null, "building": "apartments", "landuse": null, "leisure": null, "natural": null, "height": null, "levels": null, "min_levels": null}, "geometry": {"type": "Polygon", "coordinates": [[[23.3249707, 42.6725879], [23.3250595, 42.672585], [23.3251374, 42.6725825], [23.325129, 42.6724438], [23.3249623, 42.6724492], [23.3249707, 42.6725879]]]}}, {"type": "Feature", "properties": {"osm_id": 302159409, "kind": "building", "name": "Afterhours", "building": "retail", "landuse": null, "leisure": null, "natural": null, "height": null, "levels": null, "min_levels": null}, "geometry": {"type": "Polygon", "coordinates": [[[23.3287815, 42.6706903], [23.3289268, 42.6706827], [23.3289165, 42.670576], [23.3287711, 42.6705836], [23.3287815, 42.6706903]]]}}, {"type": "Feature", "properties": {"osm_id": 302160636, "kind": "building", "name": null, "building": "detached", "landuse": null, "leisure": null, "natural": null, "height": null, "levels": null, "min_levels": null}, "geometry": {"type": "Polygon", "coordinates": [[[23.3349428, 42.6723631], [23.3350386, 42.6724158], [23.3351125, 42.6723431], [23.3350167, 42.6722904], [23.3349428, 42.6723631]]]}}, {"type": "Feature", "properties": {"osm_id": 302160637, "kind": "building", "name": null, "building": "apartments", "landuse": null, "leisure": null, "natural": null, "height": null, "levels": null, "min_levels": null}, "geometry": {"type": "Polygon", "coordinates": [[[23.3338677, 42.67229], [23.3341949, 42.6722368], [23.3341815, 42.6721658], [23.3340474, 42.6720652], [23.3338435, 42.6722013], [23.3338677, 42.67229]]]}}, {"type": "Feature", "properties": {"osm_id": 302160639, "kind": "building", "name": null, "building": "detached", "landuse": null, "leisure": null, "natural": null, "height": null, "levels": null, "min_levels": null}, "geometry": {"type": "Polygon", "coordinates": [[[23.3335698, 42.6725031], [23.3335926, 42.672562], [23.3337899, 42.6725207], [23.3337671, 42.6724618], [23.3335698, 42.6725031]]]}}, {"type": "Feature", "properties": {"osm_id": 302160641, "kind": "building", "name": null, "building": "apartments", "landuse": null, "leisure": null, "natural": null, "height": null, "levels": null, "min_levels": null}, "geometry": {"type": "Polygon", "coordinates": [[[23.3333606, 42.6707933], [23.3334484, 42.6708713], [23.3336156, 42.6707695], [23.3335278, 42.6706916], [23.3333606, 42.6707933]]]}}, {"type": "Feature", "properties": {"osm_id": 302160642, "kind": "building", "name": null, "building": "apartments", "landuse": null, "leisure": null, "natural": null, "height": null, "levels": "5", "min_levels": null}, "geometry": {"type": "Polygon", "coordinates": [[[23.3336208, 42.6727732], [23.3336673, 42.6729063], [23.3339026, 42.6728619], [23.333856, 42.6727287], [23.3336208, 42.6727732]]]}}, {"type": "Feature", "properties": {"osm_id": 302160643, "kind": "building", "name": null, "building": "detached", "landuse": null, "leisure": null, "natural": null, "height": null, "levels": "2", "min_levels": null}, "geometry": {"type": "Polygon", "coordinates": [[[23.3339856, 42.6733548], [23.3340719, 42.6733998], [23.3341493, 42.6733194], [23.334063, 42.6732745], [23.3339856, 42.6733548]]]}}, {"type": "Feature", "properties": {"osm_id": 302160644, "kind": "building", "name": null, "building": "detached", "landuse": null, "leisure": null, "natural": null, "height": null, "levels": null, "min_levels": null}, "geometry": {"type": "Polygon", "coordinates": [[[23.3336932, 42.6726333], [23.3338919, 42.6725991], [23.3338757, 42.6725484], [23.3336771, 42.6725825], [23.3336932, 42.6726333]]]}}, {"type": "Feature", "properties": {"osm_id": 302160645, "kind": "green", "name": "градина Тбилиси", "building": null, "landuse": null, "leisure": "park", "natural": null, "height": null, "levels": null, "min_levels": null}, "geometry": {"type": "Polygon", "coordinates": [[[23.3344524, 42.6728832], [23.3342753, 42.6723217], [23.3343168, 42.6723085], [23.334817, 42.6726838], [23.334604, 42.6728905], [23.3344524, 42.6728832]]]}}, {"type": "Feature", "properties": {"osm_id": 302160646, "kind": "building", "name": null, "building": "detached", "landuse": null, "leisure": null, "natural": null, "height": null, "levels": "2", "min_levels": null}, "geometry": {"type": "Polygon", "coordinates": [[[23.3338729, 42.6735797], [23.3339186, 42.673587], [23.3340001, 42.6735101], [23.3339857, 42.6734634], [23.3338443, 42.6734869], [23.3338729, 42.6735797]]]}}, {"type": "Feature", "properties": {"osm_id": 302160647, "kind": "building", "name": null, "building": "apartments", "landuse": null, "leisure": null, "natural": null, "height": null, "levels": null, "min_levels": null}, "geometry": {"type": "Polygon", "coordinates": [[[23.3347634, 42.6725207], [23.3348929, 42.6725963], [23.3349808, 42.6725148], [23.3348514, 42.6724393], [23.3347634, 42.6725207]]]}}, {"type": "Feature", "properties": {"osm_id": 302160648, "kind": "building", "name": null, "building": "apartments", "landuse": null, "leisure": null, "natural": null, "height": null, "levels": null, "min_levels": null}, "geometry": {"type": "Polygon", "coordinates": [[[23.3338354, 42.6734588], [23.3339686, 42.6734329], [23.3338923, 42.673221], [23.333784, 42.6732421], [23.3337591, 42.673247], [23.3338354, 42.6734588]]]}}, {"type": "Feature", "properties": {"osm_id": 302160649, "kind": "building", "name": null, "building": "detached", "landuse": null, "leisure": null, "natural": null, "height": null, "levels": null, "min_levels": null}, "geometry": {"type": "Polygon", "coordinates": [[[23.3341358, 42.6728245], [23.3343155, 42.6727905], [23.3342915, 42.6727219], [23.3341117, 42.6727559], [23.3341358, 42.6728245]]]}}, {"type": "Feature", "properties": {"osm_id": 302160650, "kind": "building", "name": null, "building": "detached", "landuse": null, "leisure": null, "natural": null, "height": null, "levels": null, "min_levels": null}, "geometry": {"type": "Polygon", "coordinates": [[[23.3341438, 42.6715485], [23.3342063, 42.6715994], [23.3343424, 42.6715091], [23.33428, 42.6714582], [23.3341438, 42.6715485]]]}}, {"type": "Feature", "properties": {"osm_id": 302160652, "kind": "building", "name": null, "building": "apartments", "landuse": null, "leisure": null, "natural": null, "height": null, "levels": null, "min_levels": null}, "geometry": {"type": "Polygon", "coordinates": [[[23.332821, 42.6703477], [23.3328831, 42.670427], [23.3330744, 42.670346], [23.3330123, 42.6702667], [23.332821, 42.6703477]]]}}, {"type": "Feature", "properties": {"osm_id": 302160653, "kind": "building", "name": null, "building": "apartments", "landuse": null, "leisure": null, "natural": null, "height": null, "levels": null, "min_levels": null}, "geometry": {"type": "Polygon", "coordinates": [[[23.333602, 42.6715367], [23.3337437, 42.6716542], [23.3338757, 42.6715682], [23.333734, 42.6714507], [23.333602, 42.6715367]]]}}, {"type": "Feature", "properties": {"osm_id": 302160655, "kind": "building", "name": null, "building": "detached", "landuse": null, "leisure": null, "natural": null, "height": null, "levels": null, "min_levels": null}, "geometry": {"type": "Polygon", "coordinates": [[[23.3334894, 42.6713159], [23.3335881, 42.6714086], [23.3337604, 42.671296], [23.333659, 42.6712094], [23.3334894, 42.6713159]]]}}, {"type": "Feature", "properties": {"osm_id": 302160658, "kind": "building", "name": null, "building": "detached", "landuse": null, "leisure": null, "natural": null, "height": null, "levels": null, "min_levels": null}, "geometry": {"type": "Polygon", "coordinates": [[[23.3344228, 42.6721777], [23.3344858, 42.6722337], [23.3346268, 42.672148], [23.3345637, 42.672092], [23.3344228, 42.6721777]]]}}, {"type": "Feature", "properties": {"osm_id": 302160659, "kind": "building", "name": null, "building": "apartments", "landuse": null, "leisure": null, "natural": null, "height": null, "levels": null, "min_levels": null}, "geometry": {"type": "Polygon", "coordinates": [[[23.3342136, 42.6720553], [23.3342959, 42.6721206], [23.3344471, 42.6720198], [23.3343661, 42.6719565], [23.3342136, 42.6720553]]]}}, {"type": "Feature", "properties": {"osm_id": 302160661, "kind": "building", "name": null, "building": "shed", "landuse": null, "leisure": null, "natural": null, "height": null, "levels": null, "min_levels": null}, "geometry": {"type": "Polygon", "coordinates": [[[23.334311, 42.6719325], [23.334337, 42.6719556], [23.3344645, 42.6718777], [23.3344384, 42.6718547], [23.334311, 42.6719325]]]}}, {"type": "Feature", "properties": {"osm_id": 302160663, "kind": "building", "name": null, "building": "apartments", "landuse": null, "leisure": null, "natural": null, "height": null, "levels": null, "min_levels": null}, "geometry": {"type": "Polygon", "coordinates": [[[23.333484, 42.6709353], [23.3335783, 42.6710137], [23.3337649, 42.6709001], [23.3336731, 42.6708203], [23.333484, 42.6709353]]]}}, {"type": "Feature", "properties": {"osm_id": 302160665, "kind": "building", "name": null, "building": "detached", "landuse": null, "leisure": null, "natural": null, "height": null, "levels": null, "min_levels": null}, "geometry": {"type": "Polygon", "coordinates": [[[23.3338461, 42.6716196], [23.3338999, 42.6716666], [23.3340206, 42.6715919], [23.3339668, 42.6715449], [23.3338461, 42.6716196]]]}}, {"type": "Feature", "properties": {"osm_id": 302160667, "kind": "building", "name": null, "building": "apartments", "landuse": null, "leisure": null, "natural": null, "height": null, "levels": null, "min_levels": null}, "geometry": {"type": "Polygon", "coordinates": [[[23.3337407, 42.6731108], [23.3337481, 42.673133], [23.333784, 42.6732421], [23.3338923, 42.673221], [23.333963, 42.673206], [23.3339207, 42.6730801], [23.3337407, 42.6731108]]]}}, {"type": "Feature", "properties": {"osm_id": 302160669, "kind": "building", "name": null, "building": "detached", "landuse": null, "leisure": null, "natural": null, "height": null, "levels": null, "min_levels": null}, "geometry": {"type": "Polygon", "coordinates": [[[23.333653, 42.6727319], [23.333796, 42.6727064], [23.3337738, 42.6726391], [23.3336308, 42.6726646], [23.333653, 42.6727319]]]}}, {"type": "Feature", "properties": {"osm_id": 302160672, "kind": "building", "name": null, "building": "detached", "landuse": null, "leisure": null, "natural": null, "height": null, "levels": null, "min_levels": null}, "geometry": {"type": "Polygon", "coordinates": [[[23.3327077, 42.6702174], [23.3327814, 42.6703277], [23.3328795, 42.6702923], [23.3328058, 42.670182], [23.3327077, 42.6702174]]]}}, {"type": "Feature", "properties": {"osm_id": 302160674, "kind": "building", "name": null, "building": "detached", "landuse": null, "leisure": null, "natural": null, "height": null, "levels": null, "min_levels": null}, "geometry": {"type": "Polygon", "coordinates": [[[23.3341706, 42.6719667], [23.3342393, 42.6720213], [23.334337, 42.6719556], [23.334311, 42.6719325], [23.3342684, 42.6719002], [23.3341706, 42.6719667]]]}}, {"type": "Feature", "properties": {"osm_id": 302161296, "kind": "building", "name": null, "building": "detached", "landuse": null, "leisure": null, "natural": null, "height": null, "levels": null, "min_levels": null}, "geometry": {"type": "Polygon", "coordinates": [[[23.334471, 42.6733647], [23.3345645, 42.6734224], [23.3346214, 42.6733727], [23.334528, 42.6733149], [23.334471, 42.6733647]]]}}, {"type": "Feature", "properties": {"osm_id": 302161297, "kind": "building", "name": null, "building": "detached", "landuse": null, "leisure": null, "natural": null, "height": null, "levels": "1", "min_levels": null}, "geometry": {"type": "Polygon", "coordinates": [[[23.3353884, 42.6729369], [23.3355316, 42.6730202], [23.3355789, 42.6729763], [23.3354357, 42.6728929], [23.3353884, 42.6729369]]]}}, {"type": "Feature", "properties": {"osm_id": 302161298, "kind": "building", "name": null, "building": "detached", "landuse": null, "leisure": null, "natural": null, "height": null, "levels": null, "min_levels": null}, "geometry": {"type": "Polygon", "coordinates": [[[23.3344201, 42.6734575], [23.3345649, 42.6735473], [23.3346294, 42.673491], [23.3344846, 42.6734012], [23.3344201, 42.6734575]]]}}, {"type": "Feature", "properties": {"osm_id": 302161299, "kind": "building", "name": null, "building": "industrial", "landuse": null, "leisure": null, "natural": null, "height": null, "levels": null, "min_levels": null}, "geometry": {"type": "Polygon", "coordinates": [[[23.3354116, 42.6728439], [23.3355557, 42.6729292], [23.3356102, 42.6728794], [23.3354661, 42.6727941], [23.3354116, 42.6728439]]]}}, {"type": "Feature", "properties": {"osm_id": 302161300, "kind": "building", "name": null, "building": "detached", "landuse": null, "leisure": null, "natural": null, "height": null, "levels": null, "min_levels": null}, "geometry": {"type": "Polygon", "coordinates": [[[23.3345408, 42.673274], [23.3346725, 42.6733482], [23.3347394, 42.6732839], [23.3346077, 42.6732098], [23.3345408, 42.673274]]]}}, {"type": "Feature", "properties": {"osm_id": 302161302, "kind": "building", "name": null, "building": "industrial", "landuse": null, "leisure": null, "natural": null, "height": null, "levels": "1", "min_levels": null}, "geometry": {"type": "Polygon", "coordinates": [[[23.3355188, 42.6727276], [23.3355797, 42.6727626], [23.3355879, 42.6727673], [23.3356142, 42.6727824], [23.3356427, 42.6727988], [23.3357063, 42.6728353], [23.3357684, 42.6727769], [23.335581, 42.6726691], [23.3355188, 42.6727276]]]}}, {"type": "Feature", "properties": {"osm_id": 302161348, "kind": "building", "name": null, "building": "university", "landuse": null, "leisure": null, "natural": null, "height": null, "levels": null, "min_levels": null}, "geometry": {"type": "Polygon", "coordinates": [[[23.3327072, 42.6735502], [23.3328639, 42.6735528], [23.3328678, 42.6734294], [23.3327425, 42.6734272], [23.3327402, 42.6734981], [23.3327089, 42.6734975], [23.3327072, 42.6735502]]]}}, {"type": "Feature", "properties": {"osm_id": 302161349, "kind": "building", "name": null, "building": "apartments", "landuse": null, "leisure": null, "natural": null, "height": null, "levels": null, "min_levels": null}, "geometry": {"type": "Polygon", "coordinates": [[[23.3324229, 42.6734822], [23.332628, 42.673484], [23.3326303, 42.6733433], [23.3324251, 42.6733415], [23.3324229, 42.6734822]]]}}, {"type": "Feature", "properties": {"osm_id": 302161350, "kind": "building", "name": null, "building": "detached", "landuse": null, "leisure": null, "natural": null, "height": null, "levels": null, "min_levels": null}, "geometry": {"type": "Polygon", "coordinates": [[[23.3323074, 42.6731629], [23.3324863, 42.6731615], [23.3324848, 42.67306], [23.3323059, 42.6730615], [23.3323074, 42.6731629]]]}}, {"type": "Feature", "properties": {"osm_id": 302161740, "kind": "building", "name": null, "building": "garages", "landuse": null, "leisure": null, "natural": null, "height": null, "levels": "1", "min_levels": null}, "geometry": {"type": "Polygon", "coordinates": [[[23.3275778, 42.6729646], [23.3277303, 42.672958], [23.3277254, 42.6728974], [23.3275729, 42.672904], [23.3275778, 42.6729646]]]}}, {"type": "Feature", "properties": {"osm_id": 302161741, "kind": "building", "name": null, "building": "apartments", "landuse": null, "leisure": null, "natural": null, "height": null, "levels": "8", "min_levels": null}, "geometry": {"type": "Polygon", "coordinates": [[[23.333351, 42.6735652], [23.3336397, 42.6736843], [23.3336612, 42.6736626], [23.3335887, 42.6734949], [23.3333822, 42.6735285], [23.333351, 42.6735652]]]}}, {"type": "Feature", "properties": {"osm_id": 302161742, "kind": "building", "name": null, "building": "detached", "landuse": null, "leisure": null, "natural": null, "height": null, "levels": null, "min_levels": null}, "geometry": {"type": "Polygon", "coordinates": [[[23.3285139, 42.6731735], [23.3287083, 42.6732057], [23.3287393, 42.6731045], [23.3285449, 42.6730723], [23.3285139, 42.6731735]]]}}, {"type": "Feature", "properties": {"osm_id": 302161744, "kind": "building", "name": null, "building": "apartments", "landuse": null, "leisure": null, "natural": null, "height": null, "levels": null, "min_levels": null}, "geometry": {"type": "Polygon", "coordinates": [[[23.3286024, 42.6729053], [23.3287929, 42.6729085], [23.3287956, 42.6728185], [23.3286051, 42.6728154], [23.3286024, 42.6729053]]]}}, {"type": "Feature", "properties": {"osm_id": 302161746, "kind": "building", "name": null, "building": "detached", "landuse": null, "leisure": null, "natural": null, "height": null, "levels": null, "min_levels": null}, "geometry": {"type": "Polygon", "coordinates": [[[23.3334196, 42.6734475], [23.3335468, 42.6734245], [23.3335083, 42.6733096], [23.3333811, 42.6733326], [23.3334196, 42.6734475]]]}}, {"type": "Feature", "properties": {"osm_id": 302161747, "kind": "building", "name": null, "building": "apartments", "landuse": null, "leisure": null, "natural": null, "height": null, "levels": "7", "min_levels": null}, "geometry": {"type": "Polygon", "coordinates": [[[23.3332159, 42.6730236], [23.3331274, 42.6728225], [23.33324, 42.6726844], [23.3332776, 42.6726805], [23.333409, 42.6730197], [23.3332159, 42.6730236]]]}}, {"type": "Feature", "properties": {"osm_id": 302161748, "kind": "building", "name": null, "building": "detached", "landuse": null, "leisure": null, "natural": null, "height": null, "levels": null, "min_levels": null}, "geometry": {"type": "Polygon", "coordinates": [[[23.3281384, 42.6727989], [23.3282688, 42.6727956], [23.3282646, 42.6727061], [23.3281341, 42.6727095], [23.3281384, 42.6727989]]]}}, {"type": "Feature", "properties": {"osm_id": 302161749, "kind": "building", "name": null, "building": "apartments", "landuse": null, "leisure": null, "natural": null, "height": null, "levels": null, "min_levels": null}, "geometry": {"type": "Polygon", "coordinates": [[[23.3278621, 42.6728599], [23.3280486, 42.672861], [23.32805, 42.6727258], [23.3278635, 42.6727248], [23.3278621, 42.6728599]]]}}, {"type": "Feature", "properties": {"osm_id": 302161750, "kind": "building", "name": null, "building": "detached", "landuse": null, "leisure": null, "natural": null, "height": null, "levels": null, "min_levels": null}, "geometry": {"type": "Polygon", "coordinates": [[[23.3281249, 42.6732209], [23.3282831, 42.6732536], [23.3283182, 42.6731617], [23.32816, 42.673129], [23.3281249, 42.6732209]]]}}, {"type": "Feature", "properties": {"osm_id": 302161751, "kind": "building", "name": null, "building": "detached", "landuse": null, "leisure": null, "natural": null, "height": null, "levels": null, "min_levels": null}, "geometry": {"type": "Polygon", "coordinates": [[[23.3284066, 42.6732957], [23.3285991, 42.6733428], [23.3286401, 42.6732524], [23.3284475, 42.6732052], [23.3284066, 42.6732957]]]}}, {"type": "Feature", "properties": {"osm_id": 302161752, "kind": "building", "name": null, "building": "detached", "landuse": null, "leisure": null, "natural": null, "height": null, "levels": null, "min_levels": null}, "geometry": {"type": "Polygon", "coordinates": [[[23.3284012, 42.6730434], [23.3285825, 42.6730501], [23.3285891, 42.6729526], [23.3284078, 42.672946], [23.3284012, 42.6730434]]]}}, {"type": "Feature", "properties": {"osm_id": 302161753, "kind": "building", "name": null, "building": "detached", "landuse": null, "leisure": null, "natural": null, "height": null, "levels": null, "min_levels": null}, "geometry": {"type": "Polygon", "coordinates": [[[23.3278809, 42.6731676], [23.3280547, 42.6732003], [23.3280929, 42.6730907], [23.3279191, 42.6730579], [23.3278809, 42.6731676]]]}}, {"type": "Feature", "properties": {"osm_id": 302161755, "kind": "building", "name": null, "building": "apartments", "landuse": null, "leisure": null, "natural": null, "height": null, "levels": null, "min_levels": null}, "geometry": {"type": "Polygon", "coordinates": [[[23.3276341, 42.6731617], [23.3278424, 42.6731629], [23.3278434, 42.673069], [23.3276352, 42.6730677], [23.3276341, 42.6731617]]]}}, {"type": "Feature", "properties": {"osm_id": 302161756, "kind": "building", "name": null, "building": "apartments", "landuse": null, "leisure": null, "natural": null, "height": null, "levels": null, "min_levels": null}, "geometry": {"type": "Polygon", "coordinates": [[[23.3325926, 42.6731807], [23.3326915, 42.6731809], [23.3326915, 42.6731631], [23.3327797, 42.6731633], [23.33278, 42.6730702], [23.3327204, 42.6730701], [23.3327205, 42.6730592], [23.332593, 42.673059], [23.3325926, 42.6731807]]]}}, {"type": "Feature", "properties": {"osm_id": 302161833, "kind": "building", "name": null, "building": "apartments", "landuse": null, "leisure": null, "natural": null, "height": null, "levels": "4", "min_levels": null}, "geometry": {"type": "Polygon", "coordinates": [[[23.3237565, 42.6747005], [23.3239116, 42.6747031], [23.3239149, 42.674598], [23.3237598, 42.6745954], [23.3237565, 42.6747005]]]}}, {"type": "Feature", "properties": {"osm_id": 302231195, "kind": "building", "name": null, "building": "commercial", "landuse": null, "leisure": null, "natural": null, "height": null, "levels": "3", "min_levels": null}, "geometry": {"type": "Polygon", "coordinates": [[[23.3272541, 42.6744018], [23.3272306, 42.6744512], [23.327292, 42.6744669], [23.3273154, 42.6744175], [23.3274348, 42.674448], [23.3274938, 42.6743241], [23.3273774, 42.6742941], [23.3273113, 42.6742771], [23.3272541, 42.6744018]]]}}, {"type": "Feature", "properties": {"osm_id": 302233655, "kind": "building", "name": null, "building": "apartments", "landuse": null, "leisure": null, "natural": null, "height": null, "levels": "7", "min_levels": null}, "geometry": {"type": "Polygon", "coordinates": [[[23.3234838, 42.6732533], [23.3238351, 42.6733437], [23.3238996, 42.673208], [23.3235483, 42.6731176], [23.3234838, 42.6732533]]]}}, {"type": "Feature", "properties": {"osm_id": 302499894, "kind": "building", "name": null, "building": "apartments", "landuse": null, "leisure": null, "natural": null, "height": null, "levels": null, "min_levels": null}, "geometry": {"type": "Polygon", "coordinates": [[[23.3244203, 42.6751804], [23.3245792, 42.6751856], [23.324584, 42.6751054], [23.3244251, 42.6751002], [23.3244203, 42.6751804]]]}}, {"type": "Feature", "properties": {"osm_id": 302499897, "kind": "building", "name": null, "building": "kindergarten", "landuse": null, "leisure": null, "natural": null, "height": null, "levels": "3", "min_levels": null}, "geometry": {"type": "Polygon", "coordinates": [[[23.324946, 42.6748156], [23.3251205, 42.6748136], [23.3251178, 42.6746815], [23.3249433, 42.6746834], [23.324946, 42.6748156]]]}}, {"type": "Feature", "properties": {"osm_id": 302499898, "kind": "building", "name": null, "building": "detached", "landuse": null, "leisure": null, "natural": null, "height": null, "levels": "1", "min_levels": null}, "geometry": {"type": "Polygon", "coordinates": [[[23.32471, 42.6747761], [23.3248514, 42.6747784], [23.3248549, 42.6746598], [23.3247135, 42.6746575], [23.32471, 42.6747761]]]}}, {"type": "Feature", "properties": {"osm_id": 302499899, "kind": "building", "name": null, "building": "apartments", "landuse": null, "leisure": null, "natural": null, "height": null, "levels": null, "min_levels": null}, "geometry": {"type": "Polygon", "coordinates": [[[23.3242057, 42.6751746], [23.3243491, 42.6751769], [23.3243534, 42.6750384], [23.3242099, 42.675036], [23.3242057, 42.6751746]]]}}, {"type": "Feature", "properties": {"osm_id": 302499900, "kind": "building", "name": null, "building": "detached", "landuse": null, "leisure": null, "natural": null, "height": null, "levels": null, "min_levels": null}, "geometry": {"type": "Polygon", "coordinates": [[[23.3246322, 42.6751902], [23.3247998, 42.6751992], [23.3248093, 42.6751035], [23.3246417, 42.6750945], [23.3246322, 42.6751902]]]}}, {"type": "Feature", "properties": {"osm_id": 302499901, "kind": "building", "name": null, "building": "apartments", "landuse": null, "leisure": null, "natural": null, "height": null, "levels": null, "min_levels": null}, "geometry": {"type": "Polygon", "coordinates": [[[23.3239938, 42.6754782], [23.3241098, 42.6754826], [23.32412, 42.6753342], [23.324004, 42.6753299], [23.3239938, 42.6754782]]]}}, {"type": "Feature", "properties": {"osm_id": 302499902, "kind": "building", "name": null, "building": "detached", "landuse": null, "leisure": null, "natural": null, "height": null, "levels": null, "min_levels": null}, "geometry": {"type": "Polygon", "coordinates": [[[23.3237229, 42.6751016], [23.3238885, 42.6751069], [23.3238947, 42.6750029], [23.3237291, 42.6749976], [23.3237229, 42.6751016]]]}}, {"type": "Feature", "properties": {"osm_id": 302499903, "kind": "building", "name": null, "building": "apartments", "landuse": null, "leisure": null, "natural": null, "height": null, "levels": null, "min_levels": null}, "geometry": {"type": "Polygon", "coordinates": [[[23.3238651, 42.6754408], [23.3239856, 42.6754439], [23.3239913, 42.6753263], [23.3238707, 42.6753232], [23.3238651, 42.6754408]]]}}, {"type": "Feature", "properties": {"osm_id": 302499904, "kind": "building", "name": null, "building": "detached", "landuse": null, "leisure": null, "natural": null, "height": null, "levels": null, "min_levels": null}, "geometry": {"type": "Polygon", "coordinates": [[[23.3241306, 42.6754762], [23.3242725, 42.6754798], [23.3242783, 42.6753598], [23.3241363, 42.6753562], [23.3241306, 42.6754762]]]}}, {"type": "Feature", "properties": {"osm_id": 302501024, "kind": "building", "name": null, "building": "detached", "landuse": null, "leisure": null, "natural": null, "height": null, "levels": null, "min_levels": null}, "geometry": {"type": "Polygon", "coordinates": [[[23.3240233, 42.6761348], [23.3241743, 42.6761363], [23.3241763, 42.6760283], [23.3240253, 42.6760268], [23.3240233, 42.6761348]]]}}, {"type": "Feature", "properties": {"osm_id": 302501025, "kind": "building", "name": null, "building": "detached", "landuse": null, "leisure": null, "natural": null, "height": null, "levels": null, "min_levels": null}, "geometry": {"type": "Polygon", "coordinates": [[[23.3243935, 42.6765075], [23.3245357, 42.6765031], [23.3245304, 42.6764109], [23.3243882, 42.6764153], [23.3243935, 42.6765075]]]}}, {"type": "Feature", "properties": {"osm_id": 302501026, "kind": "building", "name": null, "building": "detached", "landuse": null, "leisure": null, "natural": null, "height": null, "levels": null, "min_levels": null}, "geometry": {"type": "Polygon", "coordinates": [[[23.3245705, 42.6762098], [23.3247067, 42.6762053], [23.3246994, 42.6760875], [23.3245631, 42.6760921], [23.3245705, 42.6762098]]]}}, {"type": "Feature", "properties": {"osm_id": 302501029, "kind": "building", "name": null, "building": "apartments", "landuse": null, "leisure": null, "natural": null, "height": null, "levels": null, "min_levels": null}, "geometry": {"type": "Polygon", "coordinates": [[[23.3245839, 42.6765035], [23.3248999, 42.6765042], [23.3249005, 42.6763655], [23.3245845, 42.6763648], [23.3245839, 42.6765035]]]}}, {"type": "Feature", "properties": {"osm_id": 302501030, "kind": "building", "name": null, "building": "apartments", "landuse": null, "leisure": null, "natural": null, "height": null, "levels": null, "min_levels": null}, "geometry": {"type": "Polygon", "coordinates": [[[23.3251428, 42.676328], [23.3251459, 42.6764798], [23.3249648, 42.6764818], [23.3249617, 42.67633], [23.3251428, 42.676328]]]}}, {"type": "Feature", "properties": {"osm_id": 302501031, "kind": "building", "name": null, "building": "apartments", "landuse": null, "leisure": null, "natural": null, "height": null, "levels": null, "min_levels": null}, "geometry": {"type": "Polygon", "coordinates": [[[23.323747, 42.6761526], [23.3239224, 42.676154], [23.3239242, 42.6760323], [23.3237489, 42.6760308], [23.323747, 42.6761526]]]}}, {"type": "Feature", "properties": {"osm_id": 302501032, "kind": "building", "name": null, "building": "apartments", "landuse": null, "leisure": null, "natural": null, "height": null, "levels": null, "min_levels": null}, "geometry": {"type": "Polygon", "coordinates": [[[23.3234697, 42.6759977], [23.3237006, 42.6759969], [23.3237015, 42.6761247], [23.3234703, 42.6761255], [23.3234702, 42.6761163], [23.3234698, 42.6760151], [23.3234697, 42.6759977]]]}}, {"type": "Feature", "properties": {"osm_id": 302501033, "kind": "building", "name": null, "building": "apartments", "landuse": null, "leisure": null, "natural": null, "height": null, "levels": "4", "min_levels": null}, "geometry": {"type": "Polygon", "coordinates": [[[23.3249617, 42.67633], [23.3249581, 42.6761545], [23.3251392, 42.6761526], [23.3251428, 42.676328], [23.3249617, 42.67633]]]}}, {"type": "Feature", "properties": {"osm_id": 302504464, "kind": "building", "name": null, "building": "apartments", "landuse": null, "leisure": null, "natural": null, "height": null, "levels": null, "min_levels": null}, "geometry": {"type": "Polygon", "coordinates": [[[23.326361, 42.6778711], [23.3263706, 42.6780294], [23.3264564, 42.6780253], [23.3264452, 42.6778683], [23.326361, 42.6778711]]]}}, {"type": "Feature", "properties": {"osm_id": 302504465, "kind": "building", "name": null, "building": "apartments", "landuse": null, "leisure": null, "natural": null, "height": null, "levels": null, "min_levels": null}, "geometry": {"type": "Polygon", "coordinates": [[[23.3264963, 42.6775939], [23.3266223, 42.6775928], [23.3266198, 42.6774461], [23.3264938, 42.6774473], [23.3264963, 42.6775939]]]}}, {"type": "Feature", "properties": {"osm_id": 302504467, "kind": "building", "name": null, "building": "office", "landuse": null, "leisure": null, "natural": null, "height": null, "levels": "6", "min_levels": null}, "geometry": {"type": "Polygon", "coordinates": [[[23.3266304, 42.6780356], [23.3267792, 42.6780325], [23.3267754, 42.6779352], [23.3266266, 42.6779383], [23.3266304, 42.6780356]]]}}, {"type": "Feature", "properties": {"osm_id": 302504469, "kind": "building", "name": null, "building": "apartments", "landuse": null, "leisure": null, "natural": null, "height": null, "levels": null, "min_levels": null}, "geometry": {"type": "Polygon", "coordinates": [[[23.3267404, 42.6776769], [23.326946, 42.6776408], [23.3269149, 42.6775447], [23.3267092, 42.6775808], [23.3267404, 42.6776769]]]}}, {"type": "Feature", "properties": {"osm_id": 302504471, "kind": "building", "name": null, "building": "apartments", "landuse": null, "leisure": null, "natural": null, "height": null, "levels": "3", "min_levels": null}, "geometry": {"type": "Polygon", "coordinates": [[[23.3252383, 42.6779075], [23.3254014, 42.6779091], [23.3254048, 42.6777301], [23.3252417, 42.6777284], [23.3252383, 42.6779075]]]}}, {"type": "Feature", "properties": {"osm_id": 302504473, "kind": "building", "name": null, "building": "apartments", "landuse": null, "leisure": null, "natural": null, "height": null, "levels": null, "min_levels": null}, "geometry": {"type": "Polygon", "coordinates": [[[23.3263069, 42.6774555], [23.3263089, 42.6775592], [23.3264555, 42.6775577], [23.3264535, 42.677454], [23.3263069, 42.6774555]]]}}, {"type": "Feature", "properties": {"osm_id": 302504474, "kind": "building", "name": null, "building": "garages", "landuse": null, "leisure": null, "natural": null, "height": null, "levels": null, "min_levels": null}, "geometry": {"type": "Polygon", "coordinates": [[[23.3255736, 42.6777104], [23.3256742, 42.6777067], [23.3256703, 42.6776492], [23.3255697, 42.6776529], [23.3255736, 42.6777104]]]}}, {"type": "Feature", "properties": {"osm_id": 302504476, "kind": "building", "name": null, "building": "apartments", "landuse": null, "leisure": null, "natural": null, "height": null, "levels": "3", "min_levels": null}, "geometry": {"type": "Polygon", "coordinates": [[[23.3252598, 42.6776492], [23.3254258, 42.6776535], [23.3254343, 42.6774797], [23.3252683, 42.6774753], [23.3252598, 42.6776492]]]}}, {"type": "Feature", "properties": {"osm_id": 302504478, "kind": "building", "name": null, "building": "apartments", "landuse": null, "leisure": null, "natural": null, "height": null, "levels": null, "min_levels": null}, "geometry": {"type": "Polygon", "coordinates": [[[23.3260859, 42.6780356], [23.3262729, 42.6780256], [23.3262577, 42.6778721], [23.3260707, 42.6778821], [23.3260859, 42.6780356]]]}}, {"type": "Feature", "properties": {"osm_id": 302504480, "kind": "building", "name": null, "building": "apartments", "landuse": null, "leisure": null, "natural": null, "height": null, "levels": null, "min_levels": null}, "geometry": {"type": "Polygon", "coordinates": [[[23.3267699, 42.6775111], [23.3269006, 42.6774892], [23.3268719, 42.6773968], [23.3267412, 42.6774188], [23.3267699, 42.6775111]]]}}, {"type": "Feature", "properties": {"osm_id": 302504481, "kind": "building", "name": null, "building": "apartments", "landuse": null, "leisure": null, "natural": null, "height": null, "levels": null, "min_levels": null}, "geometry": {"type": "Polygon", "coordinates": [[[23.3257077, 42.677592], [23.3261108, 42.6775817], [23.3261048, 42.677456], [23.3257018, 42.6774663], [23.3257077, 42.677592]]]}}, {"type": "Feature", "properties": {"osm_id": 302504483, "kind": "building", "name": null, "building": "apartments", "landuse": null, "leisure": null, "natural": null, "height": null, "levels": null, "min_levels": null}, "geometry": {"type": "Polygon", "coordinates": [[[23.326786, 42.67788], [23.3270111, 42.6778424], [23.3269685, 42.6777045], [23.3267434, 42.6777421], [23.326786, 42.67788]]]}}, {"type": "Feature", "properties": {"osm_id": 302504485, "kind": "building", "name": null, "building": "government", "landuse": null, "leisure": null, "natural": null, "height": null, "levels": null, "min_levels": null}, "geometry": {"type": "Polygon", "coordinates": [[[23.3255649, 42.6770225], [23.3255322, 42.677292], [23.3253164, 42.6773006], [23.3253208, 42.6773616], [23.3256569, 42.6773495], [23.325696, 42.6770312], [23.3255649, 42.6770225]]]}}, {"type": "Feature", "properties": {"osm_id": 302504486, "kind": "building", "name": null, "building": "apartments", "landuse": null, "leisure": null, "natural": null, "height": null, "levels": "2", "min_levels": null}, "geometry": {"type": "Polygon", "coordinates": [[[23.3251928, 42.6780949], [23.3253583, 42.6781002], [23.3253645, 42.6779963], [23.325199, 42.677991], [23.3251928, 42.6780949]]]}}, {"type": "Feature", "properties": {"osm_id": 302504488, "kind": "building", "name": null, "building": "apartments", "landuse": null, "leisure": null, "natural": null, "height": null, "levels": null, "min_levels": null}, "geometry": {"type": "Polygon", "coordinates": [[[23.3263069, 42.6774555], [23.3263089, 42.6775592], [23.3261879, 42.6775604], [23.3261859, 42.6774567], [23.3263069, 42.6774555]]]}}, {"type": "Feature", "properties": {"osm_id": 302504490, "kind": "building", "name": null, "building": "apartments", "landuse": null, "leisure": null, "natural": null, "height": null, "levels": null, "min_levels": null}, "geometry": {"type": "Polygon", "coordinates": [[[23.3254663, 42.6775723], [23.3255936, 42.6775822], [23.3256113, 42.677458], [23.3254841, 42.6774482], [23.3254663, 42.6775723]]]}}, {"type": "Feature", "properties": {"osm_id": 302504492, "kind": "building", "name": null, "building": "apartments", "landuse": null, "leisure": null, "natural": null, "height": null, "levels": "3", "min_levels": null}, "geometry": {"type": "Polygon", "coordinates": [[[23.3268691, 42.6780416], [23.3270303, 42.678036], [23.3270248, 42.6779509], [23.3269901, 42.6779521], [23.3268637, 42.6779565], [23.3268691, 42.6780416]]]}}, {"type": "Feature", "properties": {"osm_id": 302506004, "kind": "building", "name": null, "building": "apartments", "landuse": null, "leisure": null, "natural": null, "height": null, "levels": null, "min_levels": null}, "geometry": {"type": "Polygon", "coordinates": [[[23.3282424, 42.6757858], [23.3283686, 42.6758216], [23.328433, 42.675699], [23.3283068, 42.6756632], [23.3282424, 42.6757858]]]}}, {"type": "Feature", "properties": {"osm_id": 302506005, "kind": "building", "name": null, "building": "apartments", "landuse": null, "leisure": null, "natural": null, "height": null, "levels": null, "min_levels": null}, "geometry": {"type": "Polygon", "coordinates": [[[23.3274351, 42.6756873], [23.3277271, 42.6758223], [23.3278241, 42.6757089], [23.3275321, 42.6755739], [23.3274351, 42.6756873]]]}}, {"type": "Feature", "properties": {"osm_id": 302506007, "kind": "building", "name": null, "building": "apartments", "landuse": null, "leisure": null, "natural": null, "height": null, "levels": null, "min_levels": null}, "geometry": {"type": "Polygon", "coordinates": [[[23.3274243, 42.6766081], [23.3277517, 42.6766007], [23.3277463, 42.676474], [23.327419, 42.6764814], [23.3274243, 42.6766081]]]}}, {"type": "Feature", "properties": {"osm_id": 302506008, "kind": "building", "name": null, "building": "apartments", "landuse": null, "leisure": null, "natural": null, "height": null, "levels": null, "min_levels": null}, "geometry": {"type": "Polygon", "coordinates": [[[23.328752, 42.6758174], [23.3289238, 42.6758693], [23.3289936, 42.6757444], [23.3288218, 42.6756925], [23.328752, 42.6758174]]]}}, {"type": "Feature", "properties": {"osm_id": 302506009, "kind": "building", "name": null, "building": "apartments", "landuse": null, "leisure": null, "natural": null, "height": null, "levels": null, "min_levels": null}, "geometry": {"type": "Polygon", "coordinates": [[[23.3269576, 42.6766198], [23.3272685, 42.6766139], [23.3272636, 42.676474], [23.3269527, 42.6764799], [23.3269576, 42.6766198]]]}}, {"type": "Feature", "properties": {"osm_id": 302506377, "kind": "building", "name": null, "building": "retail", "landuse": null, "leisure": null, "natural": null, "height": null, "levels": "2", "min_levels": null}, "geometry": {"type": "Polygon", "coordinates": [[[23.3289908, 42.6778996], [23.3292715, 42.6778616], [23.3292242, 42.6776729], [23.3289435, 42.6777109], [23.3289908, 42.6778996]]]}}, {"type": "Feature", "properties": {"osm_id": 302506378, "kind": "green", "name": null, "building": null, "landuse": null, "leisure": "park", "natural": null, "height": null, "levels": null, "min_levels": null}, "geometry": {"type": "Polygon", "coordinates": [[[23.3294816, 42.6780285], [23.3291931, 42.6780634], [23.3295856, 42.6781993], [23.3296195, 42.678154], [23.3296409, 42.6780991], [23.3296403, 42.6780015], [23.3294816, 42.6780285]]]}}, {"type": "Feature", "properties": {"osm_id": 302507976, "kind": "building", "name": null, "building": "apartments", "landuse": null, "leisure": null, "natural": null, "height": null, "levels": "4", "min_levels": null}, "geometry": {"type": "Polygon", "coordinates": [[[23.331335, 42.6773061], [23.33151, 42.6772479], [23.3314451, 42.6771425], [23.3312701, 42.6772007], [23.331335, 42.6773061]]]}}, {"type": "Feature", "properties": {"osm_id": 302507978, "kind": "building", "name": null, "building": "apartments", "landuse": null, "leisure": null, "natural": null, "height": null, "levels": "4", "min_levels": null}, "geometry": {"type": "Polygon", "coordinates": [[[23.3305102, 42.6775832], [23.3307046, 42.6775204], [23.330668, 42.6774591], [23.3306137, 42.6774766], [23.3305667, 42.6773979], [23.3304266, 42.6774431], [23.3305102, 42.6775832]]]}}, {"type": "Feature", "properties": {"osm_id": 302507979, "kind": "building", "name": null, "building": "apartments", "landuse": null, "leisure": null, "natural": null, "height": null, "levels": "3", "min_levels": null}, "geometry": {"type": "Polygon", "coordinates": [[[23.3310266, 42.6773259], [23.331195, 42.6772698], [23.3311179, 42.6771444], [23.3309494, 42.6772005], [23.3310266, 42.6773259]]]}}, {"type": "Feature", "properties": {"osm_id": 302507980, "kind": "building", "name": null, "building": "apartments", "landuse": null, "leisure": null, "natural": null, "height": null, "levels": null, "min_levels": null}, "geometry": {"type": "Polygon", "coordinates": [[[23.3312108, 42.6770791], [23.3314818, 42.6769853], [23.3314084, 42.6768706], [23.3311374, 42.6769644], [23.3312108, 42.6770791]]]}}, {"type": "Feature", "properties": {"osm_id": 302507981, "kind": "building", "name": null, "building": "apartments", "landuse": null, "leisure": null, "natural": null, "height": null, "levels": null, "min_levels": null}, "geometry": {"type": "Polygon", "coordinates": [[[23.3309139, 42.6766987], [23.3311574, 42.6766187], [23.3311018, 42.6765272], [23.3308583, 42.6766072], [23.3309139, 42.6766987]]]}}, {"type": "Feature", "properties": {"osm_id": 302507982, "kind": "building", "name": null, "building": "apartments", "landuse": null, "leisure": null, "natural": null, "height": null, "levels": "4", "min_levels": null}, "geometry": {"type": "Polygon", "coordinates": [[[23.3307154, 42.6774323], [23.3309515, 42.6773543], [23.3308738, 42.6772273], [23.3306377, 42.6773053], [23.3307154, 42.6774323]]]}}, {"type": "Feature", "properties": {"osm_id": 302510488, "kind": "building", "name": null, "building": "apartments", "landuse": null, "leisure": null, "natural": null, "height": null, "levels": null, "min_levels": null}, "geometry": {"type": "Polygon", "coordinates": [[[23.3315617, 42.6767805], [23.3318286, 42.6766918], [23.3317522, 42.6765676], [23.3314853, 42.6766563], [23.3315617, 42.6767805]]]}}, {"type": "Feature", "properties": {"osm_id": 302510490, "kind": "building", "name": null, "building": "apartments", "landuse": null, "leisure": null, "natural": null, "height": null, "levels": null, "min_levels": null}, "geometry": {"type": "Polygon", "coordinates": [[[23.3324937, 42.6765154], [23.3326068, 42.6764782], [23.3325287, 42.6763498], [23.3324156, 42.6763869], [23.3324937, 42.6765154]]]}}, {"type": "Feature", "properties": {"osm_id": 302510491, "kind": "building", "name": null, "building": "garages", "landuse": null, "leisure": null, "natural": null, "height": null, "levels": null, "min_levels": null}, "geometry": {"type": "Polygon", "coordinates": [[[23.3327459, 42.6765192], [23.33291, 42.6764675], [23.3328828, 42.6764207], [23.3327186, 42.6764724], [23.3327459, 42.6765192]]]}}, {"type": "Feature", "properties": {"osm_id": 302510493, "kind": "building", "name": null, "building": "apartments", "landuse": null, "leisure": null, "natural": null, "height": null, "levels": "4", "min_levels": null}, "geometry": {"type": "Polygon", "coordinates": [[[23.3327593, 42.6767698], [23.3328901, 42.6767282], [23.3328265, 42.6766199], [23.3326956, 42.6766615], [23.3327593, 42.6767698]]]}}, {"type": "Feature", "properties": {"osm_id": 302510496, "kind": "building", "name": null, "building": "apartments", "landuse": null, "leisure": null, "natural": null, "height": null, "levels": null, "min_levels": null}, "geometry": {"type": "Polygon", "coordinates": [[[23.3319519, 42.6766573], [23.3321813, 42.6765794], [23.3321076, 42.6764622], [23.3318783, 42.6765401], [23.3319519, 42.6766573]]]}}, {"type": "Feature", "properties": {"osm_id": 302510498, "kind": "building", "name": null, "building": "detached", "landuse": null, "leisure": null, "natural": null, "height": null, "levels": null, "min_levels": null}, "geometry": {"type": "Polygon", "coordinates": [[[23.3329148, 42.6767027], [23.3330462, 42.6766596], [23.3329874, 42.6765627], [23.332856, 42.6766059], [23.3329148, 42.6767027]]]}}, {"type": "Feature", "properties": {"osm_id": 302510500, "kind": "building", "name": null, "building": "apartments", "landuse": null, "leisure": null, "natural": null, "height": null, "levels": "3", "min_levels": null}, "geometry": {"type": "Polygon", "coordinates": [[[23.3325715, 42.6768249], [23.332712, 42.6767822], [23.3326441, 42.6766613], [23.3325035, 42.676704], [23.3325715, 42.6768249]]]}}, {"type": "Feature", "properties": {"osm_id": 302510502, "kind": "building", "name": null, "building": "apartments", "landuse": null, "leisure": null, "natural": null, "height": null, "levels": "5", "min_levels": null}, "geometry": {"type": "Polygon", "coordinates": [[[23.3327324, 42.6764423], [23.3328659, 42.6764015], [23.3327674, 42.6762275], [23.332634, 42.6762683], [23.3327324, 42.6764423]]]}}, {"type": "Feature", "properties": {"osm_id": 302510504, "kind": "building", "name": null, "building": "apartments", "landuse": null, "leisure": null, "natural": null, "height": null, "levels": null, "min_levels": null}, "geometry": {"type": "Polygon", "coordinates": [[[23.332247, 42.6764838], [23.3323122, 42.6765926], [23.332459, 42.676545], [23.3323938, 42.6764362], [23.332247, 42.6764838]]]}}, {"type": "Feature", "properties": {"osm_id": 302512080, "kind": "building", "name": "Dräger", "building": "office", "landuse": null, "leisure": null, "natural": null, "height": null, "levels": "5", "min_levels": null}, "geometry": {"type": "Polygon", "coordinates": [[[23.3331839, 42.6762843], [23.3331543, 42.6763385], [23.3329003, 42.6763535], [23.3329057, 42.6764087], [23.3329532, 42.6764114], [23.3329585, 42.6764598], [23.3330404, 42.6764617], [23.333039, 42.6764755], [23.3330828, 42.6764775], [23.333159, 42.6764809], [23.3331946, 42.6764824], [23.3332791, 42.6765061], [23.3333649, 42.6763434], [23.3331839, 42.6762843]]]}}, {"type": "Feature", "properties": {"osm_id": 302512081, "kind": "building", "name": null, "building": "retail", "landuse": null, "leisure": null, "natural": null, "height": null, "levels": null, "min_levels": null}, "geometry": {"type": "Polygon", "coordinates": [[[23.3330851, 42.6766356], [23.3331602, 42.6766356], [23.333159, 42.6764809], [23.3330828, 42.6764775], [23.3330851, 42.6766356]]]}}, {"type": "Feature", "properties": {"osm_id": 302512932, "kind": "building", "name": null, "building": "apartments", "landuse": null, "leisure": null, "natural": null, "height": null, "levels": null, "min_levels": null}, "geometry": {"type": "Polygon", "coordinates": [[[23.3316547, 42.6762697], [23.3317397, 42.6762934], [23.3318591, 42.6763267], [23.3319172, 42.6763429], [23.332022, 42.6763073], [23.3319707, 42.6762256], [23.3319378, 42.6762368], [23.3318371, 42.6762087], [23.3318818, 42.6761221], [23.3317498, 42.6760853], [23.3316547, 42.6762697]]]}}, {"type": "Feature", "properties": {"osm_id": 302512933, "kind": "building", "name": null, "building": "apartments", "landuse": null, "leisure": null, "natural": null, "height": null, "levels": null, "min_levels": null}, "geometry": {"type": "Polygon", "coordinates": [[[23.3314369, 42.6762039], [23.3315808, 42.6762452], [23.3316382, 42.6761368], [23.3314944, 42.6760956], [23.3314369, 42.6762039]]]}}, {"type": "Feature", "properties": {"osm_id": 302512934, "kind": "building", "name": null, "building": "apartments", "landuse": null, "leisure": null, "natural": null, "height": null, "levels": null, "min_levels": null}, "geometry": {"type": "Polygon", "coordinates": [[[23.3312277, 42.6761467], [23.3313781, 42.6761896], [23.3314424, 42.6760678], [23.3312921, 42.6760249], [23.3312277, 42.6761467]]]}}, {"type": "Feature", "properties": {"osm_id": 302512936, "kind": "building", "name": null, "building": "office", "landuse": null, "leisure": null, "natural": null, "height": null, "levels": null, "min_levels": null}, "geometry": {"type": "Polygon", "coordinates": [[[23.3311446, 42.6757444], [23.3312859, 42.6757935], [23.3314049, 42.6756083], [23.3312636, 42.6755592], [23.3311446, 42.6757444]]]}}, {"type": "Feature", "properties": {"osm_id": 302512937, "kind": "building", "name": null, "building": "apartments", "landuse": null, "leisure": null, "natural": null, "height": null, "levels": null, "min_levels": null}, "geometry": {"type": "Polygon", "coordinates": [[[23.3314074, 42.6758134], [23.331546, 42.6758581], [23.3316034, 42.6757621], [23.3314648, 42.6757174], [23.3314074, 42.6758134]]]}}, {"type": "Feature", "properties": {"osm_id": 302512938, "kind": "building", "name": null, "building": "apartments", "landuse": null, "leisure": null, "natural": null, "height": null, "levels": null, "min_levels": null}, "geometry": {"type": "Polygon", "coordinates": [[[23.3318339, 42.6759968], [23.3319917, 42.676049], [23.3320647, 42.6759297], [23.3319069, 42.6758775], [23.3318339, 42.6759968]]]}}, {"type": "Feature", "properties": {"osm_id": 302512939, "kind": "building", "name": null, "building": "office", "landuse": null, "leisure": null, "natural": null, "height": null, "levels": null, "min_levels": null}, "geometry": {"type": "Polygon", "coordinates": [[[23.3302075, 42.6754783], [23.3304144, 42.6755459], [23.3305704, 42.6752878], [23.3303634, 42.6752202], [23.3302075, 42.6754783]]]}}, {"type": "Feature", "properties": {"osm_id": 302512940, "kind": "building", "name": null, "building": "apartments", "landuse": null, "leisure": null, "natural": null, "height": null, "levels": null, "min_levels": null}, "geometry": {"type": "Polygon", "coordinates": [[[23.3306232, 42.6759845], [23.3306547, 42.6759943], [23.330744, 42.676022], [23.3308737, 42.6760623], [23.3309806, 42.675876], [23.3308339, 42.6758305], [23.3306976, 42.675855], [23.3306232, 42.6759845]]]}}, {"type": "Feature", "properties": {"osm_id": 302512941, "kind": "building", "name": null, "building": "apartments", "landuse": null, "leisure": null, "natural": null, "height": null, "levels": null, "min_levels": null}, "geometry": {"type": "Polygon", "coordinates": [[[23.3309339, 42.6756774], [23.3309655, 42.6756879], [23.3309768, 42.6756694], [23.331092, 42.6757075], [23.3311539, 42.6756063], [23.331007, 42.6755577], [23.3309339, 42.6756774]]]}}, {"type": "Feature", "properties": {"osm_id": 302512942, "kind": "building", "name": null, "building": "apartments", "landuse": null, "leisure": null, "natural": null, "height": null, "levels": null, "min_levels": null}, "geometry": {"type": "Polygon", "coordinates": [[[23.3300985, 42.675841], [23.3302712, 42.6758907], [23.3303964, 42.6756556], [23.3302237, 42.6756059], [23.3300985, 42.675841]]]}}, {"type": "Feature", "properties": {"osm_id": 302513195, "kind": "building", "name": null, "building": "apartments", "landuse": null, "leisure": null, "natural": null, "height": null, "levels": null, "min_levels": null}, "geometry": {"type": "Polygon", "coordinates": [[[23.3287574, 42.6754743], [23.328897, 42.6755115], [23.3289533, 42.6753973], [23.3288138, 42.6753601], [23.3287574, 42.6754743]]]}}, {"type": "Feature", "properties": {"osm_id": 302513196, "kind": "building", "name": null, "building": "apartments", "landuse": null, "leisure": null, "natural": null, "height": null, "levels": null, "min_levels": null}, "geometry": {"type": "Polygon", "coordinates": [[[23.3282129, 42.6746717], [23.328337, 42.6747147], [23.3283874, 42.6746361], [23.3282633, 42.6745931], [23.3282129, 42.6746717]]]}}, {"type": "Feature", "properties": {"osm_id": 302513197, "kind": "building", "name": null, "building": "apartments", "landuse": null, "leisure": null, "natural": null, "height": null, "levels": null, "min_levels": null}, "geometry": {"type": "Polygon", "coordinates": [[[23.3280493, 42.6749123], [23.3283973, 42.6750217], [23.3284759, 42.6748865], [23.3281279, 42.6747771], [23.3280493, 42.6749123]]]}}, {"type": "Feature", "properties": {"osm_id": 302513198, "kind": "building", "name": null, "building": "apartments", "landuse": null, "leisure": null, "natural": null, "height": null, "levels": null, "min_levels": null}, "geometry": {"type": "Polygon", "coordinates": [[[23.3284561, 42.6747827], [23.328592, 42.6748245], [23.3286454, 42.6747306], [23.3285095, 42.6746888], [23.3284561, 42.6747827]]]}}, {"type": "Feature", "properties": {"osm_id": 302513199, "kind": "building", "name": null, "building": "apartments", "landuse": null, "leisure": null, "natural": null, "height": null, "levels": null, "min_levels": null}, "geometry": {"type": "Polygon", "coordinates": [[[23.3292554, 42.6750205], [23.329392, 42.6750668], [23.3294966, 42.6749], [23.32936, 42.6748537], [23.3292554, 42.6750205]]]}}, {"type": "Feature", "properties": {"osm_id": 302513200, "kind": "building", "name": null, "building": "garages", "landuse": null, "leisure": null, "natural": null, "height": null, "levels": null, "min_levels": null}, "geometry": {"type": "Polygon", "coordinates": [[[23.3289908, 42.6753382], [23.329238, 42.6754091], [23.3292725, 42.6753441], [23.3290253, 42.6752732], [23.3289908, 42.6753382]]]}}, {"type": "Feature", "properties": {"osm_id": 302513202, "kind": "building", "name": null, "building": "apartments", "landuse": null, "leisure": null, "natural": null, "height": null, "levels": null, "min_levels": null}, "geometry": {"type": "Polygon", "coordinates": [[[23.3285401, 42.6754073], [23.328699, 42.6754561], [23.3287763, 42.6753204], [23.3286174, 42.6752715], [23.3285401, 42.6754073]]]}}, {"type": "Feature", "properties": {"osm_id": 302513203, "kind": "building", "name": null, "building": "apartments", "landuse": null, "leisure": null, "natural": null, "height": null, "levels": null, "min_levels": null}, "geometry": {"type": "Polygon", "coordinates": [[[23.3289748, 42.6749898], [23.3291601, 42.6750488], [23.3292283, 42.6749328], [23.329043, 42.6748739], [23.3289748, 42.6749898]]]}}, {"type": "Feature", "properties": {"osm_id": 302513204, "kind": "building", "name": null, "building": "apartments", "landuse": null, "leisure": null, "natural": null, "height": null, "levels": null, "min_levels": null}, "geometry": {"type": "Polygon", "coordinates": [[[23.3294508, 42.6751125], [23.3295747, 42.6751566], [23.3296467, 42.6750473], [23.3295227, 42.6750032], [23.3294508, 42.6751125]]]}}, {"type": "Feature", "properties": {"osm_id": 302578459, "kind": "building", "name": null, "building": "retail", "landuse": null, "leisure": null, "natural": null, "height": null, "levels": "1", "min_levels": null}, "geometry": {"type": "Polygon", "coordinates": [[[23.3335952, 42.6738939], [23.3336745, 42.6739217], [23.3337295, 42.6738368], [23.3336502, 42.673809], [23.3335952, 42.6738939]]]}}, {"type": "Feature", "properties": {"osm_id": 302578956, "kind": "building", "name": null, "building": "retail", "landuse": null, "leisure": null, "natural": null, "height": null, "levels": "2", "min_levels": null}, "geometry": {"type": "Polygon", "coordinates": [[[23.3334325, 42.6760746], [23.3335648, 42.6760909], [23.3336159, 42.6760636], [23.3336303, 42.6759404], [23.3335266, 42.6759342], [23.3334565, 42.6759283], [23.3334426, 42.6760129], [23.3334325, 42.6760746]]]}}, {"type": "Feature", "properties": {"osm_id": 302580137, "kind": "building", "name": null, "building": "service", "landuse": null, "leisure": null, "natural": null, "height": null, "levels": null, "min_levels": null}, "geometry": {"type": "Polygon", "coordinates": [[[23.3263424, 42.6728014], [23.3264286, 42.6728011], [23.3264279, 42.6727216], [23.3263417, 42.672722], [23.3263424, 42.6728014]]]}}, {"type": "Feature", "properties": {"osm_id": 302580140, "kind": "building", "name": "Бирария При Кулата", "building": "yes", "landuse": null, "leisure": null, "natural": null, "height": null, "levels": "1", "min_levels": null}, "geometry": {"type": "Polygon", "coordinates": [[[23.3262138, 42.6725588], [23.3264022, 42.6725557], [23.326399, 42.6724504], [23.3262107, 42.6724534], [23.3262138, 42.6725588]]]}}, {"type": "Feature", "properties": {"osm_id": 302685231, "kind": "building", "name": null, "building": "apartments", "landuse": null, "leisure": null, "natural": null, "height": null, "levels": null, "min_levels": null}, "geometry": {"type": "Polygon", "coordinates": [[[23.3272559, 42.6795231], [23.3274833, 42.6794844], [23.3274464, 42.6793672], [23.327219, 42.6794059], [23.3272559, 42.6795231]]]}}, {"type": "Feature", "properties": {"osm_id": 302685615, "kind": "building", "name": null, "building": "apartments", "landuse": null, "leisure": null, "natural": null, "height": null, "levels": null, "min_levels": null}, "geometry": {"type": "Polygon", "coordinates": [[[23.3271781, 42.6791149], [23.3273583, 42.6790847], [23.3272748, 42.6788151], [23.3270945, 42.6788453], [23.3271781, 42.6791149]]]}}, {"type": "Feature", "properties": {"osm_id": 302685616, "kind": "building", "name": null, "building": "semidetached_house", "landuse": null, "leisure": null, "natural": null, "height": null, "levels": null, "min_levels": null}, "geometry": {"type": "Polygon", "coordinates": [[[23.3263967, 42.6791539], [23.3264231, 42.6792585], [23.3263213, 42.6792724], [23.326295, 42.6791677], [23.3263967, 42.6791539]]]}}, {"type": "Feature", "properties": {"osm_id": 302685617, "kind": "building", "name": null, "building": "apartments", "landuse": null, "leisure": null, "natural": null, "height": null, "levels": null, "min_levels": null}, "geometry": {"type": "Polygon", "coordinates": [[[23.3268965, 42.6788369], [23.3268574, 42.6787083], [23.3272399, 42.6786455], [23.327279, 42.6787741], [23.3268965, 42.6788369]]]}}, {"type": "Feature", "properties": {"osm_id": 302685618, "kind": "building", "name": null, "building": "apartments", "landuse": null, "leisure": null, "natural": null, "height": null, "levels": null, "min_levels": null}, "geometry": {"type": "Polygon", "coordinates": [[[23.3253461, 42.6789335], [23.3253773, 42.6790301], [23.3255474, 42.6790004], [23.3255163, 42.6789039], [23.3253461, 42.6789335]]]}}, {"type": "Feature", "properties": {"osm_id": 302685619, "kind": "building", "name": null, "building": "detached", "landuse": null, "leisure": null, "natural": null, "height": null, "levels": "2", "min_levels": null}, "geometry": {"type": "Polygon", "coordinates": [[[23.3251473, 42.679079], [23.3252903, 42.6790526], [23.3252467, 42.6789252], [23.3251037, 42.6789517], [23.3251473, 42.679079]]]}}, {"type": "Feature", "properties": {"osm_id": 302685620, "kind": "building", "name": null, "building": "apartments", "landuse": null, "leisure": null, "natural": null, "height": null, "levels": null, "min_levels": null}, "geometry": {"type": "Polygon", "coordinates": [[[23.3263761, 42.6789335], [23.3265136, 42.6789096], [23.3264648, 42.6787579], [23.3263273, 42.6787818], [23.3263761, 42.6789335]]]}}, {"type": "Feature", "properties": {"osm_id": 302685621, "kind": "building", "name": null, "building": "apartments", "landuse": null, "leisure": null, "natural": null, "height": null, "levels": null, "min_levels": null}, "geometry": {"type": "Polygon", "coordinates": [[[23.3260596, 42.6789591], [23.3260215, 42.6788404], [23.3262582, 42.6787993], [23.3262964, 42.678918], [23.3260596, 42.6789591]]]}}, {"type": "Feature", "properties": {"osm_id": 302685622, "kind": "building", "name": null, "building": "apartments", "landuse": null, "leisure": null, "natural": null, "height": null, "levels": null, "min_levels": null}, "geometry": {"type": "Polygon", "coordinates": [[[23.3259094, 42.6790617], [23.3260285, 42.6790475], [23.3260007, 42.6789216], [23.3258817, 42.6789357], [23.3259094, 42.6790617]]]}}, {"type": "Feature", "properties": {"osm_id": 302685623, "kind": "building", "name": null, "building": "semidetached_house", "landuse": null, "leisure": null, "natural": null, "height": null, "levels": null, "min_levels": null}, "geometry": {"type": "Polygon", "coordinates": [[[23.3261903, 42.679182], [23.326295, 42.6791677], [23.3263213, 42.6792724], [23.3262167, 42.6792866], [23.3261903, 42.679182]]]}}, {"type": "Feature", "properties": {"osm_id": 302685624, "kind": "building", "name": null, "building": "apartments", "landuse": null, "leisure": null, "natural": null, "height": null, "levels": null, "min_levels": null}, "geometry": {"type": "Polygon", "coordinates": [[[23.3255607, 42.6789118], [23.3256031, 42.6790387], [23.3258478, 42.6789945], [23.3258054, 42.6788676], [23.3255607, 42.6789118]]]}}, {"type": "Feature", "properties": {"osm_id": 302685625, "kind": "building", "name": null, "building": "apartments", "landuse": null, "leisure": null, "natural": null, "height": null, "levels": null, "min_levels": null}, "geometry": {"type": "Polygon", "coordinates": [[[23.3255527, 42.6793831], [23.325677, 42.6793607], [23.3256306, 42.6792213], [23.3255063, 42.6792437], [23.3255527, 42.6793831]]]}}, {"type": "Feature", "properties": {"osm_id": 302685626, "kind": "building", "name": null, "building": "semidetached_house", "landuse": null, "leisure": null, "natural": null, "height": null, "levels": null, "min_levels": null}, "geometry": {"type": "Polygon", "coordinates": [[[23.3261108, 42.6792564], [23.3261785, 42.6792495], [23.326165, 42.6791769], [23.3261795, 42.6791755], [23.3261662, 42.6791037], [23.326104, 42.67911], [23.3261171, 42.6791803], [23.3260664, 42.6791854], [23.3260733, 42.6792225], [23.3261039, 42.6792194], [23.3261108, 42.6792564]]]}}, {"type": "Feature", "properties": {"osm_id": 302685627, "kind": "building", "name": null, "building": "apartments", "landuse": null, "leisure": null, "natural": null, "height": null, "levels": null, "min_levels": null}, "geometry": {"type": "Polygon", "coordinates": [[[23.3251342, 42.6795211], [23.3253375, 42.6794848], [23.325298, 42.6793652], [23.3250947, 42.6794016], [23.3251342, 42.6795211]]]}}, {"type": "Feature", "properties": {"osm_id": 302685628, "kind": "building", "name": null, "building": "apartments", "landuse": null, "leisure": null, "natural": null, "height": null, "levels": null, "min_levels": null}, "geometry": {"type": "Polygon", "coordinates": [[[23.325094, 42.6793199], [23.3252676, 42.6793253], [23.3252792, 42.6791247], [23.3251057, 42.6791192], [23.325094, 42.6793199]]]}}, {"type": "Feature", "properties": {"osm_id": 302685629, "kind": "building", "name": null, "building": "detached", "landuse": null, "leisure": null, "natural": null, "height": null, "levels": null, "min_levels": null}, "geometry": {"type": "Polygon", "coordinates": [[[23.325875, 42.6791993], [23.3259872, 42.6791805], [23.3260236, 42.6792966], [23.3259113, 42.6793157], [23.325875, 42.6791993]]]}}, {"type": "Feature", "properties": {"osm_id": 302685630, "kind": "building", "name": null, "building": "apartments", "landuse": null, "leisure": null, "natural": null, "height": null, "levels": null, "min_levels": null}, "geometry": {"type": "Polygon", "coordinates": [[[23.3257736, 42.6793629], [23.3258347, 42.6793526], [23.3258386, 42.6793651], [23.3259224, 42.6793509], [23.3259113, 42.6793157], [23.325875, 42.6791993], [23.3257301, 42.6792238], [23.3257736, 42.6793629]]]}}, {"type": "Feature", "properties": {"osm_id": 302685631, "kind": "building", "name": null, "building": "apartments", "landuse": null, "leisure": null, "natural": null, "height": null, "levels": null, "min_levels": null}, "geometry": {"type": "Polygon", "coordinates": [[[23.3265531, 42.6787521], [23.3265939, 42.6788816], [23.3268456, 42.6788387], [23.3268049, 42.6787093], [23.3265531, 42.6787521]]]}}, {"type": "Feature", "properties": {"osm_id": 302685632, "kind": "building", "name": null, "building": "apartments", "landuse": null, "leisure": null, "natural": null, "height": null, "levels": null, "min_levels": null}, "geometry": {"type": "Polygon", "coordinates": [[[23.3264795, 42.6792951], [23.3266235, 42.6792899], [23.3266147, 42.679158], [23.3264709, 42.6791631], [23.3264795, 42.6792951]]]}}, {"type": "Feature", "properties": {"osm_id": 302685633, "kind": "building", "name": null, "building": "apartments", "landuse": null, "leisure": null, "natural": null, "height": null, "levels": null, "min_levels": null}, "geometry": {"type": "Polygon", "coordinates": [[[23.3254105, 42.6794066], [23.3255339, 42.6793849], [23.3254857, 42.6792371], [23.3253623, 42.6792588], [23.3254105, 42.6794066]]]}}, {"type": "Feature", "properties": {"osm_id": 302687426, "kind": "building", "name": null, "building": "garages", "landuse": null, "leisure": null, "natural": null, "height": null, "levels": null, "min_levels": null}, "geometry": {"type": "Polygon", "coordinates": [[[23.323659, 42.6786357], [23.3238224, 42.6786243], [23.3238147, 42.6785647], [23.3236513, 42.6785761], [23.323659, 42.6786357]]]}}, {"type": "Feature", "properties": {"osm_id": 302687427, "kind": "building", "name": null, "building": "detached", "landuse": null, "leisure": null, "natural": null, "height": null, "levels": null, "min_levels": null}, "geometry": {"type": "Polygon", "coordinates": [[[23.3247718, 42.6790442], [23.3249404, 42.6790171], [23.3249079, 42.6789078], [23.3247393, 42.6789349], [23.3247718, 42.6790442]]]}}, {"type": "Feature", "properties": {"osm_id": 302687428, "kind": "building", "name": null, "building": "apartments", "landuse": null, "leisure": null, "natural": null, "height": null, "levels": null, "min_levels": null}, "geometry": {"type": "Polygon", "coordinates": [[[23.3249308, 42.6793936], [23.3248246, 42.6794019], [23.3247511, 42.6793666], [23.3246594, 42.6794689], [23.3247925, 42.6795333], [23.3249493, 42.679521], [23.3249308, 42.6793936]]]}}, {"type": "Feature", "properties": {"osm_id": 302687429, "kind": "building", "name": null, "building": "apartments", "landuse": null, "leisure": null, "natural": null, "height": null, "levels": null, "min_levels": null}, "geometry": {"type": "Polygon", "coordinates": [[[23.324003, 42.6790441], [23.3239943, 42.6791524], [23.3241399, 42.6792181], [23.3242107, 42.6791333], [23.3242171, 42.6790534], [23.324003, 42.6790441]]]}}, {"type": "Feature", "properties": {"osm_id": 302687430, "kind": "building", "name": null, "building": "apartments", "landuse": null, "leisure": null, "natural": null, "height": null, "levels": null, "min_levels": null}, "geometry": {"type": "Polygon", "coordinates": [[[23.3245281, 42.6790773], [23.3245509, 42.6791528], [23.3247265, 42.6791216], [23.3247099, 42.6790498], [23.3245281, 42.6790773]]]}}, {"type": "Feature", "properties": {"osm_id": 302687431, "kind": "building", "name": null, "building": "apartments", "landuse": null, "leisure": null, "natural": null, "height": null, "levels": null, "min_levels": null}, "geometry": {"type": "Polygon", "coordinates": [[[23.3243108, 42.6789571], [23.3244391, 42.6789399], [23.3244155, 42.6788447], [23.3242873, 42.6788618], [23.3243108, 42.6789571]]]}}, {"type": "Feature", "properties": {"osm_id": 302687432, "kind": "building", "name": null, "building": "apartments", "landuse": null, "leisure": null, "natural": null, "height": null, "levels": null, "min_levels": null}, "geometry": {"type": "Polygon", "coordinates": [[[23.3240238, 42.678971], [23.3242374, 42.6789433], [23.324209, 42.6788249], [23.3239954, 42.6788526], [23.3240238, 42.678971]]]}}, {"type": "Feature", "properties": {"osm_id": 302687433, "kind": "building", "name": null, "building": "apartments", "landuse": null, "leisure": null, "natural": null, "height": null, "levels": null, "min_levels": null}, "geometry": {"type": "Polygon", "coordinates": [[[23.3244691, 42.6789985], [23.3246238, 42.6789793], [23.3245899, 42.6788309], [23.3244351, 42.67885], [23.3244691, 42.6789985]]]}}, {"type": "Feature", "properties": {"osm_id": 302687434, "kind": "building", "name": null, "building": "garages", "landuse": null, "leisure": null, "natural": null, "height": null, "levels": null, "min_levels": null}, "geometry": {"type": "Polygon", "coordinates": [[[23.3239407, 42.6786357], [23.3240406, 42.6786285], [23.3240293, 42.6785449], [23.3239294, 42.6785522], [23.3239407, 42.6786357]]]}}, {"type": "Feature", "properties": {"osm_id": 302687435, "kind": "building", "name": null, "building": "detached", "landuse": null, "leisure": null, "natural": null, "height": null, "levels": null, "min_levels": null}, "geometry": {"type": "Polygon", "coordinates": [[[23.3247453, 42.6792469], [23.3247662, 42.679304], [23.3248957, 42.6792785], [23.324876, 42.6792203], [23.3247453, 42.6792469]]]}}, {"type": "Feature", "properties": {"osm_id": 302687436, "kind": "building", "name": null, "building": "apartments", "landuse": null, "leisure": null, "natural": null, "height": null, "levels": null, "min_levels": null}, "geometry": {"type": "Polygon", "coordinates": [[[23.3244395, 42.6793625], [23.3243351, 42.679312], [23.3244267, 42.6792096], [23.3245311, 42.6792601], [23.3244395, 42.6793625]]]}}, {"type": "Feature", "properties": {"osm_id": 302687437, "kind": "building", "name": null, "building": "apartments", "landuse": null, "leisure": null, "natural": null, "height": null, "levels": null, "min_levels": null}, "geometry": {"type": "Polygon", "coordinates": [[[23.3246594, 42.6794689], [23.3246116, 42.6794458], [23.3244395, 42.6793625], [23.3245311, 42.6792601], [23.3247511, 42.6793666], [23.3246594, 42.6794689]]]}}, {"type": "Feature", "properties": {"osm_id": 302687438, "kind": "building", "name": null, "building": "detached", "landuse": null, "leisure": null, "natural": null, "height": null, "levels": null, "min_levels": null}, "geometry": {"type": "Polygon", "coordinates": [[[23.3243162, 42.679109], [23.324456, 42.6790892], [23.3244343, 42.6790064], [23.3242945, 42.6790261], [23.3243162, 42.679109]]]}}, {"type": "Feature", "properties": {"osm_id": 302793286, "kind": "building", "name": null, "building": "apartments", "landuse": null, "leisure": null, "natural": null, "height": null, "levels": "3", "min_levels": null}, "geometry": {"type": "Polygon", "coordinates": [[[23.3281086, 42.6783334], [23.3282623, 42.6783265], [23.3282509, 42.6781894], [23.3280972, 42.6781963], [23.3281086, 42.6783334]]]}}, {"type": "Feature", "properties": {"osm_id": 302793288, "kind": "building", "name": null, "building": "apartments", "landuse": null, "leisure": null, "natural": null, "height": null, "levels": "4", "min_levels": null}, "geometry": {"type": "Polygon", "coordinates": [[[23.3273629, 42.6783276], [23.3275709, 42.6783112], [23.3275535, 42.6781914], [23.3273455, 42.6782077], [23.3273629, 42.6783276]]]}}, {"type": "Feature", "properties": {"osm_id": 302793290, "kind": "building", "name": null, "building": "apartments", "landuse": null, "leisure": null, "natural": null, "height": null, "levels": "3", "min_levels": null}, "geometry": {"type": "Polygon", "coordinates": [[[23.327666, 42.6783275], [23.327866, 42.6783195], [23.3278566, 42.6781914], [23.3276566, 42.6781993], [23.327666, 42.6783275]]]}}, {"type": "Feature", "properties": {"osm_id": 302793292, "kind": "building", "name": null, "building": "apartments", "landuse": null, "leisure": null, "natural": null, "height": null, "levels": null, "min_levels": null}, "geometry": {"type": "Polygon", "coordinates": [[[23.3291386, 42.6786509], [23.3292774, 42.6786839], [23.3293291, 42.6785661], [23.3291903, 42.6785331], [23.3291386, 42.6786509]]]}}, {"type": "Feature", "properties": {"osm_id": 302793294, "kind": "building", "name": null, "building": "apartments", "landuse": null, "leisure": null, "natural": null, "height": null, "levels": "2", "min_levels": null}, "geometry": {"type": "Polygon", "coordinates": [[[23.327894, 42.6782822], [23.3280475, 42.6782773], [23.3280417, 42.6781776], [23.3278882, 42.6781825], [23.327894, 42.6782822]]]}}, {"type": "Feature", "properties": {"osm_id": 302793296, "kind": "building", "name": null, "building": "apartments", "landuse": null, "leisure": null, "natural": null, "height": null, "levels": null, "min_levels": null}, "geometry": {"type": "Polygon", "coordinates": [[[23.3290048, 42.6788137], [23.3292312, 42.6788736], [23.3292866, 42.6787604], [23.3290602, 42.6787005], [23.3290048, 42.6788137]]]}}, {"type": "Feature", "properties": {"osm_id": 302793298, "kind": "building", "name": null, "building": "apartments", "landuse": null, "leisure": null, "natural": null, "height": null, "levels": "3", "min_levels": null}, "geometry": {"type": "Polygon", "coordinates": [[[23.3285914, 42.6782901], [23.3287655, 42.6782744], [23.3287417, 42.6781322], [23.3285676, 42.678148], [23.3285914, 42.6782901]]]}}, {"type": "Feature", "properties": {"osm_id": 302793300, "kind": "building", "name": null, "building": "apartments", "landuse": null, "leisure": null, "natural": null, "height": null, "levels": null, "min_levels": null}, "geometry": {"type": "Polygon", "coordinates": [[[23.3285914, 42.6787021], [23.3289542, 42.6787953], [23.3290153, 42.6786666], [23.3286525, 42.6785735], [23.3285914, 42.6787021]]]}}, {"type": "Feature", "properties": {"osm_id": 302793302, "kind": "building", "name": null, "building": "apartments", "landuse": null, "leisure": null, "natural": null, "height": null, "levels": "5", "min_levels": null}, "geometry": {"type": "Polygon", "coordinates": [[[23.3283607, 42.6782901], [23.328506, 42.6782763], [23.3284842, 42.678152], [23.3283389, 42.6781657], [23.3283607, 42.6782901]]]}}, {"type": "Feature", "properties": {"osm_id": 302793304, "kind": "building", "name": null, "building": "apartments", "landuse": null, "leisure": null, "natural": null, "height": null, "levels": "3", "min_levels": null}, "geometry": {"type": "Polygon", "coordinates": [[[23.3288086, 42.6782704], [23.3289783, 42.6782591], [23.3289643, 42.678146], [23.3287947, 42.6781574], [23.3288086, 42.6782704]]]}}, {"type": "Feature", "properties": {"osm_id": 302793306, "kind": "building", "name": null, "building": "apartments", "landuse": null, "leisure": null, "natural": null, "height": null, "levels": "4", "min_levels": null}, "geometry": {"type": "Polygon", "coordinates": [[[23.3290554, 42.6783196], [23.3294326, 42.6784511], [23.3295035, 42.6783413], [23.3291263, 42.6782097], [23.3290554, 42.6783196]]]}}, {"type": "Feature", "properties": {"osm_id": 302793308, "kind": "building", "name": null, "building": "apartments", "landuse": null, "leisure": null, "natural": null, "height": null, "levels": null, "min_levels": null}, "geometry": {"type": "Polygon", "coordinates": [[[23.3274193, 42.6784932], [23.327561, 42.6784818], [23.3275455, 42.6783768], [23.3274037, 42.6783881], [23.3274193, 42.6784932]]]}}, {"type": "Feature", "properties": {"osm_id": 302793310, "kind": "building", "name": null, "building": "semidetached_house", "landuse": null, "leisure": null, "natural": null, "height": null, "levels": null, "min_levels": null}, "geometry": {"type": "Polygon", "coordinates": [[[23.3278019, 42.6784778], [23.3278988, 42.6785019], [23.3279294, 42.6784355], [23.3279381, 42.6784168], [23.3278412, 42.6783926], [23.3278019, 42.6784778]]]}}, {"type": "Feature", "properties": {"osm_id": 302793311, "kind": "building", "name": null, "building": "detached", "landuse": null, "leisure": null, "natural": null, "height": null, "levels": null, "min_levels": null}, "geometry": {"type": "Polygon", "coordinates": [[[23.3285056, 42.678499], [23.3286287, 42.6785345], [23.3286854, 42.678428], [23.3285622, 42.6783926], [23.3285056, 42.678499]]]}}, {"type": "Feature", "properties": {"osm_id": 302793312, "kind": "building", "name": null, "building": "apartments", "landuse": null, "leisure": null, "natural": null, "height": null, "levels": null, "min_levels": null}, "geometry": {"type": "Polygon", "coordinates": [[[23.3282159, 42.6786075], [23.3284932, 42.6786808], [23.3285513, 42.6785621], [23.328274, 42.6784888], [23.3282159, 42.6786075]]]}}, {"type": "Feature", "properties": {"osm_id": 302793313, "kind": "building", "name": null, "building": "detached", "landuse": null, "leisure": null, "natural": null, "height": null, "levels": null, "min_levels": null}, "geometry": {"type": "Polygon", "coordinates": [[[23.3280442, 42.6785542], [23.328151, 42.6785813], [23.3281999, 42.6784773], [23.3280931, 42.6784502], [23.3280442, 42.6785542]]]}}, {"type": "Feature", "properties": {"osm_id": 302796349, "kind": "building", "name": null, "building": "semidetached_house", "landuse": null, "leisure": null, "natural": null, "height": null, "levels": null, "min_levels": null}, "geometry": {"type": "Polygon", "coordinates": [[[23.3298976, 42.6787081], [23.3300232, 42.6787384], [23.3300614, 42.6786528], [23.3299358, 42.6786225], [23.3298976, 42.6787081]]]}}, {"type": "Feature", "properties": {"osm_id": 302796350, "kind": "building", "name": null, "building": "apartments", "landuse": null, "leisure": null, "natural": null, "height": null, "levels": null, "min_levels": null}, "geometry": {"type": "Polygon", "coordinates": [[[23.3291546, 42.6795008], [23.329446, 42.679575], [23.3295088, 42.6794416], [23.3292174, 42.6793674], [23.3291546, 42.6795008]]]}}, {"type": "Feature", "properties": {"osm_id": 302796351, "kind": "building", "name": null, "building": "semidetached_house", "landuse": null, "leisure": null, "natural": null, "height": null, "levels": null, "min_levels": null}, "geometry": {"type": "Polygon", "coordinates": [[[23.3300451, 42.6787199], [23.330178, 42.6787515], [23.3302277, 42.678639], [23.3300948, 42.6786073], [23.3300451, 42.6787199]]]}}, {"type": "Feature", "properties": {"osm_id": 302796352, "kind": "building", "name": null, "building": "apartments", "landuse": null, "leisure": null, "natural": null, "height": null, "levels": null, "min_levels": null}, "geometry": {"type": "Polygon", "coordinates": [[[23.3280595, 42.6794445], [23.3276542, 42.6793119], [23.327626, 42.679215], [23.3277447, 42.6791962], [23.3281329, 42.6793252], [23.3280595, 42.6794445]]]}}, {"type": "Feature", "properties": {"osm_id": 302796353, "kind": "building", "name": null, "building": "apartments", "landuse": null, "leisure": null, "natural": null, "height": null, "levels": null, "min_levels": null}, "geometry": {"type": "Polygon", "coordinates": [[[23.3299781, 42.6782959], [23.3302617, 42.6783515], [23.3303054, 42.6782308], [23.3300219, 42.6781752], [23.3299781, 42.6782959]]]}}, {"type": "Feature", "properties": {"osm_id": 302796354, "kind": "building", "name": null, "building": "apartments", "landuse": null, "leisure": null, "natural": null, "height": null, "levels": null, "min_levels": null}, "geometry": {"type": "Polygon", "coordinates": [[[23.3281005, 42.6789093], [23.3282066, 42.678936], [23.3282723, 42.6787948], [23.3281663, 42.6787681], [23.3281005, 42.6789093]]]}}, {"type": "Feature", "properties": {"osm_id": 302796356, "kind": "building", "name": null, "building": "apartments", "landuse": null, "leisure": null, "natural": null, "height": null, "levels": null, "min_levels": null}, "geometry": {"type": "Polygon", "coordinates": [[[23.3303509, 42.6783531], [23.3306907, 42.6784231], [23.33074, 42.6782939], [23.3304002, 42.6782239], [23.3303509, 42.6783531]]]}}, {"type": "Feature", "properties": {"osm_id": 302796357, "kind": "building", "name": null, "building": "apartments", "landuse": null, "leisure": null, "natural": null, "height": null, "levels": null, "min_levels": null}, "geometry": {"type": "Polygon", "coordinates": [[[23.3309383, 42.6793272], [23.3314476, 42.6794052], [23.331491, 42.6792523], [23.3309817, 42.6791742], [23.3309383, 42.6793272]]]}}, {"type": "Feature", "properties": {"osm_id": 302796358, "kind": "building", "name": null, "building": "apartments", "landuse": null, "leisure": null, "natural": null, "height": null, "levels": null, "min_levels": null}, "geometry": {"type": "Polygon", "coordinates": [[[23.3316035, 42.6789447], [23.3318969, 42.6790088], [23.3319523, 42.6788717], [23.3316589, 42.6788076], [23.3316035, 42.6789447]]]}}, {"type": "Feature", "properties": {"osm_id": 302796359, "kind": "building", "name": null, "building": "apartments", "landuse": null, "leisure": null, "natural": null, "height": null, "levels": null, "min_levels": null}, "geometry": {"type": "Polygon", "coordinates": [[[23.3281944, 42.6793155], [23.3283409, 42.6793565], [23.3284011, 42.6792404], [23.3282546, 42.6791994], [23.3281944, 42.6793155]]]}}, {"type": "Feature", "properties": {"osm_id": 302796360, "kind": "building", "name": null, "building": "apartments", "landuse": null, "leisure": null, "natural": null, "height": null, "levels": null, "min_levels": null}, "geometry": {"type": "Polygon", "coordinates": [[[23.3307559, 42.6781322], [23.3312536, 42.6782196], [23.3313005, 42.6780751], [23.3308029, 42.6779877], [23.3307559, 42.6781322]]]}}, {"type": "Feature", "properties": {"osm_id": 302796361, "kind": "building", "name": null, "building": "apartments", "landuse": null, "leisure": null, "natural": null, "height": null, "levels": null, "min_levels": null}, "geometry": {"type": "Polygon", "coordinates": [[[23.327506, 42.678975], [23.3277298, 42.6789502], [23.327702, 42.6788143], [23.3274781, 42.6788391], [23.327506, 42.678975]]]}}, {"type": "Feature", "properties": {"osm_id": 302796362, "kind": "building", "name": null, "building": "apartments", "landuse": null, "leisure": null, "natural": null, "height": null, "levels": "4", "min_levels": null}, "geometry": {"type": "Polygon", "coordinates": [[[23.3302999, 42.6780357], [23.3306847, 42.6781054], [23.3307292, 42.6779725], [23.3303445, 42.6779028], [23.3302999, 42.6780357]]]}}, {"type": "Feature", "properties": {"osm_id": 302796363, "kind": "building", "name": null, "building": "apartments", "landuse": null, "leisure": null, "natural": null, "height": null, "levels": null, "min_levels": null}, "geometry": {"type": "Polygon", "coordinates": [[[23.331228, 42.6785464], [23.3315117, 42.6786042], [23.331558, 42.6784813], [23.3312743, 42.6784235], [23.331228, 42.6785464]]]}}, {"type": "Feature", "properties": {"osm_id": 302796364, "kind": "building", "name": null, "building": "apartments", "landuse": null, "leisure": null, "natural": null, "height": null, "levels": null, "min_levels": null}, "geometry": {"type": "Polygon", "coordinates": [[[23.3303339, 42.6785294], [23.3304635, 42.6785509], [23.3304042, 42.6787043], [23.330277, 42.6786806], [23.3303339, 42.6785294]]]}}, {"type": "Feature", "properties": {"osm_id": 302796365, "kind": "building", "name": null, "building": "apartments", "landuse": null, "leisure": null, "natural": null, "height": null, "levels": null, "min_levels": null}, "geometry": {"type": "Polygon", "coordinates": [[[23.3311046, 42.6788402], [23.3313862, 42.6788995], [23.3314347, 42.6787751], [23.3311531, 42.6787158], [23.3311046, 42.6788402]]]}}, {"type": "Feature", "properties": {"osm_id": 302796366, "kind": "building", "name": null, "building": "apartments", "landuse": null, "leisure": null, "natural": null, "height": null, "levels": null, "min_levels": null}, "geometry": {"type": "Polygon", "coordinates": [[[23.3313433, 42.678217], [23.3316272, 42.6782688], [23.331668, 42.678148], [23.3313841, 42.6780962], [23.3313433, 42.678217]]]}}, {"type": "Feature", "properties": {"osm_id": 302796367, "kind": "building", "name": null, "building": "apartments", "landuse": null, "leisure": null, "natural": null, "height": null, "levels": null, "min_levels": null}, "geometry": {"type": "Polygon", "coordinates": [[[23.3306471, 42.6792118], [23.3308353, 42.6792646], [23.3308995, 42.6791437], [23.3307101, 42.6790895], [23.3306471, 42.6792118]]]}}, {"type": "Feature", "properties": {"osm_id": 302796368, "kind": "building", "name": null, "building": "apartments", "landuse": null, "leisure": null, "natural": null, "height": null, "levels": null, "min_levels": null}, "geometry": {"type": "Polygon", "coordinates": [[[23.3317487, 42.6786409], [23.3320026, 42.6787343], [23.332078, 42.6786235], [23.3318241, 42.6785301], [23.3317487, 42.6786409]]]}}, {"type": "Feature", "properties": {"osm_id": 302796369, "kind": "building", "name": null, "building": "apartments", "landuse": null, "leisure": null, "natural": null, "height": null, "levels": null, "min_levels": null}, "geometry": {"type": "Polygon", "coordinates": [[[23.3285458, 42.6793707], [23.328698, 42.6794105], [23.3287766, 42.6792483], [23.3286244, 42.6792085], [23.3285458, 42.6793707]]]}}, {"type": "Feature", "properties": {"osm_id": 302796370, "kind": "building", "name": null, "building": "apartments", "landuse": null, "leisure": null, "natural": null, "height": null, "levels": null, "min_levels": null}, "geometry": {"type": "Polygon", "coordinates": [[[23.3295087, 42.6787297], [23.3296654, 42.678769], [23.3297422, 42.6786035], [23.3295855, 42.6785642], [23.3295087, 42.6787297]]]}}, {"type": "Feature", "properties": {"osm_id": 302796372, "kind": "building", "name": null, "building": "apartments", "landuse": null, "leisure": null, "natural": null, "height": null, "levels": null, "min_levels": null}, "geometry": {"type": "Polygon", "coordinates": [[[23.3296138, 42.6784924], [23.3297685, 42.6785262], [23.3298315, 42.6783716], [23.3296748, 42.6783376], [23.3296138, 42.6784924]]]}}, {"type": "Feature", "properties": {"osm_id": 302796373, "kind": "building", "name": null, "building": "apartments", "landuse": null, "leisure": null, "natural": null, "height": null, "levels": null, "min_levels": null}, "geometry": {"type": "Polygon", "coordinates": [[[23.3308015, 42.6784615], [23.331119, 42.6785249], [23.3311664, 42.6783965], [23.3308489, 42.6783331], [23.3308015, 42.6784615]]]}}, {"type": "Feature", "properties": {"osm_id": 302796374, "kind": "building", "name": null, "building": "retail", "landuse": null, "leisure": null, "natural": null, "height": null, "levels": "1", "min_levels": null}, "geometry": {"type": "Polygon", "coordinates": [[[23.3298193, 42.6779743], [23.330141, 42.6778828], [23.3302035, 42.6780001], [23.3301053, 42.6780281], [23.3300002, 42.6780084], [23.3298193, 42.6779743]]]}}, {"type": "Feature", "properties": {"osm_id": 302796375, "kind": "building", "name": null, "building": "apartments", "landuse": null, "leisure": null, "natural": null, "height": null, "levels": null, "min_levels": null}, "geometry": {"type": "Polygon", "coordinates": [[[23.3274756, 42.6786667], [23.3275158, 42.6787899], [23.3277788, 42.6787435], [23.3277386, 42.6786203], [23.3274756, 42.6786667]]]}}, {"type": "Feature", "properties": {"osm_id": 302796376, "kind": "building", "name": null, "building": "apartments", "landuse": null, "leisure": null, "natural": null, "height": null, "levels": null, "min_levels": null}, "geometry": {"type": "Polygon", "coordinates": [[[23.3278484, 42.6788422], [23.3280569, 42.678897], [23.3281248, 42.6787573], [23.3279163, 42.6787026], [23.3278484, 42.6788422]]]}}, {"type": "Feature", "properties": {"osm_id": 302796377, "kind": "building", "name": null, "building": "apartments", "landuse": null, "leisure": null, "natural": null, "height": null, "levels": null, "min_levels": null}, "geometry": {"type": "Polygon", "coordinates": [[[23.3282534, 42.6789151], [23.3285096, 42.6789777], [23.328562, 42.6788618], [23.3283058, 42.6787992], [23.3282534, 42.6789151]]]}}, {"type": "Feature", "properties": {"osm_id": 302796378, "kind": "building", "name": null, "building": "apartments", "landuse": null, "leisure": null, "natural": null, "height": null, "levels": null, "min_levels": null}, "geometry": {"type": "Polygon", "coordinates": [[[23.3287947, 42.6794386], [23.3289544, 42.6794804], [23.3290282, 42.679328], [23.3288685, 42.6792862], [23.3287947, 42.6794386]]]}}, {"type": "Feature", "properties": {"osm_id": 302796379, "kind": "building", "name": null, "building": "apartments", "landuse": null, "leisure": null, "natural": null, "height": null, "levels": null, "min_levels": null}, "geometry": {"type": "Polygon", "coordinates": [[[23.3281193, 42.6794988], [23.3283021, 42.6795547], [23.3283716, 42.6794317], [23.3281888, 42.6793759], [23.3281193, 42.6794988]]]}}, {"type": "Feature", "properties": {"osm_id": 302796380, "kind": "building", "name": null, "building": "apartments", "landuse": null, "leisure": null, "natural": null, "height": null, "levels": null, "min_levels": null}, "geometry": {"type": "Polygon", "coordinates": [[[23.3275856, 42.6790729], [23.3276146, 42.6791679], [23.3277842, 42.6791399], [23.3277551, 42.6790449], [23.3275856, 42.6790729]]]}}, {"type": "Feature", "properties": {"osm_id": 302796381, "kind": "building", "name": null, "building": "apartments", "landuse": null, "leisure": null, "natural": null, "height": null, "levels": null, "min_levels": null}, "geometry": {"type": "Polygon", "coordinates": [[[23.3289043, 42.6790771], [23.3291165, 42.6791368], [23.3291778, 42.6790188], [23.3289657, 42.6789592], [23.3289043, 42.6790771]]]}}, {"type": "Feature", "properties": {"osm_id": 302796382, "kind": "building", "name": null, "building": "apartments", "landuse": null, "leisure": null, "natural": null, "height": null, "levels": null, "min_levels": null}, "geometry": {"type": "Polygon", "coordinates": [[[23.328637, 42.6791262], [23.3287895, 42.6791683], [23.3288302, 42.6790886], [23.3286777, 42.6790465], [23.328637, 42.6791262]]]}}, {"type": "Feature", "properties": {"osm_id": 302796384, "kind": "building", "name": null, "building": "apartments", "landuse": null, "leisure": null, "natural": null, "height": null, "levels": null, "min_levels": null}, "geometry": {"type": "Polygon", "coordinates": [[[23.331566, 42.6791833], [23.3318588, 42.6792285], [23.331896, 42.6790985], [23.3316031, 42.6790532], [23.331566, 42.6791833]]]}}, {"type": "Feature", "properties": {"osm_id": 302796385, "kind": "building", "name": null, "building": "apartments", "landuse": null, "leisure": null, "natural": null, "height": null, "levels": null, "min_levels": null}, "geometry": {"type": "Polygon", "coordinates": [[[23.3315043, 42.67941], [23.3317992, 42.6794536], [23.3318343, 42.6793252], [23.3315394, 42.6792816], [23.3315043, 42.67941]]]}}, {"type": "Feature", "properties": {"osm_id": 302796386, "kind": "building", "name": null, "building": "apartments", "landuse": null, "leisure": null, "natural": null, "height": null, "levels": null, "min_levels": null}, "geometry": {"type": "Polygon", "coordinates": [[[23.3295687, 42.6789737], [23.3297034, 42.6790138], [23.3297802, 42.6788811], [23.3296431, 42.6788389], [23.3295687, 42.6789737]]]}}, {"type": "Feature", "properties": {"osm_id": 302796387, "kind": "building", "name": null, "building": "apartments", "landuse": null, "leisure": null, "natural": null, "height": null, "levels": null, "min_levels": null}, "geometry": {"type": "Polygon", "coordinates": [[[23.3282346, 42.6791221], [23.3284496, 42.6791818], [23.3285137, 42.6790571], [23.3282988, 42.6789973], [23.3282346, 42.6791221]]]}}, {"type": "Feature", "properties": {"osm_id": 302796388, "kind": "building", "name": null, "building": "apartments", "landuse": null, "leisure": null, "natural": null, "height": null, "levels": null, "min_levels": null}, "geometry": {"type": "Polygon", "coordinates": [[[23.3288782, 42.679242], [23.3290436, 42.6792833], [23.3290929, 42.6791768], [23.3289275, 42.6791354], [23.3288782, 42.679242]]]}}, {"type": "Feature", "properties": {"osm_id": 302796389, "kind": "building", "name": null, "building": "apartments", "landuse": null, "leisure": null, "natural": null, "height": null, "levels": null, "min_levels": null}, "geometry": {"type": "Polygon", "coordinates": [[[23.3301592, 42.6791022], [23.3302763, 42.6791376], [23.3303455, 42.6790089], [23.3302315, 42.6789747], [23.3301592, 42.6791022]]]}}, {"type": "Feature", "properties": {"osm_id": 302798730, "kind": "building", "name": null, "building": "apartments", "landuse": null, "leisure": null, "natural": null, "height": null, "levels": null, "min_levels": null}, "geometry": {"type": "Polygon", "coordinates": [[[23.3301497, 42.6794534], [23.3303759, 42.6795139], [23.3304449, 42.6793745], [23.3302188, 42.679314], [23.3301497, 42.6794534]]]}}, {"type": "Feature", "properties": {"osm_id": 302798735, "kind": "building", "name": null, "building": "apartments", "landuse": null, "leisure": null, "natural": null, "height": null, "levels": null, "min_levels": null}, "geometry": {"type": "Polygon", "coordinates": [[[23.32927, 42.6791439], [23.3294357, 42.679187], [23.3294954, 42.679063], [23.3293297, 42.6790199], [23.32927, 42.6791439]]]}}, {"type": "Feature", "properties": {"osm_id": 302798736, "kind": "building", "name": null, "building": "apartments", "landuse": null, "leisure": null, "natural": null, "height": null, "levels": null, "min_levels": null}, "geometry": {"type": "Polygon", "coordinates": [[[23.329439, 42.6792128], [23.3296103, 42.6792566], [23.3296617, 42.6791478], [23.3294904, 42.679104], [23.329439, 42.6792128]]]}}, {"type": "Feature", "properties": {"osm_id": 302798737, "kind": "building", "name": null, "building": "apartments", "landuse": null, "leisure": null, "natural": null, "height": null, "levels": null, "min_levels": null}, "geometry": {"type": "Polygon", "coordinates": [[[23.3318369, 42.6779726], [23.331965, 42.6779962], [23.3320006, 42.6778917], [23.3318724, 42.6778681], [23.3318369, 42.6779726]]]}}, {"type": "Feature", "properties": {"osm_id": 302798742, "kind": "building", "name": null, "building": "apartments", "landuse": null, "leisure": null, "natural": null, "height": null, "levels": null, "min_levels": null}, "geometry": {"type": "Polygon", "coordinates": [[[23.3316437, 42.6777872], [23.3318254, 42.677819], [23.3318638, 42.6777004], [23.3316822, 42.6776686], [23.3316437, 42.6777872]]]}}, {"type": "Feature", "properties": {"osm_id": 302798749, "kind": "building", "name": null, "building": "apartments", "landuse": null, "leisure": null, "natural": null, "height": null, "levels": null, "min_levels": null}, "geometry": {"type": "Polygon", "coordinates": [[[23.3296911, 42.6793627], [23.3298663, 42.6794066], [23.329884, 42.6793692], [23.3299451, 42.6792332], [23.3297708, 42.6791906], [23.3296911, 42.6793627]]]}}, {"type": "Feature", "properties": {"osm_id": 302798751, "kind": "building", "name": null, "building": "apartments", "landuse": null, "leisure": null, "natural": null, "height": null, "levels": "4", "min_levels": null}, "geometry": {"type": "Polygon", "coordinates": [[[23.3322097, 42.6773849], [23.3324617, 42.6773064], [23.3323842, 42.6771719], [23.3321322, 42.6772504], [23.3322097, 42.6773849]]]}}, {"type": "Feature", "properties": {"osm_id": 302798752, "kind": "building", "name": null, "building": "apartments", "landuse": null, "leisure": null, "natural": null, "height": null, "levels": null, "min_levels": null}, "geometry": {"type": "Polygon", "coordinates": [[[23.3323757, 42.6778738], [23.3325485, 42.6779343], [23.3324972, 42.6780136], [23.3324459, 42.6780928], [23.3322728, 42.6780318], [23.3323072, 42.677979], [23.3323757, 42.6778738]]]}}, {"type": "Feature", "properties": {"osm_id": 302798754, "kind": "building", "name": null, "building": "apartments", "landuse": null, "leisure": null, "natural": null, "height": null, "levels": "4", "min_levels": null}, "geometry": {"type": "Polygon", "coordinates": [[[23.3319897, 42.6774501], [23.3321446, 42.6773992], [23.3320677, 42.6772725], [23.3319128, 42.6773233], [23.3319897, 42.6774501]]]}}, {"type": "Feature", "properties": {"osm_id": 302798755, "kind": "building", "name": null, "building": "apartments", "landuse": null, "leisure": null, "natural": null, "height": null, "levels": null, "min_levels": null}, "geometry": {"type": "Polygon", "coordinates": [[[23.3313353, 42.6778976], [23.3315527, 42.677941], [23.3316036, 42.6778029], [23.3313862, 42.6777596], [23.3313353, 42.6778976]]]}}, {"type": "Feature", "properties": {"osm_id": 302798756, "kind": "building", "name": null, "building": "apartments", "landuse": null, "leisure": null, "natural": null, "height": null, "levels": "3", "min_levels": null}, "geometry": {"type": "Polygon", "coordinates": [[[23.3316115, 42.6774303], [23.3316836, 42.6775501], [23.3319067, 42.6774776], [23.3318347, 42.6773578], [23.3316115, 42.6774303]]]}}, {"type": "Feature", "properties": {"osm_id": 302798757, "kind": "building", "name": null, "building": "apartments", "landuse": null, "leisure": null, "natural": null, "height": null, "levels": null, "min_levels": null}, "geometry": {"type": "Polygon", "coordinates": [[[23.3323757, 42.6778738], [23.3324685, 42.6777305], [23.3326412, 42.677791], [23.3325949, 42.6778626], [23.3325485, 42.6779343], [23.3323757, 42.6778738]]]}}, {"type": "Feature", "properties": {"osm_id": 302798761, "kind": "building", "name": null, "building": "semidetached_house", "landuse": null, "leisure": null, "natural": null, "height": null, "levels": null, "min_levels": null}, "geometry": {"type": "Polygon", "coordinates": [[[23.3300656, 42.6792625], [23.3300225, 42.6793584], [23.3301109, 42.6793793], [23.3301548, 42.6792865], [23.3300656, 42.6792625]]]}}, {"type": "Feature", "properties": {"osm_id": 302802447, "kind": "building", "name": null, "building": "apartments", "landuse": null, "leisure": null, "natural": null, "height": null, "levels": null, "min_levels": null}, "geometry": {"type": "Polygon", "coordinates": [[[23.3328936, 42.678217], [23.3330624, 42.6782527], [23.3331003, 42.6781559], [23.3329315, 42.6781202], [23.3328936, 42.678217]]]}}, {"type": "Feature", "properties": {"osm_id": 302802448, "kind": "building", "name": null, "building": "detached", "landuse": null, "leisure": null, "natural": null, "height": null, "levels": null, "min_levels": null}, "geometry": {"type": "Polygon", "coordinates": [[[23.3332477, 42.6774835], [23.3333949, 42.6775297], [23.3334356, 42.6774598], [23.3332883, 42.6774136], [23.3332477, 42.6774835]]]}}, {"type": "Feature", "properties": {"osm_id": 302802450, "kind": "building", "name": null, "building": "detached", "landuse": null, "leisure": null, "natural": null, "height": null, "levels": null, "min_levels": null}, "geometry": {"type": "Polygon", "coordinates": [[[23.3329553, 42.6778029], [23.3331201, 42.6778623], [23.3331808, 42.6777714], [23.333016, 42.677712], [23.3329553, 42.6778029]]]}}, {"type": "Feature", "properties": {"osm_id": 302802453, "kind": "building", "name": null, "building": "kindergarten", "landuse": null, "leisure": null, "natural": null, "height": null, "levels": null, "min_levels": null}, "geometry": {"type": "Polygon", "coordinates": [[[23.3330385, 42.6785701], [23.3331829, 42.6785982], [23.333213, 42.6785148], [23.3330685, 42.6784867], [23.3330385, 42.6785701]]]}}, {"type": "Feature", "properties": {"osm_id": 302802454, "kind": "building", "name": null, "building": "retail", "landuse": null, "leisure": null, "natural": null, "height": null, "levels": null, "min_levels": null}, "geometry": {"type": "Polygon", "coordinates": [[[23.3331967, 42.6784873], [23.3333257, 42.6785129], [23.3333685, 42.6783965], [23.3332396, 42.6783708], [23.3331967, 42.6784873]]]}}, {"type": "Feature", "properties": {"osm_id": 302802455, "kind": "building", "name": null, "building": "house", "landuse": null, "leisure": null, "natural": null, "height": null, "levels": "3", "min_levels": null}, "geometry": {"type": "Polygon", "coordinates": [[[23.3328749, 42.6788492], [23.3330447, 42.6788993], [23.3330827, 42.6788296], [23.3329129, 42.6787796], [23.3328749, 42.6788492]]]}}, {"type": "Feature", "properties": {"osm_id": 302802460, "kind": "building", "name": null, "building": "detached", "landuse": null, "leisure": null, "natural": null, "height": null, "levels": null, "min_levels": null}, "geometry": {"type": "Polygon", "coordinates": [[[23.3331082, 42.6775782], [23.3332819, 42.6776292], [23.3333256, 42.6775486], [23.3331519, 42.6774976], [23.3331082, 42.6775782]]]}}, {"type": "Feature", "properties": {"osm_id": 302802461, "kind": "building", "name": null, "building": "detached", "landuse": null, "leisure": null, "natural": null, "height": null, "levels": null, "min_levels": null}, "geometry": {"type": "Polygon", "coordinates": [[[23.3332418, 42.6773823], [23.3334134, 42.6774357], [23.3334591, 42.6773429], [23.3332977, 42.6772942], [23.3332418, 42.6773823]]]}}, {"type": "Feature", "properties": {"osm_id": 302802463, "kind": "building", "name": null, "building": "apartments", "landuse": null, "leisure": null, "natural": null, "height": null, "levels": null, "min_levels": null}, "geometry": {"type": "Polygon", "coordinates": [[[23.3324457, 42.678509], [23.3326356, 42.6785542], [23.3326712, 42.6784734], [23.3324813, 42.6784282], [23.3324457, 42.678509]]]}}, {"type": "Feature", "properties": {"osm_id": 302802464, "kind": "building", "name": null, "building": "apartments", "landuse": null, "leisure": null, "natural": null, "height": null, "levels": null, "min_levels": null}, "geometry": {"type": "Polygon", "coordinates": [[[23.3329527, 42.678777], [23.333121, 42.6788248], [23.3331541, 42.6787617], [23.3331647, 42.6787416], [23.3329963, 42.6786938], [23.3329527, 42.678777]]]}}, {"type": "Feature", "properties": {"osm_id": 302802465, "kind": "building", "name": null, "building": "apartments", "landuse": null, "leisure": null, "natural": null, "height": null, "levels": null, "min_levels": null}, "geometry": {"type": "Polygon", "coordinates": [[[23.3327914, 42.6780265], [23.3329502, 42.6780814], [23.3330228, 42.6779693], [23.332866, 42.677913], [23.3327914, 42.6780265]]]}}, {"type": "Feature", "properties": {"osm_id": 302802466, "kind": "building", "name": null, "building": "apartments", "landuse": null, "leisure": null, "natural": null, "height": null, "levels": null, "min_levels": null}, "geometry": {"type": "Polygon", "coordinates": [[[23.332573, 42.6795431], [23.3328009, 42.6795789], [23.3328159, 42.6795439], [23.3328657, 42.6794279], [23.3329124, 42.6793189], [23.3327253, 42.679272], [23.3326899, 42.6793654], [23.332746, 42.6793769], [23.3327181, 42.6794507], [23.33261, 42.6794311], [23.332573, 42.6795431]]]}}, {"type": "Feature", "properties": {"osm_id": 302802467, "kind": "building", "name": null, "building": "detached", "landuse": null, "leisure": null, "natural": null, "height": null, "levels": null, "min_levels": null}, "geometry": {"type": "Polygon", "coordinates": [[[23.3328025, 42.6785069], [23.3329198, 42.6785308], [23.3329561, 42.6784345], [23.3329689, 42.6784004], [23.3328516, 42.6783765], [23.3328025, 42.6785069]]]}}, {"type": "Feature", "properties": {"osm_id": 302802469, "kind": "building", "name": null, "building": "apartments", "landuse": null, "leisure": null, "natural": null, "height": null, "levels": null, "min_levels": null}, "geometry": {"type": "Polygon", "coordinates": [[[23.3331806, 42.677736], [23.3333294, 42.6777726], [23.3333766, 42.6776688], [23.3332279, 42.6776323], [23.3331806, 42.677736]]]}}, {"type": "Feature", "properties": {"osm_id": 302802474, "kind": "building", "name": null, "building": "apartments", "landuse": null, "leisure": null, "natural": null, "height": null, "levels": null, "min_levels": null}, "geometry": {"type": "Polygon", "coordinates": [[[23.3332638, 42.6781211], [23.3334171, 42.6781662], [23.3334823, 42.6780508], [23.3333293, 42.6780032], [23.3332638, 42.6781211]]]}}, {"type": "Feature", "properties": {"osm_id": 302802475, "kind": "building", "name": null, "building": "apartments", "landuse": null, "leisure": null, "natural": null, "height": null, "levels": null, "min_levels": null}, "geometry": {"type": "Polygon", "coordinates": [[[23.3326388, 42.6781639], [23.3328278, 42.6782035], [23.3328616, 42.6781165], [23.3326726, 42.6780768], [23.3326388, 42.6781639]]]}}, {"type": "Feature", "properties": {"osm_id": 302802476, "kind": "building", "name": null, "building": "detached", "landuse": null, "leisure": null, "natural": null, "height": null, "levels": null, "min_levels": null}, "geometry": {"type": "Polygon", "coordinates": [[[23.3323948, 42.6786371], [23.332558, 42.6786762], [23.3326041, 42.678572], [23.3324409, 42.6785329], [23.3323948, 42.6786371]]]}}, {"type": "Feature", "properties": {"osm_id": 302802477, "kind": "building", "name": null, "building": "apartments", "landuse": null, "leisure": null, "natural": null, "height": null, "levels": null, "min_levels": null}, "geometry": {"type": "Polygon", "coordinates": [[[23.3329902, 42.6786707], [23.3331832, 42.6787128], [23.333213, 42.678639], [23.33302, 42.6785969], [23.3329902, 42.6786707]]]}}, {"type": "Feature", "properties": {"osm_id": 302802480, "kind": "building", "name": null, "building": "apartments", "landuse": null, "leisure": null, "natural": null, "height": null, "levels": null, "min_levels": null}, "geometry": {"type": "Polygon", "coordinates": [[[23.3334462, 42.6777872], [23.3336178, 42.677831], [23.3336609, 42.6777398], [23.3334893, 42.677696], [23.3334462, 42.6777872]]]}}, {"type": "Feature", "properties": {"osm_id": 302802481, "kind": "building", "name": null, "building": "detached", "landuse": null, "leisure": null, "natural": null, "height": null, "levels": null, "min_levels": null}, "geometry": {"type": "Polygon", "coordinates": [[[23.3321078, 42.6794041], [23.3322129, 42.6794194], [23.3322366, 42.6793311], [23.3321315, 42.6793158], [23.3321078, 42.6794041]]]}}, {"type": "Feature", "properties": {"osm_id": 302802482, "kind": "building", "name": null, "building": "apartments", "landuse": null, "leisure": null, "natural": null, "height": null, "levels": null, "min_levels": null}, "geometry": {"type": "Polygon", "coordinates": [[[23.3333684, 42.6779489], [23.3335246, 42.6779857], [23.3335751, 42.67787], [23.3334189, 42.6778332], [23.3333684, 42.6779489]]]}}, {"type": "Feature", "properties": {"osm_id": 302802484, "kind": "building", "name": null, "building": "detached", "landuse": null, "leisure": null, "natural": null, "height": null, "levels": null, "min_levels": null}, "geometry": {"type": "Polygon", "coordinates": [[[23.3325047, 42.6793292], [23.3326134, 42.6793579], [23.332639, 42.6793055], [23.3325303, 42.6792768], [23.3325047, 42.6793292]]]}}, {"type": "Feature", "properties": {"osm_id": 302802486, "kind": "building", "name": null, "building": "apartments", "landuse": null, "leisure": null, "natural": null, "height": null, "levels": null, "min_levels": null}, "geometry": {"type": "Polygon", "coordinates": [[[23.3321078, 42.6793056], [23.3322968, 42.679331], [23.3323198, 42.6792385], [23.3321307, 42.6792131], [23.3321078, 42.6793056]]]}}, {"type": "Feature", "properties": {"osm_id": 358714916, "kind": "building", "name": null, "building": "apartments", "landuse": null, "leisure": null, "natural": null, "height": null, "levels": null, "min_levels": null}, "geometry": {"type": "Polygon", "coordinates": [[[23.3306084, 42.6692575], [23.3308007, 42.6693207], [23.3308521, 42.6692363], [23.3306598, 42.669173], [23.3306084, 42.6692575]]]}}, {"type": "Feature", "properties": {"osm_id": 360620976, "kind": "building", "name": null, "building": "apartments", "landuse": null, "leisure": null, "natural": null, "height": null, "levels": null, "min_levels": null}, "geometry": {"type": "Polygon", "coordinates": [[[23.3281526, 42.6740897], [23.3282724, 42.6741228], [23.3283255, 42.674019], [23.3282057, 42.6739859], [23.3281526, 42.6740897]]]}}, {"type": "Feature", "properties": {"osm_id": 360620980, "kind": "green", "name": null, "building": null, "landuse": null, "leisure": null, "natural": "scrub", "height": null, "levels": null, "min_levels": null}, "geometry": {"type": "Polygon", "coordinates": [[[23.3318036, 42.6732433], [23.3317928, 42.6731244], [23.3312538, 42.6731542], [23.3312443, 42.6729515], [23.330806, 42.6729712], [23.3306233, 42.6732174], [23.330666, 42.6732424], [23.331092, 42.6733513], [23.3312545, 42.6732139], [23.3313978, 42.6731839], [23.3315094, 42.6731982], [23.3315782, 42.673244], [23.3318036, 42.6732433]]]}}, {"type": "Feature", "properties": {"osm_id": 360621308, "kind": "building", "name": null, "building": "university", "landuse": null, "leisure": null, "natural": null, "height": null, "levels": "1", "min_levels": null}, "geometry": {"type": "Polygon", "coordinates": [[[23.3313201, 42.6731042], [23.331708, 42.6730807], [23.3316588, 42.6726423], [23.3315803, 42.6726471], [23.3316158, 42.6729631], [23.3313064, 42.6729818], [23.3313201, 42.6731042]]]}}, {"type": "Feature", "properties": {"osm_id": 360621309, "kind": "building", "name": null, "building": "apartments", "landuse": null, "leisure": null, "natural": null, "height": null, "levels": "8", "min_levels": null}, "geometry": {"type": "Polygon", "coordinates": [[[23.3289806, 42.6726138], [23.3289831, 42.6727701], [23.3289835, 42.6727929], [23.3289843, 42.6728464], [23.3289855, 42.6729192], [23.328986, 42.6729511], [23.3289585, 42.6730118], [23.3289489, 42.6730329], [23.3289055, 42.6731286], [23.3290837, 42.6731722], [23.3292462, 42.6728288], [23.3291715, 42.6728052], [23.3293025, 42.6725941], [23.3289806, 42.6726138]]]}}, {"type": "Feature", "properties": {"osm_id": 360622708, "kind": "building", "name": null, "building": "retail", "landuse": null, "leisure": null, "natural": null, "height": null, "levels": null, "min_levels": null}, "geometry": {"type": "Polygon", "coordinates": [[[23.3316037, 42.675284], [23.3317538, 42.67534], [23.3318157, 42.6752504], [23.3316656, 42.6751944], [23.3316037, 42.675284]]]}}, {"type": "Feature", "properties": {"osm_id": 362476175, "kind": "building", "name": null, "building": "apartments", "landuse": null, "leisure": null, "natural": null, "height": null, "levels": null, "min_levels": null}, "geometry": {"type": "Polygon", "coordinates": [[[23.3256399, 42.671042], [23.3257365, 42.6710369], [23.3258331, 42.6710318], [23.3258209, 42.6709065], [23.3256277, 42.6709166], [23.3256399, 42.671042]]]}}, {"type": "Feature", "properties": {"osm_id": 363477555, "kind": "building", "name": null, "building": "university", "landuse": null, "leisure": null, "natural": null, "height": null, "levels": "1", "min_levels": null}, "geometry": {"type": "Polygon", "coordinates": [[[23.3321029, 42.674141], [23.332622, 42.6743159], [23.3326608, 42.6743289], [23.3326935, 42.6742765], [23.3327488, 42.6741877], [23.3321909, 42.6739998], [23.3321029, 42.674141]]]}}, {"type": "Feature", "properties": {"osm_id": 364252849, "kind": "building", "name": "Исторически факултет", "building": "university", "landuse": null, "leisure": null, "natural": null, "height": null, "levels": null, "min_levels": null}, "geometry": {"type": "Polygon", "coordinates": [[[23.3325327, 42.6723766], [23.332542, 42.6724913], [23.33258, 42.6725182], [23.3327559, 42.6725105], [23.3327444, 42.6723674], [23.3325327, 42.6723766]]]}}, {"type": "Feature", "properties": {"osm_id": 397365571, "kind": "building", "name": null, "building": "office", "landuse": null, "leisure": null, "natural": null, "height": null, "levels": null, "min_levels": null}, "geometry": {"type": "Polygon", "coordinates": [[[23.3307652, 42.6757691], [23.3308617, 42.6757999], [23.3309339, 42.6756774], [23.331007, 42.6755577], [23.3308928, 42.6755195], [23.3308148, 42.6756515], [23.3307783, 42.6756493], [23.3307652, 42.6757691]]]}}, {"type": "Feature", "properties": {"osm_id": 397365572, "kind": "building", "name": null, "building": "apartments", "landuse": null, "leisure": null, "natural": null, "height": null, "levels": null, "min_levels": null}, "geometry": {"type": "Polygon", "coordinates": [[[23.3305775, 42.6757236], [23.3307475, 42.6757393], [23.3307653, 42.6756349], [23.3305952, 42.6756192], [23.3305775, 42.6757236]]]}}, {"type": "Feature", "properties": {"osm_id": 406847532, "kind": "building", "name": null, "building": "retail", "landuse": null, "leisure": null, "natural": null, "height": null, "levels": "1", "min_levels": null}, "geometry": {"type": "Polygon", "coordinates": [[[23.3253279, 42.6701437], [23.3253292, 42.6701579], [23.3253717, 42.6701558], [23.3253468, 42.6698888], [23.325284, 42.6698917], [23.325274, 42.6697727], [23.3253357, 42.6697699], [23.3253324, 42.669735], [23.3251929, 42.669742], [23.325206, 42.6698822], [23.3251764, 42.6698837], [23.3251884, 42.6700129], [23.3251992, 42.6701283], [23.3252288, 42.6701269], [23.3252308, 42.6701487], [23.3253279, 42.6701437]]]}}, {"type": "Feature", "properties": {"osm_id": 406847533, "kind": "building", "name": null, "building": "semidetached_house", "landuse": null, "leisure": null, "natural": null, "height": null, "levels": "2", "min_levels": null}, "geometry": {"type": "Polygon", "coordinates": [[[23.3264289, 42.6705241], [23.3265811, 42.6705181], [23.3265909, 42.6706538], [23.3264387, 42.6706598], [23.3264289, 42.6705241]]]}}, {"type": "Feature", "properties": {"osm_id": 406847534, "kind": "building", "name": null, "building": "shed", "landuse": null, "leisure": null, "natural": null, "height": null, "levels": null, "min_levels": null}, "geometry": {"type": "Polygon", "coordinates": [[[23.3273041, 42.670789], [23.3273821, 42.6707871], [23.3273781, 42.6706964], [23.3273001, 42.6706982], [23.3273041, 42.670789]]]}}, {"type": "Feature", "properties": {"osm_id": 406853762, "kind": "building", "name": null, "building": "industrial", "landuse": null, "leisure": null, "natural": null, "height": null, "levels": "1", "min_levels": null}, "geometry": {"type": "Polygon", "coordinates": [[[23.3267489, 42.6702934], [23.3268187, 42.6702893], [23.3268039, 42.6701543], [23.3267341, 42.6701585], [23.3267489, 42.6702934]]]}}, {"type": "Feature", "properties": {"osm_id": 421884936, "kind": "building", "name": null, "building": "garages", "landuse": null, "leisure": null, "natural": null, "height": null, "levels": null, "min_levels": null}, "geometry": {"type": "Polygon", "coordinates": [[[23.3318572, 42.6768488], [23.331927, 42.6768587], [23.3319422, 42.6768004], [23.3318725, 42.6767905], [23.3318572, 42.6768488]]]}}, {"type": "Feature", "properties": {"osm_id": 421884937, "kind": "building", "name": null, "building": "apartments", "landuse": null, "leisure": null, "natural": null, "height": null, "levels": null, "min_levels": null}, "geometry": {"type": "Polygon", "coordinates": [[[23.3335296, 42.6776061], [23.333685, 42.6776492], [23.3337306, 42.6775694], [23.3337762, 42.6774896], [23.3336228, 42.6774419], [23.3335296, 42.6776061]]]}}, {"type": "Feature", "properties": {"osm_id": 424922802, "kind": "building", "name": null, "building": "garages", "landuse": null, "leisure": null, "natural": null, "height": null, "levels": null, "min_levels": null}, "geometry": {"type": "Polygon", "coordinates": [[[23.3245928, 42.6706598], [23.3247177, 42.6706521], [23.3247041, 42.6705329], [23.3245792, 42.6705406], [23.3245928, 42.6706598]]]}}, {"type": "Feature", "properties": {"osm_id": 449279213, "kind": "building", "name": null, "building": "government", "landuse": null, "leisure": null, "natural": null, "height": null, "levels": null, "min_levels": null}, "geometry": {"type": "Polygon", "coordinates": [[[23.3243976, 42.6744111], [23.3246037, 42.6744115], [23.3246042, 42.6742809], [23.3243981, 42.6742805], [23.3243976, 42.6744111]]]}}, {"type": "Feature", "properties": {"osm_id": 449279214, "kind": "building", "name": null, "building": "apartments", "landuse": null, "leisure": null, "natural": null, "height": null, "levels": "7", "min_levels": null}, "geometry": {"type": "Polygon", "coordinates": [[[23.3247517, 42.6742809], [23.3247511, 42.6744301], [23.3250789, 42.6744308], [23.3250795, 42.6742816], [23.3247517, 42.6742809]]]}}, {"type": "Feature", "properties": {"osm_id": 485426874, "kind": "building", "name": null, "building": "apartments", "landuse": null, "leisure": null, "natural": null, "height": null, "levels": null, "min_levels": null}, "geometry": {"type": "Polygon", "coordinates": [[[23.3239093, 42.670311], [23.3239177, 42.6704273], [23.3238643, 42.6704294], [23.323801, 42.6704318], [23.3237925, 42.6703155], [23.3239093, 42.670311]]]}}, {"type": "Feature", "properties": {"osm_id": 485426875, "kind": "building", "name": null, "building": "apartments", "landuse": null, "leisure": null, "natural": null, "height": null, "levels": null, "min_levels": null}, "geometry": {"type": "Polygon", "coordinates": [[[23.3237925, 42.6703155], [23.3237911, 42.6702966], [23.3237847, 42.670211], [23.3240114, 42.6702026], [23.3240185, 42.6703067], [23.3239624, 42.6703087], [23.3239093, 42.670311], [23.3237925, 42.6703155]]]}}, {"type": "Feature", "properties": {"osm_id": 489161255, "kind": "building", "name": null, "building": "apartments", "landuse": null, "leisure": null, "natural": null, "height": null, "levels": "5", "min_levels": null}, "geometry": {"type": "Polygon", "coordinates": [[[23.3294615, 42.671579], [23.329649, 42.6715657], [23.3296676, 42.6717085], [23.3295739, 42.6717151], [23.3294801, 42.6717217], [23.3294615, 42.671579]]]}}, {"type": "Feature", "properties": {"osm_id": 489161256, "kind": "building", "name": null, "building": "apartments", "landuse": null, "leisure": null, "natural": null, "height": null, "levels": null, "min_levels": null}, "geometry": {"type": "Polygon", "coordinates": [[[23.3309991, 42.6706986], [23.3309811, 42.6705534], [23.3312127, 42.6705383], [23.3312307, 42.6706825], [23.3311369, 42.6706894], [23.3309991, 42.6706986]]]}}, {"type": "Feature", "properties": {"osm_id": 489161257, "kind": "building", "name": null, "building": "apartments", "landuse": null, "leisure": null, "natural": null, "height": null, "levels": "4", "min_levels": null}, "geometry": {"type": "Polygon", "coordinates": [[[23.3312307, 42.6706825], [23.3312127, 42.6705383], [23.3314328, 42.6705234], [23.3314509, 42.6706676], [23.3313452, 42.6706748], [23.3312307, 42.6706825]]]}}, {"type": "Feature", "properties": {"osm_id": 489161258, "kind": "building", "name": null, "building": "apartments", "landuse": null, "leisure": null, "natural": null, "height": null, "levels": "5", "min_levels": null}, "geometry": {"type": "Polygon", "coordinates": [[[23.3320517, 42.6705638], [23.3321321, 42.6705559], [23.3320842, 42.6704913], [23.332274, 42.6704265], [23.3322856, 42.6704424], [23.3324459, 42.6706614], [23.3323173, 42.6706661], [23.3320476, 42.6706761], [23.3320517, 42.6705638]]]}}, {"type": "Feature", "properties": {"osm_id": 489161261, "kind": "building", "name": null, "building": "apartments", "landuse": null, "leisure": null, "natural": null, "height": null, "levels": "5", "min_levels": null}, "geometry": {"type": "Polygon", "coordinates": [[[23.3320842, 42.6704913], [23.3319851, 42.670285], [23.3321413, 42.6702371], [23.3321589, 42.6702622], [23.3322147, 42.6703418], [23.332274, 42.6704265], [23.3320842, 42.6704913]]]}}, {"type": "Feature", "properties": {"osm_id": 489161262, "kind": "building", "name": null, "building": "apartments", "landuse": null, "leisure": null, "natural": null, "height": null, "levels": "8", "min_levels": null}, "geometry": {"type": "Polygon", "coordinates": [[[23.3292127, 42.6700705], [23.3293752, 42.6700577], [23.3294962, 42.6700482], [23.3294715, 42.6698784], [23.3292398, 42.6698966], [23.3291939, 42.6699421], [23.3292127, 42.6700705]]]}}, {"type": "Feature", "properties": {"osm_id": 489161263, "kind": "building", "name": null, "building": "apartments", "landuse": null, "leisure": null, "natural": null, "height": null, "levels": "6", "min_levels": null}, "geometry": {"type": "Polygon", "coordinates": [[[23.3290115, 42.6701213], [23.3290875, 42.6701155], [23.3292169, 42.6701056], [23.3292127, 42.6700705], [23.3291939, 42.6699421], [23.3289885, 42.6699578], [23.3290115, 42.6701213]]]}}, {"type": "Feature", "properties": {"osm_id": 489161264, "kind": "building", "name": null, "building": "apartments", "landuse": null, "leisure": null, "natural": null, "height": null, "levels": "7", "min_levels": null}, "geometry": {"type": "Polygon", "coordinates": [[[23.3286927, 42.6700846], [23.3288059, 42.6701422], [23.3290115, 42.6701213], [23.3289885, 42.6699578], [23.3289151, 42.6699606], [23.3288981, 42.6698422], [23.3286582, 42.6698582], [23.3286783, 42.6699901], [23.3286927, 42.6700846]]]}}, {"type": "Feature", "properties": {"osm_id": 489161267, "kind": "building", "name": null, "building": "apartments", "landuse": null, "leisure": null, "natural": null, "height": null, "levels": "6", "min_levels": null}, "geometry": {"type": "Polygon", "coordinates": [[[23.3286169, 42.6695478], [23.3288313, 42.6695307], [23.328867, 42.6695278], [23.3288981, 42.6698422], [23.3286582, 42.6698582], [23.3286457, 42.6697642], [23.328626, 42.669616], [23.3286169, 42.6695478]]]}}, {"type": "Feature", "properties": {"osm_id": 489437214, "kind": "building", "name": null, "building": "apartments", "landuse": null, "leisure": null, "natural": null, "height": null, "levels": null, "min_levels": null}, "geometry": {"type": "Polygon", "coordinates": [[[23.3298701, 42.6723933], [23.3297291, 42.6724029], [23.3297129, 42.6722821], [23.3298567, 42.672271], [23.3298701, 42.6723933]]]}}, {"type": "Feature", "properties": {"osm_id": 489437217, "kind": "building", "name": null, "building": "apartments", "landuse": null, "leisure": null, "natural": null, "height": null, "levels": "7", "min_levels": null}, "geometry": {"type": "Polygon", "coordinates": [[[23.3324643, 42.6722053], [23.3324614, 42.6721743], [23.3324537, 42.6720908], [23.3328375, 42.6720715], [23.3329511, 42.6720658], [23.3329617, 42.6721803], [23.3328481, 42.672186], [23.3324643, 42.6722053]]]}}, {"type": "Feature", "properties": {"osm_id": 489437220, "kind": "building", "name": null, "building": "apartments", "landuse": null, "leisure": null, "natural": null, "height": null, "levels": "4", "min_levels": null}, "geometry": {"type": "Polygon", "coordinates": [[[23.3324614, 42.6721743], [23.3324537, 42.6720908], [23.3324508, 42.6720604], [23.3322169, 42.6720721], [23.3322275, 42.672186], [23.3324614, 42.6721743]]]}}, {"type": "Feature", "properties": {"osm_id": 489805865, "kind": "building", "name": null, "building": "apartments", "landuse": null, "leisure": null, "natural": null, "height": null, "levels": null, "min_levels": null}, "geometry": {"type": "Polygon", "coordinates": [[[23.3347283, 42.6738475], [23.3346718, 42.6739101], [23.3344979, 42.6738198], [23.334553, 42.6737593], [23.3347283, 42.6738475]]]}}, {"type": "Feature", "properties": {"osm_id": 489805867, "kind": "building", "name": null, "building": "apartments", "landuse": null, "leisure": null, "natural": null, "height": null, "levels": null, "min_levels": null}, "geometry": {"type": "Polygon", "coordinates": [[[23.3345098, 42.6740787], [23.3346023, 42.6739896], [23.3344285, 42.6738938], [23.3343468, 42.6739927], [23.3345098, 42.6740787]]]}}, {"type": "Feature", "properties": {"osm_id": 489805870, "kind": "building", "name": null, "building": "apartments", "landuse": null, "leisure": null, "natural": null, "height": null, "levels": "4", "min_levels": null}, "geometry": {"type": "Polygon", "coordinates": [[[23.3341035, 42.6740576], [23.3342724, 42.6740319], [23.3342456, 42.6739442], [23.3340743, 42.6739765], [23.3341035, 42.6740576]]]}}, {"type": "Feature", "properties": {"osm_id": 489805872, "kind": "building", "name": null, "building": "apartments", "landuse": null, "leisure": null, "natural": null, "height": null, "levels": "4", "min_levels": null}, "geometry": {"type": "Polygon", "coordinates": [[[23.3342241, 42.6738808], [23.3342456, 42.6739442], [23.3340743, 42.6739765], [23.3340485, 42.6739097], [23.3342241, 42.6738808]]]}}, {"type": "Feature", "properties": {"osm_id": 489805874, "kind": "building", "name": null, "building": "apartments", "landuse": null, "leisure": null, "natural": null, "height": null, "levels": "4", "min_levels": null}, "geometry": {"type": "Polygon", "coordinates": [[[23.3342491, 42.6737686], [23.3340708, 42.673662], [23.3340605, 42.6736563], [23.3339761, 42.6737499], [23.3340485, 42.6739097], [23.3342241, 42.6738808], [23.3341947, 42.6738101], [23.3342491, 42.6737686]]]}}, {"type": "Feature", "properties": {"osm_id": 489805876, "kind": "building", "name": null, "building": "apartments", "landuse": null, "leisure": null, "natural": null, "height": null, "levels": "4", "min_levels": null}, "geometry": {"type": "Polygon", "coordinates": [[[23.3343794, 42.6736507], [23.3343084, 42.6737149], [23.3341301, 42.6736084], [23.3342011, 42.6735441], [23.3343794, 42.6736507]]]}}, {"type": "Feature", "properties": {"osm_id": 489805879, "kind": "building", "name": null, "building": "apartments", "landuse": null, "leisure": null, "natural": null, "height": null, "levels": null, "min_levels": null}, "geometry": {"type": "Polygon", "coordinates": [[[23.334434, 42.6736013], [23.3343794, 42.6736507], [23.3342011, 42.6735441], [23.3342557, 42.6734948], [23.334434, 42.6736013]]]}}, {"type": "Feature", "properties": {"osm_id": 489805880, "kind": "building", "name": null, "building": "apartments", "landuse": null, "leisure": null, "natural": null, "height": null, "levels": null, "min_levels": null}, "geometry": {"type": "Polygon", "coordinates": [[[23.3345046, 42.6735375], [23.334434, 42.6736013], [23.3342557, 42.6734948], [23.3343263, 42.6734309], [23.3345046, 42.6735375]]]}}, {"type": "Feature", "properties": {"osm_id": 489805882, "kind": "building", "name": null, "building": "apartments", "landuse": null, "leisure": null, "natural": null, "height": null, "levels": "7", "min_levels": null}, "geometry": {"type": "Polygon", "coordinates": [[[23.3347303, 42.6729532], [23.3346397, 42.6730502], [23.3348668, 42.6731649], [23.3349575, 42.6730679], [23.3347303, 42.6729532]]]}}, {"type": "Feature", "properties": {"osm_id": 489805883, "kind": "building", "name": null, "building": "apartments", "landuse": null, "leisure": null, "natural": null, "height": null, "levels": "6", "min_levels": null}, "geometry": {"type": "Polygon", "coordinates": [[[23.3351017, 42.6729135], [23.3350274, 42.6728766], [23.3348719, 42.6727994], [23.3347303, 42.6729532], [23.3349575, 42.6730679], [23.3351017, 42.6729135]]]}}, {"type": "Feature", "properties": {"osm_id": 489805885, "kind": "building", "name": null, "building": "apartments", "landuse": null, "leisure": null, "natural": null, "height": null, "levels": "4", "min_levels": null}, "geometry": {"type": "Polygon", "coordinates": [[[23.3350933, 42.6728048], [23.3349431, 42.6727303], [23.3348719, 42.6727994], [23.3350274, 42.6728766], [23.3350933, 42.6728048]]]}}, {"type": "Feature", "properties": {"osm_id": 489805886, "kind": "building", "name": null, "building": "apartments", "landuse": null, "leisure": null, "natural": null, "height": null, "levels": "3", "min_levels": null}, "geometry": {"type": "Polygon", "coordinates": [[[23.3349431, 42.6727303], [23.3350933, 42.6728048], [23.3351544, 42.6727397], [23.3350067, 42.672661], [23.3349431, 42.6727303]]]}}, {"type": "Feature", "properties": {"osm_id": 489805887, "kind": "building", "name": null, "building": "apartments", "landuse": null, "leisure": null, "natural": null, "height": null, "levels": null, "min_levels": null}, "geometry": {"type": "Polygon", "coordinates": [[[23.3350285, 42.6724599], [23.334899, 42.6723947], [23.3348514, 42.6724393], [23.3349808, 42.6725148], [23.3350285, 42.6724599]]]}}, {"type": "Feature", "properties": {"osm_id": 490377395, "kind": "building", "name": null, "building": "apartments", "landuse": null, "leisure": null, "natural": null, "height": null, "levels": null, "min_levels": null}, "geometry": {"type": "Polygon", "coordinates": [[[23.334948, 42.6736203], [23.3347731, 42.6735368], [23.3348788, 42.673417], [23.3350538, 42.6735005], [23.334948, 42.6736203]]]}}, {"type": "Feature", "properties": {"osm_id": 490377397, "kind": "building", "name": null, "building": "apartments", "landuse": null, "leisure": null, "natural": null, "height": null, "levels": null, "min_levels": null}, "geometry": {"type": "Polygon", "coordinates": [[[23.3353193, 42.6732362], [23.3352404, 42.6733119], [23.3350589, 42.673218], [23.3351307, 42.6731364], [23.3353193, 42.6732362]]]}}, {"type": "Feature", "properties": {"osm_id": 490377398, "kind": "building", "name": null, "building": "apartments", "landuse": null, "leisure": null, "natural": null, "height": null, "levels": null, "min_levels": null}, "geometry": {"type": "Polygon", "coordinates": [[[23.3345824, 42.6723123], [23.3346671, 42.6722554], [23.3347207, 42.6722985], [23.3346368, 42.6723592], [23.3345824, 42.6723123]]]}}, {"type": "Feature", "properties": {"osm_id": 490377400, "kind": "building", "name": null, "building": "apartments", "landuse": null, "leisure": null, "natural": null, "height": null, "levels": "1", "min_levels": null}, "geometry": {"type": "Polygon", "coordinates": [[[23.3343479, 42.6721582], [23.3342959, 42.6721206], [23.3344471, 42.6720198], [23.3344954, 42.6720586], [23.3343479, 42.6721582]]]}}, {"type": "Feature", "properties": {"osm_id": 490377401, "kind": "building", "name": null, "building": "apartments", "landuse": null, "leisure": null, "natural": null, "height": null, "levels": "4", "min_levels": null}, "geometry": {"type": "Polygon", "coordinates": [[[23.3340125, 42.6716343], [23.334163, 42.6717605], [23.3340042, 42.6718629], [23.3338537, 42.6717367], [23.3340125, 42.6716343]]]}}, {"type": "Feature", "properties": {"osm_id": 490377403, "kind": "building", "name": null, "building": "apartments", "landuse": null, "leisure": null, "natural": null, "height": null, "levels": "6", "min_levels": null}, "geometry": {"type": "Polygon", "coordinates": [[[23.3345612, 42.6718341], [23.3344132, 42.6717097], [23.3345434, 42.6716236], [23.3346918, 42.671745], [23.3345612, 42.6718341]]]}}, {"type": "Feature", "properties": {"osm_id": 490377404, "kind": "building", "name": null, "building": "apartments", "landuse": null, "leisure": null, "natural": null, "height": null, "levels": null, "min_levels": null}, "geometry": {"type": "Polygon", "coordinates": [[[23.3346328, 42.6718947], [23.3345612, 42.6718341], [23.3346918, 42.671745], [23.3347778, 42.6718132], [23.3346328, 42.6718947]]]}}, {"type": "Feature", "properties": {"osm_id": 490377410, "kind": "building", "name": null, "building": "apartments", "landuse": null, "leisure": null, "natural": null, "height": null, "levels": "6", "min_levels": null}, "geometry": {"type": "Polygon", "coordinates": [[[23.3336604, 42.6710794], [23.3335783, 42.6710137], [23.3337649, 42.6709001], [23.3338384, 42.670967], [23.3336604, 42.6710794]]]}}, {"type": "Feature", "properties": {"osm_id": 490377411, "kind": "building", "name": null, "building": "apartments", "landuse": null, "leisure": null, "natural": null, "height": null, "levels": "6", "min_levels": null}, "geometry": {"type": "Polygon", "coordinates": [[[23.3337274, 42.6711368], [23.3336604, 42.6710794], [23.3338384, 42.670967], [23.3339054, 42.6710244], [23.3337274, 42.6711368]]]}}, {"type": "Feature", "properties": {"osm_id": 491284852, "kind": "building", "name": null, "building": "apartments", "landuse": null, "leisure": null, "natural": null, "height": null, "levels": null, "min_levels": null}, "geometry": {"type": "Polygon", "coordinates": [[[23.3243644, 42.6761329], [23.3243644, 42.6760146], [23.3244798, 42.6760146], [23.3244798, 42.6761329], [23.3243644, 42.6761329]]]}}, {"type": "Feature", "properties": {"osm_id": 491284859, "kind": "building", "name": null, "building": "apartments", "landuse": null, "leisure": null, "natural": null, "height": null, "levels": null, "min_levels": null}, "geometry": {"type": "Polygon", "coordinates": [[[23.3241295, 42.6765041], [23.324129, 42.6764809], [23.3241251, 42.6763657], [23.3241248, 42.6763507], [23.3242625, 42.6763491], [23.3242657, 42.6765026], [23.3241295, 42.6765041]]]}}, {"type": "Feature", "properties": {"osm_id": 491284862, "kind": "building", "name": null, "building": "apartments", "landuse": null, "leisure": null, "natural": null, "height": null, "levels": "4", "min_levels": null}, "geometry": {"type": "Polygon", "coordinates": [[[23.3249765, 42.6767824], [23.3248935, 42.6767828], [23.3248933, 42.6767688], [23.324857, 42.6767689], [23.324856, 42.6766587], [23.3248413, 42.6766588], [23.3248411, 42.6766437], [23.324913, 42.6766433], [23.3249131, 42.6766567], [23.3249563, 42.6766565], [23.3249562, 42.6766489], [23.3249882, 42.6766487], [23.3249893, 42.676774], [23.3249764, 42.6767741], [23.3249765, 42.6767824]]]}}, {"type": "Feature", "properties": {"osm_id": 491284865, "kind": "building", "name": null, "building": "apartments", "landuse": null, "leisure": null, "natural": null, "height": null, "levels": "4", "min_levels": null}, "geometry": {"type": "Polygon", "coordinates": [[[23.3244, 42.6768064], [23.3245359, 42.6768044], [23.3245326, 42.6766819], [23.3245099, 42.6766822], [23.3245093, 42.67666], [23.3243988, 42.6766616], [23.3243991, 42.6766728], [23.3244026, 42.6768005], [23.3244, 42.6768064]]]}}, {"type": "Feature", "properties": {"osm_id": 491284876, "kind": "building", "name": null, "building": "apartments", "landuse": null, "leisure": null, "natural": null, "height": null, "levels": null, "min_levels": null}, "geometry": {"type": "Polygon", "coordinates": [[[23.3244662, 42.6772002], [23.3243851, 42.6771996], [23.3243855, 42.6771685], [23.3243855, 42.6770472], [23.3244676, 42.6770472], [23.3244676, 42.6770994], [23.3244662, 42.6772002]]]}}, {"type": "Feature", "properties": {"osm_id": 491284879, "kind": "building", "name": null, "building": "apartments", "landuse": null, "leisure": null, "natural": null, "height": null, "levels": "4", "min_levels": null}, "geometry": {"type": "Polygon", "coordinates": [[[23.3243855, 42.6771685], [23.3242263, 42.6771721], [23.3242213, 42.6770491], [23.3243855, 42.6770472], [23.3243855, 42.6771685]]]}}, {"type": "Feature", "properties": {"osm_id": 495931612, "kind": "building", "name": null, "building": "service", "landuse": null, "leisure": null, "natural": null, "height": null, "levels": null, "min_levels": null}, "geometry": {"type": "Polygon", "coordinates": [[[23.3272416, 42.6718565], [23.3274206, 42.6718514], [23.3274167, 42.6717787], [23.3272378, 42.6717839], [23.3272416, 42.6718565]]]}}, {"type": "Feature", "properties": {"osm_id": 538112805, "kind": "building", "name": null, "building": "apartments", "landuse": null, "leisure": null, "natural": null, "height": null, "levels": null, "min_levels": null}, "geometry": {"type": "Polygon", "coordinates": [[[23.3322085, 42.6760865], [23.332103, 42.6760546], [23.3321569, 42.6759652], [23.3322584, 42.6759983], [23.3322085, 42.6760865]]]}}, {"type": "Feature", "properties": {"osm_id": 538112806, "kind": "building", "name": null, "building": "apartments", "landuse": null, "leisure": null, "natural": null, "height": null, "levels": null, "min_levels": null}, "geometry": {"type": "Polygon", "coordinates": [[[23.3311554, 42.6761066], [23.3310621, 42.6760806], [23.3311168, 42.6759747], [23.3312101, 42.6760008], [23.3311554, 42.6761066]]]}}, {"type": "Feature", "properties": {"osm_id": 538112807, "kind": "building", "name": null, "building": "detached", "landuse": null, "leisure": null, "natural": null, "height": null, "levels": null, "min_levels": null}, "geometry": {"type": "Polygon", "coordinates": [[[23.3287856, 42.6748815], [23.328831, 42.6747914], [23.3287123, 42.674754], [23.3286633, 42.6748427], [23.3287856, 42.6748815]]]}}, {"type": "Feature", "properties": {"osm_id": 538112809, "kind": "building", "name": null, "building": "apartments", "landuse": null, "leisure": null, "natural": null, "height": null, "levels": null, "min_levels": null}, "geometry": {"type": "Polygon", "coordinates": [[[23.329608, 42.6756912], [23.3294013, 42.6756377], [23.329446, 42.6755444], [23.3296527, 42.6755979], [23.3296412, 42.6756219], [23.329608, 42.6756912]]]}}, {"type": "Feature", "properties": {"osm_id": 538112811, "kind": "building", "name": null, "building": "semidetached_house", "landuse": null, "leisure": null, "natural": null, "height": null, "levels": null, "min_levels": null}, "geometry": {"type": "Polygon", "coordinates": [[[23.3282791, 42.6753279], [23.3281862, 42.6753043], [23.3282294, 42.6752123], [23.3283222, 42.6752359], [23.3282791, 42.6753279]]]}}, {"type": "Feature", "properties": {"osm_id": 538112812, "kind": "building", "name": null, "building": "apartments", "landuse": null, "leisure": null, "natural": null, "height": null, "levels": null, "min_levels": null}, "geometry": {"type": "Polygon", "coordinates": [[[23.3286937, 42.6757798], [23.3286022, 42.6757561], [23.3286488, 42.6756589], [23.3287403, 42.6756826], [23.3286937, 42.6757798]]]}}, {"type": "Feature", "properties": {"osm_id": 538112814, "kind": "building", "name": null, "building": "apartments", "landuse": null, "leisure": null, "natural": null, "height": null, "levels": null, "min_levels": null}, "geometry": {"type": "Polygon", "coordinates": [[[23.3282558, 42.6760444], [23.3280542, 42.6759546], [23.3281375, 42.6758535], [23.328154, 42.6758334], [23.3283556, 42.6759232], [23.3282704, 42.6760259], [23.3282558, 42.6760444]]]}}, {"type": "Feature", "properties": {"osm_id": 538112816, "kind": "building", "name": null, "building": "apartments", "landuse": null, "leisure": null, "natural": null, "height": null, "levels": null, "min_levels": null}, "geometry": {"type": "Polygon", "coordinates": [[[23.3284916, 42.6761251], [23.3282704, 42.6760259], [23.3283556, 42.6759232], [23.3283674, 42.6759091], [23.3285885, 42.6760082], [23.3284916, 42.6761251]]]}}, {"type": "Feature", "properties": {"osm_id": 538112817, "kind": "building", "name": null, "building": "apartments", "landuse": null, "leisure": null, "natural": null, "height": null, "levels": null, "min_levels": null}, "geometry": {"type": "Polygon", "coordinates": [[[23.3277989, 42.6761697], [23.3276599, 42.6761131], [23.3277414, 42.6760049], [23.3278804, 42.6760614], [23.3277989, 42.6761697]]]}}, {"type": "Feature", "properties": {"osm_id": 538112818, "kind": "building", "name": null, "building": "apartments", "landuse": null, "leisure": null, "natural": null, "height": null, "levels": null, "min_levels": null}, "geometry": {"type": "Polygon", "coordinates": [[[23.3304571, 42.677204], [23.3303707, 42.6771439], [23.3303614, 42.677046], [23.3304828, 42.677001], [23.3305087, 42.6770079], [23.3305823, 42.6771308], [23.3305785, 42.6771709], [23.3304571, 42.677204]]]}}, {"type": "Feature", "properties": {"osm_id": 538112819, "kind": "building", "name": null, "building": "apartments", "landuse": null, "leisure": null, "natural": null, "height": null, "levels": null, "min_levels": null}, "geometry": {"type": "Polygon", "coordinates": [[[23.3307337, 42.6770813], [23.3305823, 42.6771308], [23.3305087, 42.6770079], [23.3305616, 42.6769907], [23.3306593, 42.6769589], [23.3307337, 42.6770813]]]}}, {"type": "Feature", "properties": {"osm_id": 538112820, "kind": "building", "name": null, "building": "apartments", "landuse": null, "leisure": null, "natural": null, "height": null, "levels": null, "min_levels": null}, "geometry": {"type": "Polygon", "coordinates": [[[23.3309241, 42.6770187], [23.3307337, 42.6770813], [23.3306593, 42.6769589], [23.3308497, 42.6768963], [23.3308472, 42.6769025], [23.3309101, 42.6770046], [23.3309241, 42.6770187]]]}}, {"type": "Feature", "properties": {"osm_id": 538112821, "kind": "building", "name": null, "building": "apartments", "landuse": null, "leisure": null, "natural": null, "height": null, "levels": null, "min_levels": null}, "geometry": {"type": "Polygon", "coordinates": [[[23.3310752, 42.6769496], [23.3309101, 42.6770046], [23.3308472, 42.6769025], [23.3309856, 42.6768564], [23.3310336, 42.6768557], [23.3310727, 42.6769192], [23.3310593, 42.6769237], [23.3310752, 42.6769496]]]}}, {"type": "Feature", "properties": {"osm_id": 538112822, "kind": "building", "name": null, "building": "office", "landuse": null, "leisure": null, "natural": null, "height": null, "levels": null, "min_levels": null}, "geometry": {"type": "Polygon", "coordinates": [[[23.3266304, 42.6780356], [23.3265348, 42.6780355], [23.3265349, 42.6780256], [23.3264564, 42.6780253], [23.3264452, 42.6778683], [23.326567, 42.6778681], [23.3265724, 42.6779405], [23.3266266, 42.6779383], [23.3266304, 42.6780356]]]}}, {"type": "Feature", "properties": {"osm_id": 538112824, "kind": "building", "name": null, "building": "apartments", "landuse": null, "leisure": null, "natural": null, "height": null, "levels": "7", "min_levels": null}, "geometry": {"type": "Polygon", "coordinates": [[[23.3246142, 42.677586], [23.3244505, 42.6775873], [23.3244503, 42.6775748], [23.3243929, 42.6775753], [23.3243923, 42.6775353], [23.3243485, 42.6775356], [23.3243478, 42.6774869], [23.3243702, 42.6774867], [23.3243695, 42.6774431], [23.3244445, 42.6774424], [23.3244441, 42.6774184], [23.3245204, 42.6774177], [23.3245411, 42.6774349], [23.3246097, 42.6774332], [23.3246119, 42.6774968], [23.3246142, 42.677586]]]}}, {"type": "Feature", "properties": {"osm_id": 538112825, "kind": "building", "name": null, "building": "apartments", "landuse": null, "leisure": null, "natural": null, "height": null, "levels": "7", "min_levels": null}, "geometry": {"type": "Polygon", "coordinates": [[[23.3246828, 42.6775355], [23.3246814, 42.6774955], [23.3246119, 42.6774968], [23.3246097, 42.6774332], [23.3246661, 42.6774321], [23.3246638, 42.6773665], [23.3247308, 42.6773653], [23.3247312, 42.6773777], [23.3248226, 42.677376], [23.324824, 42.6774163], [23.324875, 42.6774153], [23.3248761, 42.6774472], [23.3248769, 42.6774873], [23.3248564, 42.6774876], [23.3248085, 42.6774884], [23.3248101, 42.6775331], [23.3246828, 42.6775355]]]}}, {"type": "Feature", "properties": {"osm_id": 538112826, "kind": "building", "name": null, "building": "apartments", "landuse": null, "leisure": null, "natural": null, "height": null, "levels": "6", "min_levels": null}, "geometry": {"type": "Polygon", "coordinates": [[[23.3248498, 42.6776462], [23.3249509, 42.6776484], [23.3249502, 42.6776668], [23.3250316, 42.6776686], [23.3250337, 42.6776168], [23.3250855, 42.677618], [23.325087, 42.67758], [23.3250573, 42.6775794], [23.325063, 42.6774399], [23.3249558, 42.6774376], [23.3249553, 42.6774489], [23.3248761, 42.6774472], [23.3248769, 42.6774873], [23.3248564, 42.6774876], [23.3248498, 42.6776462]]]}}, {"type": "Feature", "properties": {"osm_id": 538112827, "kind": "building", "name": null, "building": "apartments", "landuse": null, "leisure": null, "natural": null, "height": null, "levels": "7", "min_levels": null}, "geometry": {"type": "Polygon", "coordinates": [[[23.3249106, 42.6778026], [23.3249084, 42.6777592], [23.3248913, 42.6777542], [23.3248925, 42.6777233], [23.3249129, 42.6777208], [23.324914, 42.6776832], [23.3249504, 42.677684], [23.3249502, 42.6776668], [23.3250316, 42.6776686], [23.3250333, 42.6776799], [23.3251003, 42.677679], [23.3250912, 42.6777993], [23.3249106, 42.6778026]]]}}, {"type": "Feature", "properties": {"osm_id": 538112828, "kind": "building", "name": null, "building": "apartments", "landuse": null, "leisure": null, "natural": null, "height": null, "levels": "6", "min_levels": null}, "geometry": {"type": "Polygon", "coordinates": [[[23.3249076, 42.6779757], [23.3250923, 42.6779779], [23.3250912, 42.6777993], [23.3249106, 42.6778026], [23.3249095, 42.6778285], [23.3249526, 42.6778318], [23.324947, 42.6779153], [23.3249073, 42.6779195], [23.3249076, 42.6779757]]]}}, {"type": "Feature", "properties": {"osm_id": 538112829, "kind": "building", "name": null, "building": "apartments", "landuse": null, "leisure": null, "natural": null, "height": null, "levels": "6", "min_levels": null}, "geometry": {"type": "Polygon", "coordinates": [[[23.3245796, 42.6780443], [23.3245789, 42.6779035], [23.3249072, 42.6779027], [23.3249073, 42.6779195], [23.3249076, 42.6779757], [23.3248769, 42.6779758], [23.3248771, 42.6780209], [23.3246983, 42.6780213], [23.3246984, 42.678044], [23.3245796, 42.6780443]]]}}, {"type": "Feature", "properties": {"osm_id": 538355159, "kind": "building", "name": null, "building": "apartments", "landuse": null, "leisure": null, "natural": null, "height": null, "levels": null, "min_levels": null}, "geometry": {"type": "Polygon", "coordinates": [[[23.3330198, 42.6772852], [23.3328263, 42.6772111], [23.3328972, 42.6771074], [23.3330954, 42.6771847], [23.3330198, 42.6772852]]]}}, {"type": "Feature", "properties": {"osm_id": 538355160, "kind": "building", "name": null, "building": "apartments", "landuse": null, "leisure": null, "natural": null, "height": null, "levels": null, "min_levels": null}, "geometry": {"type": "Polygon", "coordinates": [[[23.3328976, 42.6770446], [23.3331309, 42.6771356], [23.3330954, 42.6771847], [23.3328972, 42.6771074], [23.332908, 42.6770926], [23.3329187, 42.6770777], [23.3328835, 42.677064], [23.3328976, 42.6770446]]]}}, {"type": "Feature", "properties": {"osm_id": 538355161, "kind": "building", "name": null, "building": "apartments", "landuse": null, "leisure": null, "natural": null, "height": null, "levels": "7", "min_levels": null}, "geometry": {"type": "Polygon", "coordinates": [[[23.3333786, 42.6768242], [23.3333407, 42.6767812], [23.3330827, 42.6768815], [23.3331381, 42.6769444], [23.3332451, 42.6769908], [23.3333786, 42.6768242]]]}}, {"type": "Feature", "properties": {"osm_id": 538355162, "kind": "building", "name": null, "building": "apartments", "landuse": null, "leisure": null, "natural": null, "height": null, "levels": null, "min_levels": null}, "geometry": {"type": "Polygon", "coordinates": [[[23.3333608, 42.6782697], [23.3334171, 42.6781662], [23.3332638, 42.6781211], [23.3332075, 42.6782246], [23.3333608, 42.6782697]]]}}, {"type": "Feature", "properties": {"osm_id": 538355163, "kind": "building", "name": null, "building": "apartments", "landuse": null, "leisure": null, "natural": null, "height": null, "levels": null, "min_levels": null}, "geometry": {"type": "Polygon", "coordinates": [[[23.3330827, 42.6778792], [23.3330228, 42.6779693], [23.332866, 42.677913], [23.3329259, 42.6778229], [23.3330827, 42.6778792]]]}}, {"type": "Feature", "properties": {"osm_id": 538355164, "kind": "building", "name": null, "building": "apartments", "landuse": null, "leisure": null, "natural": null, "height": null, "levels": null, "min_levels": null}, "geometry": {"type": "Polygon", "coordinates": [[[23.3334982, 42.6772729], [23.3334591, 42.6773429], [23.3332977, 42.6772942], [23.3333369, 42.6772241], [23.3334982, 42.6772729]]]}}, {"type": "Feature", "properties": {"osm_id": 538355165, "kind": "building", "name": null, "building": "detached", "landuse": null, "leisure": null, "natural": null, "height": null, "levels": null, "min_levels": null}, "geometry": {"type": "Polygon", "coordinates": [[[23.3330204, 42.6784476], [23.3329561, 42.6784345], [23.3329689, 42.6784004], [23.3329909, 42.678342], [23.3330552, 42.678355], [23.3330204, 42.6784476]]]}}, {"type": "Feature", "properties": {"osm_id": 538355166, "kind": "building", "name": null, "building": "apartments", "landuse": null, "leisure": null, "natural": null, "height": null, "levels": null, "min_levels": null}, "geometry": {"type": "Polygon", "coordinates": [[[23.3327917, 42.6784228], [23.3328273, 42.6782914], [23.3327145, 42.6782749], [23.3326789, 42.6784063], [23.3327917, 42.6784228]]]}}, {"type": "Feature", "properties": {"osm_id": 538355167, "kind": "building", "name": null, "building": "apartments", "landuse": null, "leisure": null, "natural": null, "height": null, "levels": null, "min_levels": null}, "geometry": {"type": "Polygon", "coordinates": [[[23.3325664, 42.678389], [23.3326789, 42.6784063], [23.3327145, 42.6782749], [23.3326016, 42.6782591], [23.3325664, 42.678389]]]}}, {"type": "Feature", "properties": {"osm_id": 538355169, "kind": "building", "name": null, "building": "apartments", "landuse": null, "leisure": null, "natural": null, "height": null, "levels": null, "min_levels": null}, "geometry": {"type": "Polygon", "coordinates": [[[23.3305039, 42.6791713], [23.3305726, 42.6790482], [23.3307101, 42.6790895], [23.3306471, 42.6792118], [23.3305039, 42.6791713]]]}}, {"type": "Feature", "properties": {"osm_id": 538355170, "kind": "building", "name": null, "building": "residential", "landuse": null, "leisure": null, "natural": null, "height": null, "levels": null, "min_levels": null}, "geometry": {"type": "Polygon", "coordinates": [[[23.3303688, 42.6791305], [23.3304375, 42.6790074], [23.3305726, 42.6790482], [23.3305039, 42.6791713], [23.3303688, 42.6791305]]]}}, {"type": "Feature", "properties": {"osm_id": 538355172, "kind": "building", "name": null, "building": "apartments", "landuse": null, "leisure": null, "natural": null, "height": null, "levels": null, "min_levels": null}, "geometry": {"type": "Polygon", "coordinates": [[[23.3300374, 42.6790682], [23.3301014, 42.6789386], [23.3302315, 42.6789747], [23.3301592, 42.6791022], [23.3300374, 42.6790682]]]}}, {"type": "Feature", "properties": {"osm_id": 538355175, "kind": "building", "name": null, "building": "apartments", "landuse": null, "leisure": null, "natural": null, "height": null, "levels": null, "min_levels": null}, "geometry": {"type": "Polygon", "coordinates": [[[23.3299185, 42.6790375], [23.3299801, 42.6789072], [23.3301014, 42.6789386], [23.3300374, 42.6790682], [23.3299185, 42.6790375]]]}}, {"type": "Feature", "properties": {"osm_id": 538355177, "kind": "building", "name": null, "building": "apartments", "landuse": null, "leisure": null, "natural": null, "height": null, "levels": null, "min_levels": null}, "geometry": {"type": "Polygon", "coordinates": [[[23.3298694, 42.678879], [23.3298079, 42.6790093], [23.3299185, 42.6790375], [23.3299801, 42.6789072], [23.3298694, 42.678879]]]}}, {"type": "Feature", "properties": {"osm_id": 538355179, "kind": "building", "name": null, "building": "apartments", "landuse": null, "leisure": null, "natural": null, "height": null, "levels": null, "min_levels": null}, "geometry": {"type": "Polygon", "coordinates": [[[23.3294129, 42.6789272], [23.3294873, 42.6787924], [23.3296431, 42.6788389], [23.3295687, 42.6789737], [23.3294129, 42.6789272]]]}}, {"type": "Feature", "properties": {"osm_id": 538355182, "kind": "building", "name": null, "building": "apartments", "landuse": null, "leisure": null, "natural": null, "height": null, "levels": null, "min_levels": null}, "geometry": {"type": "Polygon", "coordinates": [[[23.3299227, 42.6785602], [23.3297685, 42.6785262], [23.3298315, 42.6783716], [23.3299858, 42.6784056], [23.3299227, 42.6785602]]]}}, {"type": "Feature", "properties": {"osm_id": 538355185, "kind": "building", "name": null, "building": "apartments", "landuse": null, "leisure": null, "natural": null, "height": null, "levels": null, "min_levels": null}, "geometry": {"type": "Polygon", "coordinates": [[[23.3305459, 42.6787339], [23.3304042, 42.6787043], [23.3304635, 42.6785509], [23.3306052, 42.6785806], [23.3305459, 42.6787339]]]}}, {"type": "Feature", "properties": {"osm_id": 538355187, "kind": "building", "name": null, "building": "apartments", "landuse": null, "leisure": null, "natural": null, "height": null, "levels": null, "min_levels": null}, "geometry": {"type": "Polygon", "coordinates": [[[23.3309954, 42.6789025], [23.3308147, 42.6788686], [23.3308544, 42.6787539], [23.3310351, 42.6787877], [23.3309954, 42.6789025]]]}}, {"type": "Feature", "properties": {"osm_id": 549532885, "kind": "building", "name": null, "building": "garage", "landuse": null, "leisure": null, "natural": null, "height": null, "levels": null, "min_levels": null}, "geometry": {"type": "Polygon", "coordinates": [[[23.324876, 42.6792203], [23.32487, 42.6792016], [23.3249228, 42.67919], [23.3249286, 42.6792095], [23.324876, 42.6792203]]]}}, {"type": "Feature", "properties": {"osm_id": 572750680, "kind": "building", "name": null, "building": "apartments", "landuse": null, "leisure": null, "natural": null, "height": null, "levels": null, "min_levels": null}, "geometry": {"type": "Polygon", "coordinates": [[[23.3242647, 42.6792764], [23.3243696, 42.6791701], [23.3242846, 42.6791247], [23.3242536, 42.6791562], [23.3242107, 42.6791333], [23.3241399, 42.6792181], [23.3242647, 42.6792764]]]}}, {"type": "Feature", "properties": {"osm_id": 572750681, "kind": "building", "name": null, "building": "apartments", "landuse": null, "leisure": null, "natural": null, "height": null, "levels": null, "min_levels": null}, "geometry": {"type": "Polygon", "coordinates": [[[23.3241288, 42.6784693], [23.323961, 42.6784773], [23.3239507, 42.6783598], [23.3239914, 42.6783579], [23.3241185, 42.6783519], [23.3241288, 42.6784693]]]}}, {"type": "Feature", "properties": {"osm_id": 572750682, "kind": "building", "name": null, "building": "apartments", "landuse": null, "leisure": null, "natural": null, "height": null, "levels": "4", "min_levels": null}, "geometry": {"type": "Polygon", "coordinates": [[[23.3250227, 42.6784466], [23.3248686, 42.6784511], [23.3248613, 42.6783184], [23.3250154, 42.6783138], [23.3250227, 42.6784466]]]}}, {"type": "Feature", "properties": {"osm_id": 657620305, "kind": "building", "name": null, "building": "apartments", "landuse": null, "leisure": null, "natural": null, "height": null, "levels": "2", "min_levels": null}, "geometry": {"type": "Polygon", "coordinates": [[[23.3237463, 42.6744462], [23.3239426, 42.6744543], [23.3239523, 42.6743276], [23.3237559, 42.6743195], [23.3237463, 42.6744462]]]}}, {"type": "Feature", "properties": {"osm_id": 660010146, "kind": "building", "name": null, "building": "apartments", "landuse": null, "leisure": null, "natural": null, "height": null, "levels": "7", "min_levels": null}, "geometry": {"type": "Polygon", "coordinates": [[[23.3333798, 42.6754067], [23.3332403, 42.6756709], [23.3334269, 42.6757143], [23.3336225, 42.6757123], [23.3336373, 42.6753998], [23.3335944, 42.6753771], [23.3335099, 42.6753623], [23.3334945, 42.6754174], [23.3333798, 42.6754067]]]}}, {"type": "Feature", "properties": {"osm_id": 722509489, "kind": "building", "name": "Йотов ауто груп", "building": "retail", "landuse": null, "leisure": null, "natural": null, "height": "3", "levels": "1", "min_levels": null}, "geometry": {"type": "Polygon", "coordinates": [[[23.3355412, 42.6728147], [23.335597, 42.6728447], [23.3356427, 42.6727988], [23.3355879, 42.6727673], [23.3355412, 42.6728147]]]}}, {"type": "Feature", "properties": {"osm_id": 753629010, "kind": "building", "name": null, "building": "house", "landuse": null, "leisure": null, "natural": null, "height": null, "levels": "2", "min_levels": null}, "geometry": {"type": "Polygon", "coordinates": [[[23.3312875, 42.6717335], [23.3313844, 42.6717271], [23.3313968, 42.6718294], [23.3312999, 42.6718358], [23.3312875, 42.6717335]]]}}, {"type": "Feature", "properties": {"osm_id": 753629013, "kind": "building", "name": null, "building": "garages", "landuse": null, "leisure": null, "natural": null, "height": null, "levels": "1", "min_levels": null}, "geometry": {"type": "Polygon", "coordinates": [[[23.3312521, 42.6723806], [23.3313299, 42.6723754], [23.3313218, 42.6723111], [23.3312441, 42.6723163], [23.3312521, 42.6723806]]]}}, {"type": "Feature", "properties": {"osm_id": 813557488, "kind": "building", "name": "Летящият Холандец", "building": "retail", "landuse": null, "leisure": null, "natural": null, "height": null, "levels": null, "min_levels": null}, "geometry": {"type": "Polygon", "coordinates": [[[23.3258568, 42.6712691], [23.3258507, 42.6712031], [23.326017, 42.6711947], [23.3260231, 42.6712608], [23.3258568, 42.6712691]]]}}, {"type": "Feature", "properties": {"osm_id": 814516455, "kind": "building", "name": null, "building": "apartments", "landuse": null, "leisure": null, "natural": null, "height": null, "levels": "7", "min_levels": null}, "geometry": {"type": "Polygon", "coordinates": [[[23.3347733, 42.6720211], [23.3349061, 42.6719383], [23.3349761, 42.671999], [23.3350564, 42.6720686], [23.3352347, 42.6722232], [23.3351529, 42.672309], [23.3350282, 42.6722518], [23.3347733, 42.6720211]]]}}, {"type": "Feature", "properties": {"osm_id": 814523011, "kind": "building", "name": null, "building": "house", "landuse": null, "leisure": null, "natural": null, "height": null, "levels": "2", "min_levels": null}, "geometry": {"type": "Polygon", "coordinates": [[[23.335552, 42.6726741], [23.3354614, 42.6726207], [23.3354817, 42.6726074], [23.335594, 42.6725023], [23.3356807, 42.672556], [23.335552, 42.6726741]]]}}, {"type": "Feature", "properties": {"osm_id": 814523012, "kind": "building", "name": null, "building": "apartments", "landuse": null, "leisure": null, "natural": null, "height": null, "levels": "6", "min_levels": null}, "geometry": {"type": "Polygon", "coordinates": [[[23.3353608, 42.6725375], [23.3354264, 42.6724714], [23.3354807, 42.6725027], [23.3355242, 42.672462], [23.335594, 42.6725023], [23.3354817, 42.6726074], [23.3353608, 42.6725375]]]}}, {"type": "Feature", "properties": {"osm_id": 814523013, "kind": "building", "name": null, "building": "apartments", "landuse": null, "leisure": null, "natural": null, "height": null, "levels": "6", "min_levels": null}, "geometry": {"type": "Polygon", "coordinates": [[[23.3353023, 42.6725893], [23.3353608, 42.6725375], [23.3354264, 42.6724714], [23.3354629, 42.6724346], [23.3353666, 42.672383], [23.335393, 42.6723563], [23.3353639, 42.6723407], [23.3353831, 42.6723212], [23.3353249, 42.67229], [23.3351532, 42.6724633], [23.3351926, 42.6724844], [23.3351603, 42.6725174], [23.3353023, 42.6725893]]]}}, {"type": "Feature", "properties": {"osm_id": 814523014, "kind": "building", "name": null, "building": "apartments", "landuse": null, "leisure": null, "natural": null, "height": null, "levels": "5", "min_levels": null}, "geometry": {"type": "Polygon", "coordinates": [[[23.3351544, 42.6727397], [23.3353023, 42.6725893], [23.3351603, 42.6725174], [23.3351465, 42.6725104], [23.3350067, 42.672661], [23.3351544, 42.6727397]]]}}, {"type": "Feature", "properties": {"osm_id": 814596120, "kind": "building", "name": null, "building": "garages", "landuse": null, "leisure": null, "natural": null, "height": null, "levels": "1", "min_levels": null}, "geometry": {"type": "Polygon", "coordinates": [[[23.3264024, 42.6708784], [23.3263941, 42.670804], [23.3270077, 42.6707667], [23.3270161, 42.6708412], [23.3264024, 42.6708784]]]}}, {"type": "Feature", "properties": {"osm_id": 814834245, "kind": "building", "name": null, "building": "apartments", "landuse": null, "leisure": null, "natural": null, "height": null, "levels": null, "min_levels": null}, "geometry": {"type": "Polygon", "coordinates": [[[23.3260438, 42.6722208], [23.325981, 42.6722258], [23.3259181, 42.6722308], [23.325902, 42.6720612], [23.3260227, 42.6720513], [23.3260268, 42.6720712], [23.3260438, 42.6722208]]]}}, {"type": "Feature", "properties": {"osm_id": 814836254, "kind": "building", "name": null, "building": "garages", "landuse": null, "leisure": null, "natural": null, "height": null, "levels": "1", "min_levels": null}, "geometry": {"type": "Polygon", "coordinates": [[[23.3297505, 42.6715298], [23.3297716, 42.6716395], [23.3297502, 42.6716406], [23.3297278, 42.6716417], [23.3297006, 42.6714817], [23.3297983, 42.6714668], [23.32979, 42.6714177], [23.3303844, 42.6713632], [23.3303627, 42.6712351], [23.3305848, 42.6712148], [23.3306117, 42.6713746], [23.3306226, 42.6714392], [23.3297505, 42.6715298]]]}}, {"type": "Feature", "properties": {"osm_id": 816069270, "kind": "building", "name": null, "building": "detached", "landuse": null, "leisure": null, "natural": null, "height": null, "levels": null, "min_levels": null}, "geometry": {"type": "Polygon", "coordinates": [[[23.3339102, 42.6724318], [23.3339261, 42.672508], [23.3340061, 42.6724989], [23.3339902, 42.6724228], [23.3339102, 42.6724318]]]}}, {"type": "Feature", "properties": {"osm_id": 816504575, "kind": "building", "name": null, "building": "garages", "landuse": null, "leisure": null, "natural": null, "height": null, "levels": null, "min_levels": null}, "geometry": {"type": "Polygon", "coordinates": [[[23.3297503, 42.6711986], [23.3297599, 42.6712517], [23.3302603, 42.6712025], [23.3302507, 42.6711495], [23.3297503, 42.6711986]]]}}, {"type": "Feature", "properties": {"osm_id": 816506923, "kind": "building", "name": null, "building": "apartments", "landuse": null, "leisure": null, "natural": null, "height": null, "levels": "6", "min_levels": null}, "geometry": {"type": "Polygon", "coordinates": [[[23.3332661, 42.6718987], [23.3334167, 42.6718712], [23.3333273, 42.6716067], [23.3331768, 42.6716342], [23.3332226, 42.6717699], [23.3332661, 42.6718987]]]}}, {"type": "Feature", "properties": {"osm_id": 816507329, "kind": "building", "name": null, "building": "apartments", "landuse": null, "leisure": null, "natural": null, "height": null, "levels": "5", "min_levels": null}, "geometry": {"type": "Polygon", "coordinates": [[[23.3334434, 42.6717573], [23.3333828, 42.6716021], [23.3334649, 42.6715848], [23.3335698, 42.6716876], [23.3334434, 42.6717573]]]}}, {"type": "Feature", "properties": {"osm_id": 816511101, "kind": "building", "name": null, "building": "garages", "landuse": null, "leisure": null, "natural": null, "height": null, "levels": null, "min_levels": null}, "geometry": {"type": "Polygon", "coordinates": [[[23.3318961, 42.6729731], [23.3318984, 42.6730322], [23.332373, 42.6730221], [23.3323707, 42.672963], [23.3318961, 42.6729731]]]}}, {"type": "Feature", "properties": {"osm_id": 817470758, "kind": "building", "name": null, "building": "service", "landuse": null, "leisure": null, "natural": null, "height": null, "levels": "1", "min_levels": null}, "geometry": {"type": "Polygon", "coordinates": [[[23.3345313, 42.6729816], [23.3345642, 42.6729443], [23.3345557, 42.6729403], [23.3345074, 42.6729172], [23.3344999, 42.6729137], [23.3344671, 42.6729509], [23.3345313, 42.6729816]]]}}, {"type": "Feature", "properties": {"osm_id": 817470759, "kind": "building", "name": "Sweet garden", "building": "yes", "landuse": null, "leisure": null, "natural": null, "height": null, "levels": null, "min_levels": null}, "geometry": {"type": "Polygon", "coordinates": [[[23.3345557, 42.6729403], [23.3345074, 42.6729172], [23.334513, 42.6729115], [23.334521, 42.6729074], [23.3345303, 42.6729054], [23.33454, 42.6729058], [23.3345489, 42.6729086], [23.3345561, 42.6729133], [23.3345608, 42.6729196], [23.3345624, 42.6729266], [23.3345608, 42.6729336], [23.3345557, 42.6729403]]]}}, {"type": "Feature", "properties": {"osm_id": 817505934, "kind": "building", "name": null, "building": "apartments", "landuse": null, "leisure": null, "natural": null, "height": null, "levels": null, "min_levels": null}, "geometry": {"type": "Polygon", "coordinates": [[[23.3345556, 42.6737175], [23.3347664, 42.673821], [23.3348402, 42.6737398], [23.334914, 42.6736586], [23.3347032, 42.6735551], [23.3345556, 42.6737175]]]}}, {"type": "Feature", "properties": {"osm_id": 817505935, "kind": "building", "name": null, "building": "apartments", "landuse": null, "leisure": null, "natural": null, "height": null, "levels": null, "min_levels": null}, "geometry": {"type": "Polygon", "coordinates": [[[23.3351413, 42.6734154], [23.3350728, 42.6734806], [23.3348991, 42.6733914], [23.3349598, 42.6733215], [23.3351413, 42.6734154]]]}}, {"type": "Feature", "properties": {"osm_id": 819154135, "kind": "building", "name": null, "building": "semidetached_house", "landuse": null, "leisure": null, "natural": null, "height": null, "levels": null, "min_levels": null}, "geometry": {"type": "Polygon", "coordinates": [[[23.3252365, 42.6725603], [23.3251688, 42.6725617], [23.3251638, 42.6724335], [23.3252316, 42.6724321], [23.3252365, 42.6725603]]]}}, {"type": "Feature", "properties": {"osm_id": 824145125, "kind": "building", "name": null, "building": "retail", "landuse": null, "leisure": null, "natural": null, "height": null, "levels": "1", "min_levels": null}, "geometry": {"type": "Polygon", "coordinates": [[[23.3333976, 42.6760358], [23.3332922, 42.6760007], [23.3333356, 42.6759302], [23.333441, 42.6759653], [23.3333976, 42.6760358]]]}}, {"type": "Feature", "properties": {"osm_id": 824145126, "kind": "building", "name": null, "building": "retail", "landuse": null, "leisure": null, "natural": null, "height": null, "levels": "1", "min_levels": null}, "geometry": {"type": "Polygon", "coordinates": [[[23.3335266, 42.6759342], [23.3335442, 42.6757745], [23.3336479, 42.6757807], [23.3336303, 42.6759404], [23.3335266, 42.6759342]]]}}, {"type": "Feature", "properties": {"osm_id": 824570842, "kind": "building", "name": null, "building": "house", "landuse": null, "leisure": null, "natural": null, "height": null, "levels": null, "min_levels": null}, "geometry": {"type": "Polygon", "coordinates": [[[23.3299451, 42.6792332], [23.329884, 42.6793692], [23.3300045, 42.6793985], [23.3300225, 42.6793584], [23.3300656, 42.6792625], [23.3299451, 42.6792332]]]}}, {"type": "Feature", "properties": {"osm_id": 826418855, "kind": "building", "name": "Св. Йоан", "building": "yes", "landuse": null, "leisure": null, "natural": null, "height": null, "levels": null, "min_levels": null}, "geometry": {"type": "Polygon", "coordinates": [[[23.3373535, 42.6759887], [23.3373883, 42.6760124], [23.3375681, 42.6760199], [23.3376204, 42.6760212], [23.3376246, 42.6759616], [23.3373561, 42.6759514], [23.3373549, 42.6759691], [23.3373535, 42.6759887]]]}}, {"type": "Feature", "properties": {"osm_id": 826837287, "kind": "building", "name": null, "building": "garages", "landuse": null, "leisure": null, "natural": null, "height": null, "levels": null, "min_levels": null}, "geometry": {"type": "Polygon", "coordinates": [[[23.323748, 42.6723567], [23.3237048, 42.6723573], [23.3237065, 42.6724272], [23.3239104, 42.6724245], [23.3239087, 42.6723546], [23.323866, 42.6723551], [23.323748, 42.6723567]]]}}, {"type": "Feature", "properties": {"osm_id": 832219233, "kind": "building", "name": null, "building": "apartments", "landuse": null, "leisure": null, "natural": null, "height": null, "levels": null, "min_levels": null}, "geometry": {"type": "Polygon", "coordinates": [[[23.3247911, 42.6791985], [23.3247616, 42.6791088], [23.3249198, 42.6790783], [23.324952, 42.679167], [23.3247911, 42.6791985]]]}}, {"type": "Feature", "properties": {"osm_id": 838300319, "kind": "building", "name": null, "building": "apartments", "landuse": null, "leisure": null, "natural": null, "height": null, "levels": "5", "min_levels": null}, "geometry": {"type": "Polygon", "coordinates": [[[23.3326465, 42.677316], [23.3325433, 42.6772907], [23.3324315, 42.677097], [23.3326657, 42.6770241], [23.332729, 42.677134], [23.3326465, 42.677316]]]}}, {"type": "Feature", "properties": {"osm_id": 838319453, "kind": "building", "name": null, "building": "apartments", "landuse": null, "leisure": null, "natural": null, "height": null, "levels": "4", "min_levels": null}, "geometry": {"type": "Polygon", "coordinates": [[[23.3333076, 42.6714946], [23.3334296, 42.6714727], [23.3335881, 42.6714086], [23.3334894, 42.6713159], [23.3332622, 42.6713804], [23.3333076, 42.6714946]]]}}, {"type": "Feature", "properties": {"osm_id": 838484318, "kind": "building", "name": null, "building": "semidetached_house", "landuse": null, "leisure": null, "natural": null, "height": null, "levels": null, "min_levels": null}, "geometry": {"type": "Polygon", "coordinates": [[[23.3261662, 42.6791037], [23.3261596, 42.6790703], [23.326143, 42.6789719], [23.3260983, 42.6789759], [23.3261081, 42.6790343], [23.326094, 42.6790356], [23.3260969, 42.6790527], [23.3260719, 42.679055], [23.3260766, 42.6790829], [23.3260992, 42.6790808], [23.326104, 42.67911], [23.3261662, 42.6791037]]]}}, {"type": "Feature", "properties": {"osm_id": 838484319, "kind": "building", "name": null, "building": "semidetached_house", "landuse": null, "leisure": null, "natural": null, "height": null, "levels": null, "min_levels": null}, "geometry": {"type": "Polygon", "coordinates": [[[23.3261596, 42.6790703], [23.3261904, 42.6790678], [23.3261827, 42.6790178], [23.3262058, 42.6790159], [23.3261958, 42.6789512], [23.3261408, 42.6789558], [23.326143, 42.6789719], [23.3261596, 42.6790703]]]}}, {"type": "Feature", "properties": {"osm_id": 844592059, "kind": "building", "name": null, "building": "semidetached_house", "landuse": null, "leisure": null, "natural": null, "height": null, "levels": null, "min_levels": null}, "geometry": {"type": "Polygon", "coordinates": [[[23.3278988, 42.6785019], [23.3279294, 42.6784355], [23.3280074, 42.6784547], [23.3279994, 42.6784723], [23.3280217, 42.6784778], [23.3279987, 42.6785282], [23.3278988, 42.6785019]]]}}, {"type": "Feature", "properties": {"osm_id": 865239898, "kind": "building", "name": null, "building": "garages", "landuse": null, "leisure": null, "natural": null, "height": null, "levels": null, "min_levels": null}, "geometry": {"type": "Polygon", "coordinates": [[[23.3284394, 42.6770707], [23.3285058, 42.6770684], [23.3285113, 42.6771575], [23.328445, 42.6771598], [23.3284394, 42.6770707]]]}}, {"type": "Feature", "properties": {"osm_id": 882913363, "kind": "building", "name": null, "building": "apartments", "landuse": null, "leisure": null, "natural": null, "height": null, "levels": null, "min_levels": null}, "geometry": {"type": "Polygon", "coordinates": [[[23.330145, 42.6700001], [23.3302305, 42.6699947], [23.3303666, 42.6699862], [23.3303476, 42.6698163], [23.3301241, 42.6698308], [23.330145, 42.6700001]]]}}, {"type": "Feature", "properties": {"osm_id": 884063728, "kind": "building", "name": null, "building": "yes", "landuse": null, "leisure": null, "natural": null, "height": null, "levels": null, "min_levels": null}, "geometry": {"type": "Polygon", "coordinates": [[[23.32613, 42.6695436], [23.3260238, 42.6695472], [23.326021, 42.6695037], [23.3261272, 42.6695], [23.32613, 42.6695436]]]}}, {"type": "Feature", "properties": {"osm_id": 891154165, "kind": "building", "name": null, "building": "retail", "landuse": null, "leisure": null, "natural": null, "height": null, "levels": "1", "min_levels": null}, "geometry": {"type": "Polygon", "coordinates": [[[23.3328496, 42.6702076], [23.3328259, 42.6701694], [23.3328859, 42.6701493], [23.3329586, 42.6702169], [23.3328971, 42.6702375], [23.3328736, 42.6701996], [23.3328496, 42.6702076]]]}}, {"type": "Feature", "properties": {"osm_id": 891154166, "kind": "building", "name": null, "building": "garage", "landuse": null, "leisure": null, "natural": null, "height": null, "levels": null, "min_levels": null}, "geometry": {"type": "Polygon", "coordinates": [[[23.3329912, 42.670254], [23.3329699, 42.6702275], [23.3328888, 42.6702626], [23.3329101, 42.6702892], [23.3329912, 42.670254]]]}}, {"type": "Feature", "properties": {"osm_id": 921449253, "kind": "building", "name": "\"Graphite\" business centre", "building": "office", "landuse": null, "leisure": null, "natural": null, "height": null, "levels": "8", "min_levels": null}, "geometry": {"type": "Polygon", "coordinates": [[[23.3287206, 42.6703981], [23.3287168, 42.670362], [23.3286888, 42.6703641], [23.3286729, 42.6702496], [23.3290315, 42.6702227], [23.3290438, 42.6703112], [23.328948, 42.6703184], [23.3289585, 42.6703795], [23.3287206, 42.6703981]]]}}, {"type": "Feature", "properties": {"osm_id": 949092785, "kind": "building", "name": "Secret Gardens", "building": "apartments", "landuse": null, "leisure": null, "natural": null, "height": null, "levels": null, "min_levels": null}, "geometry": {"type": "Polygon", "coordinates": [[[23.3301477, 42.6730876], [23.3302182, 42.6730833], [23.3302203, 42.6731012], [23.330476, 42.6730855], [23.3304478, 42.672838], [23.3304194, 42.6728398], [23.3304163, 42.6728125], [23.3302854, 42.6728205], [23.3301371, 42.6728296], [23.3301253, 42.6727258], [23.3301024, 42.6727272], [23.3300985, 42.6726928], [23.3300119, 42.6726981], [23.3300096, 42.672678], [23.3298883, 42.6726854], [23.3297811, 42.672692], [23.3297749, 42.6726366], [23.329768, 42.6725754], [23.3296891, 42.6725802], [23.3294863, 42.6725926], [23.329495, 42.6726696], [23.3294676, 42.6726713], [23.3294803, 42.6727831], [23.3295419, 42.6727793], [23.3295452, 42.6728083], [23.3297829, 42.6727937], [23.3297984, 42.672931], [23.3298795, 42.672926], [23.3298838, 42.672964], [23.330132, 42.6729488], [23.3301477, 42.6730876]]]}}, {"type": "Feature", "properties": {"osm_id": 949094601, "kind": "building", "name": null, "building": "apartments", "landuse": null, "leisure": null, "natural": null, "height": null, "levels": null, "min_levels": null}, "geometry": {"type": "Polygon", "coordinates": [[[23.3299379, 42.6724467], [23.3299258, 42.6723224], [23.3300052, 42.6723182], [23.3300014, 42.672279], [23.330217, 42.6722676], [23.330233, 42.6724311], [23.3299379, 42.6724467]]]}}, {"type": "Feature", "properties": {"osm_id": 949099791, "kind": "building", "name": null, "building": "yes", "landuse": null, "leisure": null, "natural": null, "height": null, "levels": null, "min_levels": null}, "geometry": {"type": "Polygon", "coordinates": [[[23.3348612, 42.6744868], [23.3348735, 42.6744139], [23.3349795, 42.6744235], [23.3349672, 42.6744964], [23.3348612, 42.6744868]]]}}, {"type": "Feature", "properties": {"osm_id": 957176083, "kind": "building", "name": null, "building": "apartments", "landuse": null, "leisure": null, "natural": null, "height": null, "levels": null, "min_levels": null}, "geometry": {"type": "Polygon", "coordinates": [[[23.3349061, 42.6719383], [23.3347778, 42.6718132], [23.3346328, 42.6718947], [23.3347733, 42.6720211], [23.3349061, 42.6719383]]]}}, {"type": "Feature", "properties": {"osm_id": 1002583513, "kind": "building", "name": null, "building": "garages", "landuse": null, "leisure": null, "natural": null, "height": null, "levels": null, "min_levels": null}, "geometry": {"type": "Polygon", "coordinates": [[[23.3257097, 42.6716813], [23.3260294, 42.671657], [23.3260129, 42.67154], [23.3256932, 42.6715644], [23.3257097, 42.6716813]]]}}, {"type": "Feature", "properties": {"osm_id": 1030758534, "kind": "building", "name": null, "building": "parking", "landuse": null, "leisure": null, "natural": null, "height": null, "levels": null, "min_levels": null}, "geometry": {"type": "Polygon", "coordinates": [[[23.3240109, 42.6741327], [23.3241018, 42.6741355], [23.3240993, 42.6741806], [23.3242318, 42.6741848], [23.3242216, 42.6743615], [23.3239982, 42.6743546], [23.3240109, 42.6741327]]]}}, {"type": "Feature", "properties": {"osm_id": 1035866809, "kind": "green", "name": null, "building": null, "landuse": "forest", "leisure": null, "natural": null, "height": null, "levels": null, "min_levels": null}, "geometry": {"type": "Polygon", "coordinates": [[[23.3378819, 42.6707527], [23.3379167, 42.6707448], [23.3379462, 42.6707596], [23.3379918, 42.6709351], [23.3383512, 42.6740076], [23.3383191, 42.6742363], [23.336526, 42.6727219], [23.3364186, 42.6726255], [23.3363984, 42.6725481], [23.3364106, 42.672492], [23.3364262, 42.6724539], [23.3364643, 42.6723954], [23.3377451, 42.6710534], [23.3377987, 42.670939], [23.337847, 42.6708049], [23.3378819, 42.6707527]]]}}, {"type": "Feature", "properties": {"osm_id": 1037332649, "kind": "green", "name": "Лесопарк \"Дъбова гора\"", "building": null, "landuse": null, "leisure": "park", "natural": null, "height": null, "levels": null, "min_levels": null}, "geometry": {"type": "Polygon", "coordinates": [[[23.3242088, 42.6671864], [23.3239416, 42.6676766], [23.3237142, 42.6677058], [23.3237452, 42.6681534], [23.3245311, 42.6681253], [23.3245281, 42.6682177], [23.3253006, 42.6681925], [23.3253067, 42.6683294], [23.325949, 42.6683078], [23.3266104, 42.6684534], [23.3284703, 42.6689402], [23.3285326, 42.6694464], [23.3300249, 42.6694017], [23.3300436, 42.6698015], [23.330405, 42.6697808], [23.3304346, 42.6700168], [23.3315218, 42.6699641], [23.3320795, 42.6699893], [23.3322368, 42.6700225], [23.3323381, 42.6700752], [23.332458, 42.6702424], [23.3328483, 42.6701065], [23.3326907, 42.670012], [23.3323363, 42.6698205], [23.3320257, 42.6696744], [23.3320671, 42.6696479], [23.3316424, 42.66949], [23.3309272, 42.6692495], [23.3308516, 42.669368], [23.3305074, 42.6692603], [23.3305733, 42.6691346], [23.3292723, 42.6687344], [23.3291185, 42.668729], [23.3288573, 42.6686536], [23.3286328, 42.6685442], [23.3272566, 42.6681209], [23.3263164, 42.6678314], [23.3257629, 42.6676808], [23.3256421, 42.66765], [23.3254127, 42.6675727], [23.3253361, 42.6675348], [23.325149, 42.6674768], [23.3242088, 42.6671864]]]}}, {"type": "Feature", "properties": {"osm_id": 1040442132, "kind": "green", "name": null, "building": null, "landuse": "forest", "leisure": null, "natural": null, "height": null, "levels": null, "min_levels": null}, "geometry": {"type": "Polygon", "coordinates": [[[23.3357379, 42.6794933], [23.3360074, 42.6765666], [23.3358517, 42.6765645], [23.3349557, 42.6765166], [23.3347852, 42.6765197], [23.3346812, 42.6765642], [23.3345905, 42.6765567], [23.3345066, 42.6764975], [23.3343421, 42.6764863], [23.3343095, 42.6765295], [23.3344701, 42.6766084], [23.33464, 42.6767457], [23.3350723, 42.6771398], [23.3351598, 42.6772196], [23.335196, 42.6772971], [23.3352137, 42.6773805], [23.3352147, 42.677458], [23.3352062, 42.6775344], [23.3351598, 42.6776368], [23.3350669, 42.677749], [23.334967, 42.6778015], [23.3348524, 42.6778388], [23.3344327, 42.6779489], [23.3339972, 42.6780813], [23.333903, 42.6781283], [23.3338384, 42.6781834], [23.3338129, 42.678222], [23.3340014, 42.6782631], [23.3339564, 42.6783901], [23.3338856, 42.6785245], [23.3338556, 42.6785906], [23.3337378, 42.6786231], [23.3337763, 42.6786533], [23.3338685, 42.678701], [23.3355848, 42.679287], [23.3356855, 42.6793705], [23.3357379, 42.6794933]]]}}, {"type": "Feature", "properties": {"osm_id": 1040442134, "kind": "green", "name": null, "building": null, "landuse": "forest", "leisure": null, "natural": null, "height": null, "levels": null, "min_levels": null}, "geometry": {"type": "Polygon", "coordinates": [[[23.334145, 42.6766137], [23.3343271, 42.6766156], [23.3345237, 42.6767474], [23.3349194, 42.6771297], [23.3350076, 42.6772144], [23.3350737, 42.6773017], [23.3350916, 42.6773882], [23.3350837, 42.6774829], [23.3350705, 42.6775592], [23.3350389, 42.6776329], [23.3349953, 42.6776814], [23.3349219, 42.677728], [23.3342848, 42.6779019], [23.3338244, 42.6780391], [23.3337474, 42.6780945], [23.3337098, 42.6781365], [23.3336272, 42.6781113], [23.3341, 42.6772038], [23.3341953, 42.6770138], [23.3341778, 42.6768642], [23.334145, 42.6766137]]]}}, {"type": "Feature", "properties": {"osm_id": 1040442136, "kind": "green", "name": "Градинка „проф. Стефан Данаилов“", "building": null, "landuse": null, "leisure": "park", "natural": null, "height": null, "levels": null, "min_levels": null}, "geometry": {"type": "Polygon", "coordinates": [[[23.3337816, 42.6764807], [23.3338068, 42.6764662], [23.3338358, 42.6764562], [23.333867, 42.6764511], [23.3339063, 42.6764519], [23.3339439, 42.6764605], [23.3339943, 42.6764793], [23.3340331, 42.6764937], [23.3340739, 42.676906], [23.3340204, 42.6769125], [23.3337249, 42.6768439], [23.3336229, 42.676635], [23.3337816, 42.6764807]]]}}, {"type": "Feature", "properties": {"osm_id": 1080560727, "kind": "green", "name": null, "building": null, "landuse": "forest", "leisure": null, "natural": null, "height": null, "levels": null, "min_levels": null}, "geometry": {"type": "Polygon", "coordinates": [[[23.3311159, 42.6689498], [23.332322, 42.6693913], [23.3329633, 42.6697419], [23.3359338, 42.6722187], [23.3360239, 42.6722749], [23.3361294, 42.6722734], [23.3362171, 42.672209], [23.3367741, 42.6716642], [23.3375633, 42.6708814], [23.3377113, 42.6705308], [23.3377236, 42.6701439], [23.3367439, 42.6616765], [23.3366005, 42.6599762], [23.3355563, 42.6601624], [23.3353696, 42.6601941], [23.3351076, 42.6601824], [23.3350657, 42.6599966], [23.3344318, 42.6600323], [23.3344397, 42.6601436], [23.334498, 42.6602192], [23.3342711, 42.6603243], [23.333906, 42.6606074], [23.3336504, 42.6606206], [23.3303633, 42.6607909], [23.3301362, 42.6608027], [23.3292001, 42.6606568], [23.3284518, 42.6608146], [23.3280685, 42.6607638], [23.328078, 42.6608141], [23.3280861, 42.6610437], [23.3280669, 42.6610922], [23.328026, 42.6611265], [23.3279834, 42.6611521], [23.3265573, 42.661522], [23.3263358, 42.6615916], [23.326206, 42.6616528], [23.3260962, 42.6617042], [23.3260218, 42.6617327], [23.3259528, 42.6617494], [23.3260711, 42.6620706], [23.3255565, 42.6624677], [23.3255096, 42.6624494], [23.3252829, 42.6623609], [23.3252111, 42.6622927], [23.3246859, 42.6626707], [23.3243689, 42.6627693], [23.3242557, 42.6628045], [23.324069, 42.6629613], [23.3239452, 42.6631088], [23.3243188, 42.6632027], [23.3249045, 42.6634026], [23.3251075, 42.6635026], [23.3279489, 42.6644404], [23.3290076, 42.6647898], [23.3303141, 42.6652049], [23.3302024, 42.6654207], [23.3297165, 42.6654106], [23.3299578, 42.6659668], [23.3296611, 42.6667294], [23.3297448, 42.6667578], [23.3316615, 42.6672702], [23.3318388, 42.6676048], [23.3311159, 42.6689498]]]}}, {"type": "Feature", "properties": {"osm_id": 1102110191, "kind": "green", "name": null, "building": null, "landuse": "grass", "leisure": null, "natural": null, "height": null, "levels": null, "min_levels": null}, "geometry": {"type": "Polygon", "coordinates": [[[23.3339024, 42.6750369], [23.3339739, 42.6750436], [23.3339881, 42.6750338], [23.3340272, 42.6750357], [23.3340361, 42.6750443], [23.3341038, 42.6750457], [23.3341136, 42.6748804], [23.3341104, 42.6748724], [23.3341022, 42.674865], [23.3340819, 42.674859], [23.3340116, 42.6748514], [23.33397, 42.6748492], [23.3339366, 42.6748529], [23.3339234, 42.6748641], [23.3339102, 42.6749393], [23.3339024, 42.6750369]]]}}, {"type": "Feature", "properties": {"osm_id": 1102110192, "kind": "green", "name": null, "building": null, "landuse": "grass", "leisure": null, "natural": null, "height": null, "levels": null, "min_levels": null}, "geometry": {"type": "Polygon", "coordinates": [[[23.3341014, 42.675074], [23.3340294, 42.675073], [23.3340174, 42.6750789], [23.3339765, 42.6754629], [23.3339934, 42.6755198], [23.3339934, 42.6755819], [23.3340427, 42.6755854], [23.3341014, 42.675074]]]}}, {"type": "Feature", "properties": {"osm_id": 1102110193, "kind": "green", "name": null, "building": null, "landuse": "grass", "leisure": null, "natural": null, "height": null, "levels": null, "min_levels": null}, "geometry": {"type": "Polygon", "coordinates": [[[23.3339, 42.6750682], [23.3339752, 42.6750695], [23.3339831, 42.6750778], [23.3339488, 42.6754584], [23.3339271, 42.6754841], [23.3339112, 42.6755224], [23.3339033, 42.6755786], [23.3338525, 42.6755769], [23.3338666, 42.6754877], [23.3339, 42.6750682]]]}}, {"type": "Feature", "properties": {"osm_id": 1102110194, "kind": "green", "name": null, "building": null, "landuse": "grass", "leisure": null, "natural": null, "height": null, "levels": null, "min_levels": null}, "geometry": {"type": "Polygon", "coordinates": [[[23.3339877, 42.6756106], [23.3340397, 42.6756135], [23.3339988, 42.6760015], [23.3339594, 42.676106], [23.3339469, 42.6761193], [23.3339242, 42.6761101], [23.3339143, 42.6760922], [23.333911, 42.6760602], [23.3339438, 42.6757393], [23.3339706, 42.675697], [23.3339836, 42.6756576], [23.3339877, 42.6756106]]]}}, {"type": "Feature", "properties": {"osm_id": 1102110195, "kind": "green", "name": null, "building": null, "landuse": "grass", "leisure": null, "natural": null, "height": null, "levels": null, "min_levels": null}, "geometry": {"type": "Polygon", "coordinates": [[[23.3338489, 42.6755996], [23.3338894, 42.6755996], [23.3338947, 42.6756666], [23.3339009, 42.6756993], [23.3339193, 42.6757325], [23.3338802, 42.6760896], [23.3338741, 42.676098], [23.3338633, 42.6761008], [23.3337781, 42.6760958], [23.3337788, 42.6760788], [23.3338099, 42.6759348], [23.3338404, 42.6756532], [23.3338489, 42.6755996]]]}}, {"type": "Feature", "properties": {"osm_id": 1102110196, "kind": "green", "name": null, "building": null, "landuse": "grass", "leisure": null, "natural": null, "height": null, "levels": null, "min_levels": null}, "geometry": {"type": "Polygon", "coordinates": [[[23.3337769, 42.6761221], [23.3338909, 42.676129], [23.3339136, 42.6761548], [23.3339096, 42.6761595], [23.3338887, 42.6761847], [23.33385, 42.6761658], [23.3338099, 42.6761563], [23.3337879, 42.6761435], [23.3337769, 42.6761221]]]}}, {"type": "Feature", "properties": {"osm_id": 1102110197, "kind": "green", "name": null, "building": null, "landuse": "grass", "leisure": null, "natural": null, "height": null, "levels": null, "min_levels": null}, "geometry": {"type": "Polygon", "coordinates": [[[23.3343271, 42.6766156], [23.334145, 42.6766137], [23.3341426, 42.6765384], [23.33417, 42.6765292], [23.3343271, 42.6766156]]]}}, {"type": "Feature", "properties": {"osm_id": 1103632931, "kind": "building", "name": "Сграда Б", "building": "university", "landuse": null, "leisure": null, "natural": null, "height": null, "levels": null, "min_levels": null}, "geometry": {"type": "Polygon", "coordinates": [[[23.3296763, 42.6739124], [23.3298007, 42.6739509], [23.3296925, 42.67412], [23.3290591, 42.673901], [23.3290355, 42.6739378], [23.3290051, 42.6739276], [23.3289262, 42.6739001], [23.3288477, 42.6738728], [23.3288892, 42.6738085], [23.328804, 42.673779], [23.3290064, 42.6734627], [23.3292293, 42.6735398], [23.3291175, 42.6737146], [23.3291373, 42.6737213], [23.3294457, 42.6738286], [23.3296763, 42.6739124]]]}}, {"type": "Feature", "properties": {"osm_id": 1107483888, "kind": "green", "name": null, "building": null, "landuse": "grass", "leisure": null, "natural": null, "height": null, "levels": null, "min_levels": null}, "geometry": {"type": "Polygon", "coordinates": [[[23.3336106, 42.6764047], [23.3336454, 42.6764167], [23.3336309, 42.6764378], [23.3335932, 42.6764927], [23.3335234, 42.6765851], [23.3335115, 42.6765853], [23.3335023, 42.6765835], [23.333495, 42.6765784], [23.333489, 42.6765724], [23.3336106, 42.6764047]]]}}, {"type": "Feature", "properties": {"osm_id": 1111057864, "kind": "building", "name": null, "building": "construction", "landuse": null, "leisure": null, "natural": null, "height": null, "levels": null, "min_levels": null}, "geometry": {"type": "Polygon", "coordinates": [[[23.3351307, 42.6731364], [23.3352035, 42.6730528], [23.3354054, 42.6731571], [23.3353193, 42.6732362], [23.3351307, 42.6731364]]]}}, {"type": "Feature", "properties": {"osm_id": 1121478131, "kind": "building", "name": null, "building": "government", "landuse": null, "leisure": null, "natural": null, "height": null, "levels": "1", "min_levels": null}, "geometry": {"type": "Polygon", "coordinates": [[[23.3246926, 42.6734536], [23.3243787, 42.673363], [23.3243405, 42.6734344], [23.3246545, 42.673525], [23.3246926, 42.6734536]]]}}, {"type": "Feature", "properties": {"osm_id": 1121478132, "kind": "building", "name": null, "building": "government", "landuse": null, "leisure": null, "natural": null, "height": null, "levels": null, "min_levels": null}, "geometry": {"type": "Polygon", "coordinates": [[[23.3241732, 42.6736084], [23.3241671, 42.6733701], [23.3240281, 42.673372], [23.3240343, 42.6736103], [23.3241732, 42.6736084]]]}}, {"type": "Feature", "properties": {"osm_id": 1121478133, "kind": "building", "name": null, "building": "government", "landuse": null, "leisure": null, "natural": null, "height": null, "levels": null, "min_levels": null}, "geometry": {"type": "Polygon", "coordinates": [[[23.3241731, 42.6737852], [23.3246015, 42.6737916], [23.3246483, 42.6737924], [23.3246492, 42.6737598], [23.3249061, 42.6737637], [23.3249022, 42.67384], [23.3251422, 42.6738445], [23.3251327, 42.6741247], [23.3248926, 42.6741203], [23.3248949, 42.6740438], [23.3246167, 42.6740401], [23.3246189, 42.6739504], [23.3245971, 42.6739508], [23.3245941, 42.6740589], [23.3241657, 42.6740524], [23.3241731, 42.6737852]]]}}, {"type": "Feature", "properties": {"osm_id": 1126953627, "kind": "building", "name": "Институт GATE", "building": "yes", "landuse": null, "leisure": null, "natural": null, "height": null, "levels": null, "min_levels": null}, "geometry": {"type": "Polygon", "coordinates": [[[23.3303626, 42.6739539], [23.3304329, 42.6738474], [23.3304953, 42.6737529], [23.3307578, 42.6738467], [23.3306939, 42.6739434], [23.330625, 42.6740476], [23.3305906, 42.6740353], [23.3304798, 42.6739957], [23.3303626, 42.6739539]]]}}, {"type": "Feature", "properties": {"osm_id": 1126953628, "kind": "building", "name": "Clean&Circle", "building": "office", "landuse": null, "leisure": null, "natural": null, "height": null, "levels": "4", "min_levels": null}, "geometry": {"type": "Polygon", "coordinates": [[[23.3305131, 42.6735155], [23.3309118, 42.6736535], [23.3310057, 42.6735069], [23.3306602, 42.6733873], [23.330607, 42.6733689], [23.3305131, 42.6735155]]]}}, {"type": "Feature", "properties": {"osm_id": 1126953629, "kind": "building", "name": "Център за върхови постижения УНИТе", "building": "office", "landuse": null, "leisure": null, "natural": null, "height": null, "levels": null, "min_levels": null}, "geometry": {"type": "Polygon", "coordinates": [[[23.3310435, 42.6735965], [23.3311307, 42.6734716], [23.3311555, 42.6734347], [23.3315209, 42.6735639], [23.3315396, 42.6735706], [23.3316478, 42.6734096], [23.3318229, 42.6734725], [23.3316944, 42.6736461], [23.3315935, 42.6737944], [23.3313672, 42.6737111], [23.3310435, 42.6735965]]]}}, {"type": "Feature", "properties": {"osm_id": 1146015642, "kind": "green", "name": null, "building": null, "landuse": null, "leisure": null, "natural": "wood", "height": null, "levels": null, "min_levels": null}, "geometry": {"type": "Polygon", "coordinates": [[[23.3309883, 42.6746963], [23.3310417, 42.6746384], [23.3312262, 42.6744411], [23.3312962, 42.6744663], [23.331436, 42.674516], [23.3316958, 42.6746051], [23.3317172, 42.6746124], [23.3319159, 42.6747181], [23.3316656, 42.6751944], [23.3316037, 42.675284], [23.3315231, 42.6753918], [23.33025, 42.6749448], [23.3303241, 42.6748451], [23.3305414, 42.6748541], [23.3306805, 42.6748348], [23.3308534, 42.6747874], [23.3309883, 42.6746963]]]}}, {"type": "Feature", "properties": {"osm_id": 1146015643, "kind": "green", "name": null, "building": null, "landuse": null, "leisure": null, "natural": "wood", "height": null, "levels": null, "min_levels": null}, "geometry": {"type": "Polygon", "coordinates": [[[23.3298515, 42.6743314], [23.3298475, 42.6743692], [23.3298697, 42.6744504], [23.329909, 42.6745303], [23.3299727, 42.6746156], [23.3300512, 42.6746823], [23.3301825, 42.6747503], [23.3303218, 42.6745369], [23.3303016, 42.6744961], [23.3300876, 42.6744251], [23.3300971, 42.6744125], [23.3298515, 42.6743314]]]}}, {"type": "Feature", "properties": {"osm_id": 1146015645, "kind": "building", "name": null, "building": "construction", "landuse": null, "leisure": null, "natural": null, "height": null, "levels": null, "min_levels": null}, "geometry": {"type": "Polygon", "coordinates": [[[23.3324251, 42.6733415], [23.3322455, 42.6733419], [23.332247, 42.6734811], [23.3324229, 42.6734822], [23.3324251, 42.6733415]]]}}, {"type": "Feature", "properties": {"osm_id": 1146015646, "kind": "building", "name": null, "building": "apartments", "landuse": null, "leisure": null, "natural": null, "height": null, "levels": null, "min_levels": null}, "geometry": {"type": "Polygon", "coordinates": [[[23.3312628, 42.6713992], [23.331279, 42.6715329], [23.3312379, 42.6715356], [23.3311106, 42.6715439], [23.3310944, 42.6714103], [23.3312628, 42.6713992]]]}}, {"type": "Feature", "properties": {"osm_id": 1160269521, "kind": "building", "name": null, "building": "retail", "landuse": null, "leisure": null, "natural": null, "height": null, "levels": "1", "min_levels": null}, "geometry": {"type": "Polygon", "coordinates": [[[23.3337453, 42.67445], [23.3337982, 42.6744525], [23.3337908, 42.674536], [23.3337379, 42.6745335], [23.3337453, 42.67445]]]}}, {"type": "Feature", "properties": {"osm_id": 1178297059, "kind": "building", "name": null, "building": "retail", "landuse": null, "leisure": null, "natural": null, "height": null, "levels": "1", "min_levels": null}, "geometry": {"type": "Polygon", "coordinates": [[[23.3335112, 42.6742399], [23.3334341, 42.6742123], [23.3334433, 42.6741984], [23.3333691, 42.6741718], [23.3333303, 42.6742301], [23.3333456, 42.6742356], [23.3332639, 42.6743585], [23.3333166, 42.6743774], [23.3332386, 42.6744947], [23.3332417, 42.6745117], [23.3332967, 42.6745315], [23.3333096, 42.674512], [23.3333257, 42.6745178], [23.3334008, 42.6744049], [23.3333812, 42.6743978], [23.3334206, 42.6743386], [23.3334409, 42.6743459], [23.3335112, 42.6742399]]]}}, {"type": "Feature", "properties": {"osm_id": 1191790690, "kind": "green", "name": null, "building": null, "landuse": "grass", "leisure": null, "natural": null, "height": null, "levels": null, "min_levels": null}, "geometry": {"type": "Polygon", "coordinates": [[[23.331365, 42.6692465], [23.3315433, 42.6693035], [23.3317375, 42.6693713], [23.3319263, 42.6694404], [23.3320613, 42.6694983], [23.3322454, 42.6695799], [23.3324139, 42.6696656], [23.3325727, 42.6697517], [23.3327096, 42.6698312], [23.3328424, 42.669915], [23.332962, 42.669994], [23.333082, 42.6700788], [23.3331814, 42.6701538], [23.333298, 42.6702494], [23.3333953, 42.6703325], [23.333491, 42.6704138], [23.333576, 42.6704902], [23.3336551, 42.6705594], [23.3341216, 42.6709691], [23.3346477, 42.67143], [23.3349732, 42.671705], [23.335453, 42.6720913], [23.3357065, 42.6722932], [23.335715, 42.6722873], [23.3354618, 42.6720853], [23.3349833, 42.6716994], [23.3346559, 42.6714252], [23.3341298, 42.6709637], [23.3336632, 42.670555], [23.3335855, 42.6704862], [23.3334995, 42.6704098], [23.3334053, 42.670328], [23.3333076, 42.6702455], [23.3331921, 42.6701497], [23.3330918, 42.6700735], [23.3329719, 42.6699871], [23.3328546, 42.6699056], [23.332725, 42.6698209], [23.3325859, 42.6697385], [23.3324347, 42.6696538], [23.3322592, 42.6695629], [23.3320801, 42.6694802], [23.3319444, 42.6694205], [23.3317552, 42.6693494], [23.3315567, 42.669278], [23.3313641, 42.669215], [23.3313564, 42.6692158], [23.331355, 42.6692202], [23.331365, 42.6692465]]]}}, {"type": "Feature", "properties": {"osm_id": 1234010265, "kind": "green", "name": "Борова гора", "building": null, "landuse": null, "leisure": "park", "natural": null, "height": null, "levels": null, "min_levels": null}, "geometry": {"type": "Polygon", "coordinates": [[[23.3326249, 42.6804267], [23.3325246, 42.6804], [23.3326165, 42.6801989], [23.3334848, 42.67843], [23.3335505, 42.6782866], [23.3336272, 42.6781113], [23.3341, 42.6772038], [23.3341953, 42.6770138], [23.3341778, 42.6768642], [23.334145, 42.6766137], [23.3341426, 42.6765384], [23.33417, 42.6765292], [23.3342329, 42.6764915], [23.3342519, 42.6764801], [23.3343421, 42.6764863], [23.3345066, 42.6764975], [23.3347852, 42.6765197], [23.3349557, 42.6765166], [23.3358517, 42.6765645], [23.3360074, 42.6765666], [23.3357379, 42.6794933], [23.3357161, 42.679753], [23.3355843, 42.6811603], [23.3326249, 42.6804267]]]}}, {"type": "Feature", "properties": {"osm_id": 1242911661, "kind": "green", "name": null, "building": null, "landuse": "grass", "leisure": null, "natural": null, "height": null, "levels": null, "min_levels": null}, "geometry": {"type": "Polygon", "coordinates": [[[23.3338864, 42.6783825], [23.3338613, 42.6784435], [23.3338492, 42.6784672], [23.3337181, 42.6784415], [23.3337007, 42.678505], [23.3337158, 42.6785886], [23.3337378, 42.6786231], [23.3338556, 42.6785906], [23.3338856, 42.6785245], [23.3339564, 42.6783901], [23.3338864, 42.6783825]]]}}, {"type": "Feature", "properties": {"osm_id": 1242911662, "kind": "green", "name": null, "building": null, "landuse": "grass", "leisure": null, "natural": null, "height": null, "levels": null, "min_levels": null}, "geometry": {"type": "Polygon", "coordinates": [[[23.3343421, 42.6764863], [23.3342519, 42.6764801], [23.3342329, 42.6764915], [23.3343095, 42.6765295], [23.3343421, 42.6764863]]]}}, {"type": "Feature", "properties": {"osm_id": 1243106463, "kind": "building", "name": null, "building": "guardhouse", "landuse": null, "leisure": null, "natural": null, "height": null, "levels": "1", "min_levels": null}, "geometry": {"type": "Polygon", "coordinates": [[[23.3301698, 42.6749165], [23.3301898, 42.6748857], [23.3302259, 42.6748984], [23.3302175, 42.6749112], [23.3302379, 42.6749184], [23.3302262, 42.6749364], [23.3301698, 42.6749165]]]}}, {"type": "Feature", "properties": {"osm_id": 1243106474, "kind": "building", "name": null, "building": "garages", "landuse": null, "leisure": null, "natural": null, "height": null, "levels": "1", "min_levels": null}, "geometry": {"type": "Polygon", "coordinates": [[[23.3316827, 42.6741187], [23.3317648, 42.6740056], [23.3318288, 42.6740308], [23.3317467, 42.6741438], [23.3316827, 42.6741187]]]}}, {"type": "Feature", "properties": {"osm_id": 1243499422, "kind": "building", "name": null, "building": "apartments", "landuse": null, "leisure": null, "natural": null, "height": null, "levels": null, "min_levels": null}, "geometry": {"type": "Polygon", "coordinates": [[[23.3265513, 42.670233], [23.3263484, 42.6702443], [23.3263379, 42.6701428], [23.3265415, 42.670132], [23.3265513, 42.670233]]]}}, {"type": "Feature", "properties": {"osm_id": 1248159792, "kind": "building", "name": null, "building": "apartments", "landuse": null, "leisure": null, "natural": null, "height": null, "levels": null, "min_levels": null}, "geometry": {"type": "Polygon", "coordinates": [[[23.3237842, 42.6700575], [23.323789, 42.6701338], [23.3238923, 42.6701295], [23.3239955, 42.6701251], [23.3239888, 42.6700491], [23.3237842, 42.6700575]]]}}, {"type": "Feature", "properties": {"osm_id": 1248159793, "kind": "building", "name": null, "building": "apartments", "landuse": null, "leisure": null, "natural": null, "height": null, "levels": null, "min_levels": null}, "geometry": {"type": "Polygon", "coordinates": [[[23.3239093, 42.670311], [23.3239624, 42.6703087], [23.3239643, 42.6703315], [23.3240391, 42.670328], [23.3240472, 42.6704223], [23.3239835, 42.6704248], [23.3239177, 42.6704273], [23.3239093, 42.670311]]]}}, {"type": "Feature", "properties": {"osm_id": 1248159794, "kind": "building", "name": null, "building": "apartments", "landuse": null, "leisure": null, "natural": null, "height": null, "levels": null, "min_levels": null}, "geometry": {"type": "Polygon", "coordinates": [[[23.3240391, 42.670328], [23.3240885, 42.6703253], [23.3240862, 42.6703], [23.3241984, 42.6702945], [23.3242092, 42.6704151], [23.3241307, 42.6704186], [23.3240472, 42.6704223], [23.3240391, 42.670328]]]}}, {"type": "Feature", "properties": {"osm_id": 1248159795, "kind": "building", "name": null, "building": "apartments", "landuse": null, "leisure": null, "natural": null, "height": null, "levels": null, "min_levels": null}, "geometry": {"type": "Polygon", "coordinates": [[[23.3242092, 42.6704151], [23.3242989, 42.6704099], [23.3243859, 42.6704049], [23.3243741, 42.6702866], [23.3241984, 42.6702945], [23.3242092, 42.6704151]]]}}, {"type": "Feature", "properties": {"osm_id": 1248885537, "kind": "building", "name": null, "building": "apartments", "landuse": null, "leisure": null, "natural": null, "height": null, "levels": null, "min_levels": null}, "geometry": {"type": "Polygon", "coordinates": [[[23.3273464, 42.6713085], [23.3275012, 42.6712964], [23.3274884, 42.6712071], [23.3274763, 42.6711231], [23.3273222, 42.6711343], [23.3273464, 42.6713085]]]}}, {"type": "Feature", "properties": {"osm_id": 1248886398, "kind": "building", "name": null, "building": "garage", "landuse": null, "leisure": null, "natural": null, "height": null, "levels": null, "min_levels": null}, "geometry": {"type": "Polygon", "coordinates": [[[23.3273554, 42.6709463], [23.3273159, 42.6709485], [23.3273232, 42.6710176], [23.3273627, 42.6710153], [23.3273577, 42.6709667], [23.3273554, 42.6709463]]]}}, {"type": "Feature", "properties": {"osm_id": 1248888376, "kind": "building", "name": null, "building": "apartments", "landuse": null, "leisure": null, "natural": null, "height": null, "levels": null, "min_levels": null}, "geometry": {"type": "Polygon", "coordinates": [[[23.3314587, 42.6702584], [23.3316457, 42.6702479], [23.3316298, 42.6700992], [23.3314627, 42.6701086], [23.3314435, 42.6701097], [23.3314587, 42.6702584]]]}}, {"type": "Feature", "properties": {"osm_id": 1248888377, "kind": "building", "name": null, "building": "apartments", "landuse": null, "leisure": null, "natural": null, "height": null, "levels": null, "min_levels": null}, "geometry": {"type": "Polygon", "coordinates": [[[23.33089, 42.670297], [23.3310003, 42.6702887], [23.3311107, 42.6702804], [23.3310877, 42.6701154], [23.3308667, 42.6701323], [23.33089, 42.670297]]]}}, {"type": "Feature", "properties": {"osm_id": 1249117892, "kind": "building", "name": null, "building": "garage", "landuse": null, "leisure": null, "natural": null, "height": null, "levels": null, "min_levels": null}, "geometry": {"type": "Polygon", "coordinates": [[[23.3297929, 42.6721228], [23.3297575, 42.672126], [23.3297498, 42.6720796], [23.3297852, 42.6720764], [23.3297929, 42.6721228]]]}}, {"type": "Feature", "properties": {"osm_id": 1249119270, "kind": "building", "name": null, "building": "garage", "landuse": null, "leisure": null, "natural": null, "height": null, "levels": null, "min_levels": null}, "geometry": {"type": "Polygon", "coordinates": [[[23.3315782, 42.6719759], [23.3315716, 42.6719152], [23.3316145, 42.6719127], [23.3316211, 42.6719733], [23.3315782, 42.6719759]]]}}, {"type": "Feature", "properties": {"osm_id": 1249247045, "kind": "building", "name": null, "building": "apartments", "landuse": null, "leisure": null, "natural": null, "height": null, "levels": null, "min_levels": null}, "geometry": {"type": "Polygon", "coordinates": [[[23.3327851, 42.6707912], [23.3328086, 42.6708328], [23.332832, 42.6708744], [23.3330213, 42.6708168], [23.3329744, 42.6707336], [23.3327851, 42.6707912]]]}}, {"type": "Feature", "properties": {"osm_id": 1249249421, "kind": "building", "name": null, "building": "apartments", "landuse": null, "leisure": null, "natural": null, "height": null, "levels": null, "min_levels": null}, "geometry": {"type": "Polygon", "coordinates": [[[23.3322318, 42.6717681], [23.3322343, 42.6717856], [23.3322772, 42.6717823], [23.3322803, 42.6718036], [23.3323219, 42.6718004], [23.3323164, 42.6717619], [23.332357, 42.6717587], [23.3323412, 42.6716483], [23.3322161, 42.671658], [23.3322318, 42.6717681]]]}}, {"type": "Feature", "properties": {"osm_id": 1249250929, "kind": "building", "name": null, "building": "apartments", "landuse": null, "leisure": null, "natural": null, "height": null, "levels": null, "min_levels": null}, "geometry": {"type": "Polygon", "coordinates": [[[23.3289458, 42.6716524], [23.3289415, 42.6716237], [23.3289326, 42.6715644], [23.3290737, 42.6715497], [23.3290908, 42.6716385], [23.3289458, 42.6716524]]]}}, {"type": "Feature", "properties": {"osm_id": 1249432560, "kind": "building", "name": null, "building": "garage", "landuse": null, "leisure": null, "natural": null, "height": null, "levels": null, "min_levels": null}, "geometry": {"type": "Polygon", "coordinates": [[[23.3253828, 42.6710589], [23.3253539, 42.671061], [23.3253605, 42.6711084], [23.3253893, 42.6711063], [23.3253842, 42.6710693], [23.3253828, 42.6710589]]]}}, {"type": "Feature", "properties": {"osm_id": 1249434416, "kind": "building", "name": null, "building": "apartments", "landuse": null, "leisure": null, "natural": null, "height": null, "levels": null, "min_levels": null}, "geometry": {"type": "Polygon", "coordinates": [[[23.3246909, 42.6711064], [23.3246653, 42.6711078], [23.3245768, 42.6711125], [23.3245644, 42.6709753], [23.3246776, 42.6709696], [23.3246909, 42.6711064]]]}}, {"type": "Feature", "properties": {"osm_id": 1249434417, "kind": "building", "name": null, "building": "apartments", "landuse": null, "leisure": null, "natural": null, "height": null, "levels": null, "min_levels": null}, "geometry": {"type": "Polygon", "coordinates": [[[23.3244219, 42.6711196], [23.3243943, 42.6711217], [23.3243163, 42.6711277], [23.3242959, 42.670979], [23.3244022, 42.6709718], [23.3244219, 42.6711196]]]}}, {"type": "Feature", "properties": {"osm_id": 1249434418, "kind": "building", "name": null, "building": "apartments", "landuse": null, "leisure": null, "natural": null, "height": null, "levels": null, "min_levels": null}, "geometry": {"type": "Polygon", "coordinates": [[[23.3253109, 42.6715361], [23.3252038, 42.6715401], [23.3251934, 42.6714073], [23.3253, 42.671402], [23.3253109, 42.6715361]]]}}, {"type": "Feature", "properties": {"osm_id": 1249434419, "kind": "building", "name": null, "building": "apartments", "landuse": null, "leisure": null, "natural": null, "height": null, "levels": null, "min_levels": null}, "geometry": {"type": "Polygon", "coordinates": [[[23.3250598, 42.6715533], [23.3249857, 42.6715579], [23.3249484, 42.6715601], [23.3249342, 42.6714364], [23.3250455, 42.6714294], [23.3250598, 42.6715533]]]}}, {"type": "Feature", "properties": {"osm_id": 1249884010, "kind": "building", "name": null, "building": "apartments", "landuse": null, "leisure": null, "natural": null, "height": null, "levels": null, "min_levels": null}, "geometry": {"type": "Polygon", "coordinates": [[[23.3239165, 42.6708812], [23.3239187, 42.6708998], [23.3239275, 42.6709716], [23.3240862, 42.6709613], [23.324074, 42.67087], [23.3239165, 42.6708812]]]}}, {"type": "Feature", "properties": {"osm_id": 1250386623, "kind": "building", "name": null, "building": "apartments", "landuse": null, "leisure": null, "natural": null, "height": null, "levels": null, "min_levels": null}, "geometry": {"type": "Polygon", "coordinates": [[[23.327549, 42.6726541], [23.327765, 42.6726492], [23.3277731, 42.6728424], [23.3275571, 42.6728473], [23.327549, 42.6726541]]]}}, {"type": "Feature", "properties": {"osm_id": 1253400140, "kind": "building", "name": null, "building": "service", "landuse": null, "leisure": null, "natural": null, "height": null, "levels": "1", "min_levels": null}, "geometry": {"type": "Polygon", "coordinates": [[[23.3303917, 42.6725936], [23.3303868, 42.6725647], [23.3303083, 42.6725718], [23.3303131, 42.6726007], [23.3303917, 42.6725936]]]}}, {"type": "Feature", "properties": {"osm_id": 1253400143, "kind": "building", "name": null, "building": "service", "landuse": null, "leisure": null, "natural": null, "height": null, "levels": null, "min_levels": null}, "geometry": {"type": "Polygon", "coordinates": [[[23.3303046, 42.6725444], [23.3303041, 42.6725402], [23.3299692, 42.6725633], [23.3299698, 42.6725676], [23.3303046, 42.6725444]]]}}, {"type": "Feature", "properties": {"osm_id": 1253400176, "kind": "building", "name": null, "building": "construction", "landuse": null, "leisure": null, "natural": null, "height": null, "levels": null, "min_levels": null}, "geometry": {"type": "Polygon", "coordinates": [[[23.328794, 42.672794], [23.3287898, 42.6726289], [23.3283092, 42.6726356], [23.3283135, 42.6728007], [23.328794, 42.672794]]]}}, {"type": "Feature", "properties": {"osm_id": 1253558560, "kind": "building", "name": "GplayTV", "building": "office", "landuse": null, "leisure": null, "natural": null, "height": null, "levels": null, "min_levels": null}, "geometry": {"type": "Polygon", "coordinates": [[[23.330579, 42.6728233], [23.3305895, 42.6729112], [23.3307043, 42.6729037], [23.3307231, 42.672814], [23.3306136, 42.6728211], [23.330579, 42.6728233]]]}}, {"type": "Feature", "properties": {"osm_id": 1256327665, "kind": "building", "name": "Сграда А", "building": "university", "landuse": null, "leisure": null, "natural": null, "height": null, "levels": null, "min_levels": null}, "geometry": {"type": "Polygon", "coordinates": [[[23.3294457, 42.6738286], [23.3294959, 42.673754], [23.3295081, 42.6737358], [23.3294619, 42.673719], [23.3295338, 42.6736125], [23.3295696, 42.6736256], [23.3297596, 42.6733443], [23.3297277, 42.6733326], [23.3297627, 42.6732807], [23.3297934, 42.6732353], [23.3298201, 42.6732451], [23.3298907, 42.6731406], [23.3300101, 42.673184], [23.3300346, 42.6731479], [23.3301777, 42.6732005], [23.3300794, 42.673345], [23.3301122, 42.6733569], [23.3300574, 42.6734385], [23.3300199, 42.673425], [23.3299549, 42.673523], [23.3299912, 42.6735363], [23.3299161, 42.6736468], [23.3298844, 42.6736352], [23.3298235, 42.673726], [23.3298611, 42.6737397], [23.3297939, 42.6738397], [23.3297387, 42.6738197], [23.3297086, 42.6738644], [23.3296763, 42.6739124], [23.3294457, 42.6738286]]]}}, {"type": "Feature", "properties": {"osm_id": 1256330246, "kind": "green", "name": null, "building": null, "landuse": "grass", "leisure": null, "natural": null, "height": null, "levels": null, "min_levels": null}, "geometry": {"type": "Polygon", "coordinates": [[[23.33095, 42.67462], [23.3307572, 42.6745473], [23.3307333, 42.6745816], [23.330901, 42.6746447], [23.33095, 42.67462]]]}}, {"type": "Feature", "properties": {"osm_id": 1256330247, "kind": "green", "name": null, "building": null, "landuse": null, "leisure": null, "natural": "wood", "height": null, "levels": null, "min_levels": null}, "geometry": {"type": "Polygon", "coordinates": [[[23.3302523, 42.6747516], [23.3303847, 42.6747835], [23.3304908, 42.6748], [23.3305924, 42.6747937], [23.3307071, 42.6747714], [23.3308268, 42.6747286], [23.3309065, 42.6746797], [23.3307827, 42.674639], [23.3307706, 42.6746543], [23.330457, 42.6745527], [23.3303858, 42.6745657], [23.3302523, 42.6747516]]]}}, {"type": "Feature", "properties": {"osm_id": 1256330249, "kind": "green", "name": null, "building": null, "landuse": "grass", "leisure": null, "natural": null, "height": null, "levels": null, "min_levels": null}, "geometry": {"type": "Polygon", "coordinates": [[[23.329778, 42.6743469], [23.3297991, 42.6744282], [23.3298345, 42.674516], [23.3297929, 42.6745276], [23.3295987, 42.6744575], [23.3296766, 42.674336], [23.329778, 42.6743469]]]}}, {"type": "Feature", "properties": {"osm_id": 1256330250, "kind": "building", "name": null, "building": "retail", "landuse": null, "leisure": null, "natural": null, "height": null, "levels": null, "min_levels": null}, "geometry": {"type": "Polygon", "coordinates": [[[23.3324794, 42.6735571], [23.3326589, 42.6735526], [23.332665, 42.6736848], [23.3324831, 42.673638], [23.3324794, 42.6735571]]]}}, {"type": "Feature", "properties": {"osm_id": 1263315945, "kind": "building", "name": null, "building": "retail", "landuse": null, "leisure": null, "natural": null, "height": null, "levels": null, "min_levels": null}, "geometry": {"type": "Polygon", "coordinates": [[[23.3329667, 42.6735255], [23.3328826, 42.6736536], [23.3329374, 42.6736731], [23.3328856, 42.673752], [23.3332052, 42.6738654], [23.3331892, 42.6738887], [23.3331774, 42.6739058], [23.3333727, 42.6739795], [23.3333769, 42.6739811], [23.3334616, 42.6739746], [23.3334719, 42.67396], [23.3336078, 42.6737531], [23.3330233, 42.6735456], [23.3329667, 42.6735255]]]}}, {"type": "Feature", "properties": {"osm_id": 1264191600, "kind": "building", "name": null, "building": "apartments", "landuse": null, "leisure": null, "natural": null, "height": null, "levels": null, "min_levels": null}, "geometry": {"type": "Polygon", "coordinates": [[[23.332022, 42.6763073], [23.3320738, 42.6762897], [23.3321519, 42.6762632], [23.3321677, 42.6762578], [23.332116, 42.676176], [23.3319707, 42.6762256], [23.332022, 42.6763073]]]}}, {"type": "Feature", "properties": {"osm_id": 1264309544, "kind": "building", "name": null, "building": "apartments", "landuse": null, "leisure": null, "natural": null, "height": null, "levels": null, "min_levels": null}, "geometry": {"type": "Polygon", "coordinates": [[[23.3335233, 42.6769746], [23.3335095, 42.6769715], [23.3333831, 42.6771809], [23.3335206, 42.6772351], [23.3335908, 42.6771258], [23.3339211, 42.6771873], [23.333966, 42.6770569], [23.3335233, 42.6769746]]]}}, {"type": "Feature", "properties": {"osm_id": 1270812749, "kind": "green", "name": null, "building": null, "landuse": "grass", "leisure": null, "natural": null, "height": null, "levels": null, "min_levels": null}, "geometry": {"type": "Polygon", "coordinates": [[[23.3312419, 42.6746064], [23.3312536, 42.6745897], [23.3311309, 42.6745433], [23.3311191, 42.67456], [23.3312419, 42.6746064]]]}}, {"type": "Feature", "properties": {"osm_id": 1271266212, "kind": "building", "name": null, "building": "service", "landuse": null, "leisure": null, "natural": null, "height": null, "levels": null, "min_levels": null}, "geometry": {"type": "Polygon", "coordinates": [[[23.326341, 42.6727159], [23.3264271, 42.6727143], [23.326425, 42.6726544], [23.3263389, 42.6726559], [23.326341, 42.6727159]]]}}, {"type": "Feature", "properties": {"osm_id": 1273929837, "kind": "building", "name": null, "building": "apartments", "landuse": null, "leisure": null, "natural": null, "height": null, "levels": "9", "min_levels": null}, "geometry": {"type": "Polygon", "coordinates": [[[23.3325248, 42.6712362], [23.3326199, 42.6712298], [23.3326326, 42.6713357], [23.33264, 42.6714087], [23.3327218, 42.6714053], [23.3327406, 42.6713996], [23.3327599, 42.67139], [23.3327716, 42.6713798], [23.3327801, 42.6713666], [23.3327338, 42.6712423], [23.3326973, 42.6711443], [23.3326853, 42.6711242], [23.3326707, 42.6711091], [23.3326467, 42.6711017], [23.3326228, 42.6711012], [23.3325008, 42.6711118], [23.3325173, 42.6712089], [23.3325248, 42.6712362]]]}}, {"type": "Feature", "properties": {"osm_id": 1278252211, "kind": "building", "name": null, "building": "apartments", "landuse": null, "leisure": null, "natural": null, "height": null, "levels": null, "min_levels": null}, "geometry": {"type": "Polygon", "coordinates": [[[23.3331309, 42.6771356], [23.3328976, 42.6770446], [23.3329949, 42.6769148], [23.3330827, 42.6768815], [23.3331381, 42.6769444], [23.3332451, 42.6769908], [23.3331795, 42.6770715], [23.3331395, 42.6771207], [23.3331309, 42.6771356]]]}}, {"type": "Feature", "properties": {"osm_id": 1281367258, "kind": "building", "name": null, "building": "apartments", "landuse": null, "leisure": null, "natural": null, "height": null, "levels": null, "min_levels": null}, "geometry": {"type": "Polygon", "coordinates": [[[23.3270446, 42.673374], [23.3270949, 42.6732325], [23.327296, 42.6732678], [23.3272457, 42.6734093], [23.3270446, 42.673374]]]}}, {"type": "Feature", "properties": {"osm_id": 1303271227, "kind": "building", "name": null, "building": "guardhouse", "landuse": null, "leisure": null, "natural": null, "height": null, "levels": "1", "min_levels": null}, "geometry": {"type": "Polygon", "coordinates": [[[23.3300999, 42.6748762], [23.3300359, 42.6748531], [23.3300497, 42.6748324], [23.3300824, 42.6748442], [23.3301137, 42.6748555], [23.3300999, 42.6748762]]]}}, {"type": "Feature", "properties": {"osm_id": 1303271231, "kind": "building", "name": null, "building": "yes", "landuse": null, "leisure": null, "natural": null, "height": null, "levels": "1", "min_levels": null}, "geometry": {"type": "Polygon", "coordinates": [[[23.3287608, 42.6737591], [23.3286662, 42.6737295], [23.328711, 42.6736521], [23.3288453, 42.6734199], [23.3289398, 42.6734495], [23.3287608, 42.6737591]]]}}, {"type": "Feature", "properties": {"osm_id": 1332078471, "kind": "building", "name": null, "building": "apartments", "landuse": null, "leisure": null, "natural": null, "height": null, "levels": null, "min_levels": null}, "geometry": {"type": "Polygon", "coordinates": [[[23.3285289, 42.6750373], [23.3284585, 42.6751477], [23.3285571, 42.6751816], [23.3286274, 42.6750713], [23.3285289, 42.6750373]]]}}, {"type": "Feature", "properties": {"osm_id": 1332078472, "kind": "building", "name": null, "building": "apartments", "landuse": null, "leisure": null, "natural": null, "height": null, "levels": null, "min_levels": null}, "geometry": {"type": "Polygon", "coordinates": [[[23.3284315, 42.675239], [23.3283611, 42.6753493], [23.3284596, 42.6753833], [23.32853, 42.6752729], [23.3284315, 42.675239]]]}}, {"type": "Feature", "properties": {"osm_id": 1332078473, "kind": "building", "name": null, "building": "construction", "landuse": null, "leisure": null, "natural": null, "height": null, "levels": null, "min_levels": null}, "geometry": {"type": "Polygon", "coordinates": [[[23.3315543, 42.6759421], [23.3316372, 42.6758052], [23.3318046, 42.67586], [23.3317216, 42.6759969], [23.3315543, 42.6759421]]]}}, {"type": "Feature", "properties": {"osm_id": 1332078474, "kind": "building", "name": null, "building": "carport", "landuse": null, "leisure": null, "natural": null, "height": null, "levels": null, "min_levels": null}, "geometry": {"type": "Polygon", "coordinates": [[[23.3327693, 42.676189], [23.3328386, 42.6761674], [23.3329015, 42.6762765], [23.3328322, 42.6762981], [23.3327693, 42.676189]]]}}, {"type": "Feature", "properties": {"osm_id": 1341288461, "kind": "green", "name": null, "building": null, "landuse": "grass", "leisure": null, "natural": null, "height": null, "levels": null, "min_levels": null}, "geometry": {"type": "Polygon", "coordinates": [[[23.3260527, 42.6734862], [23.3260714, 42.6734485], [23.3259419, 42.6734139], [23.3259233, 42.6734516], [23.3260527, 42.6734862]]]}}, {"type": "Feature", "properties": {"osm_id": 1341880664, "kind": "green", "name": null, "building": null, "landuse": "grass", "leisure": null, "natural": null, "height": null, "levels": null, "min_levels": null}, "geometry": {"type": "Polygon", "coordinates": [[[23.3301042, 42.674343], [23.3301217, 42.6743172], [23.3299711, 42.6742619], [23.3299536, 42.6742876], [23.3301042, 42.674343]]]}}, {"type": "Feature", "properties": {"osm_id": 1343885271, "kind": "building", "name": null, "building": "apartments", "landuse": null, "leisure": null, "natural": null, "height": null, "levels": "5", "min_levels": null}, "geometry": {"type": "Polygon", "coordinates": [[[23.3262055, 42.6783881], [23.3261965, 42.6782446], [23.3263823, 42.6782384], [23.3263912, 42.6783818], [23.3262055, 42.6783881]]]}}, {"type": "Feature", "properties": {"osm_id": 1343886856, "kind": "building", "name": null, "building": "apartments", "landuse": null, "leisure": null, "natural": null, "height": null, "levels": "6", "min_levels": null}, "geometry": {"type": "Polygon", "coordinates": [[[23.3266365, 42.6783446], [23.3266251, 42.6782488], [23.3266117, 42.6782496], [23.3265094, 42.678256], [23.3265204, 42.6783518], [23.3266365, 42.6783446]]]}}, {"type": "Feature", "properties": {"osm_id": 1346220611, "kind": "building", "name": null, "building": "office", "landuse": null, "leisure": null, "natural": null, "height": null, "levels": null, "min_levels": null}, "geometry": {"type": "Polygon", "coordinates": [[[23.3228806, 42.6723041], [23.3227398, 42.6722636], [23.3227059, 42.6723272], [23.3226928, 42.6723519], [23.322595, 42.6725355], [23.3235544, 42.6728117], [23.3237031, 42.6725325], [23.3231421, 42.672371], [23.3231719, 42.6723151], [23.3229143, 42.6722409], [23.3228806, 42.6723041]]]}}, {"type": "Feature", "properties": {"osm_id": 1364603662, "kind": "building", "name": null, "building": "yes", "landuse": null, "leisure": null, "natural": null, "height": null, "levels": null, "min_levels": null}, "geometry": {"type": "Polygon", "coordinates": [[[23.3325412, 42.6754999], [23.3325146, 42.675557], [23.3326457, 42.67559], [23.3326723, 42.6755329], [23.3325412, 42.6754999]]]}}, {"type": "Feature", "properties": {"osm_id": 1364603663, "kind": "building", "name": null, "building": "yes", "landuse": null, "leisure": null, "natural": null, "height": null, "levels": null, "min_levels": null}, "geometry": {"type": "Polygon", "coordinates": [[[23.3324567, 42.6755148], [23.3324338, 42.6755565], [23.3324961, 42.675575], [23.332519, 42.6755333], [23.3324567, 42.6755148]]]}}, {"type": "Feature", "properties": {"osm_id": 1364603664, "kind": "building", "name": null, "building": "yes", "landuse": null, "leisure": null, "natural": null, "height": null, "levels": null, "min_levels": null}, "geometry": {"type": "Polygon", "coordinates": [[[23.332339, 42.6755256], [23.332422, 42.6755532], [23.3323983, 42.6755917], [23.3323355, 42.6755708], [23.3323154, 42.6755641], [23.332339, 42.6755256]]]}}, {"type": "Feature", "properties": {"osm_id": 1364603665, "kind": "building", "name": null, "building": "yes", "landuse": null, "leisure": null, "natural": null, "height": null, "levels": null, "min_levels": null}, "geometry": {"type": "Polygon", "coordinates": [[[23.3318406, 42.6753432], [23.3318289, 42.6753646], [23.3318172, 42.675386], [23.3319315, 42.6754198], [23.3319549, 42.6753769], [23.3318406, 42.6753432]]]}}, {"type": "Feature", "properties": {"osm_id": 1367329155, "kind": "green", "name": null, "building": null, "landuse": "grass", "leisure": null, "natural": null, "height": null, "levels": null, "min_levels": null}, "geometry": {"type": "Polygon", "coordinates": [[[23.3308594, 42.6738943], [23.3308167, 42.6739595], [23.3308626, 42.6739758], [23.3309054, 42.6739106], [23.3308594, 42.6738943]]]}}, {"type": "Feature", "properties": {"osm_id": 1367329156, "kind": "green", "name": null, "building": null, "landuse": "grass", "leisure": null, "natural": null, "height": null, "levels": null, "min_levels": null}, "geometry": {"type": "Polygon", "coordinates": [[[23.3307798, 42.6740105], [23.3307386, 42.6740762], [23.330785, 42.6740919], [23.3308261, 42.6740262], [23.3307798, 42.6740105]]]}}, {"type": "Feature", "properties": {"osm_id": 1368456297, "kind": "green", "name": null, "building": null, "landuse": "grass", "leisure": null, "natural": null, "height": null, "levels": null, "min_levels": null}, "geometry": {"type": "Polygon", "coordinates": [[[23.3310124, 42.6736358], [23.3310868, 42.6736638], [23.3310484, 42.6737203], [23.3310341, 42.6737151], [23.3309731, 42.6736934], [23.3310124, 42.6736358]]]}}, {"type": "Feature", "properties": {"osm_id": 1368456298, "kind": "green", "name": null, "building": null, "landuse": "grass", "leisure": null, "natural": null, "height": null, "levels": null, "min_levels": null}, "geometry": {"type": "Polygon", "coordinates": [[[23.3311064, 42.6736712], [23.3311805, 42.6736992], [23.3311438, 42.6737542], [23.3310688, 42.6737275], [23.3311064, 42.6736712]]]}}, {"type": "Feature", "properties": {"osm_id": 1368456299, "kind": "green", "name": null, "building": null, "landuse": "grass", "leisure": null, "natural": null, "height": null, "levels": null, "min_levels": null}, "geometry": {"type": "Polygon", "coordinates": [[[23.3312127, 42.6737113], [23.3312833, 42.6737379], [23.3312482, 42.6737914], [23.3311768, 42.673766], [23.3312127, 42.6737113]]]}}, {"type": "Feature", "properties": {"osm_id": 1368456300, "kind": "green", "name": null, "building": null, "landuse": "grass", "leisure": null, "natural": null, "height": null, "levels": null, "min_levels": null}, "geometry": {"type": "Polygon", "coordinates": [[[23.3313199, 42.6737517], [23.3313905, 42.6737784], [23.331356, 42.6738298], [23.3312846, 42.6738043], [23.3313199, 42.6737517]]]}}, {"type": "Feature", "properties": {"osm_id": 1368456301, "kind": "green", "name": null, "building": null, "landuse": "grass", "leisure": null, "natural": null, "height": null, "levels": null, "min_levels": null}, "geometry": {"type": "Polygon", "coordinates": [[[23.3314208, 42.6737898], [23.3314914, 42.6738164], [23.3314582, 42.6738661], [23.3313868, 42.6738407], [23.3314208, 42.6737898]]]}}, {"type": "Feature", "properties": {"osm_id": 1368456306, "kind": "green", "name": null, "building": null, "landuse": "grass", "leisure": null, "natural": null, "height": null, "levels": null, "min_levels": null}, "geometry": {"type": "Polygon", "coordinates": [[[23.331524, 42.6738287], [23.3315946, 42.6738553], [23.3315622, 42.6739031], [23.3314907, 42.6738777], [23.331524, 42.6738287]]]}}, {"type": "Feature", "properties": {"osm_id": 1378128630, "kind": "building", "name": null, "building": "yes", "landuse": null, "leisure": null, "natural": null, "height": null, "levels": null, "min_levels": null}, "geometry": {"type": "Polygon", "coordinates": [[[23.3314458, 42.6789132], [23.3314232, 42.6789808], [23.3313687, 42.678971], [23.3313439, 42.6790451], [23.3314547, 42.6790651], [23.3315021, 42.6789234], [23.3314458, 42.6789132]]]}}, {"type": "Feature", "properties": {"osm_id": 1378129136, "kind": "building", "name": null, "building": "service", "landuse": null, "leisure": null, "natural": null, "height": null, "levels": "1", "min_levels": null}, "geometry": {"type": "Polygon", "coordinates": [[[23.3322728, 42.6780318], [23.3322157, 42.6780116], [23.3322501, 42.6779588], [23.3323072, 42.677979], [23.3322728, 42.6780318]]]}}, {"type": "Feature", "properties": {"osm_id": 1383484456, "kind": "building", "name": null, "building": "construction", "landuse": null, "leisure": null, "natural": null, "height": null, "levels": null, "min_levels": null}, "geometry": {"type": "Polygon", "coordinates": [[[23.3296228, 42.6696176], [23.3296066, 42.6694812], [23.3292376, 42.6695064], [23.3292518, 42.6696372], [23.3296228, 42.6696176]]]}}, {"type": "Feature", "properties": {"osm_id": 1387867561, "kind": "building", "name": null, "building": "yes", "landuse": null, "leisure": null, "natural": null, "height": null, "levels": null, "min_levels": null}, "geometry": {"type": "Polygon", "coordinates": [[[23.3325173, 42.6712089], [23.3324852, 42.6712119], [23.332439, 42.6711941], [23.3324125, 42.6710367], [23.3326253, 42.6710173], [23.3326359, 42.67108], [23.3324976, 42.6710927], [23.3325008, 42.6711118], [23.3325173, 42.6712089]]]}}, {"type": "Feature", "properties": {"osm_id": 1420325732, "kind": "building", "name": null, "building": "apartments", "landuse": null, "leisure": null, "natural": null, "height": null, "levels": null, "min_levels": null}, "geometry": {"type": "Polygon", "coordinates": [[[23.3266235, 42.6792899], [23.3267724, 42.6792851], [23.3267651, 42.6791531], [23.3266147, 42.679158], [23.3266235, 42.6792899]]]}}, {"type": "Feature", "properties": {"osm_id": 1420325733, "kind": "building", "name": null, "building": "apartments", "landuse": null, "leisure": null, "natural": null, "height": null, "levels": null, "min_levels": null}, "geometry": {"type": "Polygon", "coordinates": [[[23.3267724, 42.6792851], [23.3269218, 42.6792806], [23.3269145, 42.6791486], [23.3267651, 42.6791531], [23.3267724, 42.6792851]]]}}, {"type": "Feature", "properties": {"osm_id": 1421500510, "kind": "building", "name": null, "building": "kindergarten", "landuse": null, "leisure": null, "natural": null, "height": null, "levels": null, "min_levels": null}, "geometry": {"type": "Polygon", "coordinates": [[[23.3287147, 42.6762728], [23.3285214, 42.6761929], [23.3286729, 42.6759949], [23.3288661, 42.6760747], [23.3287147, 42.6762728]]]}}, {"type": "Feature", "properties": {"osm_id": 1422276514, "kind": "building", "name": null, "building": "garages", "landuse": null, "leisure": null, "natural": null, "height": null, "levels": null, "min_levels": null}, "geometry": {"type": "Polygon", "coordinates": [[[23.3282114, 42.6770465], [23.328212, 42.677122], [23.3277805, 42.6771275], [23.3277751, 42.6769478], [23.3279539, 42.676943], [23.3279534, 42.6769338], [23.3280623, 42.6769309], [23.3281708, 42.6769328], [23.328188, 42.6769332], [23.3282071, 42.6769328], [23.3282114, 42.6770465]]]}}, {"type": "Feature", "properties": {"osm_id": 1427248768, "kind": "building", "name": null, "building": "apartments", "landuse": null, "leisure": null, "natural": null, "height": null, "levels": null, "min_levels": null}, "geometry": {"type": "Polygon", "coordinates": [[[23.3339207, 42.6730801], [23.3339164, 42.6730674], [23.3338838, 42.6729704], [23.3337052, 42.6730028], [23.3337371, 42.6730996], [23.3337407, 42.6731108], [23.3339207, 42.6730801]]]}}, {"type": "Feature", "properties": {"osm_id": 1459492608, "kind": "green", "name": null, "building": null, "landuse": "grass", "leisure": null, "natural": null, "height": null, "levels": null, "min_levels": null}, "geometry": {"type": "Polygon", "coordinates": [[[23.33378, 42.6761865], [23.3338313, 42.6762144], [23.3338069, 42.676217], [23.3337899, 42.6762169], [23.3337804, 42.6762151], [23.33378, 42.6761865]]]}}, {"type": "Feature", "properties": {"osm_id": 1459492609, "kind": "green", "name": null, "building": null, "landuse": "grass", "leisure": null, "natural": null, "height": null, "levels": null, "min_levels": null}, "geometry": {"type": "Polygon", "coordinates": [[[23.333633, 42.6763801], [23.333644, 42.6763723], [23.3336486, 42.6763706], [23.3336549, 42.6763703], [23.3336593, 42.6763714], [23.3336607, 42.676375], [23.3336611, 42.6763794], [23.3336586, 42.6763905], [23.333633, 42.6763801]]]}}, {"type": "Feature", "properties": {"osm_id": 1471883667, "kind": "building", "name": null, "building": "construction", "landuse": null, "leisure": null, "natural": null, "height": null, "levels": null, "min_levels": null}, "geometry": {"type": "Polygon", "coordinates": [[[23.3337052, 42.6730028], [23.3336673, 42.6729063], [23.3339026, 42.6728619], [23.3339395, 42.6729602], [23.3338838, 42.6729704], [23.3337052, 42.6730028]]]}}, {"type": "Feature", "properties": {"osm_id": 1489886691, "kind": "building", "name": null, "building": "apartments", "landuse": null, "leisure": null, "natural": null, "height": null, "levels": null, "min_levels": null}, "geometry": {"type": "Polygon", "coordinates": [[[23.3329153, 42.6791055], [23.3329324, 42.6791103], [23.3329738, 42.679031], [23.3330058, 42.6789696], [23.3328397, 42.6789228], [23.3327664, 42.6790631], [23.3327552, 42.6790599], [23.3326865, 42.6791906], [23.3328465, 42.6792361], [23.3328813, 42.6791701], [23.3329153, 42.6791055]]]}}, {"type": "Feature", "properties": {"osm_id": 1493505378, "kind": "green", "name": null, "building": null, "landuse": null, "leisure": null, "natural": "wood", "height": null, "levels": null, "min_levels": null}, "geometry": {"type": "Polygon", "coordinates": [[[23.3330009, 42.6759207], [23.3330253, 42.6758455], [23.3331598, 42.6757037], [23.3332069, 42.6755231], [23.3334295, 42.6750755], [23.3334622, 42.6750099], [23.3335425, 42.6748876], [23.3337372, 42.6750498], [23.3336926, 42.6753598], [23.3333823, 42.6753414], [23.3331302, 42.6757779], [23.3330598, 42.6759397], [23.3330009, 42.6759207]]]}}, {"type": "Feature", "properties": {"osm_id": 1493505379, "kind": "green", "name": null, "building": null, "landuse": null, "leisure": "park", "natural": null, "height": null, "levels": null, "min_levels": null}, "geometry": {"type": "Polygon", "coordinates": [[[23.3298515, 42.6743314], [23.3299134, 42.674225], [23.3300138, 42.6742577], [23.3301524, 42.6743081], [23.3303175, 42.6743681], [23.3303013, 42.6743931], [23.3303208, 42.6744001], [23.3304348, 42.674441], [23.330546, 42.6744809], [23.3305654, 42.6744878], [23.3305796, 42.6744664], [23.3307284, 42.6745195], [23.3307485, 42.6745267], [23.3308962, 42.6745795], [23.3310417, 42.6746384], [23.3312262, 42.6744411], [23.3312962, 42.6744663], [23.331436, 42.674516], [23.3316958, 42.6746051], [23.3317573, 42.6745137], [23.3318123, 42.6744058], [23.3319215, 42.6744449], [23.3319366, 42.6744223], [23.3323829, 42.6745854], [23.3323755, 42.6746026], [23.3324829, 42.6746414], [23.3325903, 42.6746802], [23.3326004, 42.6746652], [23.3330893, 42.6748351], [23.3330732, 42.6748565], [23.3332949, 42.6749294], [23.3334295, 42.6747426], [23.3335421, 42.6745965], [23.3336866, 42.6743807], [23.3337518, 42.6743589], [23.3337453, 42.67445], [23.3337379, 42.6745335], [23.3337908, 42.674536], [23.3337372, 42.6750498], [23.3334622, 42.6750099], [23.3334295, 42.6750755], [23.3332069, 42.6755231], [23.332882, 42.6755119], [23.332836, 42.6756843], [23.3326543, 42.6756552], [23.3327068, 42.6755085], [23.332336, 42.6754533], [23.3322652, 42.6755539], [23.3319792, 42.6754432], [23.3320435, 42.6753153], [23.3316799, 42.6751661], [23.3316656, 42.6751944], [23.3316037, 42.675284], [23.3315231, 42.6753918], [23.33025, 42.6749448], [23.3302262, 42.6749364], [23.3301698, 42.6749165], [23.330158, 42.6749122], [23.3301303, 42.6749021], [23.3301069, 42.6748935], [23.3301615, 42.6748056], [23.3301825, 42.6747503], [23.3300512, 42.6746823], [23.3299727, 42.6746156], [23.329909, 42.6745303], [23.3298697, 42.6744504], [23.3298475, 42.6743692], [23.3298515, 42.6743314]]]}}, {"type": "Feature", "properties": {"osm_id": 1493507313, "kind": "building", "name": null, "building": "yes", "landuse": null, "leisure": null, "natural": null, "height": null, "levels": null, "min_levels": null}, "geometry": {"type": "Polygon", "coordinates": [[[23.3312087, 42.6731451], [23.3311959, 42.6730333], [23.3310965, 42.6730395], [23.3311093, 42.6731513], [23.3312087, 42.6731451]]]}}, {"type": "Feature", "properties": {"osm_id": 1516159490, "kind": "building", "name": null, "building": "toilets", "landuse": null, "leisure": null, "natural": null, "height": null, "levels": null, "min_levels": null}, "geometry": {"type": "Polygon", "coordinates": [[[23.33472, 42.676512], [23.334715, 42.6765729], [23.3345744, 42.6765666], [23.3345794, 42.6765057], [23.33472, 42.676512]]]}}], "_center": [42.6743496, 23.3305178], "_half_m": 560.0}