{"type": "FeatureCollection", "features": [{"type": "Feature", "properties": {"run_id": "run_0000", "street": "ул. Йосиф Петров", "zona": "Зелена зона", "park_txt": "Напречн", "capacity": 40, "pitch_m": 2.408, "length_m": 95.75, "bearing_deg": 4.7, "verified": true, "bay_ids": ["30706", "30705", "30704", "30703", "30702", "30701", "30700", "30699", "30698", "30697", "30696", "30695", "30694", "30693", "30692", "30691", "30686", "30685", "30684", "30683", "30682", "30681", "30690", "30689", "30680", "30679", "30678", "30677", "30687", "30676", "30675", "30674", "30688", "30673", "30672", "30671", "30670", "30669", "30668", "30667"]}, "geometry": {"type": "LineString", "coordinates": [[23.33471616, 42.67646261], [23.33475968, 42.67646497], [23.33479109, 42.67646667], [23.33482272, 42.67646839], [23.33485368, 42.67647007], [23.33488302, 42.67647166], [23.33490976, 42.67647312], [23.33493807, 42.67647465], [23.33496692, 42.67647622], [23.33499321, 42.67647765], [23.33502206, 42.67647921], [23.33505165, 42.67648082], [23.33508074, 42.6764824], [23.33511083, 42.67648403], [23.33514175, 42.67648571], [23.33517394, 42.67648746], [23.33520451, 42.67648937], [23.33523677, 42.67649139], [23.33526927, 42.67649342], [23.33530231, 42.67649549], [23.33533577, 42.67649759], [23.33536743, 42.67649957], [23.33539753, 42.67650145], [23.33542724, 42.67650331], [23.3354564, 42.67650513], [23.33548579, 42.67650697], [23.33551511, 42.67650881], [23.33554285, 42.67651054], [23.33556762, 42.67651209], [23.33559524, 42.67651382], [23.33562192, 42.67651549], [23.33564996, 42.67651725], [23.3356745, 42.67651878], [23.33569862, 42.67652029], [23.33572428, 42.6765219], [23.33575277, 42.67652368], [23.33577902, 42.67652532], [23.33580811, 42.67652717], [23.33583812, 42.67652915], [23.33588217, 42.67653205]]}}, {"type": "Feature", "properties": {"run_id": "run_0001", "street": "ул. Стоян Михайловски", "zona": "Зелена зона", "park_txt": "Надлъжн", "capacity": 33, "pitch_m": 5.945, "length_m": 195.17, "bearing_deg": 124.7, "verified": true, "bay_ids": ["26962", "26961", "26960", "26959", "26958", "26967", "26966", "26965", "26964", "26963", "26972", "26971", "26970", "26969", "26968", "26977", "26976", "26975", "26974", "26973", "26982", "26981", "26980", "26979", "26978", "26987", "26986", "26985", "26984", "26983", "26992", "26991", "26990"]}, "geometry": {"type": "LineString", "coordinates": [[23.33586417, 42.67289229], [23.33579989, 42.67295867], [23.33575948, 42.67300234], [23.3357198, 42.67304524], [23.33567895, 42.67308939], [23.33564044, 42.67312765], [23.33559723, 42.67317228], [23.33555682, 42.67321595], [23.33551714, 42.67325884], [23.33547629, 42.673303], [23.33542957, 42.67335111], [23.33538635, 42.67339574], [23.33534595, 42.67343941], [23.33530627, 42.6734823], [23.33526542, 42.67352646], [23.33522691, 42.67356472], [23.33518369, 42.67360935], [23.33514329, 42.67365302], [23.33510361, 42.67369591], [23.33506276, 42.67374007], [23.33501967, 42.67378765], [23.33497645, 42.67383228], [23.33493604, 42.67387595], [23.33489636, 42.67391885], [23.33485551, 42.673963], [23.334817, 42.67400126], [23.33477378, 42.67404589], [23.33473338, 42.67408956], [23.33469369, 42.67413246], [23.33465284, 42.67417661], [23.33460902, 42.67422228], [23.3345658, 42.6742669], [23.33450497, 42.67433265]]}}, {"type": "Feature", "properties": {"run_id": "run_0002", "street": "ул. Митрополит Кирил Видински", "zona": "Зелена зона", "park_txt": "Надлъжн", "capacity": 29, "pitch_m": 6.068, "length_m": 174.8, "bearing_deg": 93.5, "verified": true, "bay_ids": ["14653", "16255", "14654", "14655", "14656", "14657", "14658", "14659", "14660", "14661", "14662", "14663", "14664", "14665", "14666", "14667", "14668", "14669", "14670", "14671", "14672", "14673", "14674", "14675", "14676", "14677", "14678", "14679", "14680"]}, "geometry": {"type": "LineString", "coordinates": [[23.33618077, 42.67658964], [23.33617365, 42.67667113], [23.33616956, 42.67671795], [23.33616489, 42.67677147], [23.33616026, 42.67682443], [23.33615562, 42.67687758], [23.33615101, 42.67693126], [23.33614652, 42.67698644], [23.33614199, 42.67704205], [23.33613754, 42.67709667], [23.33613301, 42.67715234], [23.33612858, 42.67720675], [23.33612413, 42.67726141], [23.33611991, 42.67731316], [23.33611559, 42.67736628], [23.336111, 42.67742255], [23.33610645, 42.67747849], [23.33610195, 42.67753368], [23.33609652, 42.67758723], [23.33609194, 42.67764351], [23.33608738, 42.67769944], [23.33608289, 42.67775463], [23.33607901, 42.67780556], [23.33607434, 42.67785908], [23.33606971, 42.67791205], [23.33606507, 42.6779652], [23.33606046, 42.67801887], [23.33605596, 42.67807405], [23.33604922, 42.67815686]]}}, {"type": "Feature", "properties": {"run_id": "run_0003", "street": "ул. Кричим", "zona": "Зелена зона", "park_txt": "Напречн", "capacity": 25, "pitch_m": 2.345, "length_m": 60.05, "bearing_deg": 176.8, "verified": true, "bay_ids": ["26909", "26908", "21832", "21831", "21825", "21828", "21827", "21826", "21830", "21829", "21824", "21818", "21821", "21820", "21819", "21823", "21822", "21817", "21811", "21814", "21813", "21812", "21816", "21815", "21810"]}, "geometry": {"type": "LineString", "coordinates": [[23.32528757, 42.67036057], [23.32524478, 42.67036348], [23.32521631, 42.67036447], [23.32518779, 42.67036641], [23.32516108, 42.67036718], [23.32512746, 42.670368], [23.32509834, 42.67036897], [23.32506727, 42.67037036], [23.32503912, 42.67037136], [23.3250113, 42.67037237], [23.32498277, 42.67037431], [23.32495288, 42.6703765], [23.32491926, 42.67037732], [23.32489015, 42.67037829], [23.32485907, 42.67037968], [23.32483093, 42.67038068], [23.3248031, 42.67038169], [23.32477458, 42.67038363], [23.32474787, 42.6703844], [23.32471425, 42.67038522], [23.32468513, 42.67038619], [23.32465406, 42.67038758], [23.32462591, 42.67038858], [23.32459809, 42.67038959], [23.3245553, 42.6703925]]}}, {"type": "Feature", "properties": {"run_id": "run_0004", "street": "ул. Арх. Йордан Миланов", "zona": "Зелена зона", "park_txt": "Надлъжн", "capacity": 24, "pitch_m": 5.713, "length_m": 139.17, "bearing_deg": 109.9, "verified": true, "bay_ids": ["16285", "16284", "16283", "16282", "16281", "16280", "16279", "16278", "16277", "16276", "16275", "16274", "16273", "16272", "16271", "16270", "16269", "16268", "16267", "16266", "16265", "16264", "16263", "14652"]}, "geometry": {"type": "LineString", "coordinates": [[23.334104, 42.67714864], [23.33407072, 42.67721628], [23.33404482, 42.67726895], [23.33402116, 42.67731723], [23.33399907, 42.67736231], [23.33397761, 42.6774061], [23.3339569, 42.67744846], [23.33393537, 42.67749262], [23.33391238, 42.67753962], [23.33388822, 42.67758889], [23.3338652, 42.67763586], [23.33383979, 42.67768697], [23.33381694, 42.67773209], [23.33379452, 42.67777699], [23.33377242, 42.67782197], [23.33374861, 42.67787043], [23.33372533, 42.677918], [23.33370042, 42.67796935], [23.33367366, 42.67802343], [23.33364661, 42.6780772], [23.33361826, 42.67813356], [23.33359399, 42.67818223], [23.33356933, 42.67823433], [23.33352643, 42.67832444]]}}, {"type": "Feature", "properties": {"run_id": "run_0005", "street": "ул. Галичица", "zona": "Зелена зона", "park_txt": "Надлъжн", "capacity": 22, "pitch_m": 6.022, "length_m": 134.12, "bearing_deg": 174.8, "verified": true, "bay_ids": ["22483", "22482", "22480", "22481", "22486", "22484", "22487", "22485", "22489", "22488", "26925", "26924", "31337", "22492", "22490", "22493", "22491", "22494", "22496", "22495", "22497", "29090"]}, "geometry": {"type": "LineString", "coordinates": [[23.33085976, 42.67247465], [23.33074186, 42.67248207], [23.3306685, 42.6724867], [23.33059344, 42.67249142], [23.33048502, 42.67249863], [23.33041166, 42.67250325], [23.3303366, 42.67250798], [23.33026446, 42.67251313], [23.33019135, 42.67251788], [23.33011922, 42.67252302], [23.33005094, 42.67252727], [23.32997881, 42.67253242], [23.32991669, 42.67253642], [23.32985096, 42.67254081], [23.32977748, 42.67254573], [23.32970235, 42.67255076], [23.32962964, 42.67255575], [23.32955704, 42.67256078], [23.32948312, 42.67256591], [23.32940873, 42.67257106], [23.32933547, 42.67257614], [23.32922776, 42.67258361]]}}, {"type": "Feature", "properties": {"run_id": "run_0006", "street": "бул. Джеймс Баучер", "zona": "Зелена зона", "park_txt": "Надлъжн", "capacity": 21, "pitch_m": 5.751, "length_m": 121.45, "bearing_deg": 20.8, "verified": true, "bay_ids": ["17396", "17397", "17398", "17399", "17400", "17401", "17402", "17403", "17404", "17405", "17406", "17407", "17408", "17409", "17410", "17411", "17412", "17413", "17414", "17415", "17416"]}, "geometry": {"type": "LineString", "coordinates": [[23.32636041, 42.67386143], [23.32646365, 42.67389022], [23.32653333, 42.67390965], [23.32659983, 42.67392819], [23.32666469, 42.67394628], [23.32672776, 42.67396387], [23.32679339, 42.67398189], [23.3268593, 42.67399993], [23.32692479, 42.67401785], [23.32699033, 42.67403597], [23.3270567, 42.67405465], [23.32712473, 42.67407354], [23.32719126, 42.67409227], [23.32725589, 42.67411047], [23.32731877, 42.67412818], [23.32738439, 42.67414666], [23.32745005, 42.67416515], [23.32751509, 42.67418348], [23.32758059, 42.67420193], [23.32764613, 42.6742204], [23.32774752, 42.67424897]]}}, {"type": "Feature", "properties": {"run_id": "run_0007", "street": "ул. Йоан Екзарх", "zona": "Зелена зона", "park_txt": "Надлъжн", "capacity": 19, "pitch_m": 6.005, "length_m": 113.11, "bearing_deg": 178.6, "verified": true, "bay_ids": ["16985", "16984", "16983", "16982", "16981", "16980", "16979", "16978", "16977", "16976", "16975", "16974", "16973", "16972", "16971", "16970", "16969", "16968", "14737"]}, "geometry": {"type": "LineString", "coordinates": [[23.32673209, 42.67734132], [23.32662213, 42.67734336], [23.32655366, 42.67734473], [23.32648037, 42.67734609], [23.3264069, 42.67734745], [23.32633353, 42.67734878], [23.32626089, 42.67735007], [23.32618754, 42.6773514], [23.32611407, 42.67735275], [23.32604072, 42.67735407], [23.32597119, 42.67735546], [23.3258979, 42.67735682], [23.32582443, 42.67735818], [23.32575106, 42.6773595], [23.32567842, 42.6773608], [23.32560507, 42.67736213], [23.3255316, 42.67736347], [23.32545825, 42.6773648], [23.32535045, 42.67736675]]}}, {"type": "Feature", "properties": {"run_id": "run_0008", "street": "ул. Презвитер Козма", "zona": "Зелена зона", "park_txt": "Надлъжн", "capacity": 19, "pitch_m": 5.403, "length_m": 101.33, "bearing_deg": 28.0, "verified": true, "bay_ids": ["17510", "17511", "17512", "17513", "17514", "17515", "17516", "17517", "17518", "17519", "17520", "17521", "17522", "17523", "17524", "17525", "17526", "17527", "17528"]}, "geometry": {"type": "LineString", "coordinates": [[23.3279752, 42.67605817], [23.32806664, 42.67609875], [23.32812629, 42.67612521], [23.32818355, 42.67615062], [23.32824314, 42.67617705], [23.32830128, 42.67620285], [23.32835715, 42.67622764], [23.32841367, 42.67625272], [23.32847635, 42.67628136], [23.3285336, 42.67630789], [23.32859281, 42.67633533], [23.32864857, 42.67635766], [23.32870611, 42.67637766], [23.32876192, 42.67639365], [23.32881596, 42.67640847], [23.32887223, 42.67642274], [23.32892641, 42.67643567], [23.32898376, 42.67644854], [23.32907361, 42.67646719]]}}, {"type": "Feature", "properties": {"run_id": "run_0009", "street": "бул. Джеймс Баучер", "zona": "Зелена зона", "park_txt": "Надлъжн", "capacity": 19, "pitch_m": 5.402, "length_m": 101.88, "bearing_deg": 26.2, "verified": true, "bay_ids": ["17686", "17685", "17684", "17683", "17682", "17681", "17680", "17679", "17678", "17677", "17676", "17675", "17674", "17673", "17672", "17690", "17689", "17688", "17687"]}, "geometry": {"type": "LineString", "coordinates": [[23.3301664, 42.67496121], [23.33026561, 42.67499776], [23.3303283, 42.67502039], [23.33038934, 42.67504243], [23.33044759, 42.67506347], [23.33050582, 42.67508449], [23.33055987, 42.67510401], [23.33061468, 42.67512379], [23.33067195, 42.67514447], [23.33073644, 42.67516776], [23.33079908, 42.67519038], [23.3308586, 42.67521186], [23.33091849, 42.67523349], [23.33097772, 42.67525491], [23.33103209, 42.67527453], [23.33108654, 42.67529414], [23.33114273, 42.67531435], [23.33120222, 42.6753359], [23.33128343, 42.67536503]]}}, {"type": "Feature", "properties": {"run_id": "run_0010", "street": "пл. Велчова завера", "zona": "Зелена зона", "park_txt": "Надлъжн", "capacity": 19, "pitch_m": 6.01, "length_m": 116.45, "bearing_deg": 94.7, "verified": true, "bay_ids": ["27003", "27002", "27001", "27000", "26999", "26998", "26997", "26996", "26995", "26994", "26993", "22752", "22751", "22750", "22749", "22748", "22747", "22746", "22745"]}, "geometry": {"type": "LineString", "coordinates": [[23.33422924, 42.67488541], [23.33421984, 42.67496898], [23.33421466, 42.67502283], [23.33420729, 42.67508057], [23.33420092, 42.67513713], [23.33419513, 42.6751886], [23.33418911, 42.67524213], [23.33418316, 42.67529503], [23.33417696, 42.67535013], [23.33417098, 42.67540328], [23.334165, 42.67545639], [23.33415905, 42.67550929], [23.3341532, 42.6755613], [23.3341472, 42.67561461], [23.33414091, 42.6756705], [23.33413445, 42.67572798], [23.33412848, 42.67578101], [23.33412185, 42.67583995], [23.33411195, 42.67592789]]}}, {"type": "Feature", "properties": {"run_id": "run_0011", "street": "ул. Димитър Димов", "zona": "Зелена зона", "park_txt": "Надлъжн", "capacity": 18, "pitch_m": 5.745, "length_m": 104.99, "bearing_deg": 20.7, "verified": true, "bay_ids": ["17652", "17653", "17654", "17655", "17656", "17657", "17658", "17659", "17660", "17661", "17662", "17663", "17664", "17665", "17666", "17667", "17668", "17669"]}, "geometry": {"type": "LineString", "coordinates": [[23.3296986, 42.67583322], [23.32979738, 42.67586068], [23.3298626, 42.6758788], [23.32992445, 42.67589599], [23.32998722, 42.67591344], [23.33005264, 42.67593162], [23.33011924, 42.67595013], [23.33019217, 42.6759704], [23.33026999, 42.67599203], [23.33033594, 42.67601036], [23.33040116, 42.67602849], [23.33046301, 42.67604568], [23.33052578, 42.67606312], [23.3305912, 42.6760813], [23.33066151, 42.67610075], [23.33073073, 42.67612009], [23.33079659, 42.67613793], [23.33089862, 42.67616643]]}}, {"type": "Feature", "properties": {"run_id": "run_0012", "street": "ул. Кричим", "zona": "Зелена зона", "park_txt": "Надлъжн", "capacity": 18, "pitch_m": 5.84, "length_m": 104.16, "bearing_deg": 175.9, "verified": true, "bay_ids": ["22305", "22304", "22314", "22313", "22315", "22310", "22309", "22312", "22311", "22320", "22321", "22317", "22316", "22319", "22318", "22323", "22322", "22324"]}, "geometry": {"type": "LineString", "coordinates": [[23.32811121, 42.67023623], [23.32800299, 42.67024263], [23.32793108, 42.67024653], [23.3278593, 42.67025077], [23.32779318, 42.67025433], [23.32772201, 42.67025813], [23.32765343, 42.67026173], [23.32758254, 42.67026545], [23.32750903, 42.6702693], [23.32743745, 42.67027306], [23.32737087, 42.67027655], [23.32729842, 42.67028035], [23.32722864, 42.67028385], [23.32716023, 42.67028759], [23.32709051, 42.67029125], [23.32701559, 42.67029518], [23.32694382, 42.67029894], [23.32684191, 42.67030428]]}}, {"type": "Feature", "properties": {"run_id": "run_0013", "street": "ул. Черноризец Храбър", "zona": "Зелена зона", "park_txt": "Напречн", "capacity": 17, "pitch_m": 2.346, "length_m": 39.86, "bearing_deg": 178.5, "verified": true, "bay_ids": ["17485", "17489", "28680", "28681", "28682", "28683", "28684", "28685", "28686", "28687", "28688", "28689", "28690", "17488", "28691", "28692", "28693"]}, "geometry": {"type": "LineString", "coordinates": [[23.32828972, 42.67667107], [23.32824542, 42.67667191], [23.32821761, 42.67667244], [23.3281897, 42.67667296], [23.32816101, 42.6766735], [23.32813363, 42.67667402], [23.32810529, 42.67667455], [23.32807531, 42.67667512], [23.32804646, 42.67667567], [23.32801648, 42.67667623], [23.32798867, 42.67667676], [23.32796076, 42.67667728], [23.32793207, 42.67667782], [23.32790342, 42.67667837], [23.32787553, 42.67667889], [23.3278472, 42.67667943], [23.32780289, 42.67668026]]}}, {"type": "Feature", "properties": {"run_id": "run_0014", "street": "ул. Черноризец Храбър", "zona": "Зелена зона", "park_txt": "Напречн", "capacity": 17, "pitch_m": 2.325, "length_m": 39.81, "bearing_deg": 179.0, "verified": true, "bay_ids": ["28694", "28695", "28696", "28697", "28698", "28699", "28700", "28701", "28702", "28703", "28704", "28705", "28706", "28710", "28707", "28708", "28709"]}, "geometry": {"type": "LineString", "coordinates": [[23.3282863, 42.67658172], [23.32824225, 42.6765823], [23.32821427, 42.67658267], [23.32818647, 42.67658309], [23.32815807, 42.67658341], [23.32813047, 42.67658377], [23.32810251, 42.67658414], [23.32807214, 42.67658454], [23.32804332, 42.67658493], [23.32801354, 42.67658532], [23.32798551, 42.67658569], [23.32795799, 42.67658605], [23.32792902, 42.67658643], [23.32790063, 42.67658681], [23.32787327, 42.67658717], [23.32784416, 42.67658756], [23.32779999, 42.67658814]]}}, {"type": "Feature", "properties": {"run_id": "run_0015", "street": "ул. Милин камък", "zona": "Зелена зона", "park_txt": "Надлъжн", "capacity": 17, "pitch_m": 5.86, "length_m": 98.03, "bearing_deg": 111.0, "verified": true, "bay_ids": ["29570", "29571", "29572", "29573", "29574", "29575", "29576", "29577", "29578", "29579", "29580", "29581", "29582", "29583", "29584", "29585", "29586"]}, "geometry": {"type": "LineString", "coordinates": [[23.32723546, 42.6757534], [23.32718218, 42.67582339], [23.32714636, 42.67587046], [23.32711057, 42.67591748], [23.32707661, 42.67596383], [23.32704216, 42.67601116], [23.32700731, 42.67605902], [23.32697559, 42.67610694], [23.32695053, 42.67615296], [23.32692436, 42.67620104], [23.32690305, 42.67624902], [23.32688236, 42.67630038], [23.3268674, 42.67634913], [23.32685309, 42.67639687], [23.32684473, 42.67644713], [23.32683663, 42.67649769], [23.32683011, 42.67657038]]}}, {"type": "Feature", "properties": {"run_id": "run_0016", "street": "бул. Джеймс Баучер", "zona": "Зелена зона", "park_txt": "Надлъжн", "capacity": 16, "pitch_m": 5.566, "length_m": 93.0, "bearing_deg": 26.3, "verified": true, "bay_ids": ["17731", "17730", "17729", "17728", "17727", "17726", "17725", "17724", "17723", "17722", "17721", "17720", "17719", "17718", "17717", "17716"]}, "geometry": {"type": "LineString", "coordinates": [[23.33104058, 42.67539687], [23.3311167, 42.67542454], [23.33116707, 42.67544284], [23.33122061, 42.6754623], [23.33130488, 42.6754929], [23.33136508, 42.6755146], [23.33142615, 42.67553662], [23.33152362, 42.6755718], [23.33157832, 42.67559185], [23.33163576, 42.6756129], [23.33169997, 42.67563644], [23.33175728, 42.6756572], [23.33182274, 42.67568083], [23.33188987, 42.67570507], [23.33196124, 42.67573083], [23.33205972, 42.67576638]]}}, {"type": "Feature", "properties": {"run_id": "run_0017", "street": "ул. Кричим", "zona": "Зелена зона", "park_txt": "Надлъжн", "capacity": 16, "pitch_m": 5.647, "length_m": 91.51, "bearing_deg": 174.3, "verified": true, "bay_ids": ["22656", "22655", "22637", "22636", "22638", "22633", "22632", "22635", "22634", "22644", "22643", "22645", "22640", "22639", "22642", "22641"]}, "geometry": {"type": "LineString", "coordinates": [[23.33038289, 42.67009593], [23.3302832, 42.67010383], [23.33022152, 42.67010658], [23.33015541, 42.67011138], [23.33008838, 42.67011625], [23.33001658, 42.67012147], [23.32994646, 42.6701252], [23.32987588, 42.67013033], [23.32980722, 42.67013531], [23.32973294, 42.67014071], [23.3296656, 42.6701456], [23.32959792, 42.67015052], [23.32952575, 42.67015638], [23.32946062, 42.67016111], [23.32938926, 42.67016577], [23.32927223, 42.67018505]]}}, {"type": "Feature", "properties": {"run_id": "run_0018", "street": "бул. Джеймс Баучер", "zona": "Зелена зона", "park_txt": "Надлъжн", "capacity": 15, "pitch_m": 5.428, "length_m": 81.42, "bearing_deg": 26.1, "verified": true, "bay_ids": ["17607", "17606", "17605", "17604", "17603", "17602", "17601", "17600", "17599", "17598", "17597", "17596", "17595", "17594", "14796"]}, "geometry": {"type": "LineString", "coordinates": [[23.32912955, 42.67458617], [23.32922877, 42.67462207], [23.32929218, 42.67464502], [23.32935278, 42.67466694], [23.32941114, 42.67468805], [23.32946888, 42.67470895], [23.32952568, 42.67472835], [23.329578, 42.67474731], [23.32963615, 42.67476838], [23.32969948, 42.67479134], [23.32976274, 42.67481426], [23.32982192, 42.67483571], [23.32988196, 42.67485747], [23.32994145, 42.67487903], [23.33002264, 42.67490846]]}}, {"type": "Feature", "properties": {"run_id": "run_0019", "street": "ул. Св. Теодосий Търновски", "zona": "Зелена зона", "park_txt": "Надлъжн", "capacity": 15, "pitch_m": 6.081, "length_m": 88.93, "bearing_deg": 111.9, "verified": true, "bay_ids": ["22090", "22089", "22088", "22087", "22086", "22085", "22084", "22083", "22082", "22081", "22080", "22079", "22078", "22077", "19882"]}, "geometry": {"type": "LineString", "coordinates": [[23.32599024, 42.67275942], [23.32594911, 42.67283583], [23.32592014, 42.67288867], [23.32589206, 42.67294018], [23.32586708, 42.67298603], [23.32583946, 42.67303671], [23.325812, 42.67308772], [23.32578678, 42.67313337], [23.32575935, 42.67318372], [23.32573164, 42.67323474], [23.32570671, 42.6732803], [23.32567907, 42.67333102], [23.32565081, 42.6733819], [23.32562546, 42.67342735], [23.32558461, 42.67350057]]}}, {"type": "Feature", "properties": {"run_id": "run_0020", "street": "междублоково при ул. Златовръх", "zona": "Зелена зона", "park_txt": "Напречн", "capacity": 15, "pitch_m": 2.329, "length_m": 34.32, "bearing_deg": 177.1, "verified": true, "bay_ids": ["22612", "22611", "22610", "22609", "22608", "22607", "22606", "22627", "22626", "22625", "22624", "22623", "22622", "22621", "22620"]}, "geometry": {"type": "LineString", "coordinates": [[23.33264698, 42.67196065], [23.33260688, 42.67196231], [23.33257843, 42.67196292], [23.33254993, 42.67196449], [23.33252148, 42.6719651], [23.33249559, 42.67196618], [23.33246715, 42.67196679], [23.3324389, 42.67196836], [23.33241046, 42.67196897], [23.33238195, 42.67197054], [23.33235373, 42.67197173], [23.33232784, 42.67197281], [23.33229939, 42.67197342], [23.33227089, 42.67197498], [23.33222822, 42.6719759]]}}, {"type": "Feature", "properties": {"run_id": "run_0021", "street": "ул. Милин камък", "zona": "Зелена зона", "park_txt": "Надлъжн", "capacity": 14, "pitch_m": 6.009, "length_m": 87.39, "bearing_deg": 78.4, "verified": true, "bay_ids": ["29594", "29595", "29596", "29597", "29598", "29599", "29600", "29601", "29602", "29603", "29604", "29605", "29606", "29607"]}, "geometry": {"type": "LineString", "coordinates": [[23.32695195, 42.67719654], [23.32697463, 42.67727578], [23.32699174, 42.6773334], [23.32700686, 42.67738622], [23.32702099, 42.67744711], [23.32703611, 42.67749993], [23.32705322, 42.67755755], [23.32706834, 42.67761038], [23.32708285, 42.67766774], [23.32709797, 42.67772057], [23.32711508, 42.67777819], [23.3271302, 42.67783101], [23.32714586, 42.67788592], [23.32716854, 42.67796516]]}}, {"type": "Feature", "properties": {"run_id": "run_0022", "street": "ул. Кораб планина", "zona": "Зелена зона", "park_txt": "Надлъжн", "capacity": 13, "pitch_m": 5.896, "length_m": 77.13, "bearing_deg": 172.8, "verified": true, "bay_ids": ["22413", "22412", "22411", "22410", "22409", "22408", "22407", "22406", "22405", "22416", "22415", "22414", "22417"]}, "geometry": {"type": "LineString", "coordinates": [[23.33068638, 42.67167077], [23.33057923, 42.67167833], [23.33050636, 42.6716853], [23.33043218, 42.6716924], [23.33036109, 42.67169921], [23.33028639, 42.67170635], [23.33021485, 42.67171256], [23.33014392, 42.67171917], [23.33007197, 42.67172588], [23.3300009, 42.67173273], [23.32992996, 42.67173934], [23.32985801, 42.67174605], [23.32975123, 42.67175611]]}}, {"type": "Feature", "properties": {"run_id": "run_0023", "street": "ул. Черноризец Храбър", "zona": "Зелена зона", "park_txt": "Надлъжн", "capacity": 12, "pitch_m": 6.163, "length_m": 73.59, "bearing_deg": 178.4, "verified": true, "bay_ids": ["17486", "17484", "17483", "17482", "17481", "17480", "17479", "17478", "17477", "17476", "17487", "14738"]}, "geometry": {"type": "LineString", "coordinates": [[23.32772944, 42.67668165], [23.32761581, 42.67668379], [23.3275475, 42.67668508], [23.32747416, 42.67668658], [23.32739472, 42.67668827], [23.32731751, 42.67668992], [23.32723548, 42.6766919], [23.32716142, 42.67669347], [23.32708766, 42.67669504], [23.3270123, 42.67669665], [23.32693702, 42.67669801], [23.32683068, 42.67670028]]}}, {"type": "Feature", "properties": {"run_id": "run_0024", "street": "ул. Димитър Димов", "zona": "Зелена зона", "park_txt": "Надлъжн", "capacity": 12, "pitch_m": 5.972, "length_m": 71.97, "bearing_deg": 20.3, "verified": true, "bay_ids": ["14770", "17539", "17540", "17541", "17542", "17543", "17544", "17545", "17546", "17547", "17548", "17549"]}, "geometry": {"type": "LineString", "coordinates": [[23.3276482, 42.67527687], [23.32775406, 42.67530562], [23.32782764, 42.6753256], [23.32789609, 42.67534418], [23.32796774, 42.67536363], [23.3280359, 42.67538214], [23.32810161, 42.67539998], [23.32816709, 42.67541776], [23.32823214, 42.67543543], [23.32830077, 42.67545406], [23.32836812, 42.67547235], [23.32847314, 42.67550086]]}}, {"type": "Feature", "properties": {"run_id": "run_0025", "street": "междублоково при ул. Златовръх", "zona": "Зелена зона", "park_txt": "Напречн", "capacity": 12, "pitch_m": 2.337, "length_m": 42.37, "bearing_deg": 175.6, "verified": true, "bay_ids": ["22599", "22598", "22597", "22596", "22595", "22594", "26927", "26926", "22628", "22630", "22629", "22631"]}, "geometry": {"type": "LineString", "coordinates": [[23.33269104, 42.67202523], [23.33264832, 42.67202615], [23.33261982, 42.67202772], [23.33259137, 42.67202833], [23.33256548, 42.67202941], [23.33253703, 42.67203002], [23.33250854, 42.67203139], [23.3324801, 42.672032], [23.33240947, 42.67203789], [23.33233441, 42.67204262], [23.33226227, 42.67204777], [23.33217494, 42.67205344]]}}, {"type": "Feature", "properties": {"run_id": "run_0026", "street": "ул. Св. Теодосий Търновски", "zona": "Зелена зона", "park_txt": "Надлъжн", "capacity": 12, "pitch_m": 6.068, "length_m": 70.78, "bearing_deg": 92.5, "verified": true, "bay_ids": ["29654", "29655", "29652", "29653", "29650", "29651", "29648", "29649", "29646", "29647", "29644", "29645"]}, "geometry": {"type": "LineString", "coordinates": [[23.32511412, 42.67746657], [23.32510958, 42.67754826], [23.32510673, 42.67759939], [23.3251037, 42.67765385], [23.32509901, 42.67770452], [23.32509598, 42.67775898], [23.32509313, 42.67781011], [23.3250901, 42.67786457], [23.32508732, 42.67791455], [23.32508429, 42.67796901], [23.32508144, 42.67802014], [23.32507689, 42.67810183]]}}, {"type": "Feature", "properties": {"run_id": "run_0027", "street": "ул. Света гора", "zona": "Зелена зона", "park_txt": "Надлъжн", "capacity": 11, "pitch_m": 6.273, "length_m": 70.84, "bearing_deg": 102.8, "verified": true, "bay_ids": ["14795", "17538", "17537", "17536", "17535", "17534", "17533", "17532", "17531", "17530", "17529"]}, "geometry": {"type": "LineString", "coordinates": [[23.32958747, 42.67583189], [23.32955513, 42.67592485], [23.32953237, 42.67598963], [23.32951328, 42.67604301], [23.32949554, 42.67609479], [23.32947569, 42.67615271], [23.32945726, 42.67620971], [23.32944173, 42.67626398], [23.32942786, 42.67631909], [23.32941613, 42.67637477], [23.329402, 42.67645282]]}}, {"type": "Feature", "properties": {"run_id": "run_0028", "street": "ул. Бряст", "zona": "Зелена зона", "park_txt": "Надлъжн", "capacity": 11, "pitch_m": 6.378, "length_m": 69.39, "bearing_deg": 16.5, "verified": true, "bay_ids": ["17147", "17146", "17145", "17144", "17143", "17142", "17141", "17140", "17139", "17138", "17137"]}, "geometry": {"type": "LineString", "coordinates": [[23.33082708, 42.67851139], [23.33093992, 42.67853589], [23.33101721, 42.67855266], [23.33108763, 42.67856795], [23.33115447, 42.67858245], [23.33122868, 42.67859856], [23.33130338, 42.67861489], [23.33138094, 42.67863196], [23.33145596, 42.67864848], [23.33153007, 42.6786648], [23.33163981, 42.67868897]]}}, {"type": "Feature", "properties": {"run_id": "run_0029", "street": "бул. Джеймс Баучер", "zona": "Зелена зона", "park_txt": "Надлъжн", "capacity": 11, "pitch_m": 5.768, "length_m": 63.37, "bearing_deg": 21.5, "verified": true, "bay_ids": ["17370", "17369", "17368", "17367", "17366", "17365", "17364", "17363", "17362", "17361", "17360"]}, "geometry": {"type": "LineString", "coordinates": [[23.32442653, 42.6731934], [23.32452612, 42.67322237], [23.32459174, 42.67324126], [23.32465172, 42.67325852], [23.32471876, 42.67327781], [23.32478422, 42.67329665], [23.3248463, 42.67331526], [23.32491186, 42.67333401], [23.32497819, 42.67335298], [23.32504904, 42.67337379], [23.32514673, 42.67340242]]}}, {"type": "Feature", "properties": {"run_id": "run_0030", "street": "бул. Джеймс Баучер", "zona": "Зелена зона", "park_txt": "Надлъжн", "capacity": 11, "pitch_m": 5.425, "length_m": 58.47, "bearing_deg": 26.1, "verified": true, "bay_ids": ["17697", "17696", "17695", "17694", "17693", "17692", "17691", "17701", "17700", "17699", "17698"]}, "geometry": {"type": "LineString", "coordinates": [[23.33133476, 42.67538353], [23.33142973, 42.67541773], [23.33149194, 42.67543977], [23.33155127, 42.6754615], [23.33161177, 42.67548255], [23.33167096, 42.67550408], [23.33172499, 42.67552374], [23.3317794, 42.67554353], [23.33183559, 42.67556373], [23.33189487, 42.67558555], [23.33197603, 42.67561508]]}}, {"type": "Feature", "properties": {"run_id": "run_0031", "street": "ул. Бигла", "zona": "Зелена зона", "park_txt": "Надлъжн", "capacity": 11, "pitch_m": 6.122, "length_m": 68.1, "bearing_deg": 175.2, "verified": true, "bay_ids": ["22043", "22048", "22047", "22046", "22045", "22044", "22053", "22052", "22051", "22050", "22049"]}, "geometry": {"type": "LineString", "coordinates": [[23.32624019, 42.67109673], [23.32611572, 42.6711042], [23.32603905, 42.67110903], [23.32596495, 42.6711137], [23.3258916, 42.67111832], [23.32581707, 42.67112301], [23.32574699, 42.67112686], [23.32567033, 42.67113169], [23.32559623, 42.67113636], [23.32552288, 42.67114098], [23.32541108, 42.67114802]]}}, {"type": "Feature", "properties": {"run_id": "run_0032", "street": "ул. Галичица", "zona": "Зелена зона", "park_txt": "Надлъжн", "capacity": 11, "pitch_m": 6.42, "length_m": 69.73, "bearing_deg": 178.5, "verified": true, "bay_ids": ["22057", "22056", "22055", "22060", "22059", "22058", "22063", "22062", "22061", "22066", "22065"]}, "geometry": {"type": "LineString", "coordinates": [[23.32588373, 42.6726553], [23.32576613, 42.67265818], [23.32568944, 42.67266006], [23.32561535, 42.67266123], [23.32553696, 42.67266315], [23.32546026, 42.67266503], [23.32537893, 42.67266489], [23.32530053, 42.67266681], [23.32522383, 42.67266869], [23.32514975, 42.67266986], [23.32503215, 42.67267274]]}}, {"type": "Feature", "properties": {"run_id": "run_0033", "street": "междублоково при ул. Златовръх", "zona": "Зелена зона", "park_txt": "Напречн", "capacity": 11, "pitch_m": 2.329, "length_m": 31.51, "bearing_deg": 35.7, "verified": true, "bay_ids": ["22613", "22614", "22615", "22616", "22617", "22600", "22601", "22602", "22603", "22604", "22605"]}, "geometry": {"type": "LineString", "coordinates": [[23.3326468, 42.67196082], [23.33268949, 42.67195848], [23.33271794, 42.67195787], [23.33274383, 42.67195679], [23.33276826, 42.67195643], [23.33270266, 42.67202446], [23.33273088, 42.67202327], [23.33275938, 42.67202171], [23.33278783, 42.6720211], [23.33281372, 42.67202002], [23.33285237, 42.67201945]]}}, {"type": "Feature", "properties": {"run_id": "run_0034", "street": "ул. Йосиф Петров", "zona": "Зелена зона", "park_txt": "Напречн", "capacity": 11, "pitch_m": 2.478, "length_m": 26.97, "bearing_deg": 4.5, "verified": true, "bay_ids": ["30749", "30750", "30751", "30709", "30710", "30711", "30712", "30713", "30714", "30715", "30716"]}, "geometry": {"type": "LineString", "coordinates": [[23.33625698, 42.67655342], [23.33630225, 42.6765561], [23.3363312, 42.67655781], [23.33635681, 42.67655913], [23.33638698, 42.67656092], [23.33641593, 42.67656263], [23.33644497, 42.67656435], [23.33647701, 42.67656624], [23.33650731, 42.67656804], [23.33653752, 42.67656982], [23.33658543, 42.67657266]]}}, {"type": "Feature", "properties": {"run_id": "run_0035", "street": "ул. Презвитер Козма", "zona": "Зелена зона", "park_txt": "Надлъжн", "capacity": 10, "pitch_m": 6.142, "length_m": 64.46, "bearing_deg": 3.0, "verified": true, "bay_ids": ["17280", "17279", "17278", "17277", "17276", "17275", "17274", "17273", "17272", "14764"]}, "geometry": {"type": "LineString", "coordinates": [[23.32437146, 42.67528868], [23.32451636, 42.67529444], [23.32458901, 42.67529712], [23.32465731, 42.67529944], [23.3247475, 42.67530293], [23.32482326, 42.67530591], [23.32489749, 42.67530883], [23.32497242, 42.67531178], [23.32504826, 42.67531477], [23.32515791, 42.67531908]]}}, {"type": "Feature", "properties": {"run_id": "run_0036", "street": "ул. Плана планина", "zona": "Зелена зона", "park_txt": "Надлъжн", "capacity": 10, "pitch_m": 5.979, "length_m": 60.75, "bearing_deg": 179.9, "verified": true, "bay_ids": ["17254", "17253", "17252", "17251", "17250", "17249", "17248", "17247", "17246", "17245"]}, "geometry": {"type": "LineString", "coordinates": [[23.3251447, 42.67593945], [23.32503512, 42.67593933], [23.32495496, 42.67593921], [23.32488271, 42.67593902], [23.3248063, 42.67593882], [23.32472829, 42.67593861], [23.32465011, 42.67593882], [23.32457948, 42.67593927], [23.32450985, 42.67593971], [23.32440245, 42.67594039]]}}, {"type": "Feature", "properties": {"run_id": "run_0037", "street": "ул. Света гора", "zona": "Зелена зона", "park_txt": "Надлъжн", "capacity": 10, "pitch_m": 6.609, "length_m": 67.77, "bearing_deg": 86.5, "verified": true, "bay_ids": ["17490", "17491", "17492", "17493", "17494", "17495", "17496", "17497", "17498", "17499"]}, "geometry": {"type": "LineString", "coordinates": [[23.32939508, 42.67653219], [23.3293853, 42.67661835], [23.3293833, 42.67667565], [23.32938325, 42.67673404], [23.32938739, 42.67679333], [23.32939186, 42.67684807], [23.32939863, 42.67690746], [23.32940787, 42.67696651], [23.32942154, 42.6770364], [23.32944006, 42.67713823]]}}, {"type": "Feature", "properties": {"run_id": "run_0038", "street": "ул. Димитър Димов", "zona": "Зелена зона", "park_txt": "Надлъжн", "capacity": 10, "pitch_m": 5.598, "length_m": 55.65, "bearing_deg": 20.3, "verified": true, "bay_ids": ["17553", "17554", "17555", "17556", "17557", "17558", "17559", "17560", "17561", "17562"]}, "geometry": {"type": "LineString", "coordinates": [[23.32888336, 42.67561225], [23.32898155, 42.67563891], [23.32904664, 42.67565658], [23.3291108, 42.67567401], [23.32917264, 42.6756908], [23.32923505, 42.67570774], [23.3292971, 42.67572459], [23.32935778, 42.67574107], [23.32942355, 42.67575893], [23.32952124, 42.67578545]]}}, {"type": "Feature", "properties": {"run_id": "run_0039", "street": "ул. Златовръх", "zona": "Зелена зона", "park_txt": "Надлъжн", "capacity": 10, "pitch_m": 6.077, "length_m": 60.99, "bearing_deg": 75.3, "verified": true, "bay_ids": ["26928", "22727", "19724", "22726", "22724", "22725", "22722", "22723", "22720", "22721"]}, "geometry": {"type": "LineString", "coordinates": [[23.33334171, 42.67264859], [23.33337055, 42.67273117], [23.33339053, 42.67278838], [23.33341004, 42.67284315], [23.33342779, 42.67289616], [23.33344459, 42.67294571], [23.33346883, 42.67300013], [23.33348563, 42.67304968], [23.33350337, 42.67310269], [23.33352915, 42.67317874]]}}, {"type": "Feature", "properties": {"run_id": "run_0040", "street": "ул. Бигла", "zona": "Зелена зона", "park_txt": "Надлъжн", "capacity": 10, "pitch_m": 5.816, "length_m": 56.33, "bearing_deg": 174.7, "verified": true, "bay_ids": ["31214", "22587", "22585", "22586", "22584", "22582", "22583", "22581", "22579", "22580"]}, "geometry": {"type": "LineString", "coordinates": [[23.3313599, 42.67076248], [23.33127294, 42.67076831], [23.33120402, 42.67077243], [23.33113344, 42.67077692], [23.33106258, 42.67078152], [23.33099131, 42.67078667], [23.33092059, 42.67079177], [23.33085193, 42.67079672], [23.33078081, 42.67080186], [23.33067466, 42.67080952]]}}, {"type": "Feature", "properties": {"run_id": "run_0041", "street": "бул. Христо Смирненски", "zona": "Зелена зона", "park_txt": "Надлъжн", "capacity": 9, "pitch_m": 5.985, "length_m": 57.33, "bearing_deg": 116.9, "verified": true, "bay_ids": ["14638", "14639", "14640", "14641", "14642", "14643", "14644", "14645", "14646"]}, "geometry": {"type": "LineString", "coordinates": [[23.33306163, 42.67731243], [23.33300044, 42.67740102], [23.33296732, 42.67744896], [23.33293548, 42.67749506], [23.33290266, 42.67754258], [23.33285882, 42.67760604], [23.3328257, 42.67765398], [23.33279386, 42.67770008], [23.33274448, 42.67777157]]}}, {"type": "Feature", "properties": {"run_id": "run_0042", "street": "ул. Св. Теодосий Търновски", "zona": "Зелена зона", "park_txt": "Надлъжн", "capacity": 9, "pitch_m": 5.571, "length_m": 54.56, "bearing_deg": 93.5, "verified": true, "bay_ids": ["14729", "16929", "16928", "16927", "16926", "16925", "16924", "16923", "16922"]}, "geometry": {"type": "LineString", "coordinates": [[23.32513608, 42.67829975], [23.3251286, 42.67838763], [23.32512442, 42.6784367], [23.3251205, 42.67848286], [23.32511482, 42.67854809], [23.32511058, 42.67859794], [23.32510659, 42.6786479], [23.325101, 42.67871434], [23.32509516, 42.67878895]]}}, {"type": "Feature", "properties": {"run_id": "run_0043", "street": "ул. Йоан Екзарх", "zona": "Зелена зона", "park_txt": "Надлъжн", "capacity": 9, "pitch_m": 5.86, "length_m": 53.4, "bearing_deg": 160.9, "verified": true, "bay_ids": ["17616", "17615", "17614", "17613", "17612", "17611", "17610", "17609", "17608"]}, "geometry": {"type": "LineString", "coordinates": [[23.33019614, 42.677027], [23.33009616, 42.67705536], [23.33002904, 42.6770737], [23.32996395, 42.67709148], [23.32989701, 42.67710976], [23.32982924, 42.67712671], [23.3297561, 42.6771443], [23.32968426, 42.67716031], [23.32957978, 42.67718362]]}}, {"type": "Feature", "properties": {"run_id": "run_0044", "street": "ул. Кораб планина", "zona": "Зелена зона", "park_txt": "Надлъжн", "capacity": 9, "pitch_m": 5.979, "length_m": 53.94, "bearing_deg": 176.8, "verified": true, "bay_ids": ["22399", "22398", "22397", "22396", "22395", "22394", "22393", "22392", "22391"]}, "geometry": {"type": "LineString", "coordinates": [[23.32801291, 42.67186923], [23.32790302, 42.67187402], [23.32783054, 42.67187703], [23.32775505, 42.67188017], [23.32768212, 42.6718832], [23.32760964, 42.67188621], [23.32753684, 42.67188924], [23.32746391, 42.67189227], [23.32735496, 42.6718968]]}}, {"type": "Feature", "properties": {"run_id": "run_0045", "street": "ул. Минзухар", "zona": "Зелена зона", "park_txt": "Надлъжн", "capacity": 9, "pitch_m": 6.035, "length_m": 54.56, "bearing_deg": 15.2, "verified": true, "bay_ids": ["22437", "22436", "22439", "22438", "22441", "22440", "22443", "22442", "22444"]}, "geometry": {"type": "LineString", "coordinates": [[23.32683512, 42.67302911], [23.3269419, 42.67305031], [23.32700888, 42.67306368], [23.32708007, 42.67307781], [23.32715225, 42.67309235], [23.32722343, 42.67310648], [23.32729041, 42.67311985], [23.3273616, 42.67313398], [23.32747838, 42.67315765]]}}, {"type": "Feature", "properties": {"run_id": "run_0046", "street": "ул. Галичица", "zona": "Зелена зона", "park_txt": "Надлъжн", "capacity": 9, "pitch_m": 5.937, "length_m": 53.17, "bearing_deg": 175.0, "verified": true, "bay_ids": ["22520", "22512", "22514", "22513", "22516", "22515", "22517", "22519", "22518"]}, "geometry": {"type": "LineString", "coordinates": [[23.33321073, 42.67232356], [23.33310971, 42.67232935], [23.33303464, 42.67233408], [23.33296251, 42.67233923], [23.3328894, 42.67234397], [23.33281726, 42.67234912], [23.33274491, 42.67235295], [23.3326718, 42.6723577], [23.33256356, 42.67236543]]}}, {"type": "Feature", "properties": {"run_id": "run_0047", "street": "ул. Бигла", "zona": "Зелена зона", "park_txt": "Надлъжн", "capacity": 9, "pitch_m": 5.822, "length_m": 52.92, "bearing_deg": 174.5, "verified": true, "bay_ids": ["22571", "22572", "22570", "22568", "22569", "22567", "22565", "22566", "22564"]}, "geometry": {"type": "LineString", "coordinates": [[23.32998091, 42.67085276], [23.32987489, 42.67085952], [23.32980403, 42.67086412], [23.32973276, 42.67086926], [23.32966204, 42.67087436], [23.32959338, 42.67087931], [23.32952226, 42.67088444], [23.32945147, 42.67088955], [23.32933723, 42.6708978]]}}, {"type": "Feature", "properties": {"run_id": "run_0048", "street": "ул. Симеоново", "zona": "Зелена зона", "park_txt": "Надлъжн", "capacity": 9, "pitch_m": 6.07, "length_m": 54.42, "bearing_deg": 48.7, "verified": true, "bay_ids": ["22796", "22797", "22798", "22799", "22800", "22801", "22802", "22803", "22804"]}, "geometry": {"type": "LineString", "coordinates": [[23.33430636, 42.67230039], [23.33437985, 42.6723618], [23.33442912, 42.67240296], [23.33447836, 42.6724441], [23.33452736, 42.67248503], [23.33457663, 42.67252619], [23.33462359, 42.67256543], [23.33467247, 42.67260625], [23.33474564, 42.67266738]]}}, {"type": "Feature", "properties": {"run_id": "run_0049", "street": "ул. Св. Теодосий Търновски", "zona": "Зелена зона", "park_txt": "Надлъжн", "capacity": 9, "pitch_m": 5.988, "length_m": 53.44, "bearing_deg": 98.1, "verified": true, "bay_ids": ["29608", "29609", "29610", "29611", "29612", "29613", "29614", "29615", "29616"]}, "geometry": {"type": "LineString", "coordinates": [[23.32538737, 42.67368086], [23.32535646, 42.67375826], [23.32534475, 42.67380929], [23.32533426, 42.67386256], [23.32532424, 42.6739159], [23.32531528, 42.67396929], [23.32530685, 42.67402081], [23.32529938, 42.67407317], [23.3252878, 42.67415439]]}}, {"type": "Feature", "properties": {"run_id": "run_0050", "street": "ул. Вишнева", "zona": "Зелена зона", "park_txt": "Надлъжн", "capacity": 8, "pitch_m": 6.092, "length_m": 48.91, "bearing_deg": 14.3, "verified": true, "bay_ids": ["17169", "17170", "17171", "17172", "17173", "17174", "17175", "17176"]}, "geometry": {"type": "LineString", "coordinates": [[23.3309552, 42.67791663], [23.3310663, 42.67793744], [23.33113695, 42.67795068], [23.33120597, 42.67796362], [23.33127606, 42.67797675], [23.33135059, 42.67799071], [23.33142272, 42.67800423], [23.33153429, 42.67802514]]}}, {"type": "Feature", "properties": {"run_id": "run_0051", "street": "ул. Вишнева", "zona": "Зелена зона", "park_txt": "Напречн", "capacity": 8, "pitch_m": 2.237, "length_m": 18.0, "bearing_deg": 26.7, "verified": true, "bay_ids": ["17180", "17181", "17182", "28749", "28750", "28751", "28752", "28753"]}, "geometry": {"type": "LineString", "coordinates": [[23.33176951, 42.67808444], [23.3318087, 42.67809895], [23.33183448, 42.6781085], [23.33186006, 42.67811798], [23.33188447, 42.67812702], [23.33190829, 42.67813584], [23.33193123, 42.67814434], [23.33196594, 42.6781572]]}}, {"type": "Feature", "properties": {"run_id": "run_0052", "street": "ул. Света гора", "zona": "Зелена зона", "park_txt": "Надлъжн", "capacity": 8, "pitch_m": 6.247, "length_m": 49.65, "bearing_deg": 108.3, "verified": true, "bay_ids": ["17570", "17569", "17568", "17567", "17566", "17565", "17564", "17563"]}, "geometry": {"type": "LineString", "coordinates": [[23.32981515, 42.67531888], [23.32977032, 42.67539647], [23.32974221, 42.67545218], [23.32971725, 42.67550169], [23.32969468, 42.67555391], [23.32967353, 42.67560783], [23.32965335, 42.67565929], [23.32962133, 42.67574096]]}}, {"type": "Feature", "properties": {"run_id": "run_0053", "street": "бул. Джеймс Баучер", "zona": "Зелена зона", "park_txt": "Надлъжн", "capacity": 8, "pitch_m": 5.703, "length_m": 45.8, "bearing_deg": 25.9, "verified": true, "bay_ids": ["17582", "17583", "17584", "17585", "17586", "17587", "17588", "17589"]}, "geometry": {"type": "LineString", "coordinates": [[23.3294161, 42.67480908], [23.32950838, 42.67484122], [23.32957422, 42.67486499], [23.32963657, 42.67488724], [23.32969926, 42.67490961], [23.32976347, 42.67493249], [23.32982583, 42.67495475], [23.32991985, 42.6749883]]}}, {"type": "Feature", "properties": {"run_id": "run_0054", "street": "бул. Джеймс Баучер", "zona": "Зелена зона", "park_txt": "Надлъжн", "capacity": 8, "pitch_m": 6.076, "length_m": 49.04, "bearing_deg": 26.0, "verified": true, "bay_ids": ["17715", "17714", "17713", "17712", "17711", "17710", "17709", "17708"]}, "geometry": {"type": "LineString", "coordinates": [[23.33214783, 42.67579875], [23.33224426, 42.67583382], [23.33230747, 42.67585648], [23.33237956, 42.67588232], [23.3324463, 42.67590624], [23.33251139, 42.67592957], [23.33258345, 42.6759554], [23.33268617, 42.67599222]]}}, {"type": "Feature", "properties": {"run_id": "run_0055", "street": "ул. Плачковица", "zona": "Зелена зона", "park_txt": "Надлъжн", "capacity": 8, "pitch_m": 5.772, "length_m": 47.12, "bearing_deg": 86.5, "verified": true, "bay_ids": ["22116", "22115", "22114", "22119", "22118", "22117", "22121", "22120"]}, "geometry": {"type": "LineString", "coordinates": [[23.32623535, 42.67040362], [23.32624217, 42.67048609], [23.32624645, 42.67053785], [23.32625054, 42.6705873], [23.32625525, 42.67064427], [23.32625951, 42.67069578], [23.32626387, 42.67074853], [23.32627029, 42.67082616]]}}, {"type": "Feature", "properties": {"run_id": "run_0056", "street": "ул. Якубица", "zona": "Зелена зона", "park_txt": "Надлъжн", "capacity": 8, "pitch_m": 5.951, "length_m": 47.06, "bearing_deg": 83.1, "verified": true, "bay_ids": ["22361", "22360", "22359", "22358", "22357", "22356", "22355", "22354"]}, "geometry": {"type": "LineString", "coordinates": [[23.32858526, 42.67048962], [23.32859782, 42.67056943], [23.32860666, 42.67062145], [23.32861468, 42.67067238], [23.32862306, 42.67072564], [23.32863265, 42.67077863], [23.32864066, 42.67082955], [23.32865322, 42.67090936]]}}, {"type": "Feature", "properties": {"run_id": "run_0057", "street": "ул. Кораб планина", "zona": "Зелена зона", "park_txt": "Надлъжн", "capacity": 8, "pitch_m": 5.968, "length_m": 47.91, "bearing_deg": 176.8, "verified": true, "bay_ids": ["22388", "22387", "22386", "22385", "22384", "22383", "22382", "22381"]}, "geometry": {"type": "LineString", "coordinates": [[23.32705581, 42.67190929], [23.32694693, 42.67191381], [23.32687144, 42.67191695], [23.32679851, 42.67191998], [23.32672603, 42.67192299], [23.32665323, 42.67192602], [23.3265803, 42.67192905], [23.32647142, 42.67193357]]}}, {"type": "Feature", "properties": {"run_id": "run_0058", "street": "ул. Галичица", "zona": "Зелена зона", "park_txt": "Надлъжн", "capacity": 8, "pitch_m": 6.233, "length_m": 49.51, "bearing_deg": 178.6, "verified": true, "bay_ids": ["22423", "22424", "22421", "22422", "22427", "22428", "22425", "22426"]}, "geometry": {"type": "LineString", "coordinates": [[23.32880172, 42.67260436], [23.32868752, 42.67260665], [23.32861394, 42.67260761], [23.32853781, 42.67260914], [23.32846085, 42.67261079], [23.32838472, 42.67261231], [23.32831113, 42.67261327], [23.32819694, 42.67261556]]}}, {"type": "Feature", "properties": {"run_id": "run_0059", "street": "ул. Галичица", "zona": "Зелена зона", "park_txt": "Надлъжн", "capacity": 8, "pitch_m": 5.937, "length_m": 47.85, "bearing_deg": 174.9, "verified": true, "bay_ids": ["22499", "22501", "22500", "22503", "22502", "22504", "22506", "22505"]}, "geometry": {"type": "LineString", "coordinates": [[23.3323535, 42.67237977], [23.3322423, 42.67238678], [23.33217016, 42.67239193], [23.33209705, 42.67239668], [23.33202491, 42.67240183], [23.33195256, 42.67240565], [23.33187945, 42.6724104], [23.33177122, 42.67241813]]}}, {"type": "Feature", "properties": {"run_id": "run_0060", "street": "ул. Кораб планина", "zona": "Зелена зона", "park_txt": "Надлъжн", "capacity": 8, "pitch_m": 5.964, "length_m": 48.13, "bearing_deg": 173.2, "verified": true, "bay_ids": ["22554", "22553", "22552", "22551", "22550", "22549", "22548", "22547"]}, "geometry": {"type": "LineString", "coordinates": [[23.33245241, 42.67151148], [23.33234568, 42.67152137], [23.33227344, 42.67152783], [23.33219464, 42.67153476], [23.33212377, 42.67154091], [23.33205096, 42.67154723], [23.3319771, 42.67155364], [23.33186854, 42.67156305]]}}, {"type": "Feature", "properties": {"run_id": "run_0061", "street": "бул. Пейо К. Яворов", "zona": "Зелена зона", "park_txt": "Надлъжн", "capacity": 8, "pitch_m": 6.139, "length_m": 48.28, "bearing_deg": 50.2, "verified": true, "bay_ids": ["27031", "27030", "27029", "27028", "27027", "27026", "27024", "27025"]}, "geometry": {"type": "LineString", "coordinates": [[23.33316995, 42.67034898], [23.33324422, 42.67041303], [23.33329036, 42.67045282], [23.33333639, 42.67049252], [23.333384, 42.67053517], [23.33342855, 42.67057525], [23.33347643, 42.67061806], [23.33354776, 42.67068203]]}}, {"type": "Feature", "properties": {"run_id": "run_0062", "street": "ул. Димитър Димов", "zona": "Зелена зона", "park_txt": "Надлъжн", "capacity": 7, "pitch_m": 6.32, "length_m": 43.77, "bearing_deg": 20.3, "verified": true, "bay_ids": ["14792", "14791", "14790", "14789", "14788", "14787", "14786"]}, "geometry": {"type": "LineString", "coordinates": [[23.33114204, 42.67623337], [23.33125128, 42.67626368], [23.33132737, 42.67628469], [23.33139971, 42.67630456], [23.33147108, 42.67632361], [23.33153901, 42.67634174], [23.33164362, 42.67636966]]}}, {"type": "Feature", "properties": {"run_id": "run_0063", "street": "ул. Арх. Йордан Миланов", "zona": "Зелена зона", "park_txt": "Надлъжн", "capacity": 7, "pitch_m": 6.916, "length_m": 47.05, "bearing_deg": 109.5, "verified": true, "bay_ids": ["16330", "16329", "16328", "16327", "16326", "16325", "16324"]}, "geometry": {"type": "LineString", "coordinates": [[23.33346522, 42.67844815], [23.33342748, 42.67852643], [23.33340049, 42.6785829], [23.33337246, 42.67864151], [23.33334552, 42.67869786], [23.33331651, 42.67875698], [23.33327266, 42.67884638]]}}, {"type": "Feature", "properties": {"run_id": "run_0064", "street": "бул. Джеймс Баучер", "zona": "Зелена зона", "park_txt": "Надлъжн", "capacity": 7, "pitch_m": 5.816, "length_m": 41.09, "bearing_deg": 20.7, "verified": true, "bay_ids": ["17417", "17418", "17419", "17420", "17421", "17422", "17423"]}, "geometry": {"type": "LineString", "coordinates": [[23.32672966, 42.67384861], [23.32682887, 42.67387576], [23.32689437, 42.67389369], [23.32695991, 42.67391181], [23.32702628, 42.67393048], [23.32709657, 42.67395029], [23.32719929, 42.67397922]]}}, {"type": "Feature", "properties": {"run_id": "run_0065", "street": "ул. Презвитер Козма", "zona": "Зелена зона", "park_txt": "Надлъжн", "capacity": 7, "pitch_m": 5.926, "length_m": 41.9, "bearing_deg": 11.4, "verified": true, "bay_ids": ["17623", "17624", "17625", "17626", "17627", "17628", "17629"]}, "geometry": {"type": "LineString", "coordinates": [[23.33124052, 42.67676466], [23.33134685, 42.67678008], [23.33142109, 42.67679112], [23.33149502, 42.6768021], [23.33156599, 42.67681265], [23.33163619, 42.67682309], [23.33174245, 42.67683888]]}}, {"type": "Feature", "properties": {"run_id": "run_0066", "street": "ул. Йоан Екзарх", "zona": "Зелена зона", "park_txt": "Надлъжн", "capacity": 7, "pitch_m": 6.051, "length_m": 44.39, "bearing_deg": 154.9, "verified": true, "bay_ids": ["17650", "17649", "17648", "17647", "17651", "17646", "17645"]}, "geometry": {"type": "LineString", "coordinates": [[23.33269096, 42.67611729], [23.33259263, 42.67615117], [23.33252569, 42.67617424], [23.33245993, 42.67619689], [23.33239226, 42.67622021], [23.33229644, 42.67625323], [23.3321998, 42.67628653]]}}, {"type": "Feature", "properties": {"run_id": "run_0067", "street": "бул. Пейо К. Яворов", "zona": "Зелена зона", "park_txt": "Надлъжн", "capacity": 7, "pitch_m": 6.236, "length_m": 44.04, "bearing_deg": 50.0, "verified": true, "bay_ids": ["27010", "27009", "19777", "27011", "27006", "27007", "27008"]}, "geometry": {"type": "LineString", "coordinates": [[23.33493278, 42.67189367], [23.3350093, 42.67196098], [23.3350615, 42.67200689], [23.33511036, 42.67204987], [23.33515729, 42.6720933], [23.33520617, 42.67213413], [23.33528001, 42.67219582]]}}, {"type": "Feature", "properties": {"run_id": "run_0068", "street": "ул. Кричим", "zona": "Зелена зона", "park_txt": "Надлъжн", "capacity": 7, "pitch_m": 5.884, "length_m": 40.64, "bearing_deg": 176.4, "verified": true, "bay_ids": ["21838", "21837", "21839", "21834", "21833", "21836", "21835"]}, "geometry": {"type": "LineString", "coordinates": [[23.32590043, 42.67035346], [23.32578915, 42.67035838], [23.32572283, 42.6703596], [23.32565441, 42.67036628], [23.325579, 42.67036961], [23.32551268, 42.67037083], [23.32540501, 42.67037515]]}}, {"type": "Feature", "properties": {"run_id": "run_0069", "street": "ул. Бигла", "zona": "Зелена зона", "park_txt": "Надлъжн", "capacity": 7, "pitch_m": 6.122, "length_m": 43.57, "bearing_deg": 175.2, "verified": true, "bay_ids": ["22325", "22330", "22329", "22328", "22327", "22326", "22331"]}, "geometry": {"type": "LineString", "coordinates": [[23.32694204, 42.67105291], [23.32681757, 42.67106038], [23.32674091, 42.67106521], [23.32666681, 42.67106988], [23.32659346, 42.6710745], [23.32651892, 42.6710792], [23.32641155, 42.6710851]]}}, {"type": "Feature", "properties": {"run_id": "run_0070", "street": "ул. Кричим", "zona": "Зелена зона", "park_txt": "Надлъжн", "capacity": 7, "pitch_m": 5.916, "length_m": 41.59, "bearing_deg": 177.1, "verified": true, "bay_ids": ["22664", "22660", "22658", "22657", "22659", "22666", "22665"]}, "geometry": {"type": "LineString", "coordinates": [[23.33160181, 42.67004318], [23.33149478, 42.67004714], [23.3314226, 42.67004982], [23.3313519, 42.67005244], [23.33127836, 42.67005516], [23.33120193, 42.670058], [23.33109434, 42.67006229]]}}, {"type": "Feature", "properties": {"run_id": "run_0071", "street": "ул. Златовръх", "zona": "Зелена зона", "park_txt": "Надлъжн", "capacity": 7, "pitch_m": 5.898, "length_m": 42.63, "bearing_deg": 75.5, "verified": true, "bay_ids": ["22734", "22732", "22733", "22730", "22731", "22728", "22729"]}, "geometry": {"type": "LineString", "coordinates": [[23.33358692, 42.67333419], [23.3336202, 42.6734223], [23.333637, 42.67347186], [23.33365607, 42.67352785], [23.33367422, 42.67357913], [23.33369204, 42.67362948], [23.33371865, 42.67370467]]}}, {"type": "Feature", "properties": {"run_id": "run_0072", "street": "пл. Велчова завера", "zona": "Зелена зона", "park_txt": "Напречн", "capacity": 7, "pitch_m": 2.198, "length_m": 15.42, "bearing_deg": 94.4, "verified": true, "bay_ids": ["22758", "22759", "22760", "22761", "22762", "22763", "22764"]}, "geometry": {"type": "LineString", "coordinates": [[23.33383338, 42.67463223], [23.3338299, 42.67466216], [23.33382769, 42.67468161], [23.33382574, 42.67470127], [23.33382408, 42.67472097], [23.33382175, 42.67474106], [23.33381842, 42.67477035]]}}, {"type": "Feature", "properties": {"run_id": "run_0073", "street": "бул. Пейо К. Яворов", "zona": "Зелена зона", "park_txt": "Надлъжн", "capacity": 7, "pitch_m": 6.158, "length_m": 43.79, "bearing_deg": 49.7, "verified": true, "bay_ids": ["31402", "31401", "27021", "27020", "27019", "27017", "27018"]}, "geometry": {"type": "LineString", "coordinates": [[23.33389888, 42.67098424], [23.33397036, 42.67104845], [23.33403052, 42.67109688], [23.33407817, 42.67113969], [23.33412403, 42.67117933], [23.33417143, 42.67122102], [23.33424396, 42.67128481]]}}, {"type": "Feature", "properties": {"run_id": "run_0074", "street": "ул. Св. Теодосий Търновски", "zona": "Зелена зона", "park_txt": "Надлъжн", "capacity": 7, "pitch_m": 5.85, "length_m": 40.74, "bearing_deg": 93.5, "verified": true, "bay_ids": ["29622", "29623", "29624", "29625", "29626", "29627", "29628"]}, "geometry": {"type": "LineString", "coordinates": [[23.3252186, 42.67467335], [23.32521182, 42.67475494], [23.32520746, 42.67480739], [23.3252032, 42.67485872], [23.32519912, 42.67490791], [23.32519432, 42.67495952], [23.32518878, 42.67503862]]}}, {"type": "Feature", "properties": {"run_id": "run_0075", "street": "ул. Св. Теодосий Търновски", "zona": "Зелена зона", "park_txt": "Надлъжн", "capacity": 7, "pitch_m": 5.873, "length_m": 40.8, "bearing_deg": 93.3, "verified": true, "bay_ids": ["29631", "29632", "29633", "29634", "29635", "29636", "29637"]}, "geometry": {"type": "LineString", "coordinates": [[23.32523146, 42.67615875], [23.32523748, 42.67624054], [23.32523726, 42.6762933], [23.32523099, 42.67634397], [23.32522485, 42.67639328], [23.32521847, 42.67644469], [23.3252086, 42.67652416]]}}, {"type": "Feature", "properties": {"run_id": "run_0076", "street": "бул. Христо Смирненски", "zona": "Зелена зона", "park_txt": "Надлъжн", "capacity": 6, "pitch_m": 5.778, "length_m": 34.45, "bearing_deg": 117.0, "verified": true, "bay_ids": ["31315", "31316", "31317", "14634", "14635", "18862"]}, "geometry": {"type": "LineString", "coordinates": [[23.33337487, 42.67686204], [23.33332578, 42.67693312], [23.33329393, 42.67697922], [23.3332618, 42.67702615], [23.3332322, 42.67706849], [23.3331838, 42.67713773]]}}, {"type": "Feature", "properties": {"run_id": "run_0077", "street": "бул. Джеймс Баучер", "zona": "Зелена зона", "park_txt": "Надлъжн", "capacity": 6, "pitch_m": 5.703, "length_m": 34.41, "bearing_deg": 25.8, "verified": true, "bay_ids": ["14771", "17574", "17575", "17576", "17577", "17578"]}, "geometry": {"type": "LineString", "coordinates": [[23.32833104, 42.67442196], [23.32842651, 42.67445579], [23.3284873, 42.67447696], [23.32855314, 42.67450073], [23.32861549, 42.67452298], [23.32870952, 42.67455654]]}}, {"type": "Feature", "properties": {"run_id": "run_0078", "street": "бул. Джеймс Баучер", "zona": "Зелена зона", "park_txt": "Надлъжн", "capacity": 6, "pitch_m": 6.249, "length_m": 37.03, "bearing_deg": 21.0, "verified": true, "bay_ids": ["17388", "17389", "17390", "17391", "17392", "14773"]}, "geometry": {"type": "LineString", "coordinates": [[23.32577151, 42.67358113], [23.32587512, 42.67361037], [23.32594127, 42.67362905], [23.32601348, 42.67364943], [23.32608477, 42.67366956], [23.32619384, 42.67370035]]}}, {"type": "Feature", "properties": {"run_id": "run_0079", "street": "ул. Йоан Екзарх", "zona": "Зелена зона", "park_txt": "Надлъжн", "capacity": 6, "pitch_m": 6.087, "length_m": 36.55, "bearing_deg": 155.0, "verified": true, "bay_ids": ["17640", "17639", "17638", "17637", "17636", "14794"]}, "geometry": {"type": "LineString", "coordinates": [[23.33163722, 42.6765409], [23.33153632, 42.67657588], [23.33146858, 42.67659938], [23.33140013, 42.67662311], [23.3313337, 42.67664615], [23.33123215, 42.67667907]]}}, {"type": "Feature", "properties": {"run_id": "run_0080", "street": "бул. Христо Смирненски", "zona": "Зелена зона", "park_txt": "Надлъжн", "capacity": 6, "pitch_m": 6.534, "length_m": 38.97, "bearing_deg": 117.0, "verified": true, "bay_ids": ["16300", "16299", "16298", "16297", "16296", "16295"]}, "geometry": {"type": "LineString", "coordinates": [[23.33328688, 42.6771422], [23.33323371, 42.67721803], [23.33319591, 42.67727262], [23.33316152, 42.6773223], [23.33312466, 42.67737555], [23.33307034, 42.67745401]]}}, {"type": "Feature", "properties": {"run_id": "run_0081", "street": "ул. Кръстю Сарафов", "zona": "Зелена зона", "park_txt": "Надлъжн", "capacity": 6, "pitch_m": 6.537, "length_m": 39.33, "bearing_deg": 171.1, "verified": true, "bay_ids": ["16942", "16943", "16944", "16945", "16946", "16947"]}, "geometry": {"type": "LineString", "coordinates": [[23.32720988, 42.67861019], [23.32709172, 42.67862412], [23.3270149, 42.67863291], [23.32693478, 42.67864207], [23.32685346, 42.67865137], [23.32673509, 42.67866491]]}}, {"type": "Feature", "properties": {"run_id": "run_0082", "street": "ул. Св. Седмочисленици", "zona": "Зелена зона", "park_txt": "Надлъжн", "capacity": 6, "pitch_m": 5.641, "length_m": 33.92, "bearing_deg": 4.5, "verified": true, "bay_ids": ["17301", "17302", "17303", "17304", "17305", "17308"]}, "geometry": {"type": "LineString", "coordinates": [[23.32440478, 42.67453317], [23.32450785, 42.67453908], [23.32457479, 42.67454292], [23.32463988, 42.67454665], [23.32471057, 42.67455071], [23.32481795, 42.67455686]]}}, {"type": "Feature", "properties": {"run_id": "run_0083", "street": "бул. Джеймс Баучер", "zona": "Зелена зона", "park_txt": "Надлъжн", "capacity": 6, "pitch_m": 5.781, "length_m": 34.77, "bearing_deg": 21.6, "verified": true, "bay_ids": ["17353", "17352", "17351", "17350", "17349", "17348"]}, "geometry": {"type": "LineString", "coordinates": [[23.32472167, 42.67339685], [23.32481676, 42.67342452], [23.32488226, 42.67344357], [23.32494868, 42.6734629], [23.32501816, 42.67348312], [23.32511668, 42.67351178]]}}, {"type": "Feature", "properties": {"run_id": "run_0084", "street": "бул. Джеймс Баучер", "zona": "Зелена зона", "park_txt": "Надлъжн", "capacity": 6, "pitch_m": 5.932, "length_m": 36.62, "bearing_deg": 20.8, "verified": true, "bay_ids": ["17433", "17434", "17432", "17431", "17430", "17429"]}, "geometry": {"type": "LineString", "coordinates": [[23.32781295, 42.67415303], [23.32791485, 42.67418092], [23.32799512, 42.67420313], [23.3280628, 42.67422221], [23.32813042, 42.67424127], [23.32823131, 42.67426971]]}}, {"type": "Feature", "properties": {"run_id": "run_0085", "street": "ул. Йоан Екзарх", "zona": "Зелена зона", "park_txt": "Надлъжн", "capacity": 6, "pitch_m": 6.181, "length_m": 41.0, "bearing_deg": 156.0, "verified": true, "bay_ids": ["17617", "17618", "17619", "17620", "17621", "17622"]}, "geometry": {"type": "LineString", "coordinates": [[23.33095699, 42.67677985], [23.33085643, 42.67681318], [23.3307679, 42.67684216], [23.33066995, 42.67687431], [23.33060098, 42.67689694], [23.33049956, 42.67692999]]}}, {"type": "Feature", "properties": {"run_id": "run_0086", "street": "ул. Презвитер Козма", "zona": "Зелена зона", "park_txt": "Надлъжн", "capacity": 6, "pitch_m": 6.018, "length_m": 36.54, "bearing_deg": 11.4, "verified": true, "bay_ids": ["17635", "17634", "17633", "17632", "17631", "17630"]}, "geometry": {"type": "LineString", "coordinates": [[23.33194879, 42.67686955], [23.33206153, 42.6768863], [23.3321317, 42.67689673], [23.3322034, 42.67690739], [23.33227825, 42.67691852], [23.33238637, 42.67693459]]}}, {"type": "Feature", "properties": {"run_id": "run_0087", "street": "бул. Джеймс Баучер", "zona": "Зелена зона", "park_txt": "Надлъжн", "capacity": 6, "pitch_m": 6.438, "length_m": 38.73, "bearing_deg": 26.3, "verified": true, "bay_ids": ["17735", "17736", "17737", "17738", "17739", "17740"]}, "geometry": {"type": "LineString", "coordinates": [[23.33016864, 42.67508132], [23.3302794, 42.67512153], [23.33035573, 42.67514982], [23.33042072, 42.67517373], [23.33048718, 42.67519681], [23.33059301, 42.67523516]]}}, {"type": "Feature", "properties": {"run_id": "run_0088", "street": "ул. Кричим", "zona": "Зелена зона", "park_txt": "Напречн", "capacity": 6, "pitch_m": 2.351, "length_m": 14.07, "bearing_deg": 87.2, "verified": true, "bay_ids": ["21844", "21843", "21842", "21850", "21849", "21848"]}, "geometry": {"type": "LineString", "coordinates": [[23.32619124, 42.67040206], [23.32619381, 42.67043446], [23.32619576, 42.67045553], [23.32619577, 42.67047476], [23.32619751, 42.67049662], [23.32620043, 42.67052822]]}}, {"type": "Feature", "properties": {"run_id": "run_0089", "street": "ул. Кричим", "zona": "Зелена зона", "park_txt": "Напречн", "capacity": 6, "pitch_m": 2.351, "length_m": 14.07, "bearing_deg": 87.2, "verified": true, "bay_ids": ["21847", "21846", "21845", "21853", "21852", "21851"]}, "geometry": {"type": "LineString", "coordinates": [[23.32615479, 42.67040261], [23.32615736, 42.67043501], [23.32615931, 42.67045607], [23.32615932, 42.6704753], [23.32616106, 42.67049716], [23.32616398, 42.67052876]]}}, {"type": "Feature", "properties": {"run_id": "run_0090", "street": "ул. Якубица", "zona": "Зелена зона", "park_txt": "Надлъжн", "capacity": 6, "pitch_m": 5.865, "length_m": 35.11, "bearing_deg": 83.4, "verified": true, "bay_ids": ["22368", "22367", "22366", "22365", "22364", "22363"]}, "geometry": {"type": "LineString", "coordinates": [[23.32848414, 42.66985488], [23.32849601, 42.66993165], [23.32850434, 42.66998556], [23.328513, 42.67003786], [23.32852101, 42.67008878], [23.32853351, 42.67016821]]}}, {"type": "Feature", "properties": {"run_id": "run_0091", "street": "ул. Кораб планина", "zona": "Зелена зона", "park_txt": "Надлъжн", "capacity": 6, "pitch_m": 6.001, "length_m": 36.07, "bearing_deg": 173.3, "verified": true, "bay_ids": ["22543", "22542", "22541", "22540", "22539", "22538"]}, "geometry": {"type": "LineString", "coordinates": [[23.33172745, 42.67157655], [23.33162018, 42.67158585], [23.33154736, 42.67159217], [23.3314735, 42.67159857], [23.33140113, 42.67160485], [23.33128975, 42.67161451]]}}, {"type": "Feature", "properties": {"run_id": "run_0092", "street": "ул. Бигла", "zona": "Зелена зона", "park_txt": "Надлъжн", "capacity": 6, "pitch_m": 5.816, "length_m": 34.76, "bearing_deg": 174.6, "verified": true, "bay_ids": ["22577", "22578", "22576", "22574", "22575", "22573"]}, "geometry": {"type": "LineString", "coordinates": [[23.33054198, 42.67081605], [23.330436, 42.67082281], [23.33036514, 42.6708274], [23.33029387, 42.67083255], [23.33022315, 42.67083765], [23.33011913, 42.67084515]]}}, {"type": "Feature", "properties": {"run_id": "run_0093", "street": "ул. Кричим", "zona": "Зелена зона", "park_txt": "Надлъжн", "capacity": 6, "pitch_m": 5.981, "length_m": 35.99, "bearing_deg": 176.8, "verified": true, "bay_ids": ["22670", "22668", "22667", "22669", "22672", "22671"]}, "geometry": {"type": "LineString", "coordinates": [[23.33094578, 42.67006848], [23.33083724, 42.67007296], [23.3307655, 42.67007593], [23.33069244, 42.67007894], [23.33061615, 42.67008209], [23.33050671, 42.67008662]]}}, {"type": "Feature", "properties": {"run_id": "run_0094", "street": "ул. Васил Кирков", "zona": "Зелена зона", "park_txt": "Надлъжн", "capacity": 6, "pitch_m": 5.945, "length_m": 37.71, "bearing_deg": 124.6, "verified": true, "bay_ids": ["22776", "22775", "22774", "22773", "22772", "22771"]}, "geometry": {"type": "LineString", "coordinates": [[23.33475181, 42.67275813], [23.33467543, 42.67283986], [23.33463221, 42.67288449], [23.33459181, 42.67292817], [23.33455213, 42.67297106], [23.33449085, 42.67303729]]}}, {"type": "Feature", "properties": {"run_id": "run_0095", "street": "ул. Милин камък", "zona": "Зелена зона", "park_txt": "Надлъжн", "capacity": 6, "pitch_m": 5.999, "length_m": 35.7, "bearing_deg": 119.1, "verified": true, "bay_ids": ["29563", "29558", "29559", "29560", "29561", "29562"]}, "geometry": {"type": "LineString", "coordinates": [[23.32786662, 42.67491578], [23.32781633, 42.67498504], [23.32778076, 42.67503177], [23.32774497, 42.6750788], [23.32770915, 42.67512586], [23.32765546, 42.6751964]]}}, {"type": "Feature", "properties": {"run_id": "run_0096", "street": "ул. Вишнева", "zona": "Зелена зона", "park_txt": "Надлъжн", "capacity": 5, "pitch_m": 6.205, "length_m": 30.74, "bearing_deg": 15.0, "verified": true, "bay_ids": ["16306", "16307", "16308", "16309", "16310"]}, "geometry": {"type": "LineString", "coordinates": [[23.33298177, 42.67829696], [23.33308874, 42.67831805], [23.33316218, 42.67833252], [23.33323541, 42.67834696], [23.3333446, 42.67836847]]}}, {"type": "Feature", "properties": {"run_id": "run_0097", "street": "ул. Бряст", "zona": "Зелена зона", "park_txt": "Надлъжн", "capacity": 5, "pitch_m": 6.478, "length_m": 31.84, "bearing_deg": 26.6, "verified": true, "bay_ids": ["17121", "17122", "17123", "17124", "17125"]}, "geometry": {"type": "LineString", "coordinates": [[23.3291851, 42.67808932], [23.32929201, 42.67812864], [23.3293628, 42.67815468], [23.32943291, 42.67818047], [23.32953304, 42.6782173]]}}, {"type": "Feature", "properties": {"run_id": "run_0098", "street": "бул. Джеймс Баучер", "zona": "Зелена зона", "park_txt": "Надлъжн", "capacity": 5, "pitch_m": 6.255, "length_m": 30.6, "bearing_deg": 20.8, "verified": true, "bay_ids": ["17381", "17382", "17383", "17384", "17385"]}, "geometry": {"type": "LineString", "coordinates": [[23.32583206, 42.67371371], [23.32593586, 42.67374266], [23.3260021, 42.67376113], [23.32607449, 42.67378132], [23.32618167, 42.67381122]]}}, {"type": "Feature", "properties": {"run_id": "run_0099", "street": "бул. Джеймс Баучер", "zona": "Зелена зона", "park_txt": "Надлъжн", "capacity": 5, "pitch_m": 6.095, "length_m": 29.9, "bearing_deg": 20.9, "verified": true, "bay_ids": ["17424", "17425", "17426", "17427", "17428"]}, "geometry": {"type": "LineString", "coordinates": [[23.32724817, 42.6739938], [23.32734857, 42.67402155], [23.32741494, 42.67404023], [23.32748523, 42.67406004], [23.32758954, 42.67408941]]}}, {"type": "Feature", "properties": {"run_id": "run_0100", "street": "ул. Презвитер Козма", "zona": "Зелена зона", "park_txt": "Надлъжн", "capacity": 5, "pitch_m": 5.995, "length_m": 29.76, "bearing_deg": 31.6, "verified": true, "bay_ids": ["17500", "17501", "17502", "17503", "17504"]}, "geometry": {"type": "LineString", "coordinates": [[23.3272712, 42.67574132], [23.32736479, 42.67578362], [23.32742436, 42.67581055], [23.32748493, 42.67583793], [23.32758095, 42.67588132]]}}, {"type": "Feature", "properties": {"run_id": "run_0101", "street": "ул. Презвитер Козма", "zona": "Зелена зона", "park_txt": "Надлъжн", "capacity": 5, "pitch_m": 5.778, "length_m": 29.08, "bearing_deg": 31.4, "verified": true, "bay_ids": ["17506", "17507", "17508", "17509", "17505"]}, "geometry": {"type": "LineString", "coordinates": [[23.327622, 42.67589988], [23.32771509, 42.67594196], [23.32777525, 42.67596912], [23.32783554, 42.67599596], [23.32792533, 42.67603595]]}}, {"type": "Feature", "properties": {"run_id": "run_0102", "street": "бул. Джеймс Баучер", "zona": "Зелена зона", "park_txt": "Надлъжн", "capacity": 5, "pitch_m": 4.773, "length_m": 23.72, "bearing_deg": 26.3, "verified": true, "bay_ids": ["17704", "17705", "17706", "17702", "17703"]}, "geometry": {"type": "LineString", "coordinates": [[23.33214963, 42.67567825], [23.33222803, 42.67570677], [23.33228206, 42.67572643], [23.33233171, 42.6757445], [23.33240936, 42.67577275]]}}, {"type": "Feature", "properties": {"run_id": "run_0103", "street": "ул. Кораб планина", "zona": "Зелена зона", "park_txt": "Надлъжн", "capacity": 5, "pitch_m": 6.417, "length_m": 32.98, "bearing_deg": 176.4, "verified": true, "bay_ids": ["19623", "22032", "22031", "22030", "26910"]}, "geometry": {"type": "LineString", "coordinates": [[23.32623302, 42.67194305], [23.32610062, 42.67194763], [23.32602232, 42.67195063], [23.32594666, 42.67195539], [23.32583089, 42.67196106]]}}, {"type": "Feature", "properties": {"run_id": "run_0104", "street": "междублоково - ул. Галичица", "zona": "Зелена зона", "park_txt": "Напречн", "capacity": 5, "pitch_m": 2.125, "length_m": 10.39, "bearing_deg": 111.1, "verified": true, "bay_ids": ["22075", "22074", "22073", "22072", "22076"]}, "geometry": {"type": "LineString", "coordinates": [[23.32462004, 42.67283985], [23.32460721, 42.67286688], [23.32459757, 42.67288536], [23.32458832, 42.67290203], [23.32457483, 42.67292701]]}}, {"type": "Feature", "properties": {"run_id": "run_0105", "street": "ул. Бигла", "zona": "Зелена зона", "park_txt": "Надлъжн", "capacity": 5, "pitch_m": 6.087, "length_m": 30.07, "bearing_deg": 175.2, "verified": true, "bay_ids": ["22335", "22334", "22333", "22332", "22336"]}, "geometry": {"type": "LineString", "coordinates": [[23.32752206, 42.6710161], [23.32741092, 42.67102311], [23.32733757, 42.67102773], [23.32726303, 42.67103242], [23.32715588, 42.67103831]]}}, {"type": "Feature", "properties": {"run_id": "run_0106", "street": "ул. Галичица", "zona": "Зелена зона", "park_txt": "Надлъжн", "capacity": 5, "pitch_m": 6.026, "length_m": 30.16, "bearing_deg": 174.9, "verified": true, "bay_ids": ["22509", "22507", "22510", "22508", "22511"]}, "geometry": {"type": "LineString", "coordinates": [[23.33140032, 42.67244242], [23.33129029, 42.67244935], [23.33121522, 42.67245408], [23.33114309, 42.67245923], [23.33103331, 42.67246635]]}}, {"type": "Feature", "properties": {"run_id": "run_0107", "street": "ул. Бабуна планина", "zona": "Зелена зона", "park_txt": "Надлъжн", "capacity": 5, "pitch_m": 5.93, "length_m": 29.48, "bearing_deg": 82.1, "verified": true, "bay_ids": ["22524", "22527", "22526", "22525", "22528"]}, "geometry": {"type": "LineString", "coordinates": [[23.33086032, 42.67211284], [23.3308755, 42.67219308], [23.33088508, 42.67224371], [23.33089507, 42.67229647], [23.33090995, 42.6723751]]}}, {"type": "Feature", "properties": {"run_id": "run_0108", "street": "ул. Златовръх", "zona": "Зелена зона", "park_txt": "Надлъжн", "capacity": 5, "pitch_m": 5.973, "length_m": 29.32, "bearing_deg": 66.9, "verified": true, "bay_ids": ["22690", "22691", "22692", "22693", "22694"]}, "geometry": {"type": "LineString", "coordinates": [[23.33233067, 42.67016911], [23.33237837, 42.67024154], [23.33240651, 42.67028894], [23.33243239, 42.67033993], [23.33247444, 42.67041024]]}}, {"type": "Feature", "properties": {"run_id": "run_0109", "street": "ул. Златовръх", "zona": "Зелена зона", "park_txt": "Надлъжн", "capacity": 5, "pitch_m": 6.12, "length_m": 30.03, "bearing_deg": 66.0, "verified": true, "bay_ids": ["22697", "22698", "22699", "29959", "22700"]}, "geometry": {"type": "LineString", "coordinates": [[23.33257194, 42.67077092], [23.3326176, 42.67084624], [23.33264503, 42.67089149], [23.33267761, 42.67094523], [23.33272129, 42.6710173]]}}, {"type": "Feature", "properties": {"run_id": "run_0110", "street": "ул. Златовръх", "zona": "Зелена зона", "park_txt": "Напречн", "capacity": 5, "pitch_m": 2.433, "length_m": 11.87, "bearing_deg": 75.6, "verified": true, "bay_ids": ["22708", "22706", "22707", "22704", "22705"]}, "geometry": {"type": "LineString", "coordinates": [[23.33281505, 42.67127728], [23.33282461, 42.67130756], [23.33283228, 42.67132868], [23.33283923, 42.67134891], [23.33285073, 42.67138059]]}}, {"type": "Feature", "properties": {"run_id": "run_0111", "street": "ул. Златовръх", "zona": "Зелена зона", "park_txt": "Надлъжн", "capacity": 5, "pitch_m": 5.857, "length_m": 29.16, "bearing_deg": 75.7, "verified": true, "bay_ids": ["22714", "22711", "22712", "22709", "22710"]}, "geometry": {"type": "LineString", "coordinates": [[23.33310225, 42.67198216], [23.33313148, 42.6720581], [23.33314828, 42.67210766], [23.33316603, 42.67216067], [23.33319148, 42.67223576]]}}, {"type": "Feature", "properties": {"run_id": "run_0112", "street": "ул. Златовръх", "zona": "Зелена зона", "park_txt": "Надлъжн", "capacity": 5, "pitch_m": 5.791, "length_m": 28.97, "bearing_deg": 75.4, "verified": true, "bay_ids": ["22737", "22738", "22735", "22736", "22739"]}, "geometry": {"type": "LineString", "coordinates": [[23.33376963, 42.6738469], [23.33379669, 42.67392335], [23.33381451, 42.67397369], [23.33383205, 42.67402325], [23.33385881, 42.67409873]]}}, {"type": "Feature", "properties": {"run_id": "run_0113", "street": "ул. Милин камък", "zona": "Зелена зона", "park_txt": "Надлъжн", "capacity": 5, "pitch_m": 5.999, "length_m": 29.96, "bearing_deg": 119.2, "verified": true, "bay_ids": ["29551", "29552", "29553", "29554", "29555"]}, "geometry": {"type": "LineString", "coordinates": [[23.32822612, 42.67444129], [23.32817266, 42.67451153], [23.32813686, 42.67455856], [23.32810104, 42.67460562], [23.32804735, 42.67467616]]}}, {"type": "Feature", "properties": {"run_id": "run_0114", "street": "ул. Милин камък", "zona": "Зелена зона", "park_txt": "Надлъжн", "capacity": 5, "pitch_m": 6.004, "length_m": 29.37, "bearing_deg": 81.2, "verified": true, "bay_ids": ["29591", "29587", "29588", "29589", "29590"]}, "geometry": {"type": "LineString", "coordinates": [[23.32683175, 42.67671213], [23.32684437, 42.67678968], [23.32685271, 42.67684326], [23.32686527, 42.67689325], [23.32688795, 42.67697246]]}}, {"type": "Feature", "properties": {"run_id": "run_0115", "street": "ул. Йосиф Петров", "zona": "Зелена зона", "park_txt": "Надлъжн", "capacity": 5, "pitch_m": 8.653, "length_m": 37.86, "bearing_deg": 4.5, "verified": true, "bay_ids": ["30752", "30753", "30754", "30765", "30764"]}, "geometry": {"type": "LineString", "coordinates": [[23.33416104, 42.67634086], [23.33432302, 42.67635011], [23.33442842, 42.67635626], [23.33449764, 42.67636015], [23.33462221, 42.67636717]]}}, {"type": "Feature", "properties": {"run_id": "run_0116", "street": "ул. Митрополит Кирил Видински", "zona": "Зелена зона", "park_txt": "Надлъжн", "capacity": 4, "pitch_m": 7.091, "length_m": 28.07, "bearing_deg": 93.5, "verified": true, "bay_ids": ["14683", "14684", "14685", "14686"]}, "geometry": {"type": "LineString", "coordinates": [[23.33603565, 42.67831721], [23.33602912, 42.67841729], [23.33602284, 42.67848083], [23.33601566, 42.6785689]]}}, {"type": "Feature", "properties": {"run_id": "run_0117", "street": "ул. Митрополит Кирил Видински", "zona": "Зелена зона", "park_txt": "Надлъжн", "capacity": 4, "pitch_m": 6.155, "length_m": 24.66, "bearing_deg": 93.8, "verified": true, "bay_ids": ["14687", "14688", "14689", "14690"]}, "geometry": {"type": "LineString", "coordinates": [[23.33601366, 42.67859358], [23.33600691, 42.67867637], [23.33600138, 42.67873112], [23.33599458, 42.67881465]]}}, {"type": "Feature", "properties": {"run_id": "run_0118", "street": "ул. Кръстю Сарафов", "zona": "Зелена зона", "park_txt": "Надлъжн", "capacity": 4, "pitch_m": 6.301, "length_m": 25.87, "bearing_deg": 16.9, "verified": true, "bay_ids": ["14733", "14734", "14735", "16952"]}, "geometry": {"type": "LineString", "coordinates": [[23.32760167, 42.67856166], [23.3277242, 42.6785798], [23.32779539, 42.67859848], [23.32790415, 42.67862702]]}}, {"type": "Feature", "properties": {"run_id": "run_0119", "street": "ул. Кръстю Сарафов", "zona": "Зелена зона", "park_txt": "Надлъжн", "capacity": 4, "pitch_m": 6.301, "length_m": 27.16, "bearing_deg": 19.6, "verified": true, "bay_ids": ["14736", "16953", "16954", "16955"]}, "geometry": {"type": "LineString", "coordinates": [[23.32795348, 42.67863997], [23.32808608, 42.67867477], [23.32815726, 42.67869345], [23.32826602, 42.67872199]]}}, {"type": "Feature", "properties": {"run_id": "run_0120", "street": "ул. Св. Седмочисленици", "zona": "Зелена зона", "park_txt": "Надлъжн", "capacity": 4, "pitch_m": 6.097, "length_m": 24.81, "bearing_deg": 4.0, "verified": true, "bay_ids": ["14768", "14767", "14766", "14765"]}, "geometry": {"type": "LineString", "coordinates": [[23.32487721, 42.67455984], [23.32499504, 42.6745659], [23.32506936, 42.67456973], [23.32517963, 42.67457541]]}}, {"type": "Feature", "properties": {"run_id": "run_0121", "street": "бул. Джеймс Баучер", "zona": "Зелена зона", "park_txt": "Надлъжн", "capacity": 4, "pitch_m": 5.045, "length_m": 20.5, "bearing_deg": 26.4, "verified": true, "bay_ids": ["14797", "17734", "17733", "17732"]}, "geometry": {"type": "LineString", "coordinates": [[23.33077303, 42.67530006], [23.33086714, 42.67533384], [23.33092205, 42.67535445], [23.33099769, 42.6753814]]}}, {"type": "Feature", "properties": {"run_id": "run_0122", "street": "ул. Кръстю Сарафов", "zona": "Зелена зона", "park_txt": "Надлъжн", "capacity": 4, "pitch_m": 6.703, "length_m": 26.95, "bearing_deg": 166.7, "verified": true, "bay_ids": ["16941", "16940", "16939", "16938"]}, "geometry": {"type": "LineString", "coordinates": [[23.32625116, 42.67873914], [23.32612562, 42.67876097], [23.32604592, 42.67877482], [23.32593071, 42.67879485]]}}, {"type": "Feature", "properties": {"run_id": "run_0123", "street": "ул. Йоан Екзарх", "zona": "Зелена зона", "park_txt": "Надлъжн", "capacity": 4, "pitch_m": 6.855, "length_m": 27.08, "bearing_deg": 178.5, "verified": true, "bay_ids": ["16999", "17000", "17001", "17002"]}, "geometry": {"type": "LineString", "coordinates": [[23.32504842, 42.67727712], [23.32492873, 42.67727936], [23.324845, 42.67728093], [23.32471767, 42.67728331]]}}, {"type": "Feature", "properties": {"run_id": "run_0124", "street": "ул. Света гора", "zona": "Зелена зона", "park_txt": "Надлъжн", "capacity": 4, "pitch_m": 7.029, "length_m": 27.53, "bearing_deg": 108.4, "verified": true, "bay_ids": ["17116", "17117", "17118", "17119"]}, "geometry": {"type": "LineString", "coordinates": [[23.32954358, 42.67829204], [23.32950608, 42.67837497], [23.32947899, 42.67843489], [23.32943739, 42.67852673]]}}, {"type": "Feature", "properties": {"run_id": "run_0125", "street": "бул. Джеймс Баучер", "zona": "Зелена зона", "park_txt": "Надлъжн", "capacity": 4, "pitch_m": 5.673, "length_m": 22.85, "bearing_deg": 25.8, "verified": true, "bay_ids": ["17590", "17591", "17592", "17593"]}, "geometry": {"type": "LineString", "coordinates": [[23.32840823, 42.67432731], [23.32850034, 42.67435939], [23.32856618, 42.67438316], [23.32865971, 42.67441654]]}}, {"type": "Feature", "properties": {"run_id": "run_0126", "street": "ул. Йоан Екзарх", "zona": "Зелена зона", "park_txt": "Надлъжн", "capacity": 4, "pitch_m": 5.639, "length_m": 22.45, "bearing_deg": 154.6, "verified": true, "bay_ids": ["17644", "17643", "17642", "17641"]}, "geometry": {"type": "LineString", "coordinates": [[23.33215789, 42.67630074], [23.33206745, 42.67633256], [23.3320053, 42.67635442], [23.33191001, 42.67638716]]}}, {"type": "Feature", "properties": {"run_id": "run_0127", "street": "ул. Якубица", "zona": "Зелена зона", "park_txt": "Надлъжн", "capacity": 4, "pitch_m": 5.764, "length_m": 23.1, "bearing_deg": 87.0, "verified": true, "bay_ids": ["22477", "22479", "22478", "19881"]}, "geometry": {"type": "LineString", "coordinates": [[23.32886814, 42.67229703], [23.32887363, 42.67237516], [23.32887725, 42.67242671], [23.3288827, 42.67250427]]}}, {"type": "Feature", "properties": {"run_id": "run_0128", "street": "ул. Галичица", "zona": "Зелена зона", "park_txt": "Надлъжн", "capacity": 4, "pitch_m": 6.281, "length_m": 25.05, "bearing_deg": 178.3, "verified": true, "bay_ids": ["22069", "22068", "22067", "22071"]}, "geometry": {"type": "LineString", "coordinates": [[23.32467876, 42.67267715], [23.32456201, 42.67268001], [23.32448532, 42.67268188], [23.32437287, 42.67268366]]}}, {"type": "Feature", "properties": {"run_id": "run_0129", "street": "ул. Галичица", "zona": "Зелена зона", "park_txt": "Надлъжн", "capacity": 4, "pitch_m": 6.233, "length_m": 24.72, "bearing_deg": 178.7, "verified": true, "bay_ids": ["22133", "22134", "22131", "22132"]}, "geometry": {"type": "LineString", "coordinates": [[23.32639622, 42.67264707], [23.32628202, 42.67264935], [23.32620844, 42.67265031], [23.32609425, 42.67265259]]}}, {"type": "Feature", "properties": {"run_id": "run_0130", "street": "ул. Кораб планина", "zona": "Зелена зона", "park_txt": "Надлъжн", "capacity": 4, "pitch_m": 6.113, "length_m": 25.81, "bearing_deg": 173.1, "verified": true, "bay_ids": ["22404", "22403", "22402", "22401"]}, "geometry": {"type": "LineString", "coordinates": [[23.32924095, 42.6717953], [23.32913155, 42.6718051], [23.32905741, 42.67181173], [23.32892787, 42.67182333]]}}, {"type": "Feature", "properties": {"run_id": "run_0131", "street": "ул. Якубица", "zona": "Зелена зона", "park_txt": "Надлъжн", "capacity": 4, "pitch_m": 5.861, "length_m": 23.16, "bearing_deg": 109.0, "verified": true, "bay_ids": ["22457", "22456", "22455", "22454"]}, "geometry": {"type": "LineString", "coordinates": [[23.3283603, 42.67403977], [23.32832651, 42.67411204], [23.32830323, 42.67416183], [23.32826829, 42.67423656]]}}, {"type": "Feature", "properties": {"run_id": "run_0132", "street": "ул. Якубица", "zona": "Зелена зона", "park_txt": "Надлъжн", "capacity": 4, "pitch_m": 5.861, "length_m": 23.16, "bearing_deg": 109.0, "verified": true, "bay_ids": ["22461", "22460", "22459", "22458"]}, "geometry": {"type": "LineString", "coordinates": [[23.32847502, 42.67379441], [23.32844123, 42.67386668], [23.32841795, 42.67391646], [23.32838301, 42.67399119]]}}, {"type": "Feature", "properties": {"run_id": "run_0133", "street": "ул. Якубица", "zona": "Зелена зона", "park_txt": "Надлъжн", "capacity": 4, "pitch_m": 5.706, "length_m": 22.85, "bearing_deg": 101.9, "verified": true, "bay_ids": ["22470", "22469", "22468", "22467"]}, "geometry": {"type": "LineString", "coordinates": [[23.32882778, 42.67291278], [23.32880933, 42.67298737], [23.32879569, 42.67303763], [23.32876972, 42.6731135]]}}, {"type": "Feature", "properties": {"run_id": "run_0134", "street": "ул. Якубица", "zona": "Зелена зона", "park_txt": "Надлъжн", "capacity": 4, "pitch_m": 5.707, "length_m": 22.99, "bearing_deg": 83.5, "verified": true, "bay_ids": ["22474", "22473", "22472", "22476"]}, "geometry": {"type": "LineString", "coordinates": [[23.32881291, 42.67192929], [23.32882493, 42.67200568], [23.32883331, 42.67205894], [23.32884477, 42.67213447]]}}, {"type": "Feature", "properties": {"run_id": "run_0135", "street": "ул. Бабуна планина", "zona": "Зелена зона", "park_txt": "Надлъжн", "capacity": 4, "pitch_m": 5.681, "length_m": 22.93, "bearing_deg": 82.6, "verified": true, "bay_ids": ["22534", "22533", "22532", "22535"]}, "geometry": {"type": "LineString", "coordinates": [[23.33072125, 42.67139292], [23.33073543, 42.67146876], [23.33074379, 42.67151711], [23.33075773, 42.67159716]]}}, {"type": "Feature", "properties": {"run_id": "run_0136", "street": "ул. Златовръх", "zona": "Зелена зона", "park_txt": "Надлъжн", "capacity": 4, "pitch_m": 5.978, "length_m": 23.82, "bearing_deg": 66.0, "verified": true, "bay_ids": ["22685", "22686", "22687", "31153"]}, "geometry": {"type": "LineString", "coordinates": [[23.3323776, 42.67043797], [23.33242218, 42.67051155], [23.33245232, 42.6705613], [23.33249601, 42.67063341]]}}, {"type": "Feature", "properties": {"run_id": "run_0137", "street": "пл. Велчова завера", "zona": "Зелена зона", "park_txt": "Надлъжн", "capacity": 4, "pitch_m": 5.93, "length_m": 23.9, "bearing_deg": 94.7, "verified": true, "bay_ids": ["22744", "22743", "22742", "22741"]}, "geometry": {"type": "LineString", "coordinates": [[23.33410719, 42.67597555], [23.33409651, 42.67605472], [23.33409096, 42.67610783], [23.33408261, 42.67618951]]}}, {"type": "Feature", "properties": {"run_id": "run_0138", "street": "ул. Васил Кирков", "zona": "Зелена зона", "park_txt": "Надлъжн", "capacity": 4, "pitch_m": 5.88, "length_m": 23.48, "bearing_deg": 124.2, "verified": true, "bay_ids": ["22769", "22768", "22767", "22766"]}, "geometry": {"type": "LineString", "coordinates": [[23.33405456, 42.67349302], [23.33399395, 42.67355853], [23.33395427, 42.67360142], [23.33389322, 42.67366741]]}}, {"type": "Feature", "properties": {"run_id": "run_0139", "street": "ул. Милин камък", "zona": "Зелена зона", "park_txt": "Надлъжн", "capacity": 4, "pitch_m": 5.999, "length_m": 24.0, "bearing_deg": 119.2, "verified": true, "bay_ids": ["29565", "29566", "29567", "29568"]}, "geometry": {"type": "LineString", "coordinates": [[23.32744419, 42.67547703], [23.3273905, 42.67554757], [23.32735468, 42.67559464], [23.32730099, 42.67566517]]}}, {"type": "Feature", "properties": {"run_id": "run_0140", "street": "ул. Св. Теодосий Търновски", "zona": "Зелена зона", "park_txt": "Надлъжн", "capacity": 4, "pitch_m": 5.86, "length_m": 23.49, "bearing_deg": 96.7, "verified": true, "bay_ids": ["29617", "29618", "29619", "29620"]}, "geometry": {"type": "LineString", "coordinates": [[23.32527963, 42.67422189], [23.32526628, 42.6743014], [23.32525785, 42.67435292], [23.32524665, 42.67443146]]}}, {"type": "Feature", "properties": {"run_id": "run_0141", "street": "бул. Христо Смирненски", "zona": "Зелена зона", "park_txt": "Надлъжн", "capacity": 3, "pitch_m": 5.933, "length_m": 17.62, "bearing_deg": 116.9, "verified": false, "bay_ids": ["14647", "14648", "14649"]}, "geometry": {"type": "LineString", "coordinates": [[23.33262911, 42.67793766], [23.33258085, 42.67800751], [23.33253162, 42.67807879]]}}, {"type": "Feature", "properties": {"run_id": "run_0142", "street": "ул. Арх. Йордан Миланов", "zona": "Зелена зона", "park_txt": "Надлъжн", "capacity": 3, "pitch_m": 6.761, "length_m": 20.16, "bearing_deg": 85.8, "verified": false, "bay_ids": ["16260", "16261", "16262"]}, "geometry": {"type": "LineString", "coordinates": [[23.33415434, 42.67673631], [23.33416321, 42.67682717], [23.33417237, 42.67691692]]}}, {"type": "Feature", "properties": {"run_id": "run_0143", "street": "бул. Христо Смирненски", "zona": "Зелена зона", "park_txt": "Надлъжн", "capacity": 3, "pitch_m": 5.933, "length_m": 17.62, "bearing_deg": 116.9, "verified": false, "bay_ids": ["16286", "16287", "16288"]}, "geometry": {"type": "LineString", "coordinates": [[23.33271496, 42.67796396], [23.3326667, 42.67803381], [23.33261747, 42.67810509]]}}, {"type": "Feature", "properties": {"run_id": "run_0144", "street": "бул. Христо Смирненски", "zona": "Зелена зона", "park_txt": "Надлъжн", "capacity": 3, "pitch_m": 5.933, "length_m": 17.62, "bearing_deg": 116.9, "verified": false, "bay_ids": ["16289", "16290", "16291"]}, "geometry": {"type": "LineString", "coordinates": [[23.3328987, 42.6777008], [23.33285044, 42.67777066], [23.33280121, 42.67784193]]}}, {"type": "Feature", "properties": {"run_id": "run_0145", "street": "бул. Христо Смирненски", "zona": "Зелена зона", "park_txt": "Надлъжн", "capacity": 3, "pitch_m": 8.12, "length_m": 22.1, "bearing_deg": 117.0, "verified": false, "bay_ids": ["16294", "16293", "16292"]}, "geometry": {"type": "LineString", "coordinates": [[23.33303967, 42.67749832], [23.33298471, 42.6775777], [23.3329172, 42.67767522]]}}, {"type": "Feature", "properties": {"run_id": "run_0146", "street": "бул. Христо Смирненски", "zona": "Зелена зона", "park_txt": "Надлъжн", "capacity": 3, "pitch_m": 7.878, "length_m": 22.45, "bearing_deg": 117.4, "verified": false, "bay_ids": ["31319", "31318", "16301"]}, "geometry": {"type": "LineString", "coordinates": [[23.33343711, 42.67693084], [23.33337562, 42.67701498], [23.33331059, 42.67710975]]}}, {"type": "Feature", "properties": {"run_id": "run_0147", "street": "бул. Христо Смирненски", "zona": "Зелена зона", "park_txt": "Надлъжн", "capacity": 3, "pitch_m": 6.232, "length_m": 18.32, "bearing_deg": 117.0, "verified": false, "bay_ids": ["16353", "16352", "16351"]}, "geometry": {"type": "LineString", "coordinates": [[23.33215034, 42.67862833], [23.33209852, 42.67870317], [23.33204877, 42.67877501]]}}, {"type": "Feature", "properties": {"run_id": "run_0148", "street": "бул. Христо Смирненски", "zona": "Зелена зона", "park_txt": "Надлъжн", "capacity": 3, "pitch_m": 8.369, "length_m": 22.91, "bearing_deg": 115.7, "verified": false, "bay_ids": ["16354", "16355", "16356"]}, "geometry": {"type": "LineString", "coordinates": [[23.33243751, 42.67820797], [23.33237935, 42.67829055], [23.33231547, 42.67839308]]}}, {"type": "Feature", "properties": {"run_id": "run_0149", "street": "бул. Христо Смирненски", "zona": "Зелена зона", "park_txt": "Надлъжн", "capacity": 3, "pitch_m": 6.803, "length_m": 20.4, "bearing_deg": 117.0, "verified": false, "bay_ids": ["16357", "16358", "16359"]}, "geometry": {"type": "LineString", "coordinates": [[23.33229246, 42.67842293], [23.332236, 42.67850455], [23.33217947, 42.67858624]]}}, {"type": "Feature", "properties": {"run_id": "run_0150", "street": "бул. Христо Смирненски", "zona": "Зелена зона", "park_txt": "Надлъжн", "capacity": 3, "pitch_m": 5.819, "length_m": 17.45, "bearing_deg": 116.1, "verified": false, "bay_ids": ["16362", "16361", "16360"]}, "geometry": {"type": "LineString", "coordinates": [[23.33223792, 42.67865799], [23.33219105, 42.67872842], [23.33214423, 42.6787988]]}}, {"type": "Feature", "properties": {"run_id": "run_0151", "street": "ул. Йоан Екзарх", "zona": "Зелена зона", "park_txt": "Напречн", "capacity": 3, "pitch_m": 3.051, "length_m": 8.81, "bearing_deg": 5.7, "verified": false, "bay_ids": ["16988", "16987", "16986"]}, "geometry": {"type": "LineString", "coordinates": [[23.3252274, 42.67732152], [23.32527894, 42.6773253], [23.32533457, 42.67732938]]}}, {"type": "Feature", "properties": {"run_id": "run_0152", "street": "ул. Света гора", "zona": "Зелена зона", "park_txt": "Надлъжн", "capacity": 3, "pitch_m": 6.564, "length_m": 19.6, "bearing_deg": 108.5, "verified": false, "bay_ids": ["17115", "17114", "17113"]}, "geometry": {"type": "LineString", "coordinates": [[23.32936367, 42.67868833], [23.32932579, 42.67877144], [23.32928758, 42.6788553]]}}, {"type": "Feature", "properties": {"run_id": "run_0153", "street": "ул. Лозенска планина", "zona": "Зелена зона", "park_txt": "Надлъжн", "capacity": 3, "pitch_m": 5.809, "length_m": 17.4, "bearing_deg": 179.5, "verified": false, "bay_ids": ["17228", "17227", "17226"]}, "geometry": {"type": "LineString", "coordinates": [[23.32458604, 42.6766062], [23.32447989, 42.67660682], [23.32437343, 42.67660744]]}}, {"type": "Feature", "properties": {"run_id": "run_0154", "street": "бул. Джеймс Баучер", "zona": "Зелена зона", "park_txt": "Надлъжн", "capacity": 3, "pitch_m": 6.596, "length_m": 19.66, "bearing_deg": 21.3, "verified": false, "bay_ids": ["17393", "17394", "17395"]}, "geometry": {"type": "LineString", "coordinates": [[23.32635947, 42.67374383], [23.32647212, 42.67377605], [23.32658339, 42.67380787]]}}, {"type": "Feature", "properties": {"run_id": "run_0155", "street": "бул. Джеймс Баучер", "zona": "Зелена зона", "park_txt": "Надлъжн", "capacity": 3, "pitch_m": 6.012, "length_m": 17.77, "bearing_deg": 21.0, "verified": false, "bay_ids": ["17435", "17436", "17437"]}, "geometry": {"type": "LineString", "coordinates": [[23.32795314, 42.67430762], [23.32805297, 42.67433575], [23.32815586, 42.67436474]]}}, {"type": "Feature", "properties": {"run_id": "run_0156", "street": "ул. Димитър Димов", "zona": "Зелена зона", "park_txt": "Надлъжн", "capacity": 3, "pitch_m": 6.517, "length_m": 19.0, "bearing_deg": 20.3, "verified": false, "bay_ids": ["17550", "17551", "17552"]}, "geometry": {"type": "LineString", "coordinates": [[23.32856718, 42.6755264], [23.32867291, 42.6755551], [23.32878494, 42.67558552]]}}, {"type": "Feature", "properties": {"run_id": "run_0157", "street": "ул. Света гора", "zona": "Зелена зона", "park_txt": "Надлъжн", "capacity": 3, "pitch_m": 7.349, "length_m": 21.52, "bearing_deg": 117.7, "verified": false, "bay_ids": ["17571", "17572", "17573"]}, "geometry": {"type": "LineString", "coordinates": [[23.32996699, 42.6750867], [23.32990813, 42.67517045], [23.32984464, 42.67525779]]}}, {"type": "Feature", "properties": {"run_id": "run_0158", "street": "бул. Джеймс Баучер", "zona": "Зелена зона", "park_txt": "Надлъжн", "capacity": 3, "pitch_m": 5.703, "length_m": 17.08, "bearing_deg": 25.9, "verified": false, "bay_ids": ["17579", "17580", "17581"]}, "geometry": {"type": "LineString", "coordinates": [[23.32875728, 42.67457256], [23.32885097, 42.674606], [23.328945, 42.67463956]]}}, {"type": "Feature", "properties": {"run_id": "run_0159", "street": "бул. Пейо К. Яворов", "zona": "Зелена зона", "park_txt": "Надлъжн", "capacity": 3, "pitch_m": 6.592, "length_m": 19.24, "bearing_deg": 49.6, "verified": false, "bay_ids": ["19696", "27015", "27016"]}, "geometry": {"type": "LineString", "coordinates": [[23.33428641, 42.67132085], [23.33436337, 42.67138932], [23.33443885, 42.67145237]]}}, {"type": "Feature", "properties": {"run_id": "run_0160", "street": "бул. Пейо К. Яворов", "zona": "Зелена зона", "park_txt": "Надлъжн", "capacity": 3, "pitch_m": 6.587, "length_m": 19.5, "bearing_deg": 49.1, "verified": false, "bay_ids": ["27023", "27022", "19753"]}, "geometry": {"type": "LineString", "coordinates": [[23.33371167, 42.67082792], [23.33379076, 42.67089497], [23.33386773, 42.67096023]]}}, {"type": "Feature", "properties": {"run_id": "run_0161", "street": "бул. Пейо К. Яворов", "zona": "Зелена зона", "park_txt": "Надлъжн", "capacity": 3, "pitch_m": 6.557, "length_m": 19.29, "bearing_deg": 50.9, "verified": false, "bay_ids": ["27014", "27013", "20017"]}, "geometry": {"type": "LineString", "coordinates": [[23.33451465, 42.67152115], [23.33458649, 42.67158764], [23.33466331, 42.67165558]]}}, {"type": "Feature", "properties": {"run_id": "run_0162", "street": "ул. Кораб планина", "zona": "Зелена зона", "park_txt": "Надлъжн", "capacity": 3, "pitch_m": 6.417, "length_m": 19.05, "bearing_deg": 176.1, "verified": false, "bay_ids": ["22022", "22021", "22020"]}, "geometry": {"type": "LineString", "coordinates": [[23.32465509, 42.67202096], [23.32453764, 42.67202545], [23.32442292, 42.67203267]]}}, {"type": "Feature", "properties": {"run_id": "run_0163", "street": "ул. Кораб планина", "zona": "Зелена зона", "park_txt": "Надлъжн", "capacity": 3, "pitch_m": 6.417, "length_m": 19.05, "bearing_deg": 176.1, "verified": false, "bay_ids": ["22026", "22025", "22024"]}, "geometry": {"type": "LineString", "coordinates": [[23.32498305, 42.67200395], [23.32486561, 42.67200844], [23.32475088, 42.67201567]]}}, {"type": "Feature", "properties": {"run_id": "run_0164", "street": "ул. Кораб планина", "zona": "Зелена зона", "park_txt": "Надлъжн", "capacity": 3, "pitch_m": 6.417, "length_m": 19.05, "bearing_deg": 176.1, "verified": false, "bay_ids": ["22029", "22028", "22027"]}, "geometry": {"type": "LineString", "coordinates": [[23.32529895, 42.67198803], [23.32518151, 42.67199252], [23.32506678, 42.67199975]]}}, {"type": "Feature", "properties": {"run_id": "run_0165", "street": "ул. Бигла", "zona": "Зелена зона", "park_txt": "Надлъжн", "capacity": 3, "pitch_m": 6.076, "length_m": 17.85, "bearing_deg": 174.8, "verified": false, "bay_ids": ["22040", "22039", "22038"]}, "geometry": {"type": "LineString", "coordinates": [[23.32486579, 42.67118195], [23.32475945, 42.67118906], [23.32464855, 42.67119649]]}}, {"type": "Feature", "properties": {"run_id": "run_0166", "street": "ул. Плачковица", "zona": "Зелена зона", "park_txt": "Надлъжн", "capacity": 3, "pitch_m": 6.341, "length_m": 18.44, "bearing_deg": 85.8, "verified": false, "bay_ids": ["22110", "22109", "22108"]}, "geometry": {"type": "LineString", "coordinates": [[23.32629804, 42.67116476], [23.3263059, 42.67125001], [23.32631451, 42.67132997]]}}, {"type": "Feature", "properties": {"run_id": "run_0167", "street": "ул. Плачковица", "zona": "Зелена зона", "park_txt": "Надлъжн", "capacity": 3, "pitch_m": 6.381, "length_m": 18.47, "bearing_deg": 86.5, "verified": false, "bay_ids": ["22113", "22112", "22111"]}, "geometry": {"type": "LineString", "coordinates": [[23.32627554, 42.67088955], [23.32628264, 42.67097538], [23.32628923, 42.67105514]]}}, {"type": "Feature", "properties": {"run_id": "run_0168", "street": "ул. Якубица", "zona": "Зелена зона", "park_txt": "Надлъжн", "capacity": 3, "pitch_m": 5.968, "length_m": 17.64, "bearing_deg": 83.4, "verified": false, "bay_ids": ["22345", "22344", "22343"]}, "geometry": {"type": "LineString", "coordinates": [[23.32866786, 42.67101278], [23.32868007, 42.67109034], [23.32869264, 42.67117023]]}}, {"type": "Feature", "properties": {"run_id": "run_0169", "street": "ул. Якубица", "zona": "Зелена зона", "park_txt": "Надлъжн", "capacity": 3, "pitch_m": 5.968, "length_m": 17.64, "bearing_deg": 83.4, "verified": false, "bay_ids": ["22350", "22349", "22348"]}, "geometry": {"type": "LineString", "coordinates": [[23.32873144, 42.67141682], [23.32874364, 42.67149438], [23.32875622, 42.67157427]]}}, {"type": "Feature", "properties": {"run_id": "run_0170", "street": "ул. Якубица", "zona": "Зелена зона", "park_txt": "Надлъжн", "capacity": 3, "pitch_m": 5.968, "length_m": 17.64, "bearing_deg": 83.4, "verified": false, "bay_ids": ["22353", "22352", "22351"]}, "geometry": {"type": "LineString", "coordinates": [[23.32876562, 42.67163402], [23.32877782, 42.67171158], [23.32879039, 42.67179147]]}}, {"type": "Feature", "properties": {"run_id": "run_0171", "street": "ул. Галичица", "zona": "Зелена зона", "park_txt": "Надлъжн", "capacity": 3, "pitch_m": 6.233, "length_m": 18.49, "bearing_deg": 178.7, "verified": false, "bay_ids": ["22435", "22433", "22434"]}, "geometry": {"type": "LineString", "coordinates": [[23.3276874, 42.67262542], [23.32757574, 42.67262687], [23.32746155, 42.67262916]]}}, {"type": "Feature", "properties": {"run_id": "run_0172", "street": "ул. Минзухар", "zona": "Зелена зона", "park_txt": "Надлъжн", "capacity": 3, "pitch_m": 6.035, "length_m": 17.69, "bearing_deg": 15.0, "verified": false, "bay_ids": ["22453", "22446", "22445"]}, "geometry": {"type": "LineString", "coordinates": [[23.32768227, 42.67319755], [23.32778432, 42.67321751], [23.3278911, 42.67323871]]}}, {"type": "Feature", "properties": {"run_id": "run_0173", "street": "ул. Минзухар", "zona": "Зелена зона", "park_txt": "Надлъжн", "capacity": 3, "pitch_m": 6.035, "length_m": 17.75, "bearing_deg": 15.1, "verified": false, "bay_ids": ["22449", "22452", "22451"]}, "geometry": {"type": "LineString", "coordinates": [[23.32829246, 42.67331728], [23.32839502, 42.67333775], [23.3285018, 42.67335895]]}}, {"type": "Feature", "properties": {"run_id": "run_0174", "street": "ул. Якубица", "zona": "Зелена зона", "park_txt": "Надлъжн", "capacity": 3, "pitch_m": 5.924, "length_m": 17.48, "bearing_deg": 108.4, "verified": false, "bay_ids": ["22464", "22463", "22462"]}, "geometry": {"type": "LineString", "coordinates": [[23.32861312, 42.67348632], [23.32858008, 42.67355958], [23.32854586, 42.67363533]]}}, {"type": "Feature", "properties": {"run_id": "run_0175", "street": "ул. Бабуна планина", "zona": "Зелена зона", "park_txt": "Надлъжн", "capacity": 3, "pitch_m": 5.968, "length_m": 17.79, "bearing_deg": 80.4, "verified": false, "bay_ids": ["22523", "22522", "22521"]}, "geometry": {"type": "LineString", "coordinates": [[23.3307879, 42.67175902], [23.3308063, 42.67183829], [23.33082424, 42.67191658]]}}, {"type": "Feature", "properties": {"run_id": "run_0176", "street": "ул. Бабуна планина", "zona": "Зелена зона", "park_txt": "Надлъжн", "capacity": 3, "pitch_m": 5.977, "length_m": 17.85, "bearing_deg": 82.1, "verified": false, "bay_ids": ["22531", "22530", "22529"]}, "geometry": {"type": "LineString", "coordinates": [[23.33066477, 42.67112033], [23.33068004, 42.67120009], [23.33069488, 42.67127916]]}}, {"type": "Feature", "properties": {"run_id": "run_0177", "street": "ул. Бигла", "zona": "Зелена зона", "park_txt": "Надлъжн", "capacity": 3, "pitch_m": 5.861, "length_m": 17.54, "bearing_deg": 174.4, "verified": false, "bay_ids": ["22590", "22588", "22589"]}, "geometry": {"type": "LineString", "coordinates": [[23.3321922, 42.67070495], [23.3320853, 42.67071267], [23.33197894, 42.67072034]]}}, {"type": "Feature", "properties": {"run_id": "run_0178", "street": "ул. Кричим", "zona": "Зелена зона", "park_txt": "Надлъжн", "capacity": 3, "pitch_m": 8.01, "length_m": 23.18, "bearing_deg": 177.1, "verified": false, "bay_ids": ["22663", "22662", "22661"]}, "geometry": {"type": "LineString", "coordinates": [[23.3319907, 42.67002877], [23.33185444, 42.67003382], [23.33170782, 42.67003925]]}}, {"type": "Feature", "properties": {"run_id": "run_0179", "street": "ул. Златовръх", "zona": "Зелена зона", "park_txt": "Надлъжн", "capacity": 3, "pitch_m": 5.978, "length_m": 17.76, "bearing_deg": 66.0, "verified": false, "bay_ids": ["22682", "22683", "22684"]}, "geometry": {"type": "LineString", "coordinates": [[23.33226245, 42.6702479], [23.33230703, 42.67032148], [23.33235075, 42.67039365]]}}, {"type": "Feature", "properties": {"run_id": "run_0180", "street": "ул. Златовръх", "zona": "Зелена зона", "park_txt": "Надлъжн", "capacity": 3, "pitch_m": 8.639, "length_m": 23.36, "bearing_deg": 75.0, "verified": false, "bay_ids": ["22715", "22716", "22713"]}, "geometry": {"type": "LineString", "coordinates": [[23.33300859, 42.67172803], [23.33305133, 42.67184012], [23.33308169, 42.67193081]]}}, {"type": "Feature", "properties": {"run_id": "run_0181", "street": "ул. Златовръх", "zona": "Зелена зона", "park_txt": "Надлъжн", "capacity": 3, "pitch_m": 6.077, "length_m": 17.84, "bearing_deg": 76.1, "verified": false, "bay_ids": ["22718", "22719", "22717"]}, "geometry": {"type": "LineString", "coordinates": [[23.33324448, 42.67236986], [23.33327026, 42.6724459], [23.33329688, 42.67252541]]}}, {"type": "Feature", "properties": {"run_id": "run_0182", "street": "ул. Васил Кирков", "zona": "Зелена зона", "park_txt": "Надлъжн", "capacity": 3, "pitch_m": 6.099, "length_m": 18.08, "bearing_deg": 124.9, "verified": false, "bay_ids": ["22781", "22780", "22779"]}, "geometry": {"type": "LineString", "coordinates": [[23.33523815, 42.67224212], [23.33517332, 42.67230907], [23.33511197, 42.67237539]]}}, {"type": "Feature", "properties": {"run_id": "run_0183", "street": "ул. Симеоново", "zona": "Зелена зона", "park_txt": "Надлъжн", "capacity": 3, "pitch_m": 6.055, "length_m": 18.14, "bearing_deg": 48.7, "verified": false, "bay_ids": ["22807", "22808", "22809"]}, "geometry": {"type": "LineString", "coordinates": [[23.33362051, 42.6717281], [23.33369382, 42.67178935], [23.33376693, 42.67185042]]}}, {"type": "Feature", "properties": {"run_id": "run_0184", "street": "ул. Симеоново", "zona": "Зелена зона", "park_txt": "Надлъжн", "capacity": 3, "pitch_m": 6.054, "length_m": 18.14, "bearing_deg": 48.7, "verified": false, "bay_ids": ["22810", "22811", "22812"]}, "geometry": {"type": "LineString", "coordinates": [[23.33380737, 42.67188149], [23.33388067, 42.67194274], [23.33395378, 42.67200381]]}}, {"type": "Feature", "properties": {"run_id": "run_0185", "street": "паркинг при ул. Якубица", "zona": "Зелена зона", "park_txt": "Косо", "capacity": 3, "pitch_m": 3.502, "length_m": 10.34, "bearing_deg": 176.2, "verified": false, "bay_ids": ["26923", "26922", "26921"]}, "geometry": {"type": "LineString", "coordinates": [[23.32941088, 42.6715075], [23.32934874, 42.67150986], [23.32928476, 42.67151357]]}}, {"type": "Feature", "properties": {"run_id": "run_0186", "street": "бул. Христо Смирненски", "zona": "Зелена зона", "park_txt": "Надлъжн", "capacity": 2, "pitch_m": 5.994, "length_m": 11.99, "bearing_deg": 117.2, "verified": false, "bay_ids": ["14636", "14637"]}, "geometry": {"type": "LineString", "coordinates": [[23.33314841, 42.67718836], [23.33308146, 42.67728413]]}}, {"type": "Feature", "properties": {"run_id": "run_0187", "street": "бул. Христо Смирненски", "zona": "Зелена зона", "park_txt": "Надлъжн", "capacity": 2, "pitch_m": 5.756, "length_m": 11.51, "bearing_deg": 116.9, "verified": false, "bay_ids": ["14650", "14651"]}, "geometry": {"type": "LineString", "coordinates": [[23.33271602, 42.67781226], [23.33265233, 42.67790446]]}}, {"type": "Feature", "properties": {"run_id": "run_0188", "street": "ул. Митрополит Кирил Видински", "zona": "Зелена зона", "park_txt": "Надлъжн", "capacity": 2, "pitch_m": 6.208, "length_m": 12.42, "bearing_deg": 93.4, "verified": false, "bay_ids": ["14681", "14682"]}, "geometry": {"type": "LineString", "coordinates": [[23.33604699, 42.67818428], [23.33603792, 42.67829562]]}}, {"type": "Feature", "properties": {"run_id": "run_0189", "street": "ул. Кръстю Сарафов", "zona": "Зелена зона", "park_txt": "Надлъжн", "capacity": 2, "pitch_m": 6.53, "length_m": 13.06, "bearing_deg": 172.6, "verified": false, "bay_ids": ["14732", "14731"]}, "geometry": {"type": "LineString", "coordinates": [[23.3275606, 42.67857481], [23.32740238, 42.67859001]]}}, {"type": "Feature", "properties": {"run_id": "run_0190", "street": "ул. Лозенска планина", "zona": "Зелена зона", "park_txt": "Надлъжн", "capacity": 2, "pitch_m": 6.971, "length_m": 13.94, "bearing_deg": 0.3, "verified": false, "bay_ids": ["14761", "14760"]}, "geometry": {"type": "LineString", "coordinates": [[23.32494445, 42.67660347], [23.32511479, 42.67660416]]}}, {"type": "Feature", "properties": {"run_id": "run_0191", "street": "бул. Христо Смирненски", "zona": "Зелена зона", "park_txt": "Надлъжн", "capacity": 2, "pitch_m": 5.548, "length_m": 11.1, "bearing_deg": 116.8, "verified": false, "bay_ids": ["16364", "16363"]}, "geometry": {"type": "LineString", "coordinates": [[23.33232439, 42.6785326], [23.33226327, 42.67862158]]}}, {"type": "Feature", "properties": {"run_id": "run_0192", "street": "бул. Христо Смирненски", "zona": "Зелена зона", "park_txt": "Надлъжн", "capacity": 2, "pitch_m": 5.749, "length_m": 11.5, "bearing_deg": 116.8, "verified": false, "bay_ids": ["16365", "16366"]}, "geometry": {"type": "LineString", "coordinates": [[23.33245604, 42.67834094], [23.33239271, 42.67843314]]}}, {"type": "Feature", "properties": {"run_id": "run_0193", "street": "ул. Кръстю Сарафов", "zona": "Зелена зона", "park_txt": "Надлъжн", "capacity": 2, "pitch_m": 6.271, "length_m": 12.54, "bearing_deg": 166.3, "verified": false, "bay_ids": ["16949", "16948"]}, "geometry": {"type": "LineString", "coordinates": [[23.32644304, 42.6787052], [23.32629414, 42.67873186]]}}, {"type": "Feature", "properties": {"run_id": "run_0194", "street": "ул. Кръстю Сарафов", "zona": "Зелена зона", "park_txt": "Надлъжн", "capacity": 2, "pitch_m": 6.546, "length_m": 13.09, "bearing_deg": 171.2, "verified": false, "bay_ids": ["16951", "16950"]}, "geometry": {"type": "LineString", "coordinates": [[23.32665773, 42.67867375], [23.32649965, 42.67869183]]}}, {"type": "Feature", "properties": {"run_id": "run_0195", "street": "ул. Кръстю Сарафов", "zona": "Зелена зона", "park_txt": "Надлъжн", "capacity": 2, "pitch_m": 6.186, "length_m": 12.37, "bearing_deg": 19.6, "verified": false, "bay_ids": ["17103", "17104"]}, "geometry": {"type": "LineString", "coordinates": [[23.32831485, 42.67873547], [23.32845722, 42.67877283]]}}, {"type": "Feature", "properties": {"run_id": "run_0196", "street": "ул. Бряст", "zona": "Зелена зона", "park_txt": "Надлъжн", "capacity": 2, "pitch_m": 6.153, "length_m": 12.31, "bearing_deg": 16.4, "verified": false, "bay_ids": ["17128", "17129"]}, "geometry": {"type": "LineString", "coordinates": [[23.33004192, 42.67834031], [23.33018613, 42.67837161]]}}, {"type": "Feature", "properties": {"run_id": "run_0197", "street": "ул. Бряст", "zona": "Зелена зона", "park_txt": "Надлъжн", "capacity": 2, "pitch_m": 6.222, "length_m": 12.44, "bearing_deg": 16.4, "verified": false, "bay_ids": ["17131", "17132"]}, "geometry": {"type": "LineString", "coordinates": [[23.33043803, 42.67842695], [23.33058385, 42.6784586]]}}, {"type": "Feature", "properties": {"run_id": "run_0198", "street": "жк Лозенец", "zona": "Зелена зона", "park_txt": "Напречн", "capacity": 2, "pitch_m": 8.099, "length_m": 16.2, "bearing_deg": 115.3, "verified": false, "bay_ids": ["18942", "28830"]}, "geometry": {"type": "LineString", "coordinates": [[23.33379995, 42.67687164], [23.33371536, 42.6770032]]}}, {"type": "Feature", "properties": {"run_id": "run_0199", "street": "жк Лозенец", "zona": "Зелена зона", "park_txt": "Напречн", "capacity": 2, "pitch_m": 8.099, "length_m": 16.2, "bearing_deg": 115.3, "verified": false, "bay_ids": ["18943", "28831"]}, "geometry": {"type": "LineString", "coordinates": [[23.33386845, 42.67688735], [23.33378386, 42.67701891]]}}, {"type": "Feature", "properties": {"run_id": "run_0200", "street": "жк Лозенец", "zona": "Зелена зона", "park_txt": "Напречн", "capacity": 2, "pitch_m": 8.099, "length_m": 16.2, "bearing_deg": 115.3, "verified": false, "bay_ids": ["18944", "28832"]}, "geometry": {"type": "LineString", "coordinates": [[23.33393702, 42.67690308], [23.33385243, 42.67703464]]}}, {"type": "Feature", "properties": {"run_id": "run_0201", "street": "ул. Бигла", "zona": "Зелена зона", "park_txt": "Надлъжн", "capacity": 2, "pitch_m": 6.215, "length_m": 12.43, "bearing_deg": 175.1, "verified": false, "bay_ids": ["22042", "22041"]}, "geometry": {"type": "LineString", "coordinates": [[23.32456449, 42.6712022], [23.32441317, 42.67121173]]}}, {"type": "Feature", "properties": {"run_id": "run_0202", "street": "ул. Св. Теодосий Търновски", "zona": "Зелена зона", "park_txt": "Надлъжн", "capacity": 2, "pitch_m": 7.698, "length_m": 15.4, "bearing_deg": 7.2, "verified": false, "bay_ids": ["22099", "22130"]}, "geometry": {"type": "LineString", "coordinates": [[23.3262532, 42.67220193], [23.32643983, 42.67221921]]}}, {"type": "Feature", "properties": {"run_id": "run_0203", "street": "ул. Св. Теодосий Търновски", "zona": "Зелена зона", "park_txt": "Надлъжн", "capacity": 2, "pitch_m": 5.103, "length_m": 10.21, "bearing_deg": 19.3, "verified": false, "bay_ids": ["22100", "22129"]}, "geometry": {"type": "LineString", "coordinates": [[23.32630097, 42.67214514], [23.32641866, 42.67217547]]}}, {"type": "Feature", "properties": {"run_id": "run_0204", "street": "ул. Плачковица", "zona": "Зелена зона", "park_txt": "Надлъжн", "capacity": 2, "pitch_m": 6.311, "length_m": 12.62, "bearing_deg": 86.5, "verified": false, "bay_ids": ["22148", "22147"]}, "geometry": {"type": "LineString", "coordinates": [[23.32620141, 42.67000731], [23.32621077, 42.67012049]]}}, {"type": "Feature", "properties": {"run_id": "run_0205", "street": "ул. Якубица", "zona": "Зелена зона", "park_txt": "Надлъжн", "capacity": 2, "pitch_m": 5.968, "length_m": 11.94, "bearing_deg": 83.4, "verified": false, "bay_ids": ["22347", "22346"]}, "geometry": {"type": "LineString", "coordinates": [[23.32870169, 42.67122776], [23.32871845, 42.67133428]]}}, {"type": "Feature", "properties": {"run_id": "run_0206", "street": "ул. Кораб планина", "zona": "Зелена зона", "park_txt": "Надлъжн", "capacity": 2, "pitch_m": 5.432, "length_m": 10.86, "bearing_deg": 176.8, "verified": false, "bay_ids": ["22390", "22389"]}, "geometry": {"type": "LineString", "coordinates": [[23.32730697, 42.67189885], [23.32717444, 42.67190436]]}}, {"type": "Feature", "properties": {"run_id": "run_0207", "street": "ул. Галичица", "zona": "Зелена зона", "park_txt": "Надлъжн", "capacity": 2, "pitch_m": 6.233, "length_m": 12.47, "bearing_deg": 178.4, "verified": false, "bay_ids": ["22418", "22419"]}, "geometry": {"type": "LineString", "coordinates": [[23.32677249, 42.67264093], [23.32662023, 42.67264398]]}}, {"type": "Feature", "properties": {"run_id": "run_0208", "street": "ул. Галичица", "zona": "Зелена зона", "park_txt": "Надлъжн", "capacity": 2, "pitch_m": 6.233, "length_m": 12.47, "bearing_deg": 178.4, "verified": false, "bay_ids": ["22429", "22430"]}, "geometry": {"type": "LineString", "coordinates": [[23.32792127, 42.67262067], [23.32776901, 42.67262372]]}}, {"type": "Feature", "properties": {"run_id": "run_0209", "street": "ул. Галичица", "zona": "Зелена зона", "park_txt": "Надлъжн", "capacity": 2, "pitch_m": 6.233, "length_m": 12.47, "bearing_deg": 178.4, "verified": false, "bay_ids": ["22431", "22432"]}, "geometry": {"type": "LineString", "coordinates": [[23.32814495, 42.67261664], [23.32799269, 42.67261969]]}}, {"type": "Feature", "properties": {"run_id": "run_0210", "street": "ул. Минзухар", "zona": "Зелена зона", "park_txt": "Надлъжн", "capacity": 2, "pitch_m": 6.035, "length_m": 12.07, "bearing_deg": 15.1, "verified": false, "bay_ids": ["22448", "22447"]}, "geometry": {"type": "LineString", "coordinates": [[23.32795278, 42.67325061], [23.32809516, 42.67327888]]}}, {"type": "Feature", "properties": {"run_id": "run_0211", "street": "ул. Якубица", "zona": "Зелена зона", "park_txt": "Надлъжн", "capacity": 2, "pitch_m": 5.715, "length_m": 11.43, "bearing_deg": 108.0, "verified": false, "bay_ids": ["22466", "22465"]}, "geometry": {"type": "LineString", "coordinates": [[23.32873606, 42.67320988], [23.32869279, 42.6733075]]}}, {"type": "Feature", "properties": {"run_id": "run_0212", "street": "ул. Бабуна планина", "zona": "Зелена зона", "park_txt": "Надлъжн", "capacity": 2, "pitch_m": 5.977, "length_m": 11.95, "bearing_deg": 82.0, "verified": false, "bay_ids": ["22537", "22536"]}, "geometry": {"type": "LineString", "coordinates": [[23.33062419, 42.67089814], [23.33064455, 42.67100448]]}}, {"type": "Feature", "properties": {"run_id": "run_0213", "street": "ул. Кораб планина", "zona": "Зелена зона", "park_txt": "Надлъжн", "capacity": 2, "pitch_m": 6.165, "length_m": 12.33, "bearing_deg": 172.6, "verified": false, "bay_ids": ["22545", "22544"]}, "geometry": {"type": "LineString", "coordinates": [[23.33106002, 42.67163377], [23.33091063, 42.67164807]]}}, {"type": "Feature", "properties": {"run_id": "run_0214", "street": "междублоково при ул. Златовръх", "zona": "Зелена зона", "park_txt": "Напречн", "capacity": 2, "pitch_m": 2.329, "length_m": 4.66, "bearing_deg": 178.3, "verified": false, "bay_ids": ["22619", "22618"]}, "geometry": {"type": "LineString", "coordinates": [[23.33223078, 42.67197637], [23.33217389, 42.67197759]]}}, {"type": "Feature", "properties": {"run_id": "run_0215", "street": "ул. Кричим", "zona": "Зелена зона", "park_txt": "Надлъжн", "capacity": 2, "pitch_m": 5.404, "length_m": 10.81, "bearing_deg": 175.7, "verified": false, "bay_ids": ["22650", "22651"]}, "geometry": {"type": "LineString", "coordinates": [[23.32927751, 42.67021339], [23.32914581, 42.67022062]]}}, {"type": "Feature", "properties": {"run_id": "run_0216", "street": "ул. Златовръх", "zona": "Зелена зона", "park_txt": "Надлъжн", "capacity": 2, "pitch_m": 5.978, "length_m": 11.96, "bearing_deg": 66.0, "verified": false, "bay_ids": ["22680", "22681"]}, "geometry": {"type": "LineString", "coordinates": [[23.33217471, 42.67010308], [23.33223415, 42.67020118]]}}, {"type": "Feature", "properties": {"run_id": "run_0217", "street": "ул. Златовръх", "zona": "Зелена зона", "park_txt": "Надлъжн", "capacity": 2, "pitch_m": 5.563, "length_m": 11.13, "bearing_deg": 66.3, "verified": false, "bay_ids": ["22695", "22696"]}, "geometry": {"type": "LineString", "coordinates": [[23.33251358, 42.67047568], [23.3325683, 42.67056717]]}}, {"type": "Feature", "properties": {"run_id": "run_0218", "street": "ул. Златовръх", "zona": "Зелена зона", "park_txt": "Надлъжн", "capacity": 2, "pitch_m": 5.723, "length_m": 11.45, "bearing_deg": 66.0, "verified": false, "bay_ids": ["22701", "22702"]}, "geometry": {"type": "LineString", "coordinates": [[23.33276585, 42.67109539], [23.33282279, 42.6711893]]}}, {"type": "Feature", "properties": {"run_id": "run_0219", "street": "пл. Велчова завера", "zona": "Зелена зона", "park_txt": "Надлъжн", "capacity": 2, "pitch_m": 6.0, "length_m": 12.0, "bearing_deg": 94.4, "verified": false, "bay_ids": ["22754", "22753"]}, "geometry": {"type": "LineString", "coordinates": [[23.33424643, 42.67473398], [23.3342352, 42.67484146]]}}, {"type": "Feature", "properties": {"run_id": "run_0220", "street": "ул. Васил Кирков 12", "zona": "Зелена зона", "park_txt": "Надлъжн", "capacity": 2, "pitch_m": 1.027, "length_m": 2.05, "bearing_deg": 124.9, "verified": false, "bay_ids": ["31080", "22782"]}, "geometry": {"type": "LineString", "coordinates": [[23.33502056, 42.67247236], [23.33500622, 42.6724875]]}}, {"type": "Feature", "properties": {"run_id": "run_0221", "street": "ул. Симеоново", "zona": "Зелена зона", "park_txt": "Надлъжн", "capacity": 2, "pitch_m": 6.104, "length_m": 12.21, "bearing_deg": 48.7, "verified": false, "bay_ids": ["22805", "22806"]}, "geometry": {"type": "LineString", "coordinates": [[23.33347217, 42.67160386], [23.33357071, 42.67168618]]}}, {"type": "Feature", "properties": {"run_id": "run_0222", "street": "ул. Ведрина", "zona": "Зелена зона", "park_txt": "Надлъжн", "capacity": 2, "pitch_m": 6.534, "length_m": 13.07, "bearing_deg": 141.5, "verified": false, "bay_ids": ["22820", "22819"]}, "geometry": {"type": "LineString", "coordinates": [[23.33398484, 42.67117658], [23.33385992, 42.67124968]]}}, {"type": "Feature", "properties": {"run_id": "run_0223", "street": "бул. Пейо К. Яворов", "zona": "Зелена зона", "park_txt": "Надлъжн", "capacity": 2, "pitch_m": 6.512, "length_m": 13.02, "bearing_deg": 49.0, "verified": false, "bay_ids": ["27033", "27032"]}, "geometry": {"type": "LineString", "coordinates": [[23.33297655, 42.67018356], [23.33308101, 42.67027183]]}}, {"type": "Feature", "properties": {"run_id": "run_0224", "street": "ул. Милин камък", "zona": "Зелена зона", "park_txt": "Надлъжн", "capacity": 2, "pitch_m": 5.999, "length_m": 12.0, "bearing_deg": 119.2, "verified": false, "bay_ids": ["29556", "29557"]}, "geometry": {"type": "LineString", "coordinates": [[23.32798822, 42.67475504], [23.32791663, 42.67484909]]}}, {"type": "Feature", "properties": {"run_id": "run_0225", "street": "ул. Милин камък", "zona": "Зелена зона", "park_txt": "Надлъжн", "capacity": 2, "pitch_m": 5.741, "length_m": 11.48, "bearing_deg": 118.1, "verified": false, "bay_ids": ["29569", "29564"]}, "geometry": {"type": "LineString", "coordinates": [[23.3275794, 42.67529499], [23.32751334, 42.67538598]]}}, {"type": "Feature", "properties": {"run_id": "run_0226", "street": "ул. Милин камък", "zona": "Зелена зона", "park_txt": "Надлъжн", "capacity": 2, "pitch_m": 6.009, "length_m": 12.02, "bearing_deg": 78.1, "verified": false, "bay_ids": ["29592", "29593"]}, "geometry": {"type": "LineString", "coordinates": [[23.32690159, 42.67701764], [23.32693183, 42.67712329]]}}, {"type": "Feature", "properties": {"run_id": "run_0227", "street": "ул. Св. Теодосий Търновски", "zona": "Зелена зона", "park_txt": "Надлъжн", "capacity": 2, "pitch_m": 5.871, "length_m": 11.74, "bearing_deg": 89.0, "verified": false, "bay_ids": ["29629", "29630"]}, "geometry": {"type": "LineString", "coordinates": [[23.32518423, 42.67511713], [23.32518684, 42.67522259]]}}, {"type": "Feature", "properties": {"run_id": "run_0228", "street": "ул. Св. Теодосий Търновски", "zona": "Зелена зона", "park_txt": "Надлъжн", "capacity": 2, "pitch_m": 5.512, "length_m": 11.02, "bearing_deg": 95.2, "verified": false, "bay_ids": ["29638", "29639"]}, "geometry": {"type": "LineString", "coordinates": [[23.32519522, 42.67667012], [23.32518293, 42.67676874]]}}, {"type": "Feature", "properties": {"run_id": "run_0229", "street": "ул. Св. Теодосий Търновски", "zona": "Зелена зона", "park_txt": "Надлъжн", "capacity": 2, "pitch_m": 5.946, "length_m": 11.89, "bearing_deg": 95.2, "verified": false, "bay_ids": ["29640", "29641"]}, "geometry": {"type": "LineString", "coordinates": [[23.32515083, 42.67706132], [23.32513762, 42.67716771]]}}, {"type": "Feature", "properties": {"run_id": "run_0230", "street": "ул. Св. Теодосий Търновски", "zona": "Зелена зона", "park_txt": "Надлъжн", "capacity": 2, "pitch_m": 5.512, "length_m": 11.02, "bearing_deg": 95.2, "verified": false, "bay_ids": ["29642", "29643"]}, "geometry": {"type": "LineString", "coordinates": [[23.32516652, 42.67692464], [23.32515423, 42.67702326]]}}, {"type": "Feature", "properties": {"run_id": "run_0231", "street": "ул. Бряст", "zona": "Зелена зона", "park_txt": "Надлъжн", "capacity": 1, "pitch_m": null, "length_m": 0.0, "bearing_deg": 116.5, "verified": false, "bay_ids": ["14632"]}, "geometry": {"type": "LineString", "coordinates": [[23.33195212, 42.67875773]]}}, {"type": "Feature", "properties": {"run_id": "run_0232", "street": "бул. Христо Смирненски", "zona": "Зелена зона", "park_txt": "Надлъжн", "capacity": 1, "pitch_m": null, "length_m": 0.0, "bearing_deg": 117.0, "verified": false, "bay_ids": ["14633"]}, "geometry": {"type": "LineString", "coordinates": [[23.33251922, 42.67824896]]}}, {"type": "Feature", "properties": {"run_id": "run_0233", "street": "ул. Вишнева", "zona": "Зелена зона", "park_txt": "Надлъжн", "capacity": 1, "pitch_m": null, "length_m": 0.0, "bearing_deg": 155.4, "verified": false, "bay_ids": ["14739"]}, "geometry": {"type": "LineString", "coordinates": [[23.33041744, 42.6778176]]}}, {"type": "Feature", "properties": {"run_id": "run_0234", "street": "ул. Лозенска планина", "zona": "Зелена зона", "park_txt": "Надлъжн", "capacity": 1, "pitch_m": null, "length_m": 0.0, "bearing_deg": 179.6, "verified": false, "bay_ids": ["14762"]}, "geometry": {"type": "LineString", "coordinates": [[23.32485214, 42.67660401]]}}, {"type": "Feature", "properties": {"run_id": "run_0235", "street": "бул. Джеймс Баучер", "zona": "Зелена зона", "park_txt": "Надлъжн", "capacity": 1, "pitch_m": null, "length_m": 0.0, "bearing_deg": 7.6, "verified": false, "bay_ids": ["14772"]}, "geometry": {"type": "LineString", "coordinates": [[23.32556999, 42.67364128]]}}, {"type": "Feature", "properties": {"run_id": "run_0236", "street": "ул. Презвитер Козма", "zona": "Зелена зона", "park_txt": "Надлъжн", "capacity": 1, "pitch_m": null, "length_m": 0.0, "bearing_deg": 16.8, "verified": false, "bay_ids": ["14785"]}, "geometry": {"type": "LineString", "coordinates": [[23.32932612, 42.6765173]]}}, {"type": "Feature", "properties": {"run_id": "run_0237", "street": "ул. Димитър Димов", "zona": "Зелена зона", "park_txt": "Надлъжн", "capacity": 1, "pitch_m": null, "length_m": 0.0, "bearing_deg": 20.9, "verified": false, "bay_ids": ["14793"]}, "geometry": {"type": "LineString", "coordinates": [[23.3310462, 42.67620696]]}}, {"type": "Feature", "properties": {"run_id": "run_0238", "street": "ул. Арх. Йордан Миланов", "zona": "Зелена зона", "park_txt": "Надлъжн", "capacity": 1, "pitch_m": null, "length_m": 0.0, "bearing_deg": 17.2, "verified": false, "bay_ids": ["16256"]}, "geometry": {"type": "LineString", "coordinates": [[23.33413501, 42.6765371]]}}, {"type": "Feature", "properties": {"run_id": "run_0239", "street": "ул. Арх. Йордан Миланов", "zona": "Зелена зона", "park_txt": "Надлъжн", "capacity": 1, "pitch_m": null, "length_m": 0.0, "bearing_deg": 17.2, "verified": false, "bay_ids": ["16257"]}, "geometry": {"type": "LineString", "coordinates": [[23.33414081, 42.67659647]]}}, {"type": "Feature", "properties": {"run_id": "run_0240", "street": "ул. Арх. Йордан Миланов", "zona": "Зелена зона", "park_txt": "Надлъжн", "capacity": 1, "pitch_m": null, "length_m": 0.0, "bearing_deg": 17.2, "verified": false, "bay_ids": ["16258"]}, "geometry": {"type": "LineString", "coordinates": [[23.33414607, 42.67665031]]}}, {"type": "Feature", "properties": {"run_id": "run_0241", "street": "ул. Арх. Йордан Миланов", "zona": "Зелена зона", "park_txt": "Надлъжн", "capacity": 1, "pitch_m": null, "length_m": 0.0, "bearing_deg": 17.2, "verified": false, "bay_ids": ["16259"]}, "geometry": {"type": "LineString", "coordinates": [[23.33415174, 42.6767097]]}}, {"type": "Feature", "properties": {"run_id": "run_0242", "street": "ул. Вишнева", "zona": "Зелена зона", "park_txt": "Надлъжн", "capacity": 1, "pitch_m": null, "length_m": 0.0, "bearing_deg": 117.3, "verified": false, "bay_ids": ["16302"]}, "geometry": {"type": "LineString", "coordinates": [[23.3326377, 42.67822907]]}}, {"type": "Feature", "properties": {"run_id": "run_0243", "street": "ул. Вишнева", "zona": "Зелена зона", "park_txt": "Надлъжн", "capacity": 1, "pitch_m": null, "length_m": 0.0, "bearing_deg": 117.3, "verified": false, "bay_ids": ["16303"]}, "geometry": {"type": "LineString", "coordinates": [[23.33269918, 42.67824129]]}}, {"type": "Feature", "properties": {"run_id": "run_0244", "street": "ул. Вишнева", "zona": "Зелена зона", "park_txt": "Надлъжн", "capacity": 1, "pitch_m": null, "length_m": 0.0, "bearing_deg": 117.3, "verified": false, "bay_ids": ["16304"]}, "geometry": {"type": "LineString", "coordinates": [[23.33276611, 42.67825454]]}}, {"type": "Feature", "properties": {"run_id": "run_0245", "street": "ул. Вишнева", "zona": "Зелена зона", "park_txt": "Надлъжн", "capacity": 1, "pitch_m": null, "length_m": 0.0, "bearing_deg": 117.3, "verified": false, "bay_ids": ["16305"]}, "geometry": {"type": "LineString", "coordinates": [[23.33288657, 42.6782782]]}}, {"type": "Feature", "properties": {"run_id": "run_0246", "street": "ул. Кръстю Сарафов", "zona": "Зелена зона", "park_txt": "Надлъжн", "capacity": 1, "pitch_m": null, "length_m": 0.0, "bearing_deg": 166.7, "verified": false, "bay_ids": ["16936"]}, "geometry": {"type": "LineString", "coordinates": [[23.32568883, 42.67883717]]}}, {"type": "Feature", "properties": {"run_id": "run_0247", "street": "ул. Кръстю Сарафов", "zona": "Зелена зона", "park_txt": "Надлъжн", "capacity": 1, "pitch_m": null, "length_m": 0.0, "bearing_deg": 166.7, "verified": false, "bay_ids": ["16937"]}, "geometry": {"type": "LineString", "coordinates": [[23.32582816, 42.67881279]]}}, {"type": "Feature", "properties": {"run_id": "run_0248", "street": "ул. Йоан Екзарх", "zona": "Зелена зона", "park_txt": "Надлъжн", "capacity": 1, "pitch_m": null, "length_m": 0.0, "bearing_deg": 2.9, "verified": false, "bay_ids": ["16998"]}, "geometry": {"type": "LineString", "coordinates": [[23.32449518, 42.67728855]]}}, {"type": "Feature", "properties": {"run_id": "run_0249", "street": "ул. Кръстю Сарафов", "zona": "Зелена зона", "park_txt": "Надлъжн", "capacity": 1, "pitch_m": null, "length_m": 0.0, "bearing_deg": 20.0, "verified": false, "bay_ids": ["17105"]}, "geometry": {"type": "LineString", "coordinates": [[23.32855064, 42.67879939]]}}, {"type": "Feature", "properties": {"run_id": "run_0250", "street": "ул. Света гора", "zona": "Зелена зона", "park_txt": "Надлъжн", "capacity": 1, "pitch_m": null, "length_m": 0.0, "bearing_deg": 108.5, "verified": false, "bay_ids": ["17120"]}, "geometry": {"type": "LineString", "coordinates": [[23.32940108, 42.67860622]]}}, {"type": "Feature", "properties": {"run_id": "run_0251", "street": "ул. Бряст", "zona": "Зелена зона", "park_txt": "Надлъжн", "capacity": 1, "pitch_m": null, "length_m": 0.0, "bearing_deg": 19.0, "verified": false, "bay_ids": ["17126"]}, "geometry": {"type": "LineString", "coordinates": [[23.32976622, 42.67827944]]}}, {"type": "Feature", "properties": {"run_id": "run_0252", "street": "ул. Бряст", "zona": "Зелена зона", "park_txt": "Надлъжн", "capacity": 1, "pitch_m": null, "length_m": 0.0, "bearing_deg": 17.9, "verified": false, "bay_ids": ["17127"]}, "geometry": {"type": "LineString", "coordinates": [[23.32988825, 42.67830625]]}}, {"type": "Feature", "properties": {"run_id": "run_0253", "street": "ул. Бряст", "zona": "Зелена зона", "park_txt": "Надлъжн", "capacity": 1, "pitch_m": null, "length_m": 0.0, "bearing_deg": 16.5, "verified": false, "bay_ids": ["17130"]}, "geometry": {"type": "LineString", "coordinates": [[23.33030296, 42.67839755]]}}, {"type": "Feature", "properties": {"run_id": "run_0254", "street": "ул. Бряст", "zona": "Зелена зона", "park_txt": "Надлъжн", "capacity": 1, "pitch_m": null, "length_m": 0.0, "bearing_deg": 100.6, "verified": false, "bay_ids": ["17133"]}, "geometry": {"type": "LineString", "coordinates": [[23.33188466, 42.67874288]]}}, {"type": "Feature", "properties": {"run_id": "run_0255", "street": "ул. Бряст", "zona": "Зелена зона", "park_txt": "Надлъжн", "capacity": 1, "pitch_m": null, "length_m": 0.0, "bearing_deg": 100.6, "verified": false, "bay_ids": ["17134"]}, "geometry": {"type": "LineString", "coordinates": [[23.33181584, 42.67872773]]}}, {"type": "Feature", "properties": {"run_id": "run_0256", "street": "ул. Бряст", "zona": "Зелена зона", "park_txt": "Надлъжн", "capacity": 1, "pitch_m": null, "length_m": 0.0, "bearing_deg": 100.6, "verified": false, "bay_ids": ["17135"]}, "geometry": {"type": "LineString", "coordinates": [[23.33174492, 42.67871211]]}}, {"type": "Feature", "properties": {"run_id": "run_0257", "street": "ул. Бряст", "zona": "Зелена зона", "park_txt": "Надлъжн", "capacity": 1, "pitch_m": null, "length_m": 0.0, "bearing_deg": 100.6, "verified": false, "bay_ids": ["17136"]}, "geometry": {"type": "LineString", "coordinates": [[23.33167249, 42.67869616]]}}, {"type": "Feature", "properties": {"run_id": "run_0258", "street": "ул. Бряст", "zona": "Зелена зона", "park_txt": "Надлъжн", "capacity": 1, "pitch_m": null, "length_m": 0.0, "bearing_deg": 16.4, "verified": false, "bay_ids": ["17148"]}, "geometry": {"type": "LineString", "coordinates": [[23.33070155, 42.67848415]]}}, {"type": "Feature", "properties": {"run_id": "run_0259", "street": "ул. Вишнева", "zona": "Зелена зона", "park_txt": "Надлъжн", "capacity": 1, "pitch_m": null, "length_m": 0.0, "bearing_deg": 155.4, "verified": false, "bay_ids": ["17166"]}, "geometry": {"type": "LineString", "coordinates": [[23.33078272, 42.67788464]]}}, {"type": "Feature", "properties": {"run_id": "run_0260", "street": "ул. Вишнева", "zona": "Зелена зона", "park_txt": "Надлъжн", "capacity": 1, "pitch_m": null, "length_m": 0.0, "bearing_deg": 155.4, "verified": false, "bay_ids": ["17167"]}, "geometry": {"type": "LineString", "coordinates": [[23.33085393, 42.67789771]]}}, {"type": "Feature", "properties": {"run_id": "run_0261", "street": "ул. Вишнева", "zona": "Зелена зона", "park_txt": "Надлъжн", "capacity": 1, "pitch_m": null, "length_m": 0.0, "bearing_deg": 155.4, "verified": false, "bay_ids": ["17168"]}, "geometry": {"type": "LineString", "coordinates": [[23.33092163, 42.67791033]]}}, {"type": "Feature", "properties": {"run_id": "run_0262", "street": "ул. Вишнева", "zona": "Зелена зона", "park_txt": "Надлъжн", "capacity": 1, "pitch_m": null, "length_m": 0.0, "bearing_deg": 117.0, "verified": false, "bay_ids": ["17177"]}, "geometry": {"type": "LineString", "coordinates": [[23.33220272, 42.67814857]]}}, {"type": "Feature", "properties": {"run_id": "run_0263", "street": "ул. Вишнева", "zona": "Зелена зона", "park_txt": "Надлъжн", "capacity": 1, "pitch_m": null, "length_m": 0.0, "bearing_deg": 117.0, "verified": false, "bay_ids": ["17178"]}, "geometry": {"type": "LineString", "coordinates": [[23.33228321, 42.67816272]]}}, {"type": "Feature", "properties": {"run_id": "run_0264", "street": "ул. Вишнева", "zona": "Зелена зона", "park_txt": "Надлъжн", "capacity": 1, "pitch_m": null, "length_m": 0.0, "bearing_deg": 117.0, "verified": false, "bay_ids": ["17179"]}, "geometry": {"type": "LineString", "coordinates": [[23.33235954, 42.67817613]]}}, {"type": "Feature", "properties": {"run_id": "run_0265", "street": "ул. Вишнева", "zona": "Зелена зона", "park_txt": "Надлъжн", "capacity": 1, "pitch_m": null, "length_m": 0.0, "bearing_deg": 116.5, "verified": false, "bay_ids": ["17183"]}, "geometry": {"type": "LineString", "coordinates": [[23.33200106, 42.67817021]]}}, {"type": "Feature", "properties": {"run_id": "run_0266", "street": "ул. Вишнева", "zona": "Зелена зона", "park_txt": "Надлъжн", "capacity": 1, "pitch_m": null, "length_m": 0.0, "bearing_deg": 116.5, "verified": false, "bay_ids": ["17184"]}, "geometry": {"type": "LineString", "coordinates": [[23.33207223, 42.67819657]]}}, {"type": "Feature", "properties": {"run_id": "run_0267", "street": "ул. Вишнева", "zona": "Зелена зона", "park_txt": "Надлъжн", "capacity": 1, "pitch_m": null, "length_m": 0.0, "bearing_deg": 116.5, "verified": false, "bay_ids": ["17185"]}, "geometry": {"type": "LineString", "coordinates": [[23.33214204, 42.67822243]]}}, {"type": "Feature", "properties": {"run_id": "run_0268", "street": "ул. Вишнева", "zona": "Зелена зона", "park_txt": "Надлъжн", "capacity": 1, "pitch_m": null, "length_m": 0.0, "bearing_deg": 116.5, "verified": false, "bay_ids": ["17186"]}, "geometry": {"type": "LineString", "coordinates": [[23.33221082, 42.67824791]]}}, {"type": "Feature", "properties": {"run_id": "run_0269", "street": "ул. Вишнева", "zona": "Зелена зона", "park_txt": "Надлъжн", "capacity": 1, "pitch_m": null, "length_m": 0.0, "bearing_deg": 116.5, "verified": false, "bay_ids": ["17187"]}, "geometry": {"type": "LineString", "coordinates": [[23.33227776, 42.6782727]]}}, {"type": "Feature", "properties": {"run_id": "run_0270", "street": "ул. Лозенска планина", "zona": "Зелена зона", "park_txt": "Надлъжн", "capacity": 1, "pitch_m": null, "length_m": 0.0, "bearing_deg": 179.5, "verified": false, "bay_ids": ["17229"]}, "geometry": {"type": "LineString", "coordinates": [[23.32469056, 42.67660558]]}}, {"type": "Feature", "properties": {"run_id": "run_0271", "street": "бул. Джеймс Баучер", "zona": "Зелена зона", "park_txt": "Надлъжн", "capacity": 1, "pitch_m": null, "length_m": 0.0, "bearing_deg": 32.9, "verified": false, "bay_ids": ["17344"]}, "geometry": {"type": "LineString", "coordinates": [[23.32536728, 42.67358469]]}}, {"type": "Feature", "properties": {"run_id": "run_0272", "street": "бул. Джеймс Баучер", "zona": "Зелена зона", "park_txt": "Надлъжн", "capacity": 1, "pitch_m": null, "length_m": 0.0, "bearing_deg": 167.7, "verified": false, "bay_ids": ["17345"]}, "geometry": {"type": "LineString", "coordinates": [[23.32529683, 42.67356419]]}}, {"type": "Feature", "properties": {"run_id": "run_0273", "street": "бул. Джеймс Баучер", "zona": "Зелена зона", "park_txt": "Надлъжн", "capacity": 1, "pitch_m": null, "length_m": 0.0, "bearing_deg": 25.9, "verified": false, "bay_ids": ["17346"]}, "geometry": {"type": "LineString", "coordinates": [[23.32522588, 42.67354355]]}}, {"type": "Feature", "properties": {"run_id": "run_0274", "street": "бул. Джеймс Баучер", "zona": "Зелена зона", "park_txt": "Надлъжн", "capacity": 1, "pitch_m": null, "length_m": 0.0, "bearing_deg": 163.5, "verified": false, "bay_ids": ["17347"]}, "geometry": {"type": "LineString", "coordinates": [[23.32514852, 42.67352104]]}}, {"type": "Feature", "properties": {"run_id": "run_0275", "street": "бул. Джеймс Баучер", "zona": "Зелена зона", "park_txt": "Надлъжн", "capacity": 1, "pitch_m": null, "length_m": 0.0, "bearing_deg": 72.3, "verified": false, "bay_ids": ["17354"]}, "geometry": {"type": "LineString", "coordinates": [[23.32468907, 42.67338737]]}}, {"type": "Feature", "properties": {"run_id": "run_0276", "street": "бул. Джеймс Баучер", "zona": "Зелена зона", "park_txt": "Надлъжн", "capacity": 1, "pitch_m": null, "length_m": 0.0, "bearing_deg": 66.7, "verified": false, "bay_ids": ["17355"]}, "geometry": {"type": "LineString", "coordinates": [[23.32462224, 42.67336792]]}}, {"type": "Feature", "properties": {"run_id": "run_0277", "street": "бул. Джеймс Баучер", "zona": "Зелена зона", "park_txt": "Надлъжн", "capacity": 1, "pitch_m": null, "length_m": 0.0, "bearing_deg": 83.5, "verified": false, "bay_ids": ["17356"]}, "geometry": {"type": "LineString", "coordinates": [[23.32539564, 42.67347691]]}}, {"type": "Feature", "properties": {"run_id": "run_0278", "street": "бул. Джеймс Баучер", "zona": "Зелена зона", "park_txt": "Надлъжн", "capacity": 1, "pitch_m": null, "length_m": 0.0, "bearing_deg": 54.5, "verified": false, "bay_ids": ["17357"]}, "geometry": {"type": "LineString", "coordinates": [[23.32532516, 42.67345609]]}}, {"type": "Feature", "properties": {"run_id": "run_0279", "street": "бул. Джеймс Баучер", "zona": "Зелена зона", "park_txt": "Надлъжн", "capacity": 1, "pitch_m": null, "length_m": 0.0, "bearing_deg": 27.1, "verified": false, "bay_ids": ["17358"]}, "geometry": {"type": "LineString", "coordinates": [[23.32525472, 42.67343528]]}}, {"type": "Feature", "properties": {"run_id": "run_0280", "street": "бул. Джеймс Баучер", "zona": "Зелена зона", "park_txt": "Надлъжн", "capacity": 1, "pitch_m": null, "length_m": 0.0, "bearing_deg": 64.3, "verified": false, "bay_ids": ["17359"]}, "geometry": {"type": "LineString", "coordinates": [[23.32517864, 42.6734126]]}}, {"type": "Feature", "properties": {"run_id": "run_0281", "street": "бул. Джеймс Баучер", "zona": "Зелена зона", "park_txt": "Надлъжн", "capacity": 1, "pitch_m": null, "length_m": 0.0, "bearing_deg": 49.5, "verified": false, "bay_ids": ["17378"]}, "geometry": {"type": "LineString", "coordinates": [[23.32564419, 42.67366164]]}}, {"type": "Feature", "properties": {"run_id": "run_0282", "street": "бул. Джеймс Баучер", "zona": "Зелена зона", "park_txt": "Надлъжн", "capacity": 1, "pitch_m": null, "length_m": 0.0, "bearing_deg": 52.8, "verified": false, "bay_ids": ["17379"]}, "geometry": {"type": "LineString", "coordinates": [[23.32572429, 42.67368366]]}}, {"type": "Feature", "properties": {"run_id": "run_0283", "street": "бул. Джеймс Баучер", "zona": "Зелена зона", "park_txt": "Надлъжн", "capacity": 1, "pitch_m": null, "length_m": 0.0, "bearing_deg": 57.9, "verified": false, "bay_ids": ["17380"]}, "geometry": {"type": "LineString", "coordinates": [[23.32579878, 42.67370443]]}}, {"type": "Feature", "properties": {"run_id": "run_0284", "street": "бул. Джеймс Баучер", "zona": "Зелена зона", "park_txt": "Надлъжн", "capacity": 1, "pitch_m": null, "length_m": 0.0, "bearing_deg": 148.0, "verified": false, "bay_ids": ["17386"]}, "geometry": {"type": "LineString", "coordinates": [[23.32566412, 42.67355051]]}}, {"type": "Feature", "properties": {"run_id": "run_0285", "street": "бул. Джеймс Баучер", "zona": "Зелена зона", "park_txt": "Надлъжн", "capacity": 1, "pitch_m": null, "length_m": 0.0, "bearing_deg": 165.1, "verified": false, "bay_ids": ["17387"]}, "geometry": {"type": "LineString", "coordinates": [[23.3257383, 42.67357175]]}}, {"type": "Feature", "properties": {"run_id": "run_0286", "street": "ул. Димитър Димов", "zona": "Зелена зона", "park_txt": "Напречн", "capacity": 1, "pitch_m": null, "length_m": 0.0, "bearing_deg": 20.9, "verified": false, "bay_ids": ["17670"]}, "geometry": {"type": "LineString", "coordinates": [[23.33167632, 42.67643666]]}}, {"type": "Feature", "properties": {"run_id": "run_0287", "street": "ул. Димитър Димов", "zona": "Зелена зона", "park_txt": "Напречн", "capacity": 1, "pitch_m": null, "length_m": 0.0, "bearing_deg": 20.9, "verified": false, "bay_ids": ["17671"]}, "geometry": {"type": "LineString", "coordinates": [[23.3316755, 42.67641092]]}}, {"type": "Feature", "properties": {"run_id": "run_0288", "street": "бул. Джеймс Баучер", "zona": "Зелена зона", "park_txt": "Надлъжн", "capacity": 1, "pitch_m": null, "length_m": 0.0, "bearing_deg": 26.2, "verified": false, "bay_ids": ["17707"]}, "geometry": {"type": "LineString", "coordinates": [[23.33270481, 42.67588025]]}}, {"type": "Feature", "properties": {"run_id": "run_0289", "street": "ул. Вишнева", "zona": "Зелена зона", "park_txt": "Надлъжн", "capacity": 1, "pitch_m": null, "length_m": 0.0, "bearing_deg": 155.4, "verified": false, "bay_ids": ["18974"]}, "geometry": {"type": "LineString", "coordinates": [[23.33071528, 42.67787226]]}}, {"type": "Feature", "properties": {"run_id": "run_0290", "street": "ул. Вишнева", "zona": "Зелена зона", "park_txt": "Надлъжн", "capacity": 1, "pitch_m": null, "length_m": 0.0, "bearing_deg": 155.4, "verified": false, "bay_ids": ["18975"]}, "geometry": {"type": "LineString", "coordinates": [[23.33049419, 42.67783168]]}}, {"type": "Feature", "properties": {"run_id": "run_0291", "street": "ул. Вишнева", "zona": "Зелена зона", "park_txt": "Надлъжн", "capacity": 1, "pitch_m": null, "length_m": 0.0, "bearing_deg": 155.4, "verified": false, "bay_ids": ["18976"]}, "geometry": {"type": "LineString", "coordinates": [[23.33056737, 42.67784511]]}}, {"type": "Feature", "properties": {"run_id": "run_0292", "street": "ул. Вишнева", "zona": "Зелена зона", "park_txt": "Надлъжн", "capacity": 1, "pitch_m": null, "length_m": 0.0, "bearing_deg": 155.4, "verified": false, "bay_ids": ["18977"]}, "geometry": {"type": "LineString", "coordinates": [[23.33063955, 42.67785836]]}}, {"type": "Feature", "properties": {"run_id": "run_0293", "street": "ул. Плачковица 1 А", "zona": "Зелена зона", "park_txt": "Надлъжн", "capacity": 1, "pitch_m": null, "length_m": 0.0, "bearing_deg": 21.1, "verified": false, "bay_ids": ["19864"]}, "geometry": {"type": "LineString", "coordinates": [[23.32630375, 42.6735121]]}}, {"type": "Feature", "properties": {"run_id": "run_0294", "street": "ул. Плачковица 1 А", "zona": "Зелена зона", "park_txt": "Надлъжн", "capacity": 1, "pitch_m": null, "length_m": 0.0, "bearing_deg": 21.1, "verified": false, "bay_ids": ["19865"]}, "geometry": {"type": "LineString", "coordinates": [[23.3262894, 42.67356472]]}}, {"type": "Feature", "properties": {"run_id": "run_0295", "street": "ул. Плачковица 1 А", "zona": "Зелена зона", "park_txt": "Надлъжн", "capacity": 1, "pitch_m": null, "length_m": 0.0, "bearing_deg": 21.1, "verified": false, "bay_ids": ["19866"]}, "geometry": {"type": "LineString", "coordinates": [[23.32631689, 42.6734639]]}}, {"type": "Feature", "properties": {"run_id": "run_0296", "street": "ул. Кораб планина", "zona": "Зелена зона", "park_txt": "Надлъжн", "capacity": 1, "pitch_m": null, "length_m": 0.0, "bearing_deg": 73.4, "verified": false, "bay_ids": ["20028"]}, "geometry": {"type": "LineString", "coordinates": [[23.33256767, 42.67150079]]}}, {"type": "Feature", "properties": {"run_id": "run_0297", "street": "ул. Кричим", "zona": "Зелена зона", "park_txt": "Надлъжн", "capacity": 1, "pitch_m": null, "length_m": 0.0, "bearing_deg": 165.9, "verified": false, "bay_ids": ["21806"]}, "geometry": {"type": "LineString", "coordinates": [[23.32446541, 42.67042644]]}}, {"type": "Feature", "properties": {"run_id": "run_0298", "street": "ул. Кричим", "zona": "Зелена зона", "park_txt": "Надлъжн", "capacity": 1, "pitch_m": null, "length_m": 0.0, "bearing_deg": 64.4, "verified": false, "bay_ids": ["21840"]}, "geometry": {"type": "LineString", "coordinates": [[23.32609067, 42.67034198]]}}, {"type": "Feature", "properties": {"run_id": "run_0299", "street": "ул. Кричим", "zona": "Зелена зона", "park_txt": "Надлъжн", "capacity": 1, "pitch_m": null, "length_m": 0.0, "bearing_deg": 64.4, "verified": false, "bay_ids": ["21841"]}, "geometry": {"type": "LineString", "coordinates": [[23.32616608, 42.67033865]]}}, {"type": "Feature", "properties": {"run_id": "run_0300", "street": "ул. Кораб планина", "zona": "Зелена зона", "park_txt": "Надлъжн", "capacity": 1, "pitch_m": null, "length_m": 0.0, "bearing_deg": 176.6, "verified": false, "bay_ids": ["22023"]}, "geometry": {"type": "LineString", "coordinates": [[23.32539764, 42.67198263]]}}, {"type": "Feature", "properties": {"run_id": "run_0301", "street": "ул. Бигла", "zona": "Зелена зона", "park_txt": "Надлъжн", "capacity": 1, "pitch_m": null, "length_m": 0.0, "bearing_deg": 175.1, "verified": false, "bay_ids": ["22054"]}, "geometry": {"type": "LineString", "coordinates": [[23.32527018, 42.67115627]]}}, {"type": "Feature", "properties": {"run_id": "run_0302", "street": "ул. Галичица", "zona": "Зелена зона", "park_txt": "Надлъжн", "capacity": 1, "pitch_m": null, "length_m": 0.0, "bearing_deg": 178.7, "verified": false, "bay_ids": ["22064"]}, "geometry": {"type": "LineString", "coordinates": [[23.32483058, 42.67267551]]}}, {"type": "Feature", "properties": {"run_id": "run_0303", "street": "ул. Св. Теодосий Търновски", "zona": "Зелена зона", "park_txt": "Надлъжн", "capacity": 1, "pitch_m": null, "length_m": 0.0, "bearing_deg": 178.4, "verified": false, "bay_ids": ["22091"]}, "geometry": {"type": "LineString", "coordinates": [[23.32600525, 42.67273425]]}}, {"type": "Feature", "properties": {"run_id": "run_0304", "street": "ул. Св. Теодосий Търновски", "zona": "Зелена зона", "park_txt": "Надлъжн", "capacity": 1, "pitch_m": null, "length_m": 0.0, "bearing_deg": 178.4, "verified": false, "bay_ids": ["22092"]}, "geometry": {"type": "LineString", "coordinates": [[23.32610332, 42.67255091]]}}, {"type": "Feature", "properties": {"run_id": "run_0305", "street": "ул. Св. Теодосий Търновски", "zona": "Зелена зона", "park_txt": "Надлъжн", "capacity": 1, "pitch_m": null, "length_m": 0.0, "bearing_deg": 178.4, "verified": false, "bay_ids": ["22093"]}, "geometry": {"type": "LineString", "coordinates": [[23.32613276, 42.67249929]]}}, {"type": "Feature", "properties": {"run_id": "run_0306", "street": "ул. Св. Теодосий Търновски", "zona": "Зелена зона", "park_txt": "Надлъжн", "capacity": 1, "pitch_m": null, "length_m": 0.0, "bearing_deg": 178.4, "verified": false, "bay_ids": ["22094"]}, "geometry": {"type": "LineString", "coordinates": [[23.32616024, 42.67245109]]}}, {"type": "Feature", "properties": {"run_id": "run_0307", "street": "ул. Плачковица", "zona": "Зелена зона", "park_txt": "Надлъжн", "capacity": 1, "pitch_m": null, "length_m": 0.0, "bearing_deg": 178.4, "verified": false, "bay_ids": ["22095"]}, "geometry": {"type": "LineString", "coordinates": [[23.32640428, 42.67241226]]}}, {"type": "Feature", "properties": {"run_id": "run_0308", "street": "ул. Плачковица", "zona": "Зелена зона", "park_txt": "Надлъжн", "capacity": 1, "pitch_m": null, "length_m": 0.0, "bearing_deg": 178.4, "verified": false, "bay_ids": ["22096"]}, "geometry": {"type": "LineString", "coordinates": [[23.32641289, 42.67245886]]}}, {"type": "Feature", "properties": {"run_id": "run_0309", "street": "ул. Св. Теодосий Търновски", "zona": "Зелена зона", "park_txt": "Надлъжн", "capacity": 1, "pitch_m": null, "length_m": 0.0, "bearing_deg": 176.6, "verified": false, "bay_ids": ["22097"]}, "geometry": {"type": "LineString", "coordinates": [[23.32624456, 42.67230349]]}}, {"type": "Feature", "properties": {"run_id": "run_0310", "street": "ул. Св. Теодосий Търновски", "zona": "Зелена зона", "park_txt": "Надлъжн", "capacity": 1, "pitch_m": null, "length_m": 0.0, "bearing_deg": 176.6, "verified": false, "bay_ids": ["22098"]}, "geometry": {"type": "LineString", "coordinates": [[23.32627037, 42.67225797]]}}, {"type": "Feature", "properties": {"run_id": "run_0311", "street": "ул. Св. Теодосий Търновски", "zona": "Зелена зона", "park_txt": "Надлъжн", "capacity": 1, "pitch_m": null, "length_m": 0.0, "bearing_deg": 176.6, "verified": false, "bay_ids": ["22101"]}, "geometry": {"type": "LineString", "coordinates": [[23.32635404, 42.67210228]]}}, {"type": "Feature", "properties": {"run_id": "run_0312", "street": "ул. Плачковица", "zona": "Зелена зона", "park_txt": "Надлъжн", "capacity": 1, "pitch_m": null, "length_m": 0.0, "bearing_deg": 176.6, "verified": false, "bay_ids": ["22102"]}, "geometry": {"type": "LineString", "coordinates": [[23.32636357, 42.6718756]]}}, {"type": "Feature", "properties": {"run_id": "run_0313", "street": "ул. Плачковица", "zona": "Зелена зона", "park_txt": "Надлъжн", "capacity": 1, "pitch_m": null, "length_m": 0.0, "bearing_deg": 176.6, "verified": false, "bay_ids": ["22103"]}, "geometry": {"type": "LineString", "coordinates": [[23.32635823, 42.67180528]]}}, {"type": "Feature", "properties": {"run_id": "run_0314", "street": "ул. Плачковица", "zona": "Зелена зона", "park_txt": "Надлъжн", "capacity": 1, "pitch_m": null, "length_m": 0.0, "bearing_deg": 176.6, "verified": false, "bay_ids": ["22104"]}, "geometry": {"type": "LineString", "coordinates": [[23.32635084, 42.67175727]]}}, {"type": "Feature", "properties": {"run_id": "run_0315", "street": "ул. Плачковица", "zona": "Зелена зона", "park_txt": "Надлъжн", "capacity": 1, "pitch_m": null, "length_m": 0.0, "bearing_deg": 176.6, "verified": false, "bay_ids": ["22105"]}, "geometry": {"type": "LineString", "coordinates": [[23.32634529, 42.6717057]]}}, {"type": "Feature", "properties": {"run_id": "run_0316", "street": "ул. Плачковица", "zona": "Зелена зона", "park_txt": "Надлъжн", "capacity": 1, "pitch_m": null, "length_m": 0.0, "bearing_deg": 176.6, "verified": false, "bay_ids": ["22106"]}, "geometry": {"type": "LineString", "coordinates": [[23.32634005, 42.67164887]]}}, {"type": "Feature", "properties": {"run_id": "run_0317", "street": "ул. Плачковица", "zona": "Зелена зона", "park_txt": "Надлъжн", "capacity": 1, "pitch_m": null, "length_m": 0.0, "bearing_deg": 85.6, "verified": false, "bay_ids": ["22107"]}, "geometry": {"type": "LineString", "coordinates": [[23.32633496, 42.67158879]]}}, {"type": "Feature", "properties": {"run_id": "run_0318", "street": "ул. Плачковица", "zona": "Зелена зона", "park_txt": "Надлъжн", "capacity": 1, "pitch_m": null, "length_m": 0.0, "bearing_deg": 178.4, "verified": false, "bay_ids": ["22122"]}, "geometry": {"type": "LineString", "coordinates": [[23.32642242, 42.67256306]]}}, {"type": "Feature", "properties": {"run_id": "run_0319", "street": "ул. Плачковица", "zona": "Зелена зона", "park_txt": "Надлъжн", "capacity": 1, "pitch_m": null, "length_m": 0.0, "bearing_deg": 178.4, "verified": false, "bay_ids": ["22123"]}, "geometry": {"type": "LineString", "coordinates": [[23.32641765, 42.67251096]]}}, {"type": "Feature", "properties": {"run_id": "run_0320", "street": "ул. Св. Теодосий Търновски", "zona": "Зелена зона", "park_txt": "Надлъжн", "capacity": 1, "pitch_m": null, "length_m": 0.0, "bearing_deg": 178.4, "verified": false, "bay_ids": ["22124"]}, "geometry": {"type": "LineString", "coordinates": [[23.32618754, 42.67240322]]}}, {"type": "Feature", "properties": {"run_id": "run_0321", "street": "ул. Св. Теодосий Търновски", "zona": "Зелена зона", "park_txt": "Надлъжн", "capacity": 1, "pitch_m": null, "length_m": 0.0, "bearing_deg": 178.4, "verified": false, "bay_ids": ["22125"]}, "geometry": {"type": "LineString", "coordinates": [[23.32621583, 42.67235361]]}}, {"type": "Feature", "properties": {"run_id": "run_0322", "street": "ул. Плачковица", "zona": "Зелена зона", "park_txt": "Надлъжн", "capacity": 1, "pitch_m": null, "length_m": 0.0, "bearing_deg": 176.6, "verified": false, "bay_ids": ["22126"]}, "geometry": {"type": "LineString", "coordinates": [[23.32639713, 42.67226635]]}}, {"type": "Feature", "properties": {"run_id": "run_0323", "street": "ул. Плачковица", "zona": "Зелена зона", "park_txt": "Надлъжн", "capacity": 1, "pitch_m": null, "length_m": 0.0, "bearing_deg": 178.4, "verified": false, "bay_ids": ["22127"]}, "geometry": {"type": "LineString", "coordinates": [[23.32639941, 42.67231293]]}}, {"type": "Feature", "properties": {"run_id": "run_0324", "street": "ул. Плачковица", "zona": "Зелена зона", "park_txt": "Надлъжн", "capacity": 1, "pitch_m": null, "length_m": 0.0, "bearing_deg": 178.4, "verified": false, "bay_ids": ["22128"]}, "geometry": {"type": "LineString", "coordinates": [[23.32640198, 42.67236539]]}}, {"type": "Feature", "properties": {"run_id": "run_0325", "street": "ул. Плачковица", "zona": "Зелена зона", "park_txt": "Надлъжн", "capacity": 1, "pitch_m": null, "length_m": 0.0, "bearing_deg": 178.4, "verified": false, "bay_ids": ["22135"]}, "geometry": {"type": "LineString", "coordinates": [[23.32643777, 42.67270329]]}}, {"type": "Feature", "properties": {"run_id": "run_0326", "street": "ул. Плачковица", "zona": "Зелена зона", "park_txt": "Надлъжн", "capacity": 1, "pitch_m": null, "length_m": 0.0, "bearing_deg": 178.4, "verified": false, "bay_ids": ["22136"]}, "geometry": {"type": "LineString", "coordinates": [[23.32644253, 42.67275539]]}}, {"type": "Feature", "properties": {"run_id": "run_0327", "street": "ул. Плачковица", "zona": "Зелена зона", "park_txt": "Надлъжн", "capacity": 1, "pitch_m": null, "length_m": 0.0, "bearing_deg": 14.8, "verified": false, "bay_ids": ["22137"]}, "geometry": {"type": "LineString", "coordinates": [[23.3264458, 42.67281308]]}}, {"type": "Feature", "properties": {"run_id": "run_0328", "street": "ул. Плачковица", "zona": "Зелена зона", "park_txt": "Надлъжн", "capacity": 1, "pitch_m": null, "length_m": 0.0, "bearing_deg": 14.8, "verified": false, "bay_ids": ["22138"]}, "geometry": {"type": "LineString", "coordinates": [[23.32645056, 42.67286518]]}}, {"type": "Feature", "properties": {"run_id": "run_0329", "street": "ул. Плачковица", "zona": "Зелена зона", "park_txt": "Надлъжн", "capacity": 1, "pitch_m": null, "length_m": 0.0, "bearing_deg": 21.1, "verified": false, "bay_ids": ["22139"]}, "geometry": {"type": "LineString", "coordinates": [[23.32627312, 42.67362445]]}}, {"type": "Feature", "properties": {"run_id": "run_0330", "street": "ул. Плачковица", "zona": "Зелена зона", "park_txt": "Надлъжн", "capacity": 1, "pitch_m": null, "length_m": 0.0, "bearing_deg": 101.3, "verified": false, "bay_ids": ["22140"]}, "geometry": {"type": "LineString", "coordinates": [[23.32634416, 42.67336387]]}}, {"type": "Feature", "properties": {"run_id": "run_0331", "street": "ул. Плачковица", "zona": "Зелена зона", "park_txt": "Надлъжн", "capacity": 1, "pitch_m": null, "length_m": 0.0, "bearing_deg": 14.8, "verified": false, "bay_ids": ["22141"]}, "geometry": {"type": "LineString", "coordinates": [[23.32637264, 42.67325941]]}}, {"type": "Feature", "properties": {"run_id": "run_0332", "street": "ул. Плачковица", "zona": "Зелена зона", "park_txt": "Надлъжн", "capacity": 1, "pitch_m": null, "length_m": 0.0, "bearing_deg": 14.8, "verified": false, "bay_ids": ["22142"]}, "geometry": {"type": "LineString", "coordinates": [[23.32635748, 42.673315]]}}, {"type": "Feature", "properties": {"run_id": "run_0333", "street": "ул. Плачковица", "zona": "Зелена зона", "park_txt": "Надлъжн", "capacity": 1, "pitch_m": null, "length_m": 0.0, "bearing_deg": 14.8, "verified": false, "bay_ids": ["22143"]}, "geometry": {"type": "LineString", "coordinates": [[23.32638609, 42.67321007]]}}, {"type": "Feature", "properties": {"run_id": "run_0334", "street": "ул. Плачковица", "zona": "Зелена зона", "park_txt": "Надлъжн", "capacity": 1, "pitch_m": null, "length_m": 0.0, "bearing_deg": 14.8, "verified": false, "bay_ids": ["22144"]}, "geometry": {"type": "LineString", "coordinates": [[23.32641453, 42.67310576]]}}, {"type": "Feature", "properties": {"run_id": "run_0335", "street": "ул. Плачковица", "zona": "Зелена зона", "park_txt": "Надлъжн", "capacity": 1, "pitch_m": null, "length_m": 0.0, "bearing_deg": 14.8, "verified": false, "bay_ids": ["22145"]}, "geometry": {"type": "LineString", "coordinates": [[23.32639957, 42.67316064]]}}, {"type": "Feature", "properties": {"run_id": "run_0336", "street": "ул. Плачковица", "zona": "Зелена зона", "park_txt": "Надлъжн", "capacity": 1, "pitch_m": null, "length_m": 0.0, "bearing_deg": 86.4, "verified": false, "bay_ids": ["22146"]}, "geometry": {"type": "LineString", "coordinates": [[23.32622017, 42.67022856]]}}, {"type": "Feature", "properties": {"run_id": "run_0337", "street": "ул. Кричим", "zona": "Зелена зона", "park_txt": "Надлъжн", "capacity": 1, "pitch_m": null, "length_m": 0.0, "bearing_deg": 84.0, "verified": false, "bay_ids": ["22302"]}, "geometry": {"type": "LineString", "coordinates": [[23.32814371, 42.6702343]]}}, {"type": "Feature", "properties": {"run_id": "run_0338", "street": "ул. Кричим", "zona": "Зелена зона", "park_txt": "Надлъжн", "capacity": 1, "pitch_m": null, "length_m": 0.0, "bearing_deg": 84.0, "verified": false, "bay_ids": ["22303"]}, "geometry": {"type": "LineString", "coordinates": [[23.32821351, 42.67023018]]}}, {"type": "Feature", "properties": {"run_id": "run_0339", "street": "ул. Кричим", "zona": "Зелена зона", "park_txt": "Надлъжн", "capacity": 1, "pitch_m": null, "length_m": 0.0, "bearing_deg": 84.0, "verified": false, "bay_ids": ["22306"]}, "geometry": {"type": "LineString", "coordinates": [[23.32835264, 42.67022195]]}}, {"type": "Feature", "properties": {"run_id": "run_0340", "street": "ул. Кричим", "zona": "Зелена зона", "park_txt": "Надлъжн", "capacity": 1, "pitch_m": null, "length_m": 0.0, "bearing_deg": 84.0, "verified": false, "bay_ids": ["22307"]}, "geometry": {"type": "LineString", "coordinates": [[23.32842441, 42.6702177]]}}, {"type": "Feature", "properties": {"run_id": "run_0341", "street": "ул. Кричим", "zona": "Зелена зона", "park_txt": "Надлъжн", "capacity": 1, "pitch_m": null, "length_m": 0.0, "bearing_deg": 84.0, "verified": false, "bay_ids": ["22308"]}, "geometry": {"type": "LineString", "coordinates": [[23.32828553, 42.67022592]]}}, {"type": "Feature", "properties": {"run_id": "run_0342", "street": "ул. Бигла", "zona": "Зелена зона", "park_txt": "Надлъжн", "capacity": 1, "pitch_m": null, "length_m": 0.0, "bearing_deg": 175.0, "verified": false, "bay_ids": ["22337"]}, "geometry": {"type": "LineString", "coordinates": [[23.32769186, 42.6710046]]}}, {"type": "Feature", "properties": {"run_id": "run_0343", "street": "ул. Бигла", "zona": "Зелена зона", "park_txt": "Надлъжн", "capacity": 1, "pitch_m": null, "length_m": 0.0, "bearing_deg": 83.8, "verified": false, "bay_ids": ["22338"]}, "geometry": {"type": "LineString", "coordinates": [[23.32828662, 42.67096641]]}}, {"type": "Feature", "properties": {"run_id": "run_0344", "street": "ул. Бигла", "zona": "Зелена зона", "park_txt": "Надлъжн", "capacity": 1, "pitch_m": null, "length_m": 0.0, "bearing_deg": 83.8, "verified": false, "bay_ids": ["22339"]}, "geometry": {"type": "LineString", "coordinates": [[23.32836115, 42.67096171]]}}, {"type": "Feature", "properties": {"run_id": "run_0345", "street": "ул. Бигла", "zona": "Зелена зона", "park_txt": "Надлъжн", "capacity": 1, "pitch_m": null, "length_m": 0.0, "bearing_deg": 83.8, "verified": false, "bay_ids": ["22340"]}, "geometry": {"type": "LineString", "coordinates": [[23.3284345, 42.67095709]]}}, {"type": "Feature", "properties": {"run_id": "run_0346", "street": "ул. Бигла", "zona": "Зелена зона", "park_txt": "Надлъжн", "capacity": 1, "pitch_m": null, "length_m": 0.0, "bearing_deg": 83.8, "verified": false, "bay_ids": ["22341"]}, "geometry": {"type": "LineString", "coordinates": [[23.3285086, 42.67095242]]}}, {"type": "Feature", "properties": {"run_id": "run_0347", "street": "ул. Бигла", "zona": "Зелена зона", "park_txt": "Надлъжн", "capacity": 1, "pitch_m": null, "length_m": 0.0, "bearing_deg": 175.0, "verified": false, "bay_ids": ["22342"]}, "geometry": {"type": "LineString", "coordinates": [[23.32821654, 42.67097026]]}}, {"type": "Feature", "properties": {"run_id": "run_0348", "street": "ул. Якубица", "zona": "Зелена зона", "park_txt": "Надлъжн", "capacity": 1, "pitch_m": null, "length_m": 0.0, "bearing_deg": 83.8, "verified": false, "bay_ids": ["22362"]}, "geometry": {"type": "LineString", "coordinates": [[23.3285643, 42.67035949]]}}, {"type": "Feature", "properties": {"run_id": "run_0349", "street": "ул. Кораб планина", "zona": "Зелена зона", "park_txt": "Надлъжн", "capacity": 1, "pitch_m": null, "length_m": 0.0, "bearing_deg": 176.0, "verified": false, "bay_ids": ["22400"]}, "geometry": {"type": "LineString", "coordinates": [[23.32813039, 42.67186435]]}}, {"type": "Feature", "properties": {"run_id": "run_0350", "street": "ул. Галичица", "zona": "Зелена зона", "park_txt": "Надлъжн", "capacity": 1, "pitch_m": null, "length_m": 0.0, "bearing_deg": 178.4, "verified": false, "bay_ids": ["22420"]}, "geometry": {"type": "LineString", "coordinates": [[23.32688414, 42.67263921]]}}, {"type": "Feature", "properties": {"run_id": "run_0351", "street": "ул. Минзухар", "zona": "Зелена зона", "park_txt": "Надлъжн", "capacity": 1, "pitch_m": null, "length_m": 0.0, "bearing_deg": 14.8, "verified": false, "bay_ids": ["22450"]}, "geometry": {"type": "LineString", "coordinates": [[23.32819599, 42.67329858]]}}, {"type": "Feature", "properties": {"run_id": "run_0352", "street": "ул. Якубица", "zona": "Зелена зона", "park_txt": "Надлъжн", "capacity": 1, "pitch_m": null, "length_m": 0.0, "bearing_deg": 89.1, "verified": false, "bay_ids": ["22471"]}, "geometry": {"type": "LineString", "coordinates": [[23.3288331, 42.67288589]]}}, {"type": "Feature", "properties": {"run_id": "run_0353", "street": "ул. Якубица", "zona": "Зелена зона", "park_txt": "Надлъжн", "capacity": 1, "pitch_m": null, "length_m": 0.0, "bearing_deg": 86.6, "verified": false, "bay_ids": ["22475"]}, "geometry": {"type": "LineString", "coordinates": [[23.3288573, 42.67221318]]}}, {"type": "Feature", "properties": {"run_id": "run_0354", "street": "ул. Галичица", "zona": "Зелена зона", "park_txt": "Надлъжн", "capacity": 1, "pitch_m": null, "length_m": 0.0, "bearing_deg": 175.1, "verified": false, "bay_ids": ["22498"]}, "geometry": {"type": "LineString", "coordinates": [[23.32904092, 42.67259438]]}}, {"type": "Feature", "properties": {"run_id": "run_0355", "street": "ул. Кораб планина", "zona": "Зелена зона", "park_txt": "Надлъжн", "capacity": 1, "pitch_m": null, "length_m": 0.0, "bearing_deg": 173.4, "verified": false, "bay_ids": ["22546"]}, "geometry": {"type": "LineString", "coordinates": [[23.33115937, 42.67162582]]}}, {"type": "Feature", "properties": {"run_id": "run_0356", "street": "ул. Кораб планина бл. 66А вх.А ет.5 ап.12", "zona": "Зелена зона", "park_txt": "Надлъжн", "capacity": 1, "pitch_m": null, "length_m": 0.0, "bearing_deg": 73.4, "verified": false, "bay_ids": ["22555"]}, "geometry": {"type": "LineString", "coordinates": [[23.33249122, 42.67150788]]}}, {"type": "Feature", "properties": {"run_id": "run_0357", "street": "ул. Кораб планина", "zona": "Зелена зона", "park_txt": "Надлъжн", "capacity": 1, "pitch_m": null, "length_m": 0.0, "bearing_deg": 73.4, "verified": false, "bay_ids": ["22556"]}, "geometry": {"type": "LineString", "coordinates": [[23.33264676, 42.67149303]]}}, {"type": "Feature", "properties": {"run_id": "run_0358", "street": "ул. Кораб планина", "zona": "Зелена зона", "park_txt": "Надлъжн", "capacity": 1, "pitch_m": null, "length_m": 0.0, "bearing_deg": 73.4, "verified": false, "bay_ids": ["22557"]}, "geometry": {"type": "LineString", "coordinates": [[23.33272324, 42.67148637]]}}, {"type": "Feature", "properties": {"run_id": "run_0359", "street": "ул. Кораб планина", "zona": "Зелена зона", "park_txt": "Надлъжн", "capacity": 1, "pitch_m": null, "length_m": 0.0, "bearing_deg": 73.4, "verified": false, "bay_ids": ["22558"]}, "geometry": {"type": "LineString", "coordinates": [[23.33279502, 42.67147972]]}}, {"type": "Feature", "properties": {"run_id": "run_0360", "street": "ул. Бигла", "zona": "Зелена зона", "park_txt": "Надлъжн", "capacity": 1, "pitch_m": null, "length_m": 0.0, "bearing_deg": 83.8, "verified": false, "bay_ids": ["22559"]}, "geometry": {"type": "LineString", "coordinates": [[23.32889143, 42.67092743]]}}, {"type": "Feature", "properties": {"run_id": "run_0361", "street": "ул. Бигла", "zona": "Зелена зона", "park_txt": "Надлъжн", "capacity": 1, "pitch_m": null, "length_m": 0.0, "bearing_deg": 83.8, "verified": false, "bay_ids": ["22560"]}, "geometry": {"type": "LineString", "coordinates": [[23.32882085, 42.67093193]]}}, {"type": "Feature", "properties": {"run_id": "run_0362", "street": "ул. Бигла", "zona": "Зелена зона", "park_txt": "Надлъжн", "capacity": 1, "pitch_m": null, "length_m": 0.0, "bearing_deg": 83.8, "verified": false, "bay_ids": ["22561"]}, "geometry": {"type": "LineString", "coordinates": [[23.32914725, 42.67091114]]}}, {"type": "Feature", "properties": {"run_id": "run_0363", "street": "ул. Бигла", "zona": "Зелена зона", "park_txt": "Надлъжн", "capacity": 1, "pitch_m": null, "length_m": 0.0, "bearing_deg": 83.8, "verified": false, "bay_ids": ["22562"]}, "geometry": {"type": "LineString", "coordinates": [[23.32907667, 42.67091564]]}}, {"type": "Feature", "properties": {"run_id": "run_0364", "street": "ул. Бигла", "zona": "Зелена зона", "park_txt": "Надлъжн", "capacity": 1, "pitch_m": null, "length_m": 0.0, "bearing_deg": 174.5, "verified": false, "bay_ids": ["22563"]}, "geometry": {"type": "LineString", "coordinates": [[23.32921867, 42.67090659]]}}, {"type": "Feature", "properties": {"run_id": "run_0365", "street": "ул. Бигла", "zona": "Зелена зона", "park_txt": "Надлъжн", "capacity": 1, "pitch_m": null, "length_m": 0.0, "bearing_deg": 73.4, "verified": false, "bay_ids": ["22591"]}, "geometry": {"type": "LineString", "coordinates": [[23.33229801, 42.67069843]]}}, {"type": "Feature", "properties": {"run_id": "run_0366", "street": "ул. Бигла", "zona": "Зелена зона", "park_txt": "Надлъжн", "capacity": 1, "pitch_m": null, "length_m": 0.0, "bearing_deg": 73.4, "verified": false, "bay_ids": ["22592"]}, "geometry": {"type": "LineString", "coordinates": [[23.33222743, 42.67070293]]}}, {"type": "Feature", "properties": {"run_id": "run_0367", "street": "ул. Бигла", "zona": "Зелена зона", "park_txt": "Надлъжн", "capacity": 1, "pitch_m": null, "length_m": 0.0, "bearing_deg": 73.4, "verified": false, "bay_ids": ["22593"]}, "geometry": {"type": "LineString", "coordinates": [[23.33236693, 42.67069431]]}}, {"type": "Feature", "properties": {"run_id": "run_0368", "street": "ул. Кричим", "zona": "Зелена зона", "park_txt": "Надлъжн", "capacity": 1, "pitch_m": null, "length_m": 0.0, "bearing_deg": 83.8, "verified": false, "bay_ids": ["22646"]}, "geometry": {"type": "LineString", "coordinates": [[23.32903755, 42.67022865]]}}, {"type": "Feature", "properties": {"run_id": "run_0369", "street": "ул. Кричим", "zona": "Зелена зона", "park_txt": "Надлъжн", "capacity": 1, "pitch_m": null, "length_m": 0.0, "bearing_deg": 83.8, "verified": false, "bay_ids": ["22647"]}, "geometry": {"type": "LineString", "coordinates": [[23.32910683, 42.67022382]]}}, {"type": "Feature", "properties": {"run_id": "run_0370", "street": "ул. Кричим", "zona": "Зелена зона", "park_txt": "Надлъжн", "capacity": 1, "pitch_m": null, "length_m": 0.0, "bearing_deg": 83.8, "verified": false, "bay_ids": ["22648"]}, "geometry": {"type": "LineString", "coordinates": [[23.32889878, 42.67023809]]}}, {"type": "Feature", "properties": {"run_id": "run_0371", "street": "ул. Кричим", "zona": "Зелена зона", "park_txt": "Надлъжн", "capacity": 1, "pitch_m": null, "length_m": 0.0, "bearing_deg": 83.8, "verified": false, "bay_ids": ["22649"]}, "geometry": {"type": "LineString", "coordinates": [[23.32896915, 42.6702333]]}}, {"type": "Feature", "properties": {"run_id": "run_0372", "street": "ул. Кричим", "zona": "Зелена зона", "park_txt": "Надлъжн", "capacity": 1, "pitch_m": null, "length_m": 0.0, "bearing_deg": 83.8, "verified": false, "bay_ids": ["22652"]}, "geometry": {"type": "LineString", "coordinates": [[23.32875162, 42.67024811]]}}, {"type": "Feature", "properties": {"run_id": "run_0373", "street": "ул. Кричим", "zona": "Зелена зона", "park_txt": "Надлъжн", "capacity": 1, "pitch_m": null, "length_m": 0.0, "bearing_deg": 83.8, "verified": false, "bay_ids": ["22653"]}, "geometry": {"type": "LineString", "coordinates": [[23.32882406, 42.67024318]]}}, {"type": "Feature", "properties": {"run_id": "run_0374", "street": "ул. Кричим", "zona": "Зелена зона", "park_txt": "Надлъжн", "capacity": 1, "pitch_m": null, "length_m": 0.0, "bearing_deg": 83.8, "verified": false, "bay_ids": ["22654"]}, "geometry": {"type": "LineString", "coordinates": [[23.32868394, 42.67025271]]}}, {"type": "Feature", "properties": {"run_id": "run_0375", "street": "ул. Златовръх", "zona": "Зелена зона", "park_txt": "Надлъжн", "capacity": 1, "pitch_m": null, "length_m": 0.0, "bearing_deg": 43.9, "verified": false, "bay_ids": ["22688"]}, "geometry": {"type": "LineString", "coordinates": [[23.33228635, 42.67009231]]}}, {"type": "Feature", "properties": {"run_id": "run_0376", "street": "ул. Златовръх", "zona": "Зелена зона", "park_txt": "Надлъжн", "capacity": 1, "pitch_m": null, "length_m": 0.0, "bearing_deg": 43.9, "verified": false, "bay_ids": ["22689"]}, "geometry": {"type": "LineString", "coordinates": [[23.33231674, 42.67014353]]}}, {"type": "Feature", "properties": {"run_id": "run_0377", "street": "ул. Златовръх", "zona": "Зелена зона", "park_txt": "Надлъжн", "capacity": 1, "pitch_m": null, "length_m": 0.0, "bearing_deg": 73.4, "verified": false, "bay_ids": ["22703"]}, "geometry": {"type": "LineString", "coordinates": [[23.33289928, 42.67141751]]}}, {"type": "Feature", "properties": {"run_id": "run_0378", "street": "пл. Велчова завера", "zona": "Зелена зона", "park_txt": "Надлъжн", "capacity": 1, "pitch_m": null, "length_m": 0.0, "bearing_deg": 127.7, "verified": false, "bay_ids": ["22740"]}, "geometry": {"type": "LineString", "coordinates": [[23.33408036, 42.67621757]]}}, {"type": "Feature", "properties": {"run_id": "run_0379", "street": "пл. Велчова завера", "zona": "Зелена зона", "park_txt": "Надлъжн", "capacity": 1, "pitch_m": null, "length_m": 0.0, "bearing_deg": 155.5, "verified": false, "bay_ids": ["22755"]}, "geometry": {"type": "LineString", "coordinates": [[23.33424958, 42.674708]]}}, {"type": "Feature", "properties": {"run_id": "run_0380", "street": "пл. Велчова завера", "zona": "Зелена зона", "park_txt": "Надлъжн", "capacity": 1, "pitch_m": null, "length_m": 0.0, "bearing_deg": 155.5, "verified": false, "bay_ids": ["22756"]}, "geometry": {"type": "LineString", "coordinates": [[23.33425455, 42.67465338]]}}, {"type": "Feature", "properties": {"run_id": "run_0381", "street": "пл. Велчова завера", "zona": "Зелена зона", "park_txt": "Напречн", "capacity": 1, "pitch_m": null, "length_m": 0.0, "bearing_deg": 139.3, "verified": false, "bay_ids": ["22757"]}, "geometry": {"type": "LineString", "coordinates": [[23.33383468, 42.67462105]]}}, {"type": "Feature", "properties": {"run_id": "run_0382", "street": "пл. Велчова завера", "zona": "Зелена зона", "park_txt": "Напречн", "capacity": 1, "pitch_m": null, "length_m": 0.0, "bearing_deg": 100.1, "verified": false, "bay_ids": ["22765"]}, "geometry": {"type": "LineString", "coordinates": [[23.33381758, 42.67478018]]}}, {"type": "Feature", "properties": {"run_id": "run_0383", "street": "ул. Васил Кирков", "zona": "Зелена зона", "park_txt": "Надлъжн", "capacity": 1, "pitch_m": null, "length_m": 0.0, "bearing_deg": 125.0, "verified": false, "bay_ids": ["22770"]}, "geometry": {"type": "LineString", "coordinates": [[23.33430429, 42.6732304]]}}, {"type": "Feature", "properties": {"run_id": "run_0384", "street": "ул. Васил Кирков", "zona": "Зелена зона", "park_txt": "Надлъжн", "capacity": 1, "pitch_m": null, "length_m": 0.0, "bearing_deg": 48.9, "verified": false, "bay_ids": ["22777"]}, "geometry": {"type": "LineString", "coordinates": [[23.33505239, 42.67243979]]}}, {"type": "Feature", "properties": {"run_id": "run_0385", "street": "ул. Васил Кирков", "zona": "Зелена зона", "park_txt": "Надлъжн", "capacity": 1, "pitch_m": null, "length_m": 0.0, "bearing_deg": 48.9, "verified": false, "bay_ids": ["22778"]}, "geometry": {"type": "LineString", "coordinates": [[23.33509324, 42.67239564]]}}, {"type": "Feature", "properties": {"run_id": "run_0386", "street": "ул. Проф. Хараламби Тачев", "zona": "Зелена зона", "park_txt": "Надлъжн", "capacity": 1, "pitch_m": null, "length_m": 0.0, "bearing_deg": 48.9, "verified": false, "bay_ids": ["22783"]}, "geometry": {"type": "LineString", "coordinates": [[23.33436159, 42.67267628]]}}, {"type": "Feature", "properties": {"run_id": "run_0387", "street": "ул. Проф. Хараламби Тачев", "zona": "Зелена зона", "park_txt": "Надлъжн", "capacity": 1, "pitch_m": null, "length_m": 0.0, "bearing_deg": 48.9, "verified": false, "bay_ids": ["22784"]}, "geometry": {"type": "LineString", "coordinates": [[23.33434621, 42.67262393]]}}, {"type": "Feature", "properties": {"run_id": "run_0388", "street": "ул. Проф. Хараламби Тачев", "zona": "Зелена зона", "park_txt": "Надлъжн", "capacity": 1, "pitch_m": null, "length_m": 0.0, "bearing_deg": 48.9, "verified": false, "bay_ids": ["22785"]}, "geometry": {"type": "LineString", "coordinates": [[23.33433026, 42.6725731]]}}, {"type": "Feature", "properties": {"run_id": "run_0389", "street": "ул. Проф. Хараламби Тачев", "zona": "Зелена зона", "park_txt": "Надлъжн", "capacity": 1, "pitch_m": null, "length_m": 0.0, "bearing_deg": 48.9, "verified": false, "bay_ids": ["22786"]}, "geometry": {"type": "LineString", "coordinates": [[23.33431377, 42.67251974]]}}, {"type": "Feature", "properties": {"run_id": "run_0390", "street": "ул. Проф. Хараламби Тачев", "zona": "Зелена зона", "park_txt": "Надлъжн", "capacity": 1, "pitch_m": null, "length_m": 0.0, "bearing_deg": 48.9, "verified": false, "bay_ids": ["22787"]}, "geometry": {"type": "LineString", "coordinates": [[23.33429753, 42.67246719]]}}, {"type": "Feature", "properties": {"run_id": "run_0391", "street": "ул. Проф. Хараламби Тачев", "zona": "Зелена зона", "park_txt": "Надлъжн", "capacity": 1, "pitch_m": null, "length_m": 0.0, "bearing_deg": 48.9, "verified": false, "bay_ids": ["22788"]}, "geometry": {"type": "LineString", "coordinates": [[23.33426369, 42.67235771]]}}, {"type": "Feature", "properties": {"run_id": "run_0392", "street": "ул. Проф. Хараламби Тачев", "zona": "Зелена зона", "park_txt": "Надлъжн", "capacity": 1, "pitch_m": null, "length_m": 0.0, "bearing_deg": 125.0, "verified": false, "bay_ids": ["22789"]}, "geometry": {"type": "LineString", "coordinates": [[23.33445455, 42.67299444]]}}, {"type": "Feature", "properties": {"run_id": "run_0393", "street": "ул. Проф. Хараламби Тачев", "zona": "Зелена зона", "park_txt": "Надлъжн", "capacity": 1, "pitch_m": null, "length_m": 0.0, "bearing_deg": 125.0, "verified": false, "bay_ids": ["22790"]}, "geometry": {"type": "LineString", "coordinates": [[23.33443917, 42.67294208]]}}, {"type": "Feature", "properties": {"run_id": "run_0394", "street": "ул. Проф. Хараламби Тачев", "zona": "Зелена зона", "park_txt": "Надлъжн", "capacity": 1, "pitch_m": null, "length_m": 0.0, "bearing_deg": 125.0, "verified": false, "bay_ids": ["22791"]}, "geometry": {"type": "LineString", "coordinates": [[23.33442317, 42.67288764]]}}, {"type": "Feature", "properties": {"run_id": "run_0395", "street": "ул. Проф. Хараламби Тачев", "zona": "Зелена зона", "park_txt": "Надлъжн", "capacity": 1, "pitch_m": null, "length_m": 0.0, "bearing_deg": 125.0, "verified": false, "bay_ids": ["22792"]}, "geometry": {"type": "LineString", "coordinates": [[23.33440754, 42.67283446]]}}, {"type": "Feature", "properties": {"run_id": "run_0396", "street": "ул. Проф. Хараламби Тачев", "zona": "Зелена зона", "park_txt": "Надлъжн", "capacity": 1, "pitch_m": null, "length_m": 0.0, "bearing_deg": 125.0, "verified": false, "bay_ids": ["22793"]}, "geometry": {"type": "LineString", "coordinates": [[23.33439216, 42.67278211]]}}, {"type": "Feature", "properties": {"run_id": "run_0397", "street": "ул. Проф. Хараламби Тачев", "zona": "Зелена зона", "park_txt": "Надлъжн", "capacity": 1, "pitch_m": null, "length_m": 0.0, "bearing_deg": 48.9, "verified": false, "bay_ids": ["22794"]}, "geometry": {"type": "LineString", "coordinates": [[23.33437616, 42.67272767]]}}, {"type": "Feature", "properties": {"run_id": "run_0398", "street": "ул. Проф. Хараламби Тачев", "zona": "Зелена зона", "park_txt": "Надлъжн", "capacity": 1, "pitch_m": null, "length_m": 0.0, "bearing_deg": 48.9, "verified": false, "bay_ids": ["22795"]}, "geometry": {"type": "LineString", "coordinates": [[23.33428082, 42.67241313]]}}, {"type": "Feature", "properties": {"run_id": "run_0399", "street": "ул. Симеоново", "zona": "Зелена зона", "park_txt": "Надлъжн", "capacity": 1, "pitch_m": null, "length_m": 0.0, "bearing_deg": 49.0, "verified": false, "bay_ids": ["22813"]}, "geometry": {"type": "LineString", "coordinates": [[23.334036, 42.6720773]]}}, {"type": "Feature", "properties": {"run_id": "run_0400", "street": "ул. Ведрина", "zona": "Зелена зона", "park_txt": "Надлъжн", "capacity": 1, "pitch_m": null, "length_m": 0.0, "bearing_deg": 75.7, "verified": false, "bay_ids": ["22814"]}, "geometry": {"type": "LineString", "coordinates": [[23.33324699, 42.67161949]]}}, {"type": "Feature", "properties": {"run_id": "run_0401", "street": "ул. Ведрина", "zona": "Зелена зона", "park_txt": "Надлъжн", "capacity": 1, "pitch_m": null, "length_m": 0.0, "bearing_deg": 49.0, "verified": false, "bay_ids": ["22815"]}, "geometry": {"type": "LineString", "coordinates": [[23.33353404, 42.67144379]]}}, {"type": "Feature", "properties": {"run_id": "run_0402", "street": "ул. Ведрина", "zona": "Зелена зона", "park_txt": "Надлъжн", "capacity": 1, "pitch_m": null, "length_m": 0.0, "bearing_deg": 49.0, "verified": false, "bay_ids": ["22816"]}, "geometry": {"type": "LineString", "coordinates": [[23.33365443, 42.67137185]]}}, {"type": "Feature", "properties": {"run_id": "run_0403", "street": "ул. Ведрина", "zona": "Зелена зона", "park_txt": "Надлъжн", "capacity": 1, "pitch_m": null, "length_m": 0.0, "bearing_deg": 49.0, "verified": false, "bay_ids": ["22817"]}, "geometry": {"type": "LineString", "coordinates": [[23.33371648, 42.67132999]]}}, {"type": "Feature", "properties": {"run_id": "run_0404", "street": "ул. Ведрина", "zona": "Зелена зона", "park_txt": "Надлъжн", "capacity": 1, "pitch_m": null, "length_m": 0.0, "bearing_deg": 49.0, "verified": false, "bay_ids": ["22818"]}, "geometry": {"type": "LineString", "coordinates": [[23.33382257, 42.67126965]]}}, {"type": "Feature", "properties": {"run_id": "run_0405", "street": "ул. Кораб планина", "zona": "Зелена зона", "park_txt": "Надлъжн", "capacity": 1, "pitch_m": null, "length_m": 0.0, "bearing_deg": 176.0, "verified": false, "bay_ids": ["26911"]}, "geometry": {"type": "LineString", "coordinates": [[23.32867778, 42.67184136]]}}, {"type": "Feature", "properties": {"run_id": "run_0406", "street": "паркинг при ул. Якубица", "zona": "Зелена зона", "park_txt": "Косо", "capacity": 1, "pitch_m": null, "length_m": 0.0, "bearing_deg": 83.6, "verified": false, "bay_ids": ["26912"]}, "geometry": {"type": "LineString", "coordinates": [[23.32891597, 42.67153408]]}}, {"type": "Feature", "properties": {"run_id": "run_0407", "street": "паркинг при ул. Якубица", "zona": "Зелена зона", "park_txt": "Косо", "capacity": 1, "pitch_m": null, "length_m": 0.0, "bearing_deg": 83.6, "verified": false, "bay_ids": ["26913"]}, "geometry": {"type": "LineString", "coordinates": [[23.32896069, 42.67153127]]}}, {"type": "Feature", "properties": {"run_id": "run_0408", "street": "паркинг при ул. Якубица", "zona": "Зелена зона", "park_txt": "Косо", "capacity": 1, "pitch_m": null, "length_m": 0.0, "bearing_deg": 83.6, "verified": false, "bay_ids": ["26914"]}, "geometry": {"type": "LineString", "coordinates": [[23.32900335, 42.6715288]]}}, {"type": "Feature", "properties": {"run_id": "run_0409", "street": "паркинг при ул. Якубица", "zona": "Зелена зона", "park_txt": "Косо", "capacity": 1, "pitch_m": null, "length_m": 0.0, "bearing_deg": 83.6, "verified": false, "bay_ids": ["26915"]}, "geometry": {"type": "LineString", "coordinates": [[23.32904556, 42.67152633]]}}, {"type": "Feature", "properties": {"run_id": "run_0410", "street": "паркинг при ул. Якубица", "zona": "Зелена зона", "park_txt": "Косо", "capacity": 1, "pitch_m": null, "length_m": 0.0, "bearing_deg": 83.6, "verified": false, "bay_ids": ["26916"]}, "geometry": {"type": "LineString", "coordinates": [[23.32909029, 42.67152351]]}}, {"type": "Feature", "properties": {"run_id": "run_0411", "street": "паркинг при ул. Якубица", "zona": "Зелена зона", "park_txt": "Косо", "capacity": 1, "pitch_m": null, "length_m": 0.0, "bearing_deg": 83.6, "verified": false, "bay_ids": ["26917"]}, "geometry": {"type": "LineString", "coordinates": [[23.32913294, 42.67152104]]}}, {"type": "Feature", "properties": {"run_id": "run_0412", "street": "паркинг при ул. Якубица", "zona": "Зелена зона", "park_txt": "Косо", "capacity": 1, "pitch_m": null, "length_m": 0.0, "bearing_deg": 83.6, "verified": false, "bay_ids": ["26918"]}, "geometry": {"type": "LineString", "coordinates": [[23.32917371, 42.67151949]]}}, {"type": "Feature", "properties": {"run_id": "run_0413", "street": "паркинг при ул. Якубица", "zona": "Зелена зона", "park_txt": "Косо", "capacity": 1, "pitch_m": null, "length_m": 0.0, "bearing_deg": 83.6, "verified": false, "bay_ids": ["26919"]}, "geometry": {"type": "LineString", "coordinates": [[23.32921915, 42.67151761]]}}, {"type": "Feature", "properties": {"run_id": "run_0414", "street": "паркинг при ул. Якубица", "zona": "Зелена зона", "park_txt": "Косо", "capacity": 1, "pitch_m": null, "length_m": 0.0, "bearing_deg": 83.6, "verified": false, "bay_ids": ["26920"]}, "geometry": {"type": "LineString", "coordinates": [[23.32926136, 42.67151515]]}}, {"type": "Feature", "properties": {"run_id": "run_0415", "street": "ул. Стоян Михайловски", "zona": "Зелена зона", "park_txt": "Надлъжн", "capacity": 1, "pitch_m": null, "length_m": 0.0, "bearing_deg": 36.4, "verified": false, "bay_ids": ["26988"]}, "geometry": {"type": "LineString", "coordinates": [[23.33444486, 42.67439763]]}}, {"type": "Feature", "properties": {"run_id": "run_0416", "street": "ул. Стоян Михайловски", "zona": "Зелена зона", "park_txt": "Надлъжн", "capacity": 1, "pitch_m": null, "length_m": 0.0, "bearing_deg": 36.4, "verified": false, "bay_ids": ["26989"]}, "geometry": {"type": "LineString", "coordinates": [[23.33448571, 42.67435347]]}}, {"type": "Feature", "properties": {"run_id": "run_0417", "street": "бул. Пейо К. Яворов", "zona": "Зелена зона", "park_txt": "Надлъжн", "capacity": 1, "pitch_m": null, "length_m": 0.0, "bearing_deg": 50.2, "verified": false, "bay_ids": ["27012"]}, "geometry": {"type": "LineString", "coordinates": [[23.33481351, 42.67178866]]}}, {"type": "Feature", "properties": {"run_id": "run_0418", "street": "жк Лозенец", "zona": "Зелена зона", "park_txt": "Напречн", "capacity": 1, "pitch_m": null, "length_m": 0.0, "bearing_deg": 117.0, "verified": false, "bay_ids": ["28827"]}, "geometry": {"type": "LineString", "coordinates": [[23.3335376, 42.67692499]]}}, {"type": "Feature", "properties": {"run_id": "run_0419", "street": "жк Лозенец", "zona": "Зелена зона", "park_txt": "Напречн", "capacity": 1, "pitch_m": null, "length_m": 0.0, "bearing_deg": 116.7, "verified": false, "bay_ids": ["28828"]}, "geometry": {"type": "LineString", "coordinates": [[23.3336061, 42.6769407]]}}, {"type": "Feature", "properties": {"run_id": "run_0420", "street": "жк Лозенец", "zona": "Зелена зона", "park_txt": "Напречн", "capacity": 1, "pitch_m": null, "length_m": 0.0, "bearing_deg": 116.7, "verified": false, "bay_ids": ["28829"]}, "geometry": {"type": "LineString", "coordinates": [[23.33367467, 42.67695643]]}}, {"type": "Feature", "properties": {"run_id": "run_0421", "street": "жк Лозенец", "zona": "Зелена зона", "park_txt": "Напречн", "capacity": 1, "pitch_m": null, "length_m": 0.0, "bearing_deg": 9.9, "verified": false, "bay_ids": ["28833"]}, "geometry": {"type": "LineString", "coordinates": [[23.33393788, 42.67701629]]}}, {"type": "Feature", "properties": {"run_id": "run_0422", "street": "ул. Св. Теодосий Търновски", "zona": "Зелена зона", "park_txt": "Надлъжн", "capacity": 1, "pitch_m": null, "length_m": 0.0, "bearing_deg": 95.0, "verified": false, "bay_ids": ["29621"]}, "geometry": {"type": "LineString", "coordinates": [[23.32523631, 42.67450724]]}}, {"type": "Feature", "properties": {"run_id": "run_0423", "street": "ул. Йосиф Петров", "zona": "Зелена зона", "park_txt": "Напречн", "capacity": 1, "pitch_m": null, "length_m": 0.0, "bearing_deg": 125.4, "verified": false, "bay_ids": ["30665"]}, "geometry": {"type": "LineString", "coordinates": [[23.335957, 42.67653638]]}}, {"type": "Feature", "properties": {"run_id": "run_0424", "street": "ул. Йосиф Петров", "zona": "Зелена зона", "park_txt": "Напречн", "capacity": 1, "pitch_m": null, "length_m": 0.0, "bearing_deg": 143.0, "verified": false, "bay_ids": ["30666"]}, "geometry": {"type": "LineString", "coordinates": [[23.33591318, 42.67653349]]}}, {"type": "Feature", "properties": {"run_id": "run_0425", "street": "ул. Йосиф Петров", "zona": "Зелена зона", "park_txt": "Напречн", "capacity": 1, "pitch_m": null, "length_m": 0.0, "bearing_deg": 88.4, "verified": false, "bay_ids": ["30707"]}, "geometry": {"type": "LineString", "coordinates": [[23.33470021, 42.67646174]]}}, {"type": "Feature", "properties": {"run_id": "run_0426", "street": "ул. Йосиф Петров", "zona": "Зелена зона", "park_txt": "Напречн", "capacity": 1, "pitch_m": null, "length_m": 0.0, "bearing_deg": 49.5, "verified": false, "bay_ids": ["30708"]}, "geometry": {"type": "LineString", "coordinates": [[23.33623437, 42.67655179]]}}, {"type": "Feature", "properties": {"run_id": "run_0427", "street": "ул. Йосиф Петров", "zona": "Зелена зона", "park_txt": "Напречн", "capacity": 1, "pitch_m": null, "length_m": 0.0, "bearing_deg": 136.2, "verified": false, "bay_ids": ["30717"]}, "geometry": {"type": "LineString", "coordinates": [[23.33660059, 42.67657356]]}}, {"type": "Feature", "properties": {"run_id": "run_0428", "street": "ул. Йосиф Петров", "zona": "Зелена зона", "park_txt": "Надлъжн", "capacity": 1, "pitch_m": null, "length_m": 0.0, "bearing_deg": 26.5, "verified": false, "bay_ids": ["30755"]}, "geometry": {"type": "LineString", "coordinates": [[23.33464578, 42.67636832]]}}, {"type": "Feature", "properties": {"run_id": "run_0429", "street": "ул. Йосиф Петров", "zona": "Зелена зона", "park_txt": "Надлъжн", "capacity": 1, "pitch_m": null, "length_m": 0.0, "bearing_deg": 96.0, "verified": false, "bay_ids": ["30756"]}, "geometry": {"type": "LineString", "coordinates": [[23.33486041, 42.67638017]]}}, {"type": "Feature", "properties": {"run_id": "run_0430", "street": "ул. Йосиф Петров", "zona": "Зелена зона", "park_txt": "Надлъжн", "capacity": 1, "pitch_m": null, "length_m": 0.0, "bearing_deg": 33.2, "verified": false, "bay_ids": ["30757"]}, "geometry": {"type": "LineString", "coordinates": [[23.33476677, 42.67637501]]}}, {"type": "Feature", "properties": {"run_id": "run_0431", "street": "ул. Йосиф Петров", "zona": "Зелена зона", "park_txt": "Надлъжн", "capacity": 1, "pitch_m": null, "length_m": 0.0, "bearing_deg": 85.6, "verified": false, "bay_ids": ["30758"]}, "geometry": {"type": "LineString", "coordinates": [[23.33581982, 42.67643278]]}}, {"type": "Feature", "properties": {"run_id": "run_0432", "street": "ул. Йосиф Петров", "zona": "Зелена зона", "park_txt": "Надлъжн", "capacity": 1, "pitch_m": null, "length_m": 0.0, "bearing_deg": 72.2, "verified": false, "bay_ids": ["30759"]}, "geometry": {"type": "LineString", "coordinates": [[23.33598881, 42.67644204]]}}, {"type": "Feature", "properties": {"run_id": "run_0433", "street": "ул. Йосиф Петров", "zona": "Зелена зона", "park_txt": "Надлъжн", "capacity": 1, "pitch_m": null, "length_m": 0.0, "bearing_deg": 72.2, "verified": false, "bay_ids": ["30760"]}, "geometry": {"type": "LineString", "coordinates": [[23.33590992, 42.67643779]]}}, {"type": "Feature", "properties": {"run_id": "run_0434", "street": "ул. Йосиф Петров", "zona": "Зелена зона", "park_txt": "Надлъжн", "capacity": 1, "pitch_m": null, "length_m": 0.0, "bearing_deg": 104.3, "verified": false, "bay_ids": ["30761"]}, "geometry": {"type": "LineString", "coordinates": [[23.33564294, 42.67642308]]}}, {"type": "Feature", "properties": {"run_id": "run_0435", "street": "ул. Йосиф Петров", "zona": "Зелена зона", "park_txt": "Надлъжн", "capacity": 1, "pitch_m": null, "length_m": 0.0, "bearing_deg": 116.3, "verified": false, "bay_ids": ["30762"]}, "geometry": {"type": "LineString", "coordinates": [[23.33571508, 42.67642703]]}}, {"type": "Feature", "properties": {"run_id": "run_0436", "street": "ул. Йосиф Петров", "zona": "Зелена зона", "park_txt": "Надлъжн", "capacity": 1, "pitch_m": null, "length_m": 0.0, "bearing_deg": 153.6, "verified": false, "bay_ids": ["30763"]}, "geometry": {"type": "LineString", "coordinates": [[23.33496046, 42.67638565]]}}, {"type": "Feature", "properties": {"run_id": "run_0437", "street": "ул. Йосиф Петров", "zona": "Зелена зона", "park_txt": "Надлъжн", "capacity": 1, "pitch_m": null, "length_m": 0.0, "bearing_deg": 88.5, "verified": false, "bay_ids": ["30766"]}, "geometry": {"type": "LineString", "coordinates": [[23.33550103, 42.67641529]]}}, {"type": "Feature", "properties": {"run_id": "run_0438", "street": "ул. Йосиф Петров", "zona": "Зелена зона", "park_txt": "Надлъжн", "capacity": 1, "pitch_m": null, "length_m": 0.0, "bearing_deg": 89.3, "verified": false, "bay_ids": ["30767"]}, "geometry": {"type": "LineString", "coordinates": [[23.33557318, 42.67641925]]}}, {"type": "Feature", "properties": {"run_id": "run_0439", "street": "ул. Йосиф Петров", "zona": "Зелена зона", "park_txt": "Надлъжн", "capacity": 1, "pitch_m": null, "length_m": 0.0, "bearing_deg": 110.6, "verified": false, "bay_ids": ["30768"]}, "geometry": {"type": "LineString", "coordinates": [[23.33532833, 42.67640583]]}}, {"type": "Feature", "properties": {"run_id": "run_0440", "street": "ул. Йосиф Петров", "zona": "Зелена зона", "park_txt": "Надлъжн", "capacity": 1, "pitch_m": null, "length_m": 0.0, "bearing_deg": 99.6, "verified": false, "bay_ids": ["30769"]}, "geometry": {"type": "LineString", "coordinates": [[23.33540048, 42.67640978]]}}, {"type": "Feature", "properties": {"run_id": "run_0441", "street": "ул. Йосиф Петров", "zona": "Зелена зона", "park_txt": "Надлъжн", "capacity": 1, "pitch_m": null, "length_m": 0.0, "bearing_deg": 76.5, "verified": false, "bay_ids": ["30770"]}, "geometry": {"type": "LineString", "coordinates": [[23.33518642, 42.67639804]]}}, {"type": "Feature", "properties": {"run_id": "run_0442", "street": "ул. Йосиф Петров", "zona": "Зелена зона", "park_txt": "Надлъжн", "capacity": 1, "pitch_m": null, "length_m": 0.0, "bearing_deg": 105.7, "verified": false, "bay_ids": ["30771"]}, "geometry": {"type": "LineString", "coordinates": [[23.33525857, 42.676402]]}}, {"type": "Feature", "properties": {"run_id": "run_0443", "street": "ул. Йосиф Петров", "zona": "Зелена зона", "park_txt": "Надлъжн", "capacity": 1, "pitch_m": null, "length_m": 0.0, "bearing_deg": 27.0, "verified": false, "bay_ids": ["30772"]}, "geometry": {"type": "LineString", "coordinates": [[23.3350793, 42.67639217]]}}, {"type": "Feature", "properties": {"run_id": "run_0444", "street": "ул. Йосиф Петров", "zona": "Зелена зона", "park_txt": "Надлъжн", "capacity": 1, "pitch_m": null, "length_m": 0.0, "bearing_deg": 95.6, "verified": false, "bay_ids": ["30773"]}, "geometry": {"type": "LineString", "coordinates": [[23.33645608, 42.67647186]]}}, {"type": "Feature", "properties": {"run_id": "run_0445", "street": "ул. Йосиф Петров", "zona": "Зелена зона", "park_txt": "Надлъжн", "capacity": 1, "pitch_m": null, "length_m": 0.0, "bearing_deg": 104.0, "verified": false, "bay_ids": ["30774"]}, "geometry": {"type": "LineString", "coordinates": [[23.33652823, 42.67647582]]}}, {"type": "Feature", "properties": {"run_id": "run_0446", "street": "ул. Йосиф Петров", "zona": "Зелена зона", "park_txt": "Надлъжн", "capacity": 1, "pitch_m": null, "length_m": 0.0, "bearing_deg": 95.4, "verified": false, "bay_ids": ["30775"]}, "geometry": {"type": "LineString", "coordinates": [[23.33631418, 42.67646408]]}}, {"type": "Feature", "properties": {"run_id": "run_0447", "street": "ул. Йосиф Петров", "zona": "Зелена зона", "park_txt": "Надлъжн", "capacity": 1, "pitch_m": null, "length_m": 0.0, "bearing_deg": 84.9, "verified": false, "bay_ids": ["30776"]}, "geometry": {"type": "LineString", "coordinates": [[23.33638632, 42.67646804]]}}, {"type": "Feature", "properties": {"run_id": "run_0448", "street": "ул. Йосиф Петров", "zona": "Зелена зона", "park_txt": "Надлъжн", "capacity": 1, "pitch_m": null, "length_m": 0.0, "bearing_deg": 121.8, "verified": false, "bay_ids": ["30777"]}, "geometry": {"type": "LineString", "coordinates": [[23.33623912, 42.67645853]]}}, {"type": "Feature", "properties": {"run_id": "run_0449", "street": "ул. Йосиф Петров", "zona": "Зелена зона", "park_txt": "Надлъжн", "capacity": 1, "pitch_m": null, "length_m": 0.0, "bearing_deg": 60.0, "verified": false, "bay_ids": ["30778"]}, "geometry": {"type": "LineString", "coordinates": [[23.33659966, 42.67648088]]}}, {"type": "Feature", "properties": {"run_id": "run_0450", "street": "ул. Стоян Михайловски", "zona": "Зелена зона", "park_txt": "Надлъжн", "capacity": 1, "pitch_m": null, "length_m": 0.0, "bearing_deg": 36.4, "verified": false, "bay_ids": ["31215"]}, "geometry": {"type": "LineString", "coordinates": [[23.33436242, 42.6744902]]}}, {"type": "Feature", "properties": {"run_id": "run_0451", "street": "ул. Стоян Михайловски", "zona": "Зелена зона", "park_txt": "Надлъжн", "capacity": 1, "pitch_m": null, "length_m": 0.0, "bearing_deg": 36.4, "verified": false, "bay_ids": ["31216"]}, "geometry": {"type": "LineString", "coordinates": [[23.33440327, 42.67444605]]}}]}